// ============================================================================
// AUTO-GENERATED PNG ASSETS - RGB565 LE MAPS (BLACK BACKGROUND)
// ============================================================================

#ifndef ICONS_H
#define ICONS_H

#include <Arduino.h>

const uint16_t icon_airburst_rocket_launcher_stratagem_icon_background[] PROGMEM = {
    0xDA55, 0xDA55, 0x1B5E, 0x1B5E, 0x1B5E, 0x1B5E, 0x1B5E, 0x1B5E, 0x1B5E, 0x1B5E, 0x1B5E, 0x1B5E, 0x1B5E, 0x1B5E, 0x1B5E, 0x1B5E,
    0x1B5E, 0x1B5E, 0x1B5E, 0x1B5E, 0x1B5E, 0x1B5E, 0x1B5E, 0x1B5E, 0x1B5E, 0x1B5E, 0x1B5E, 0x1B5E, 0x1B5E, 0x1B5E, 0xDA55, 0xDA55,
    0xFA55, 0x7855, 0x7444, 0x9444, 0x7444, 0x7444, 0x7444, 0x7444, 0x7444, 0x7444, 0x7444, 0x7444, 0x7444, 0x7444, 0x7444, 0x7444,
    0x7444, 0x7444, 0x7444, 0x7444, 0x7444, 0x7444, 0x7444, 0x7444, 0x7444, 0x7444, 0x7444, 0x7444, 0x9444, 0x7444, 0x7855, 0xFA55,
    0x1B5E, 0x743C, 0x0000, 0x6200, 0x6200, 0x6200, 0x6200, 0x6200, 0x6200, 0x6200, 0x6200, 0x6200, 0x6200, 0x6200, 0x6200, 0x6200,
    0x6200, 0x6200, 0x6200, 0x6200, 0x6200, 0x6200, 0x6200, 0x6200, 0x6200, 0x6200, 0x6200, 0x6200, 0x6200, 0x0000, 0x743C, 0x1B5E,
    0x1B5E, 0x7444, 0x6200, 0xC300, 0xA300, 0xA300, 0xA300, 0xA300, 0xA300, 0xA300, 0xA300, 0xA300, 0xA300, 0xA300, 0xA300, 0xA300,
    0xA300, 0xA300, 0xA300, 0xA300, 0xA300, 0xA300, 0xA300, 0xA300, 0xA300, 0xA300, 0xA300, 0xA300, 0xC300, 0x6200, 0x7444, 0x1B5E,
    0x1B5E, 0x7444, 0x6200, 0xA300, 0xA300, 0xA300, 0xA300, 0x8300, 0xA300, 0xA300, 0xA300, 0xA300, 0xA300, 0xA300, 0xA300, 0xA300,
    0xA300, 0xA300, 0xA300, 0xA300, 0xA300, 0xA300, 0xA300, 0xA300, 0xA300, 0xA300, 0xA300, 0xA300, 0xA300, 0x6200, 0x7444, 0x1B5E,
    0x1B5E, 0x7444, 0x6200, 0xA300, 0xA300, 0x4100, 0x6200, 0xC300, 0x8200, 0x2100, 0xA300, 0xA300, 0xA300, 0xA300, 0xA300, 0xA300,
    0xA300, 0xA300, 0xA300, 0xA300, 0xA300, 0xA300, 0xA300, 0xA300, 0xA300, 0xA300, 0xA300, 0xA300, 0xA300, 0x6200, 0x7444, 0x1B5E,
    0x1B5E, 0x7444, 0x6200, 0xA300, 0x4100, 0x6942, 0xEF73, 0xCE6B, 0xCE73, 0x0B53, 0x6200, 0x8200, 0xA300, 0xA300, 0xA300, 0xA300,
    0xA300, 0xA300, 0xA300, 0xA300, 0xA300, 0xA300, 0xA300, 0xA300, 0xA300, 0xA300, 0xA300, 0xA300, 0xA300, 0x6200, 0x7444, 0x1B5E,
    0x1B5E, 0x7444, 0x6200, 0x4100, 0x2C5B, 0x0F74, 0xCB52, 0x2C5B, 0x0B5B, 0x6D63, 0x0F7C, 0x6200, 0xA300, 0xA300, 0x2100, 0x6200,
    0x2100, 0x2100, 0xA300, 0xC300, 0xA300, 0x8300, 0x6200, 0x2100, 0x4100, 0x6200, 0xA300, 0xA300, 0xC300, 0x6200, 0x7444, 0x1B5E,
    0x1B5E, 0x9444, 0x2100, 0xE729, 0x0F7C, 0xAA4A, 0xCE6B, 0x0C5B, 0x8D63, 0x2C5B, 0x6D63, 0x0B53, 0x2100, 0xC308, 0x0B53, 0x0832,
    0x6D63, 0x0B53, 0x4200, 0x0100, 0x2100, 0xA300, 0x8621, 0xEB4A, 0x8A42, 0x4519, 0x8200, 0x2100, 0x6200, 0x6200, 0x7444, 0x1B5E,
    0x1B5E, 0x9444, 0x0000, 0x6D63, 0x0C53, 0xAE6B, 0xEF73, 0x5DE7, 0x139D, 0x8D63, 0x0B53, 0xCE73, 0x8200, 0x4200, 0x98CE, 0x74AD,
    0x9CF7, 0xFFFF, 0x7184, 0x8D6B, 0x74A5, 0xB9D6, 0xDDF7, 0xFFFF, 0xFEFF, 0x9CF7, 0x78CE, 0x139D, 0x8A42, 0x2100, 0x9444, 0x1B5E,
    0x1B5E, 0x9444, 0x0000, 0x8D63, 0x4D5B, 0xEB52, 0x98CE, 0xFFFF, 0xFDFF, 0x0C53, 0x4C5B, 0xAE6B, 0xE408, 0x0100, 0xCE6B, 0xFFFF,
    0x9CEF, 0xDDFF, 0xFFFF, 0xFFFF, 0xFFFF, 0xFEFF, 0xFDFF, 0xDDFF, 0xDDFF, 0xFDFF, 0xFEFF, 0xFFFF, 0xD6B5, 0x0000, 0x9444, 0x1B5E,
    0x1B5E, 0x9444, 0x0000, 0x4C5B, 0x0C53, 0xCE6B, 0x6D5B, 0xF8BD, 0xEF73, 0xCE6B, 0xCB4A, 0xEE73, 0x6200, 0x4100, 0xF6BD, 0x37C6,
    0xBCF7, 0xFFFF, 0x16BE, 0x74AD, 0xFADE, 0xDDFF, 0xFFFF, 0xFFFF, 0xFFFF, 0xFEFF, 0x9CF7, 0x99D6, 0xAE6B, 0x0000, 0x9444, 0x1B5E,
    0x1B5E, 0x9444, 0x2100, 0x4519, 0x7184, 0x693A, 0xCE73, 0xEB5A, 0xAE6B, 0xAA4A, 0x0F74, 0x693A, 0x4100, 0xC300, 0xB18C, 0x0B53,
    0x339D, 0xD294, 0xC300, 0x2100, 0xC308, 0xC729, 0x0C53, 0xB18C, 0x5084, 0xAA4A, 0x8621, 0xA300, 0x6200, 0x6200, 0x7444, 0x1B5E,
    0x1B5E, 0x7444, 0x6200, 0x4200, 0x283A, 0x7184, 0x0C5B, 0x2C5B, 0x0B5B, 0x0F7C, 0x2C5B, 0x4100, 0xA300, 0xA300, 0x4100, 0x6200,
    0x2100, 0x2100, 0x8300, 0xA300, 0x8200, 0x6200, 0x2100, 0x2100, 0x2100, 0x2100, 0x6200, 0xA300, 0xC300, 0x6200, 0x7444, 0x1B5E,
    0x1B5E, 0x7444, 0x6200, 0xC300, 0x4100, 0x2519, 0x2C5B, 0x6D63, 0x4D5B, 0xC729, 0x2100, 0xA300, 0xA300, 0xA300, 0xA300, 0xA300,
    0xA300, 0xA300, 0xA300, 0xA300, 0xA300, 0xA300, 0xA300, 0xC300, 0xC300, 0xA300, 0xA300, 0xA300, 0xA300, 0x6200, 0x7444, 0x1B5E,
    0x1B5E, 0x7444, 0x6200, 0xA300, 0xA300, 0x6200, 0x2100, 0x4100, 0x2100, 0x6200, 0xA300, 0xA300, 0xA300, 0xA300, 0xA300, 0xA300,
    0xA300, 0xA300, 0xA300, 0xA300, 0xA300, 0xA300, 0xA300, 0xA300, 0xA300, 0xA300, 0xA300, 0xA300, 0xA300, 0x6200, 0x7444, 0x1B5E,
    0x1B5E, 0x7444, 0x6200, 0xA300, 0xA300, 0xA300, 0xA300, 0xA300, 0xA300, 0xA300, 0xA300, 0xA300, 0xA300, 0xA300, 0xA300, 0xA300,
    0xA300, 0xA300, 0xA300, 0xA300, 0xA300, 0xA300, 0xA300, 0xA300, 0xA300, 0xA300, 0xA300, 0xA300, 0xA300, 0x6200, 0x7444, 0x1B5E,
    0x1B5E, 0x9444, 0x6200, 0xC300, 0xA300, 0xA300, 0xA300, 0xA300, 0xA300, 0xA300, 0xA300, 0xA300, 0xA300, 0x8300, 0x8300, 0xA300,
    0xA300, 0xA300, 0xA300, 0xA300, 0xA300, 0xA300, 0xA300, 0xA300, 0xA300, 0xA300, 0xA300, 0xA300, 0xA300, 0x6200, 0x7444, 0x1B5E,
    0x3B5E, 0x743C, 0x0000, 0x6200, 0x4100, 0x4100, 0x4100, 0x4100, 0x6200, 0x6200, 0x6200, 0x6200, 0x6200, 0xA300, 0xA300, 0xA300,
    0x6200, 0x6200, 0x6200, 0x8200, 0x4100, 0x4100, 0x4100, 0x8200, 0x8200, 0x6200, 0x4100, 0x4100, 0x8200, 0x6200, 0x7444, 0x1B5E,
    0xFA55, 0x784D, 0x2E2B, 0xC811, 0x8B22, 0x6F2B, 0xF133, 0xCD22, 0x6F2B, 0xB544, 0x743C, 0x743C, 0x9444, 0xF644, 0xF644, 0xD644,
    0x743C, 0x743C, 0x7444, 0x9444, 0x6F2B, 0xAC22, 0xD133, 0x6609, 0xE400, 0xC811, 0xE811, 0xE811, 0x2509, 0x4100, 0x743C, 0x1B5E,
    0xDA55, 0xFA55, 0x7C5E, 0x7D5E, 0x7D66, 0x7C5E, 0x5C5E, 0x7D5E, 0x5C5E, 0x1B5E, 0x3B5E, 0x3C5E, 0x3B5E, 0x1B5E, 0xFB5D, 0xFB5D,
    0x1B5E, 0x1B5E, 0x1B5E, 0xFB5D, 0x5C5E, 0x7D66, 0x5C5E, 0xDA55, 0xBA55, 0x5C5E, 0x7D5E, 0x7D5E, 0xFA55, 0x9444, 0x374D, 0xFA55,
    0xDA55, 0xB955, 0x743C, 0x2E2B, 0xD133, 0xB544, 0x174D, 0x123C, 0x743C, 0x9955, 0x784D, 0x374D, 0x374D, 0xB955, 0xDA55, 0xDA55,
    0x1B5E, 0xB955, 0xFA55, 0x1B5E, 0xD544, 0xF133, 0xF644, 0x6B1A, 0x091A, 0x0E2B, 0x2E2B, 0x2E2B, 0x6B1A, 0x4609, 0x9444, 0x1B5E,
    0x1B5E, 0x9444, 0x4100, 0x4100, 0x4100, 0x8200, 0xC300, 0x6200, 0xC300, 0x2509, 0xA300, 0xED22, 0x333C, 0x123C, 0xB544, 0xDA55,
    0x323C, 0xDA55, 0x9544, 0x6F2B, 0x2E2B, 0x4100, 0xC300, 0x6200, 0x4100, 0x4100, 0x2100, 0x2100, 0x6100, 0x2100, 0x7444, 0x1B5E,
    0x1B5E, 0x7444, 0x6200, 0xC300, 0xA300, 0xA300, 0x8300, 0xA300, 0x8300, 0x8300, 0x0000, 0x6F2B, 0xD133, 0x4100, 0xE400, 0x2509,
    0x291A, 0x333C, 0x4611, 0x8200, 0x2E2B, 0xC300, 0x8300, 0xA300, 0xA300, 0xA300, 0xA300, 0xA300, 0xC300, 0x6200, 0x7444, 0x1B5E,
    0x1B5E, 0x7444, 0x6200, 0xA300, 0xA300, 0xA300, 0xA300, 0xA300, 0xA300, 0xA300, 0x4100, 0x291A, 0x6F2B, 0x2100, 0xA300, 0x2100,
    0x0D2B, 0x6609, 0x4100, 0xA300, 0x2509, 0xA300, 0xA300, 0xA300, 0xA300, 0xA300, 0xA300, 0xA300, 0xA300, 0x6200, 0x7444, 0x1B5E,
    0x1B5E, 0x7444, 0x6200, 0xA300, 0xA300, 0xA300, 0xA300, 0xA300, 0xA300, 0xA300, 0x8200, 0x0409, 0xC811, 0x6200, 0xA300, 0xA300,
    0x6200, 0x8200, 0xA300, 0xA300, 0x8200, 0xA300, 0xA300, 0xA300, 0xA300, 0xA300, 0xA300, 0xA300, 0xA300, 0x6200, 0x7444, 0x1B5E,
    0x1B5E, 0x7444, 0x6200, 0xA300, 0xA300, 0xA300, 0xA300, 0xA300, 0xA300, 0xA300, 0xA300, 0x8200, 0x6200, 0xA300, 0xA300, 0xA300,
    0xA300, 0xA300, 0xA300, 0xA300, 0xA300, 0xA300, 0xA300, 0xA300, 0xA300, 0xA300, 0xA300, 0xA300, 0xA300, 0x6200, 0x7444, 0x1B5E,
    0x1B5E, 0x7444, 0x6200, 0xA300, 0xA300, 0xA300, 0xA300, 0xA300, 0xA300, 0xA300, 0xA300, 0xA300, 0xA300, 0xA300, 0xA300, 0xA300,
    0xA300, 0xA300, 0xA300, 0xA300, 0xA300, 0xA300, 0xA300, 0xA300, 0xA300, 0xA300, 0xA300, 0xA300, 0xA300, 0x6200, 0x7444, 0x1B5E,
    0x1B5E, 0x7444, 0x6200, 0xC300, 0xA300, 0xA300, 0xA300, 0xA300, 0xA300, 0xA300, 0xA300, 0xA300, 0xA300, 0xA300, 0xA300, 0xA300,
    0xA300, 0xA300, 0xA300, 0xA300, 0xA300, 0xA300, 0xA300, 0xA300, 0xA300, 0xA300, 0xA300, 0xA300, 0xC300, 0x6200, 0x7444, 0x1B5E,
    0x1B5E, 0x743C, 0x0000, 0x6200, 0x6200, 0x6200, 0x6200, 0x6200, 0x6200, 0x6200, 0x6200, 0x6200, 0x6200, 0x6200, 0x6200, 0x6200,
    0x6200, 0x6200, 0x6200, 0x6200, 0x6200, 0x6200, 0x6200, 0x6200, 0x6200, 0x6200, 0x6200, 0x6200, 0x6200, 0x0000, 0x743C, 0x1B5E,
    0xFA55, 0x7855, 0x7444, 0x9444, 0x7444, 0x7444, 0x7444, 0x7444, 0x7444, 0x7444, 0x7444, 0x7444, 0x7444, 0x7444, 0x7444, 0x7444,
    0x7444, 0x7444, 0x7444, 0x7444, 0x7444, 0x7444, 0x7444, 0x7444, 0x7444, 0x7444, 0x7444, 0x7444, 0x9444, 0x7444, 0x7855, 0xFA55,
    0xDA55, 0xDA55, 0x1B5E, 0x1B5E, 0x1B5E, 0x1B5E, 0x1B5E, 0x1B5E, 0x1B5E, 0x1B5E, 0x1B5E, 0x1B5E, 0x1B5E, 0x1B5E, 0x1B5E, 0x1B5E,
    0x1B5E, 0x1B5E, 0x1B5E, 0x1B5E, 0x1B5E, 0x1B5E, 0x1B5E, 0x1B5E, 0x1B5E, 0x1B5E, 0x1B5E, 0x1B5E, 0x1B5E, 0x1B5E, 0xDA55, 0xDA55
};

const uint16_t icon_anti_materiel_rifle_stratagem_icon_background[] PROGMEM = {
    0xDA55, 0xDA55, 0x1B5E, 0x1B5E, 0x1B5E, 0x1B5E, 0x1B5E, 0x1B5E, 0x1B5E, 0x1B5E, 0x1B5E, 0x1B5E, 0x1B5E, 0x1B5E, 0x1B5E, 0x1B5E,
    0x1B5E, 0x1B5E, 0x1B5E, 0x1B5E, 0x1B5E, 0x1B5E, 0x1B5E, 0x1B5E, 0x1B5E, 0x1B5E, 0x1B5E, 0x1B5E, 0x1B5E, 0x1B5E, 0xDA55, 0xDA55,
    0xFA55, 0x7855, 0x7444, 0x9444, 0x7444, 0x7444, 0x7444, 0x7444, 0x7444, 0x7444, 0x7444, 0x7444, 0x7444, 0x7444, 0x7444, 0x7444,
    0x7444, 0x7444, 0x7444, 0x7444, 0x7444, 0x7444, 0x7444, 0x7444, 0x7444, 0x7444, 0x7444, 0x7444, 0x9444, 0x7444, 0x7855, 0xFA55,
    0x1B5E, 0x743C, 0x0000, 0x6200, 0x6200, 0x6200, 0x6200, 0x6200, 0x6200, 0x6200, 0x6200, 0x6200, 0x6200, 0x6200, 0x6200, 0x6200,
    0x6200, 0x6200, 0x6200, 0x6200, 0x6200, 0x6200, 0x6200, 0x6200, 0x6200, 0x6200, 0x6200, 0x6200, 0x6200, 0x0000, 0x743C, 0x1B5E,
    0x1B5E, 0x7444, 0x6200, 0xC300, 0xA300, 0xA300, 0xA300, 0xA300, 0xA300, 0xA300, 0xA300, 0xA300, 0xA300, 0xA300, 0xA300, 0xC300,
    0xC300, 0xA300, 0xA300, 0xA300, 0xA300, 0xA300, 0xA300, 0xA300, 0xA300, 0xA300, 0xA300, 0xA300, 0xC300, 0x6200, 0x7444, 0x1B5E,
    0x1B5E, 0x7444, 0x6200, 0xA300, 0xA300, 0xA300, 0xA300, 0xA300, 0xA300, 0xA300, 0xA300, 0xA300, 0xA300, 0xA300, 0xA300, 0x4200,
    0x4200, 0xA300, 0xA300, 0xA300, 0xA300, 0xA300, 0xA300, 0xA300, 0xA300, 0xA300, 0xA300, 0xA300, 0xA300, 0x6200, 0x7444, 0x1B5E,
    0x1B5E, 0x7444, 0x6200, 0xA300, 0xA300, 0xA300, 0xA300, 0xA300, 0xA300, 0xA300, 0xA300, 0xA300, 0xA300, 0xC300, 0x4200, 0xAA4A,
    0xAA4A, 0x4200, 0xC300, 0xA300, 0xA300, 0xA300, 0xA300, 0xA300, 0xA300, 0xA300, 0xA300, 0xA300, 0xA300, 0x6200, 0x7444, 0x1B5E,
    0x1B5E, 0x7444, 0x6200, 0xA300, 0xA300, 0xA300, 0xA300, 0xA300, 0xA300, 0xA300, 0xA300, 0xA300, 0xA300, 0x6200, 0x0000, 0x54A5,
    0x54A5, 0x0000, 0x6200, 0xA300, 0xA300, 0xA300, 0xA300, 0xA300, 0xA300, 0xA300, 0xA300, 0xA300, 0xA300, 0x6200, 0x7444, 0x1B5E,
    0x1B5E, 0x7444, 0x6200, 0xA300, 0xA300, 0xA300, 0xA300, 0xA300, 0xA300, 0xA300, 0xA300, 0xA300, 0x2100, 0x6942, 0x17BE, 0x7BEF,
    0x7BEF, 0x17BE, 0x6942, 0x2100, 0xA300, 0xA300, 0xA300, 0xA300, 0xA300, 0xA300, 0xA300, 0xA300, 0xA300, 0x6200, 0x7444, 0x1B5E,
    0x1B5E, 0x7444, 0x6200, 0xA300, 0xA300, 0xA300, 0xA300, 0xA300, 0xA300, 0xA300, 0xC300, 0x2100, 0x4C5B, 0xBDF7, 0x2C63, 0x53A5,
    0x53A5, 0x4C63, 0xBDF7, 0x4C5B, 0x2100, 0xC300, 0xA300, 0xA300, 0xA300, 0xA300, 0xA300, 0xA300, 0xA300, 0x6200, 0x7444, 0x1B5E,
    0x1B5E, 0x7444, 0x6200, 0xA300, 0xA300, 0xA300, 0xA300, 0xA300, 0xA300, 0xA300, 0x6200, 0x2511, 0x7BEF, 0x493A, 0x0000, 0xD28C,
    0xD28C, 0x0000, 0x493A, 0x7BEF, 0x2511, 0x6200, 0xA300, 0xA300, 0xA300, 0xA300, 0xA300, 0xA300, 0xA300, 0x6200, 0x7444, 0x1B5E,
    0x1B5E, 0x7444, 0x6200, 0xA300, 0xA300, 0xA300, 0xA300, 0xA300, 0xA300, 0xA300, 0x6208, 0x307C, 0x37BE, 0xA308, 0xC318, 0x339D,
    0x339D, 0xC318, 0xA308, 0x37C6, 0x307C, 0x6208, 0xA300, 0xA300, 0xA300, 0xA300, 0xA300, 0xA300, 0xA300, 0x6200, 0x7444, 0x1B5E,
    0x1B5E, 0x7444, 0x6200, 0xA300, 0xA300, 0xA300, 0xA300, 0xA300, 0xA300, 0x2100, 0xCE6B, 0xBEF7, 0x5BEF, 0x1AE7, 0xFADE, 0x9CF7,
    0x9CF7, 0xFADE, 0x1AE7, 0x5BEF, 0xBEF7, 0xCE6B, 0x2100, 0xA300, 0xA300, 0xA300, 0xA300, 0xA300, 0xA300, 0x6200, 0x7444, 0x1B5E,
    0x1B5E, 0x7444, 0x6200, 0xA300, 0xA300, 0xA300, 0xA300, 0xA300, 0xA300, 0xA300, 0x6208, 0x307C, 0x37C6, 0xA308, 0xC318, 0x339D,
    0x339D, 0xC318, 0xA308, 0x37C6, 0x307C, 0x6208, 0xA300, 0xA300, 0xA300, 0xA300, 0xA300, 0xA300, 0xA300, 0x6200, 0x7444, 0x1B5E,
    0x1B5E, 0x7444, 0x6200, 0xA300, 0xA300, 0xA300, 0xA300, 0xA300, 0xA300, 0xA300, 0x6200, 0x2511, 0x7BEF, 0x493A, 0x0000, 0xD28C,
    0xD28C, 0x0000, 0x493A, 0x7BEF, 0x2511, 0x6200, 0xA300, 0xA300, 0xA300, 0xA300, 0xA300, 0xA300, 0xA300, 0x6200, 0x7444, 0x1B5E,
    0x1B5E, 0x7444, 0x6200, 0xA300, 0xA300, 0xA300, 0xA300, 0xA300, 0xA300, 0xA300, 0xC300, 0x2100, 0x4C5B, 0xBDF7, 0x4C63, 0x53A5,
    0x53A5, 0x4C63, 0xBDF7, 0x2C5B, 0x2100, 0xC300, 0xA300, 0xA300, 0xA300, 0xA300, 0xA300, 0xA300, 0xA300, 0x6200, 0x7444, 0x1B5E,
    0x1B5E, 0x7444, 0x6200, 0xA300, 0xA300, 0xA300, 0xA300, 0xA300, 0xA300, 0xA300, 0xA300, 0xA300, 0x2100, 0x6942, 0x17BE, 0x9CF7,
    0x9CF7, 0x17BE, 0x6942, 0x2100, 0xA300, 0xA300, 0xA300, 0xA300, 0xA300, 0xA300, 0xA300, 0xA300, 0xA300, 0x6200, 0x7444, 0x1B5E,
    0x1B5E, 0x7444, 0x6200, 0xA300, 0xA300, 0xA300, 0xA300, 0xA300, 0xA300, 0xA300, 0xA300, 0xA300, 0xA300, 0x4200, 0x0000, 0xB28C,
    0xB28C, 0x0000, 0x4200, 0xA300, 0xA300, 0xA300, 0xA300, 0xA300, 0xA300, 0xA300, 0xA300, 0xA300, 0xA300, 0x6200, 0x7444, 0x1B5E,
    0x1B5E, 0x7444, 0x6200, 0xA300, 0xA300, 0xA300, 0xA300, 0xA300, 0xA300, 0xA300, 0xA300, 0xA300, 0xA300, 0xA300, 0xA300, 0xC408,
    0xC408, 0xA300, 0xA300, 0xA300, 0xA300, 0xA300, 0xA300, 0xA300, 0xA300, 0xA300, 0xA300, 0xA300, 0xA300, 0x6200, 0x7444, 0x1B5E,
    0x1B5E, 0x7444, 0x6200, 0xA300, 0xA300, 0xA300, 0xA300, 0xA300, 0x8300, 0x8200, 0x8200, 0x8200, 0x6200, 0x8300, 0xA300, 0x8300,
    0x8200, 0xA300, 0xA300, 0xA300, 0xA300, 0xA300, 0xA300, 0xA300, 0xA300, 0xA300, 0xA300, 0xA300, 0xA300, 0x6200, 0x7444, 0x1B5E,
    0x1B5E, 0x7444, 0x6200, 0xC300, 0xA300, 0xA300, 0xA300, 0xA300, 0xC300, 0x2509, 0x0409, 0x0401, 0x4509, 0xC300, 0x8200, 0xA300,
    0xA300, 0xA300, 0xA300, 0xA300, 0xA300, 0xA300, 0xA300, 0xA300, 0xA300, 0xA300, 0xA300, 0xA300, 0xC300, 0x6200, 0x7444, 0x1B5E,
    0x1B5E, 0x7444, 0x4100, 0x4100, 0x2100, 0x4100, 0x4100, 0x2000, 0x8711, 0x743C, 0x374D, 0xB033, 0x333C, 0x8711, 0x6200, 0xA300,
    0x4100, 0x4100, 0x4100, 0x6200, 0x6200, 0x6200, 0x6200, 0x6200, 0x6200, 0x6200, 0x4100, 0x4100, 0x4100, 0x2100, 0x9444, 0x1B5E,
    0x1B5E, 0x743C, 0x8300, 0xAC22, 0xED22, 0xAC22, 0x8C22, 0xAC22, 0x533C, 0x784D, 0xDA55, 0x164D, 0xB544, 0xD644, 0xD644, 0xD644,
    0x8B22, 0xC811, 0xE911, 0x6609, 0x4609, 0x4609, 0x4609, 0x4609, 0x4609, 0x4609, 0x091A, 0x4A1A, 0x6B1A, 0x4609, 0x733C, 0x3B5E,
    0x3B5E, 0x333C, 0x091A, 0x7855, 0x7344, 0xB955, 0xDA55, 0xFB5D, 0x1B5E, 0x1B5E, 0xDA55, 0xFB5D, 0xFB5D, 0x5C5E, 0x7C5E, 0x7C5E,
    0x7D66, 0x3B5E, 0x1B5E, 0x6F2B, 0xCC22, 0xED22, 0xED22, 0xED22, 0xED22, 0xCC22, 0x333C, 0xD544, 0x164D, 0xAC22, 0x333C, 0x3B5E,
    0x3B5E, 0x323C, 0x2A1A, 0xB544, 0xB033, 0x0E2B, 0x8200, 0xA811, 0xBA55, 0x323C, 0x784D, 0xB955, 0xFA55, 0xF233, 0x0D2B, 0x2E2B,
    0x2E2B, 0x533C, 0x4A1A, 0xC400, 0x2100, 0x4100, 0x4100, 0x4100, 0x4100, 0x4100, 0x4100, 0x4100, 0x6200, 0x2100, 0x7444, 0x1B5E,
    0x3B5E, 0x533C, 0x8711, 0xED22, 0xA711, 0xA300, 0x2100, 0xD133, 0x9033, 0x6100, 0x6F2B, 0x9D66, 0x784D, 0xE400, 0x0000, 0x4100,
    0x0000, 0x4F2B, 0xA300, 0x8200, 0xA300, 0xA300, 0xA300, 0xA300, 0xA300, 0xA300, 0xA300, 0xA300, 0xC300, 0x6200, 0x7444, 0x1B5E,
    0x1B5E, 0x9444, 0x4100, 0x4100, 0x6200, 0xA300, 0xA300, 0x2A1A, 0x0401, 0x4100, 0x4609, 0xCD22, 0xE911, 0x8200, 0xC300, 0xA300,
    0x2509, 0xB544, 0xA711, 0x6200, 0xA300, 0xA300, 0xA300, 0xA300, 0xA300, 0xA300, 0xA300, 0xA300, 0xA300, 0x6200, 0x7444, 0x1B5E,
    0x1B5E, 0x7444, 0x6200, 0xC300, 0xA300, 0xA300, 0xA300, 0x4100, 0x8200, 0xA300, 0x8200, 0x4100, 0x6200, 0xA300, 0xA300, 0x8200,
    0xC400, 0x091A, 0x2509, 0x8200, 0xA300, 0xA300, 0xA300, 0xA300, 0xA300, 0xA300, 0xA300, 0xA300, 0xA300, 0x6200, 0x7444, 0x1B5E,
    0x1B5E, 0x7444, 0x6200, 0xA300, 0xA300, 0xA300, 0xA300, 0xA300, 0xA300, 0xA300, 0xA300, 0xA300, 0xA300, 0xA300, 0xA300, 0xA300,
    0x8200, 0x4100, 0x8200, 0xA300, 0xA300, 0xA300, 0xA300, 0xA300, 0xA300, 0xA300, 0xA300, 0xA300, 0xA300, 0x6200, 0x7444, 0x1B5E,
    0x1B5E, 0x7444, 0x6200, 0xC300, 0xA300, 0xA300, 0xA300, 0xA300, 0xA300, 0xA300, 0xA300, 0xA300, 0xA300, 0xA300, 0xA300, 0xA300,
    0xA300, 0xA300, 0xA300, 0xA300, 0xA300, 0xA300, 0xA300, 0xA300, 0xA300, 0xA300, 0xA300, 0xA300, 0xC300, 0x6200, 0x7444, 0x1B5E,
    0x1B5E, 0x743C, 0x0000, 0x6200, 0x6200, 0x6200, 0x6200, 0x6200, 0x6200, 0x6200, 0x6200, 0x6200, 0x6200, 0x6200, 0x6200, 0x6200,
    0x6200, 0x6200, 0x6200, 0x6200, 0x6200, 0x6200, 0x6200, 0x6200, 0x6200, 0x6200, 0x6200, 0x6200, 0x6200, 0x0000, 0x743C, 0x1B5E,
    0xFA55, 0x7855, 0x7444, 0x9444, 0x7444, 0x7444, 0x7444, 0x7444, 0x7444, 0x7444, 0x7444, 0x7444, 0x7444, 0x7444, 0x7444, 0x7444,
    0x7444, 0x7444, 0x7444, 0x7444, 0x7444, 0x7444, 0x7444, 0x7444, 0x7444, 0x7444, 0x7444, 0x7444, 0x9444, 0x7444, 0x7855, 0xFA55,
    0xDA55, 0xDA55, 0x1B5E, 0x1B5E, 0x1B5E, 0x1B5E, 0x1B5E, 0x1B5E, 0x1B5E, 0x1B5E, 0x1B5E, 0x1B5E, 0x1B5E, 0x1B5E, 0x1B5E, 0x1B5E,
    0x1B5E, 0x1B5E, 0x1B5E, 0x1B5E, 0x1B5E, 0x1B5E, 0x1B5E, 0x1B5E, 0x1B5E, 0x1B5E, 0x1B5E, 0x1B5E, 0x1B5E, 0x1B5E, 0xDA55, 0xDA55
};

const uint16_t icon_anti_personnel_minefield_stratagem_icon_background[] PROGMEM = {
    0xAA6C, 0xCA6C, 0xEB6C, 0xEB6C, 0xEB6C, 0xEB6C, 0xEB6C, 0xEB6C, 0xEB6C, 0xEB6C, 0xEB6C, 0xEB6C, 0xEB6C, 0xEB6C, 0xEB6C, 0xEB6C,
    0xEB6C, 0xEB6C, 0xEB6C, 0xEB6C, 0xEB6C, 0xEB6C, 0xEB6C, 0xEB6C, 0xEB6C, 0xEB6C, 0xEB6C, 0xEB6C, 0xEB6C, 0xEB6C, 0xCA6C, 0xAA6C,
    0xCA6C, 0x6A64, 0xA84B, 0xA853, 0xA853, 0xA853, 0xA853, 0xA853, 0xA853, 0xA853, 0xA853, 0xA853, 0xA853, 0xA853, 0xA853, 0xA853,
    0xA853, 0xA853, 0xA853, 0xA853, 0xA853, 0xA853, 0xA853, 0xA853, 0xA853, 0xA853, 0xA853, 0xA853, 0xA853, 0xA84B, 0x6A64, 0xCA6C,
    0xEB6C, 0xA753, 0x6000, 0xA000, 0x8000, 0x8000, 0x8000, 0x8000, 0x8000, 0x8000, 0x8000, 0x8000, 0x8000, 0x8000, 0x8000, 0x8000,
    0x8000, 0x8000, 0x8000, 0x8000, 0x8000, 0x8000, 0x8000, 0x8000, 0x8000, 0x8000, 0x8000, 0x8000, 0xA000, 0x6000, 0xA753, 0xEB6C,
    0xEB6C, 0xA853, 0xA000, 0xC008, 0xC008, 0xC008, 0xC008, 0xC008, 0xC008, 0xC008, 0xC008, 0xC008, 0xC008, 0xC008, 0xC008, 0xC008,
    0xC008, 0xC008, 0xC008, 0xC008, 0xC008, 0xC008, 0xC008, 0xC008, 0xC008, 0xC008, 0xC008, 0xC008, 0xC008, 0xA000, 0xA853, 0xEB6C,
    0xEB6C, 0xA853, 0x8000, 0xC008, 0xC008, 0xC008, 0xC008, 0xC008, 0xC008, 0xC008, 0xC008, 0xC008, 0xC008, 0xC008, 0xC008, 0xC008,
    0xC008, 0xC008, 0xC008, 0xC008, 0xC008, 0xC008, 0xC008, 0xC008, 0xC008, 0xC008, 0xC008, 0xC008, 0xC008, 0x8000, 0xA853, 0xEB6C,
    0xEB6C, 0xA853, 0x8000, 0xC008, 0xC008, 0xC008, 0xC008, 0xC008, 0xC008, 0xC008, 0xC008, 0xC008, 0xC008, 0xC008, 0xC008, 0xC008,
    0xC008, 0xC008, 0xC008, 0xC008, 0xC008, 0xC008, 0xC008, 0xC008, 0xC008, 0xC008, 0xC008, 0xC008, 0xC008, 0x8000, 0xA853, 0xEB6C,
    0xEB6C, 0xA853, 0x8000, 0xC008, 0xC008, 0xC008, 0xC008, 0xC008, 0xC008, 0xC008, 0xC008, 0xC008, 0xC008, 0xC008, 0xC008, 0xC008,
    0xC008, 0xC008, 0xC008, 0xC008, 0xC008, 0xC008, 0xC008, 0xC008, 0xC008, 0xC008, 0xC008, 0xC008, 0xC008, 0x8000, 0xA853, 0xEB6C,
    0xEB6C, 0xA853, 0x8000, 0xC008, 0xC008, 0xC008, 0xC008, 0xC008, 0xC008, 0xC008, 0xC008, 0xC008, 0xC008, 0xC008, 0xC008, 0xC008,
    0xC008, 0xC008, 0xC008, 0xC008, 0xC008, 0xC008, 0xC008, 0xC008, 0xC008, 0xC008, 0xC008, 0xC008, 0xC008, 0x8000, 0xA853, 0xEB6C,
    0xEB6C, 0xA853, 0x8000, 0xC008, 0xC008, 0xC008, 0xC008, 0xC008, 0xC008, 0xC008, 0xC008, 0xC008, 0xC008, 0xC008, 0xC008, 0xC008,
    0xC008, 0xC008, 0xC008, 0xC008, 0xC008, 0xC008, 0xC008, 0xC008, 0xC008, 0xC008, 0xC008, 0xC008, 0xC008, 0x8000, 0xA853, 0xEB6C,
    0xEB6C, 0xA853, 0x8000, 0xC008, 0xC008, 0xC008, 0xC008, 0xC008, 0xC008, 0xC008, 0xC008, 0xC008, 0xC008, 0xC008, 0xC008, 0xC008,
    0xC008, 0xC008, 0xC008, 0xC008, 0xC008, 0xC008, 0xC008, 0xC008, 0xC008, 0xC008, 0xC008, 0xC008, 0xC008, 0x8000, 0xA853, 0xEB6C,
    0xEB6C, 0xA853, 0x8000, 0xC008, 0xC008, 0xC008, 0xC008, 0xC008, 0xC008, 0xC008, 0xC008, 0xC008, 0xC008, 0xC008, 0xC008, 0xC008,
    0xC008, 0xC008, 0xC008, 0xC008, 0xC008, 0xC008, 0xC008, 0xC008, 0xC008, 0xC008, 0xC008, 0xC008, 0xC008, 0x8000, 0xA853, 0xEB6C,
    0xEB6C, 0xA853, 0x8000, 0xC008, 0xC008, 0xC008, 0xC008, 0xC008, 0xC008, 0xC008, 0xC008, 0xC008, 0xC008, 0xC008, 0xC008, 0xC008,
    0xC008, 0xC008, 0xC008, 0xC008, 0xC008, 0xC008, 0xC008, 0xC008, 0xC008, 0xC008, 0xC008, 0xC008, 0xC008, 0x8000, 0xA853, 0xEB6C,
    0xEB6C, 0xA853, 0x8000, 0xC008, 0xC008, 0xC008, 0xC008, 0xC008, 0xC008, 0xC008, 0xC008, 0xC008, 0xC008, 0xC008, 0xC008, 0xC008,
    0xC008, 0xC008, 0xC008, 0xC008, 0xC008, 0xC008, 0xC008, 0xC008, 0xC008, 0xC008, 0xC008, 0xC008, 0xC008, 0x8000, 0xA853, 0xEB6C,
    0xEB6C, 0xA853, 0x8000, 0xC008, 0xC008, 0xC008, 0xC008, 0xC008, 0xC008, 0xC008, 0xC008, 0xC008, 0xC008, 0xC008, 0xC008, 0xC008,
    0xC008, 0xC008, 0xC008, 0xC008, 0xC008, 0xC008, 0xC008, 0xC008, 0xC008, 0xC008, 0xC008, 0xC008, 0xC008, 0x8000, 0xA853, 0xEB6C,
    0xEB6C, 0xA853, 0x8000, 0xC008, 0xC008, 0xC008, 0xC008, 0xC008, 0xC008, 0xC008, 0xC008, 0xC008, 0xC008, 0xC008, 0xC008, 0xC008,
    0xC008, 0xC008, 0xC008, 0xC008, 0xC008, 0xC008, 0xC008, 0xC008, 0xC008, 0xC008, 0xC008, 0xC008, 0xC008, 0x8000, 0xA853, 0xEB6C,
    0xEB6C, 0xA853, 0x8000, 0xC008, 0xC008, 0xC008, 0xC008, 0xC008, 0xC008, 0xC008, 0xC008, 0xC008, 0xC008, 0xC008, 0xC008, 0xC008,
    0xC008, 0xC008, 0xC008, 0xC008, 0xC008, 0xC008, 0xC008, 0xC008, 0xC008, 0xC008, 0xC008, 0xC008, 0xC008, 0x8000, 0xA853, 0xEB6C,
    0xEB6C, 0xA853, 0x8000, 0xC008, 0xC008, 0xC008, 0xC008, 0xC008, 0xC008, 0xC008, 0xC008, 0xC008, 0xC008, 0xC008, 0xC008, 0xA000,
    0xA000, 0xC008, 0xC008, 0xC008, 0xC008, 0xC008, 0xC008, 0xC008, 0xC008, 0xC008, 0xC008, 0xC008, 0xC008, 0x8000, 0xA853, 0xEB6C,
    0xEB6C, 0xA853, 0x8000, 0xC008, 0xC008, 0xC008, 0xC008, 0xC008, 0xC008, 0xC008, 0xC008, 0xC008, 0xC008, 0xC008, 0xC008, 0x6219,
    0x6219, 0xC008, 0xC008, 0xC008, 0xC008, 0xC008, 0xC008, 0xC008, 0xC008, 0xC008, 0xC008, 0xC008, 0xC008, 0x8000, 0xA853, 0xEB6C,
    0xEB6C, 0xA853, 0x8000, 0xC008, 0xC008, 0xC008, 0xC008, 0xC008, 0xC008, 0xC008, 0xC000, 0xA000, 0xA000, 0x8000, 0x0111, 0xB8D6,
    0xB8D6, 0x0111, 0x8000, 0xA000, 0xA000, 0xC000, 0xC008, 0xC008, 0xC008, 0xC008, 0xC008, 0xC008, 0xC008, 0x8000, 0xA853, 0xEB6C,
    0xEB6C, 0xA853, 0x8000, 0xC008, 0xC008, 0xC008, 0xC008, 0xC008, 0xC008, 0xC008, 0xC008, 0x2211, 0x2111, 0x2111, 0x4219, 0xC429,
    0xC429, 0x4219, 0x2111, 0x2111, 0x2211, 0xC008, 0xC008, 0xC008, 0xC008, 0xC008, 0xC008, 0xC008, 0xC008, 0x8000, 0xA853, 0xEB6C,
    0xEB6C, 0xA853, 0x8000, 0xC008, 0xC008, 0xC008, 0xC008, 0xC008, 0xE008, 0x4000, 0xED73, 0xBEF7, 0x9CF7, 0xBCF7, 0xBCF7, 0x9BEF,
    0x9BEF, 0xBCF7, 0xBCF7, 0x9CF7, 0xBEF7, 0xED73, 0x4000, 0xE008, 0xC008, 0xC008, 0xC008, 0xC008, 0xC008, 0x8000, 0xA853, 0xEB6C,
    0xEB6C, 0xA853, 0x8000, 0xC008, 0xC008, 0xC008, 0xC008, 0xC008, 0xC008, 0x2000, 0x2E7C, 0x9DEF, 0x7BEF, 0x9BEF, 0x9BEF, 0x9CF7,
    0x9CF7, 0x9BEF, 0x9BEF, 0x7BEF, 0x9DEF, 0x2E7C, 0x2000, 0xC008, 0xC008, 0xC008, 0xC008, 0xC008, 0xC008, 0x8000, 0xA853, 0xEB6C,
    0xEB6C, 0xA853, 0x8000, 0xC008, 0xC008, 0xC008, 0xC008, 0xC000, 0x0111, 0x2211, 0x6219, 0xA421, 0xA321, 0xA321, 0xA321, 0x8321,
    0x8321, 0xA321, 0xA321, 0xA321, 0xA421, 0x6219, 0x2211, 0xE008, 0xC000, 0xC008, 0xC008, 0xC008, 0xC008, 0x8000, 0xA853, 0xEB6C,
    0xEB6C, 0xA853, 0x8000, 0xC008, 0xC008, 0xC008, 0xE008, 0x4000, 0x2E7C, 0x7DEF, 0x5AEF, 0x7BEF, 0x5BEF, 0x5AE7, 0x7BEF, 0xFDFF,
    0xFDFF, 0x7BEF, 0x5AE7, 0x5BEF, 0x7BEF, 0x5BEF, 0x7DEF, 0x4A63, 0x6000, 0xE008, 0xC008, 0xC008, 0xC008, 0x8000, 0xA853, 0xEB6C,
    0xEB6C, 0xA853, 0x8000, 0xC008, 0xC008, 0xC008, 0xA000, 0x0000, 0x8F8C, 0xFFFF, 0xFEFF, 0xFEFF, 0xFFFF, 0xFFFF, 0xDDFF, 0x129D,
    0xF19C, 0xDDFF, 0xFFFF, 0xFFFF, 0xFEFF, 0xFEFF, 0xFFFF, 0xAB6B, 0x0000, 0xA000, 0xC008, 0xC008, 0xC008, 0x8000, 0xA853, 0xEB6C,
    0xEB6C, 0xA853, 0xA000, 0xC008, 0x8000, 0xA000, 0x0322, 0xE321, 0x6319, 0x0E7C, 0x1AE7, 0xFFFF, 0x3AE7, 0x2F7C, 0x8321, 0x8111,
    0x8111, 0x8321, 0x0E7C, 0x1AE7, 0xFFFF, 0x3AE7, 0x2F84, 0x4219, 0xE321, 0x032A, 0xA000, 0x8000, 0xC008, 0xA000, 0xA853, 0xEB6C,
    0xEB6C, 0xA853, 0x4000, 0xE008, 0x442A, 0xE853, 0xCB6C, 0xEB6C, 0xC853, 0xC219, 0x6219, 0xA84A, 0x6219, 0xC219, 0xC753, 0xEB74,
    0xEB74, 0xC853, 0xC219, 0x6219, 0xA84A, 0x6219, 0xC219, 0xC853, 0xEB6C, 0xEB6C, 0xE853, 0x442A, 0xE008, 0x4000, 0xA853, 0xEB6C,
    0xEB6C, 0xA853, 0x6432, 0x495C, 0xEB6C, 0xCB6C, 0xAA6C, 0xAA64, 0xEB6C, 0x0B75, 0x085C, 0xA432, 0x085C, 0x0B75, 0xEB6C, 0xAA6C,
    0xAA6C, 0xEB6C, 0x0B75, 0x085C, 0xA432, 0x085C, 0x0B75, 0xEB6C, 0xAA6C, 0xAA6C, 0xCB6C, 0xEB6C, 0x4964, 0x6432, 0xA853, 0xEB6C,
    0xCB6C, 0xE85B, 0x8A64, 0x0B75, 0xAA6C, 0xCA6C, 0xCA6C, 0xCA6C, 0xCA6C, 0xAA6C, 0xEB6C, 0x2C75, 0xEB6C, 0xAA6C, 0xCA6C, 0xCA6C,
    0xCA6C, 0xCA6C, 0xAA6C, 0xEB6C, 0x2C75, 0xEB6C, 0xAA6C, 0xCA6C, 0xCA6C, 0xCA6C, 0xCA6C, 0xAA6C, 0x0B75, 0x8A64, 0xE85B, 0xCB6C,
    0xCB6C, 0xE853, 0xC853, 0x4964, 0x495C, 0x495C, 0x495C, 0x495C, 0x495C, 0x495C, 0x295C, 0x295C, 0x295C, 0x495C, 0x495C, 0x495C,
    0x495C, 0x495C, 0x495C, 0x295C, 0x295C, 0x295C, 0x495C, 0x495C, 0x495C, 0x495C, 0x495C, 0x495C, 0x4964, 0xC853, 0xE853, 0xCB6C,
    0xCA6C, 0x6A64, 0xE853, 0xE853, 0xE853, 0xE853, 0xE853, 0xE853, 0xE853, 0xE853, 0xE853, 0xE853, 0xE853, 0xE853, 0xE853, 0xE853,
    0xE853, 0xE853, 0xE853, 0xE853, 0xE853, 0xE853, 0xE853, 0xE853, 0xE853, 0xE853, 0xE853, 0xE853, 0xE853, 0xE853, 0x6A64, 0xCA6C,
    0xAA6C, 0xCA6C, 0xCB6C, 0xCB6C, 0xCB6C, 0xCB6C, 0xCB6C, 0xCB6C, 0xCB6C, 0xCB6C, 0xCB6C, 0xCB6C, 0xCB6C, 0xCB6C, 0xCB6C, 0xCB6C,
    0xCB6C, 0xCB6C, 0xCB6C, 0xCB6C, 0xCB6C, 0xCB6C, 0xCB6C, 0xCB6C, 0xCB6C, 0xCB6C, 0xCB6C, 0xCB6C, 0xCB6C, 0xCB6C, 0xCA6C, 0xAA6C
};

const uint16_t icon_anti_tank_emplacement_stratagem_icon_background[] PROGMEM = {
    0xAA6C, 0xCA6C, 0xEB6C, 0xEB6C, 0xEB6C, 0xEB6C, 0xEB6C, 0xEB6C, 0xEB6C, 0xEB6C, 0xEB6C, 0xEB6C, 0xEB6C, 0xEB6C, 0xEB6C, 0xEB6C,
    0xEB6C, 0xEB6C, 0xEB6C, 0xEB6C, 0xEB6C, 0xEB6C, 0xEB6C, 0xEB6C, 0xEB6C, 0xEB6C, 0xEB6C, 0xEB6C, 0xEB6C, 0xEB6C, 0xCA6C, 0xAA6C,
    0xCA6C, 0x6A64, 0xA84B, 0xA853, 0xA853, 0xA853, 0xA853, 0xA853, 0xA853, 0xA853, 0xA853, 0xA853, 0xA853, 0xA853, 0xA853, 0xA853,
    0xA853, 0xA853, 0xA853, 0xA853, 0xA853, 0xA853, 0xA853, 0xA853, 0xA853, 0xA853, 0xA853, 0xA853, 0xA853, 0xA84B, 0x6A64, 0xCA6C,
    0xEB6C, 0xA753, 0x6000, 0xA000, 0x8000, 0x8000, 0x8000, 0x8000, 0x8000, 0x8000, 0x8000, 0x8000, 0x8000, 0x8000, 0x8000, 0x8000,
    0x8000, 0x8000, 0x8000, 0x8000, 0x8000, 0x8000, 0x8000, 0x8000, 0x8000, 0x8000, 0x8000, 0x8000, 0xA000, 0x6000, 0xA753, 0xEB6C,
    0xEB6C, 0xA853, 0xA000, 0xC008, 0xC008, 0xE008, 0xE008, 0xC008, 0xC008, 0xC008, 0xC008, 0xC008, 0xC008, 0xE008, 0xE008, 0xE008,
    0xE008, 0xE008, 0xC008, 0xC008, 0xC008, 0xE008, 0xE008, 0xE008, 0xE008, 0xE008, 0xE008, 0xE008, 0xE008, 0xA000, 0xA853, 0xEB6C,
    0xEB6C, 0xA853, 0x8000, 0xC008, 0xA000, 0x4000, 0x6000, 0xC008, 0xC008, 0xC008, 0xC008, 0xC008, 0xC008, 0x8000, 0x8000, 0x8000,
    0x8000, 0x8000, 0xA000, 0xC008, 0xA000, 0x6000, 0x6000, 0x8000, 0x8000, 0x8000, 0x8000, 0x8000, 0x8000, 0x8000, 0xA853, 0xEB6C,
    0xEB6C, 0xA853, 0xA000, 0xA000, 0x6219, 0x0E7C, 0xE952, 0x8000, 0xC008, 0xC008, 0xC008, 0xC000, 0xE008, 0xA532, 0xC53A, 0xA53A,
    0x8432, 0xE321, 0x0111, 0x6000, 0xA219, 0x0643, 0xC53A, 0xA53A, 0xC53A, 0xA53A, 0xA53A, 0xC53A, 0xA532, 0xA000, 0xA753, 0xEB6C,
    0xEB6C, 0xA853, 0x8000, 0xC008, 0x56C6, 0xFFFF, 0xFFFF, 0xE952, 0x6000, 0xE008, 0xC008, 0xA000, 0x0009, 0xAA6C, 0x0B75, 0xEB74,
    0xEB6C, 0xEB6C, 0x6A64, 0x2643, 0x6219, 0x6432, 0x0B75, 0x0B75, 0xEB6C, 0xEB74, 0xEB74, 0x0B75, 0xAA6C, 0xE008, 0xA74B, 0xEB6C,
    0xEB6C, 0xA853, 0x8000, 0x4211, 0xDCFF, 0xFEFF, 0xFFFF, 0x6E84, 0x4000, 0xE008, 0xC008, 0xA000, 0x0009, 0x4964, 0xAA6C, 0x8A64,
    0x8A64, 0xAA6C, 0xCA6C, 0xEB74, 0x8A64, 0xC221, 0x6111, 0x8A64, 0xCA6C, 0xAA6C, 0xAA6C, 0xCA6C, 0x6A64, 0xC008, 0xA74B, 0xEB6C,
    0xEB6C, 0xA853, 0xA000, 0x0000, 0x295B, 0xBAD6, 0xB4AD, 0xC008, 0x6000, 0xC008, 0xE008, 0xC008, 0x2111, 0xCB6C, 0x0B75, 0x0B75,
    0xCB6C, 0x8A64, 0xAA64, 0x8A64, 0xAA6C, 0x0B75, 0x032A, 0xA219, 0x8A64, 0x6964, 0x6964, 0x8A64, 0x295C, 0xC008, 0xA74B, 0xEB6C,
    0xEB6C, 0xA753, 0xA000, 0xEC73, 0x0E7C, 0xB08C, 0x4E84, 0x2F7C, 0x263A, 0x8000, 0x8000, 0x4000, 0x6000, 0xC219, 0xE221, 0xC219,
    0x095C, 0x2C75, 0x0B75, 0x0B75, 0xEB74, 0xAA6C, 0xCB6C, 0xA219, 0xC008, 0x0111, 0x0009, 0x0009, 0x0009, 0xA000, 0xA853, 0xEB6C,
    0xEB74, 0x874B, 0x0111, 0xFDFF, 0xFFFF, 0xFFFF, 0xFFFF, 0xFFFF, 0xB08C, 0x0000, 0xAC6B, 0x53A5, 0x329D, 0xF19C, 0x129D, 0xED73,
    0x0009, 0xA432, 0xC532, 0xC432, 0x053B, 0xAA6C, 0x0B75, 0x085C, 0xA000, 0xA000, 0xA000, 0xA000, 0xC000, 0x8000, 0xA853, 0xEB6C,
    0xEB74, 0x874B, 0x0111, 0x7BEF, 0xDDFF, 0xDDFF, 0xDCF7, 0xDFFF, 0x6F84, 0x0000, 0xB4B5, 0xFFFF, 0xFFFF, 0xFFFF, 0xFFFF, 0xFFFF,
    0x52A5, 0xE952, 0x2A5B, 0x2A5B, 0x463A, 0x4111, 0x085C, 0x2B75, 0x0322, 0x8000, 0xC008, 0xC008, 0xC008, 0x8000, 0xA853, 0xEB6C,
    0xEB74, 0x874B, 0x0111, 0x9BF7, 0xFEFF, 0xFDFF, 0xDDFF, 0xFFFF, 0x6F84, 0x0000, 0x52A5, 0xDFFF, 0xDCF7, 0xDDFF, 0xDDFF, 0xDDFF,
    0xFFFF, 0xFFFF, 0xFFFF, 0xFFFF, 0xFFFF, 0x8F8C, 0x4000, 0xA853, 0x874B, 0x8000, 0xC008, 0xC008, 0xC008, 0x8000, 0xA853, 0xEB6C,
    0xEB74, 0x874B, 0x0111, 0x9BF7, 0xFEFF, 0xFDFF, 0xDDFF, 0xFFFF, 0x6F84, 0x0000, 0x73A5, 0xFFFF, 0xFDFF, 0xFDFF, 0xFDFF, 0xFEFF,
    0xBCF7, 0x98D6, 0xB8D6, 0xB8D6, 0xD5B5, 0x263A, 0x042A, 0x6A64, 0x295C, 0xC008, 0xC008, 0xC008, 0xC008, 0x8000, 0xA853, 0xEB6C,
    0xEB74, 0x874B, 0x0111, 0x9BF7, 0xFEFF, 0xFDFF, 0xDDFF, 0xFFFF, 0x6F84, 0x0000, 0x52A5, 0xFFFF, 0xDDFF, 0xFDFF, 0xFDFF, 0x3BE7,
    0x263A, 0x2111, 0x8219, 0x8219, 0x2111, 0x053B, 0xEB74, 0xEB6C, 0x4964, 0x0009, 0xA000, 0xC008, 0xC008, 0x8000, 0xA853, 0xEB6C,
    0xEB74, 0x874B, 0x0111, 0x9BF7, 0xFEFF, 0xFDFF, 0xDDFF, 0xFFFF, 0x6F84, 0x2000, 0xA321, 0x0532, 0xE531, 0xE429, 0x0532, 0x4219,
    0x232A, 0xAA6C, 0x8A64, 0x8A64, 0xAA6C, 0xEB6C, 0x8A64, 0xAA6C, 0x6964, 0x0009, 0xA000, 0xC008, 0xC008, 0x8000, 0xA853, 0xEB6C,
    0xEB74, 0x874B, 0x0111, 0x7BEF, 0xFEFF, 0xFDFF, 0xDDFF, 0xFFFF, 0x4E84, 0x4000, 0xC000, 0x6000, 0xC000, 0xC853, 0x085C, 0x295C,
    0x2C75, 0x2B75, 0x0B75, 0x0B75, 0x0B75, 0x0B75, 0xEB74, 0x0B75, 0xAA6C, 0x0009, 0xA000, 0xC008, 0xC008, 0x8000, 0xA853, 0xEB6C,
    0xEB74, 0x874B, 0x0111, 0xFDFF, 0xFEFF, 0xFDFF, 0xDDFF, 0xFFFF, 0xAF8C, 0x2000, 0xE008, 0xC008, 0xE008, 0xC53A, 0x0643, 0xC53A,
    0x6432, 0x6432, 0x6432, 0x6432, 0x6432, 0x6432, 0x8532, 0xC53A, 0x8532, 0xE008, 0xC000, 0xC008, 0xC008, 0x8000, 0xA853, 0xEB6C,
    0xEB6C, 0xA853, 0x8000, 0x0D7C, 0xDDF7, 0xFDFF, 0xFEFF, 0x37C6, 0xE531, 0x8000, 0xC008, 0xC008, 0xC000, 0x8000, 0x4000, 0x6119,
    0x8532, 0x6432, 0x6432, 0x6432, 0x6432, 0x8532, 0x6219, 0x4000, 0x8000, 0xC008, 0xC008, 0xC008, 0xC008, 0x8000, 0xA853, 0xEB6C,
    0xEB6C, 0xA853, 0x6000, 0xC008, 0x7BEF, 0xFDFF, 0xFFFF, 0x0D7C, 0x0000, 0xE008, 0xC008, 0xC008, 0xC008, 0xE008, 0x8000, 0xE53A,
    0x4C7D, 0xEB6C, 0x0B75, 0x0B75, 0xEB6C, 0x4C7D, 0xE53A, 0x8000, 0xE008, 0xC008, 0xC008, 0xC008, 0xC008, 0x8000, 0xA853, 0xEB6C,
    0xEB6C, 0xA853, 0x6000, 0x6219, 0x9BEF, 0xFDFF, 0xFFFF, 0x6F84, 0x4000, 0xE008, 0xC008, 0xC008, 0xC008, 0xE008, 0x8000, 0xC53A,
    0x0B75, 0xAA64, 0xAA6C, 0xAA6C, 0xAA64, 0x0B75, 0xC53A, 0x8000, 0xE008, 0xC008, 0xC008, 0xC008, 0xC008, 0x8000, 0xA853, 0xEB6C,
    0xEB6C, 0xA853, 0x6000, 0x4219, 0x9BEF, 0xFDFF, 0xFFFF, 0x6F84, 0x4000, 0xE008, 0xC008, 0xC008, 0xC008, 0xC008, 0x6000, 0x8432,
    0xAA6C, 0x495C, 0x6964, 0x6964, 0x495C, 0xAA6C, 0x8432, 0x6000, 0xC008, 0xC008, 0xC008, 0xC008, 0xC008, 0x8000, 0xA853, 0xEB6C,
    0xEB6C, 0xA853, 0x6000, 0x4219, 0x9BEF, 0xFDFF, 0xFFFF, 0x6F84, 0x4000, 0xE008, 0xC008, 0xC008, 0xA000, 0x0009, 0x0009, 0x2111,
    0x4111, 0x4111, 0x4111, 0x4111, 0x4111, 0x4111, 0x2111, 0x0009, 0x0009, 0xA000, 0xC008, 0xC008, 0xC008, 0x8000, 0xA853, 0xEB6C,
    0xEB6C, 0xA853, 0x6000, 0x4219, 0x9BEF, 0xFDFF, 0xFFFF, 0x6F84, 0x4000, 0xE008, 0xC008, 0x8000, 0x6432, 0x8A64, 0x6964, 0x6964,
    0x6964, 0x6964, 0x6964, 0x6964, 0x6964, 0x6964, 0x6964, 0x6964, 0x8A64, 0x6432, 0x8000, 0xC008, 0xC008, 0x8000, 0xA853, 0xEB6C,
    0xEB6C, 0xA853, 0x6000, 0x4219, 0x7BEF, 0xDDFF, 0xDFFF, 0x4E84, 0x4000, 0xE008, 0x6000, 0xE321, 0xCA6C, 0xAA6C, 0xAA6C, 0xAA6C,
    0xAA6C, 0xAA6C, 0xAA6C, 0xAA6C, 0xAA6C, 0xAA6C, 0xAA6C, 0xAA6C, 0xAA6C, 0xCA6C, 0xE321, 0x6000, 0xE008, 0x8000, 0xA853, 0xEB6C,
    0xEB6C, 0xA853, 0x6000, 0x4219, 0xFDFF, 0xFFFF, 0xFFFF, 0x8F8C, 0x4000, 0xC008, 0xC321, 0xEB6C, 0x0B75, 0xEB6C, 0xEB74, 0xEB74,
    0xEB74, 0xEB74, 0xEB74, 0xEB74, 0xEB74, 0xEB74, 0xEB74, 0xEB74, 0xEB6C, 0x0B75, 0xEB6C, 0xC321, 0xA000, 0xA000, 0xA853, 0xEB6C,
    0xEB6C, 0xA853, 0x8000, 0xE008, 0xCC73, 0x6F84, 0x6F84, 0x263A, 0x8000, 0xC008, 0x442A, 0xE53A, 0xA532, 0xC53A, 0xA53A, 0xC53A,
    0xC53A, 0xC53A, 0xC53A, 0xC53A, 0xC53A, 0xC53A, 0xC53A, 0xA53A, 0xC53A, 0xA532, 0xE53A, 0x442A, 0xC008, 0x8000, 0xA853, 0xEB6C,
    0xEB6C, 0xA853, 0x8000, 0xC008, 0x4000, 0x4000, 0x4000, 0x8000, 0xC008, 0xC008, 0x8000, 0x6000, 0x8000, 0x8000, 0x8000, 0x8000,
    0x8000, 0x8000, 0x8000, 0x8000, 0x8000, 0x8000, 0x8000, 0x8000, 0x8000, 0x8000, 0x6000, 0x8000, 0xC008, 0x8000, 0xA853, 0xEB6C,
    0xEB6C, 0xA853, 0xA000, 0xC008, 0xE008, 0xE008, 0xE008, 0xE008, 0xC008, 0xC008, 0xE008, 0xE008, 0xE008, 0xE008, 0xE008, 0xE008,
    0xE008, 0xE008, 0xE008, 0xE008, 0xE008, 0xE008, 0xE008, 0xE008, 0xE008, 0xE008, 0xE008, 0xE008, 0xC008, 0xA000, 0xA853, 0xEB6C,
    0xEB6C, 0xA753, 0x6000, 0xA000, 0x8000, 0x8000, 0x8000, 0x8000, 0x8000, 0x8000, 0x8000, 0x8000, 0x8000, 0x8000, 0x8000, 0x8000,
    0x8000, 0x8000, 0x8000, 0x8000, 0x8000, 0x8000, 0x8000, 0x8000, 0x8000, 0x8000, 0x8000, 0x8000, 0xA000, 0x6000, 0xA753, 0xEB6C,
    0xCA6C, 0x6A64, 0xA84B, 0xA853, 0xA853, 0xA853, 0xA853, 0xA853, 0xA853, 0xA853, 0xA853, 0xA853, 0xA853, 0xA853, 0xA853, 0xA853,
    0xA853, 0xA853, 0xA853, 0xA853, 0xA853, 0xA853, 0xA853, 0xA853, 0xA853, 0xA853, 0xA853, 0xA853, 0xA853, 0xA84B, 0x6A64, 0xCA6C,
    0xAA6C, 0xCA6C, 0xEB6C, 0xEB6C, 0xEB6C, 0xEB6C, 0xEB6C, 0xEB6C, 0xEB6C, 0xEB6C, 0xEB6C, 0xEB6C, 0xEB6C, 0xEB6C, 0xEB6C, 0xEB6C,
    0xEB6C, 0xEB6C, 0xEB6C, 0xEB6C, 0xEB6C, 0xEB6C, 0xEB6C, 0xEB6C, 0xEB6C, 0xEB6C, 0xEB6C, 0xEB6C, 0xEB6C, 0xEB6C, 0xCA6C, 0xAA6C
};

const uint16_t icon_anti_tank_mines_stratagem_icon_background[] PROGMEM = {
    0xAA6C, 0xCA6C, 0xEB6C, 0xEB6C, 0xEB6C, 0xEB6C, 0xEB6C, 0xEB6C, 0xEB6C, 0xEB6C, 0xEB6C, 0xEB6C, 0xEB6C, 0xEB6C, 0xEB6C, 0xEB6C,
    0xEB6C, 0xEB6C, 0xEB6C, 0xEB6C, 0xEB6C, 0xEB6C, 0xEB6C, 0xEB6C, 0xEB6C, 0xEB6C, 0xEB6C, 0xEB6C, 0xEB6C, 0xEB6C, 0xCA6C, 0xAA6C,
    0xCA6C, 0x6A64, 0xA84B, 0xA853, 0xA853, 0xA853, 0xA853, 0xA853, 0xA853, 0xA853, 0xA853, 0xA853, 0xA853, 0xA853, 0xA853, 0xA853,
    0xA853, 0xA853, 0xA853, 0xA853, 0xA853, 0xA853, 0xA853, 0xA853, 0xA853, 0xA853, 0xA853, 0xA853, 0xA853, 0xA84B, 0x6A64, 0xCA6C,
    0xEB6C, 0xA753, 0x6000, 0xA000, 0x8000, 0x8000, 0x8000, 0x8000, 0x8000, 0x8000, 0x8000, 0xA000, 0xA000, 0xA000, 0xA000, 0xA000,
    0xA000, 0xA000, 0xA000, 0xA000, 0xA000, 0x8000, 0x8000, 0x8000, 0x8000, 0x8000, 0x8000, 0x8000, 0xA000, 0x6000, 0xA753, 0xEB6C,
    0xEB6C, 0xA853, 0xA000, 0xC008, 0xC008, 0xC008, 0xC008, 0xC008, 0xC008, 0xC008, 0xC008, 0x6000, 0x4000, 0x4000, 0x4000, 0x4000,
    0x6000, 0x8000, 0x8000, 0x8000, 0x8000, 0xC000, 0xC008, 0xC008, 0xC008, 0xC008, 0xC008, 0xC008, 0xC008, 0xA000, 0xA853, 0xEB6C,
    0xEB6C, 0xA853, 0x8000, 0xC008, 0xC008, 0xC008, 0xC008, 0xC008, 0xC008, 0xC008, 0xA000, 0x6A63, 0x4F84, 0x4E84, 0x4E84, 0x4F84,
    0x0953, 0x0532, 0x253A, 0x2532, 0x2632, 0x2111, 0xA000, 0xC008, 0xC008, 0xC008, 0xC008, 0xC008, 0xC008, 0x8000, 0xA853, 0xEB6C,
    0xEB6C, 0xA853, 0x8000, 0xC008, 0xC008, 0xC008, 0xC008, 0xC008, 0xC008, 0xC008, 0x6000, 0xF9DE, 0xFFFF, 0xFFFF, 0xFFFF, 0xFFFF,
    0xDDFF, 0xB8D6, 0xD8D6, 0xB8D6, 0xD9D6, 0x463A, 0x6000, 0xC008, 0xC008, 0xC008, 0xC008, 0xC008, 0xC008, 0x8000, 0xA853, 0xEB6C,
    0xEB6C, 0xA853, 0x8000, 0xC008, 0xC008, 0xC008, 0xC008, 0xC008, 0xC008, 0xE008, 0x8000, 0xA321, 0x0532, 0x0532, 0x0532, 0x0532,
    0x0111, 0x8000, 0x0111, 0x0109, 0xE008, 0xC008, 0xC008, 0xC008, 0xC008, 0xC008, 0xC008, 0xC008, 0xC008, 0x8000, 0xA853, 0xEB6C,
    0xEB6C, 0xA853, 0x8000, 0xC008, 0xC008, 0xC008, 0xC008, 0xC008, 0xC008, 0x6000, 0x4219, 0x908C, 0xD094, 0xD094, 0xD094, 0xD194,
    0x2E7C, 0xA429, 0x4000, 0x6000, 0xC000, 0xE008, 0xC008, 0xC008, 0xC008, 0xC008, 0xC008, 0xC008, 0xC008, 0x8000, 0xA853, 0xEB6C,
    0xEB6C, 0xA853, 0x8000, 0xC008, 0xC008, 0xC008, 0xC008, 0xC008, 0xA000, 0x4219, 0x77CE, 0xFFFF, 0xFFFF, 0xFFFF, 0xFFFF, 0xFFFF,
    0xFFFF, 0xDDFF, 0x94AD, 0xA84A, 0xA000, 0x4000, 0xA000, 0xC008, 0xC008, 0xC008, 0xC008, 0xC008, 0xC008, 0x8000, 0xA853, 0xEB6C,
    0xEB6C, 0xA853, 0x8000, 0xC008, 0xC008, 0xC008, 0xC008, 0xE008, 0x2000, 0x4E84, 0xFFFF, 0xDCF7, 0xFDFF, 0xFDFF, 0xFDFF, 0xFDFF,
    0xFDFF, 0xFDFF, 0xFFFF, 0xFEFF, 0x77CE, 0x8C6B, 0x2211, 0xA000, 0xC008, 0xC008, 0xC008, 0xC008, 0xC008, 0x8000, 0xA853, 0xEB6C,
    0xEB6C, 0xA853, 0x8000, 0xC008, 0xC008, 0xC008, 0xC008, 0xE008, 0x4000, 0x4E84, 0xDFFF, 0xDCFF, 0xFDFF, 0xFDFF, 0xFDFF, 0xFDFF,
    0xFDFF, 0xFDFF, 0xDDFF, 0xDDFF, 0xFEFF, 0xFFFF, 0xD9D6, 0x0111, 0xA000, 0xC008, 0xC008, 0xC008, 0xC008, 0x8000, 0xA853, 0xEB6C,
    0xEB6C, 0xA853, 0x8000, 0xC008, 0xC008, 0xC008, 0xC008, 0xE008, 0x2000, 0x8F8C, 0xFFFF, 0xFEFF, 0xFFFF, 0xFFFF, 0xFFFF, 0xFFFF,
    0xFFFF, 0xFFFF, 0xFFFF, 0xFFFF, 0xFFFF, 0xFFFF, 0xFEFF, 0x4219, 0xA000, 0xC008, 0xC008, 0xC008, 0xC008, 0x8000, 0xA853, 0xEB6C,
    0xEB6C, 0xA853, 0x8000, 0xC008, 0xC008, 0xC008, 0xC008, 0xE008, 0x6000, 0x4A5B, 0xD6B5, 0xF5BD, 0xF5BD, 0xD4B5, 0x15BE, 0xF5BD,
    0xD4B5, 0x15BE, 0xF5B5, 0xD4B5, 0x15BE, 0xD5B5, 0x73AD, 0x0111, 0xA000, 0xC008, 0xC008, 0xC008, 0xC008, 0x8000, 0xA853, 0xEB6C,
    0xEB6C, 0xA853, 0x8000, 0xC008, 0xC008, 0xC008, 0xC008, 0xC008, 0xA000, 0x4219, 0xE531, 0x0111, 0x4219, 0xE531, 0xE008, 0x6219,
    0xE531, 0xC008, 0xA321, 0xE429, 0xC000, 0xC429, 0xE429, 0xC008, 0xC000, 0xC008, 0xC008, 0xC008, 0xC008, 0x8000, 0xA853, 0xEB6C,
    0xEB6C, 0xA853, 0x8000, 0xC008, 0xC008, 0xC008, 0xC008, 0xC008, 0x6000, 0x8742, 0x98CE, 0x263A, 0xE952, 0x98CE, 0x8321, 0xCC6B,
    0x78CE, 0x2219, 0xB08C, 0x16BE, 0xE110, 0x73A5, 0x93AD, 0xA000, 0xC008, 0xC008, 0xC008, 0xC008, 0xC008, 0x8000, 0xA853, 0xEB6C,
    0xEB6C, 0xA853, 0x8000, 0xC008, 0xC008, 0xC008, 0xC008, 0xC008, 0xC008, 0xA000, 0xA000, 0xA000, 0xA000, 0xA000, 0xA000, 0xA000,
    0xA000, 0xA000, 0xA000, 0xA000, 0xA000, 0xA000, 0xA000, 0xA000, 0xC008, 0xC008, 0xC008, 0xC008, 0xC008, 0x8000, 0xA853, 0xEB6C,
    0xEB6C, 0xA853, 0x8000, 0xC008, 0xC008, 0xC008, 0xC008, 0xC008, 0xC008, 0xC008, 0xC008, 0xC008, 0xC008, 0xC008, 0xC008, 0xA000,
    0xA000, 0xC008, 0xC008, 0xC008, 0xC008, 0xC008, 0xC008, 0xC008, 0xC008, 0xC008, 0xC008, 0xC008, 0xC008, 0x8000, 0xA853, 0xEB6C,
    0xEB6C, 0xA853, 0x8000, 0xC008, 0xC008, 0xC008, 0xC008, 0xC008, 0xC008, 0xC008, 0xC008, 0xC008, 0xC008, 0xC008, 0xC008, 0x6219,
    0x6219, 0xC008, 0xC008, 0xC008, 0xC008, 0xC008, 0xC008, 0xC008, 0xC008, 0xC008, 0xC008, 0xC008, 0xC008, 0x8000, 0xA853, 0xEB6C,
    0xEB6C, 0xA853, 0x8000, 0xC008, 0xC008, 0xC008, 0xC008, 0xC008, 0xC008, 0xC008, 0xC000, 0xA000, 0xA000, 0x8000, 0x0111, 0xB8D6,
    0xB8D6, 0x0111, 0x8000, 0xA000, 0xA000, 0xC000, 0xC008, 0xC008, 0xC008, 0xC008, 0xC008, 0xC008, 0xC008, 0x8000, 0xA853, 0xEB6C,
    0xEB6C, 0xA853, 0x8000, 0xC008, 0xC008, 0xC008, 0xC008, 0xC008, 0xC008, 0xC008, 0xC008, 0x2211, 0x2111, 0x2111, 0x4219, 0xC429,
    0xC429, 0x4219, 0x2111, 0x2111, 0x2211, 0xC008, 0xC008, 0xC008, 0xC008, 0xC008, 0xC008, 0xC008, 0xC008, 0x8000, 0xA853, 0xEB6C,
    0xEB6C, 0xA853, 0x8000, 0xC008, 0xC008, 0xC008, 0xC008, 0xC008, 0xE008, 0x4000, 0xED73, 0xBEF7, 0x9CF7, 0xBCF7, 0xBCF7, 0x9BEF,
    0x9BEF, 0xBCF7, 0xBCF7, 0x9CF7, 0xBEF7, 0xED73, 0x4000, 0xE008, 0xC008, 0xC008, 0xC008, 0xC008, 0xC008, 0x8000, 0xA853, 0xEB6C,
    0xEB6C, 0xA853, 0x8000, 0xC008, 0xC008, 0xC008, 0xC008, 0xC008, 0xC008, 0x2000, 0x2E7C, 0x9DEF, 0x7BEF, 0x9BEF, 0x9BEF, 0x9CF7,
    0x9CF7, 0x9BEF, 0x9BEF, 0x7BEF, 0x9DEF, 0x2E7C, 0x2000, 0xC008, 0xC008, 0xC008, 0xC008, 0xC008, 0xC008, 0x8000, 0xA853, 0xEB6C,
    0xEB6C, 0xA853, 0x8000, 0xC008, 0xC008, 0xC008, 0xC008, 0xC000, 0x0111, 0x2211, 0x6219, 0xA421, 0xA321, 0xA321, 0xA321, 0x8321,
    0x8321, 0xA321, 0xA321, 0xA321, 0xA421, 0x6219, 0x2211, 0xE008, 0xC000, 0xC008, 0xC008, 0xC008, 0xC008, 0x8000, 0xA853, 0xEB6C,
    0xEB6C, 0xA853, 0x8000, 0xC008, 0xC008, 0xC008, 0xE008, 0x4000, 0x2E7C, 0x7DEF, 0x5AEF, 0x7BEF, 0x5BEF, 0x5AE7, 0x7BEF, 0xFDFF,
    0xFDFF, 0x7BEF, 0x5AE7, 0x5BEF, 0x7BEF, 0x5BEF, 0x7DEF, 0x4A63, 0x6000, 0xE008, 0xC008, 0xC008, 0xC008, 0x8000, 0xA853, 0xEB6C,
    0xEB6C, 0xA853, 0x8000, 0xC008, 0xC008, 0xC008, 0xA000, 0x0000, 0x8F8C, 0xFFFF, 0xFEFF, 0xFEFF, 0xFFFF, 0xFFFF, 0xDDFF, 0x129D,
    0xF19C, 0xDDFF, 0xFFFF, 0xFFFF, 0xFEFF, 0xFEFF, 0xFFFF, 0xAB6B, 0x0000, 0xA000, 0xC008, 0xC008, 0xC008, 0x8000, 0xA853, 0xEB6C,
    0xEB6C, 0xA853, 0xA000, 0xC008, 0x8000, 0xA000, 0x0322, 0xE321, 0x6319, 0x0E7C, 0x1AE7, 0xFFFF, 0x3AE7, 0x2F7C, 0x8321, 0x8111,
    0x8111, 0x8321, 0x0E7C, 0x1AE7, 0xFFFF, 0x3AE7, 0x2F84, 0x4219, 0xE321, 0x032A, 0xA000, 0x8000, 0xC008, 0xA000, 0xA853, 0xEB6C,
    0xEB6C, 0xA853, 0x4000, 0xE008, 0x442A, 0xE853, 0xCB6C, 0xEB6C, 0xC853, 0xC219, 0x6219, 0xA84A, 0x6219, 0xC219, 0xC753, 0xEB74,
    0xEB74, 0xC853, 0xC219, 0x6219, 0xA84A, 0x6219, 0xC219, 0xC853, 0xEB6C, 0xEB6C, 0xE853, 0x442A, 0xE008, 0x4000, 0xA853, 0xEB6C,
    0xEB6C, 0xA853, 0x6432, 0x495C, 0xEB6C, 0xCB6C, 0xAA6C, 0xAA64, 0xEB6C, 0x0B75, 0x085C, 0xA432, 0x085C, 0x0B75, 0xEB6C, 0xAA6C,
    0xAA6C, 0xEB6C, 0x0B75, 0x085C, 0xA432, 0x085C, 0x0B75, 0xEB6C, 0xAA6C, 0xAA6C, 0xCB6C, 0xEB6C, 0x4964, 0x6432, 0xA853, 0xEB6C,
    0xCB6C, 0xE85B, 0x8A64, 0x0B75, 0xAA6C, 0xCA6C, 0xCA6C, 0xCA6C, 0xCA6C, 0xAA6C, 0xEB6C, 0x2C75, 0xEB6C, 0xAA6C, 0xCA6C, 0xCA6C,
    0xCA6C, 0xCA6C, 0xAA6C, 0xEB6C, 0x2C75, 0xEB6C, 0xAA6C, 0xCA6C, 0xCA6C, 0xCA6C, 0xCA6C, 0xAA6C, 0x0B75, 0x8A64, 0xE85B, 0xCB6C,
    0xCB6C, 0xE853, 0xC853, 0x4964, 0x495C, 0x495C, 0x495C, 0x495C, 0x495C, 0x495C, 0x295C, 0x295C, 0x295C, 0x495C, 0x495C, 0x495C,
    0x495C, 0x495C, 0x495C, 0x295C, 0x295C, 0x295C, 0x495C, 0x495C, 0x495C, 0x495C, 0x495C, 0x495C, 0x4964, 0xC853, 0xE853, 0xCB6C,
    0xCA6C, 0x6A64, 0xE853, 0xE853, 0xE853, 0xE853, 0xE853, 0xE853, 0xE853, 0xE853, 0xE853, 0xE853, 0xE853, 0xE853, 0xE853, 0xE853,
    0xE853, 0xE853, 0xE853, 0xE853, 0xE853, 0xE853, 0xE853, 0xE853, 0xE853, 0xE853, 0xE853, 0xE853, 0xE853, 0xE853, 0x6A64, 0xCA6C,
    0xAA6C, 0xCA6C, 0xCB6C, 0xCB6C, 0xCB6C, 0xCB6C, 0xCB6C, 0xCB6C, 0xCB6C, 0xCB6C, 0xCB6C, 0xCB6C, 0xCB6C, 0xCB6C, 0xCB6C, 0xCB6C,
    0xCB6C, 0xCB6C, 0xCB6C, 0xCB6C, 0xCB6C, 0xCB6C, 0xCB6C, 0xCB6C, 0xCB6C, 0xCB6C, 0xCB6C, 0xCB6C, 0xCB6C, 0xCB6C, 0xCA6C, 0xAA6C
};

const uint16_t icon_arc_thrower_stratagem_icon_background[] PROGMEM = {
    0xDA55, 0xDA55, 0x1B5E, 0x1B5E, 0x1B5E, 0x1B5E, 0x1B5E, 0x1B5E, 0x1B5E, 0x1B5E, 0x1B5E, 0x1B5E, 0x1B5E, 0x1B5E, 0x1B5E, 0x1B5E,
    0x1B5E, 0x1B5E, 0x1B5E, 0x1B5E, 0x1B5E, 0x1B5E, 0x1B5E, 0x1B5E, 0x1B5E, 0x1B5E, 0x1B5E, 0x1B5E, 0x1B5E, 0x1B5E, 0xDA55, 0xDA55,
    0xFA55, 0x7855, 0x7444, 0x9444, 0x7444, 0x7444, 0x7444, 0x7444, 0x7444, 0x7444, 0x7444, 0x7444, 0x7444, 0x7444, 0x7444, 0x7444,
    0x7444, 0x7444, 0x7444, 0x7444, 0x7444, 0x7444, 0x7444, 0x7444, 0x7444, 0x7444, 0x7444, 0x7444, 0x9444, 0x7444, 0x7855, 0xFA55,
    0x1B5E, 0x743C, 0x0000, 0x6200, 0x6200, 0x6200, 0x6200, 0x6200, 0x6200, 0x6200, 0x6200, 0x6200, 0x6200, 0x6200, 0x6200, 0x6200,
    0x6200, 0x6200, 0x6200, 0x6200, 0x6200, 0x6200, 0x6200, 0x6200, 0x6200, 0x6200, 0x6200, 0x6200, 0x6200, 0x0000, 0x743C, 0x1B5E,
    0x1B5E, 0x7444, 0x6200, 0xC300, 0xA300, 0xA300, 0xA300, 0xA300, 0xA300, 0xA300, 0xA300, 0xA300, 0xA300, 0xA300, 0xA300, 0xA300,
    0xA300, 0xA300, 0xA300, 0xA300, 0xA300, 0xA300, 0xA300, 0xA300, 0xA300, 0xA300, 0xA300, 0xA300, 0xC300, 0x6200, 0x7444, 0x1B5E,
    0x1B5E, 0x7444, 0x6200, 0xA300, 0xA300, 0xA300, 0xA300, 0xA300, 0xA300, 0xA300, 0xA300, 0xA300, 0xA300, 0xA300, 0xA300, 0xA300,
    0xA300, 0xA300, 0xA300, 0xA300, 0xA300, 0xA300, 0xA300, 0xA300, 0xA300, 0xA300, 0xA300, 0xA300, 0xA300, 0x6200, 0x7444, 0x1B5E,
    0x1B5E, 0x7444, 0x6200, 0xA300, 0xA300, 0xA300, 0xA300, 0xA300, 0xA300, 0xA300, 0xA300, 0xA300, 0xA300, 0xA300, 0xA300, 0xA300,
    0xA300, 0xA300, 0xA300, 0xA300, 0xA300, 0xA300, 0xA300, 0xA300, 0xA300, 0xA300, 0xA300, 0xA300, 0xA300, 0x6200, 0x7444, 0x1B5E,
    0x1B5E, 0x7444, 0x6200, 0xA300, 0xA300, 0xA300, 0xA300, 0xA300, 0xA300, 0xA300, 0xA300, 0xA300, 0xA300, 0xA300, 0xA300, 0xA300,
    0xA300, 0xA300, 0xA300, 0xA300, 0xA300, 0xA300, 0xA300, 0xA300, 0xA300, 0xA300, 0xA300, 0xA300, 0xA300, 0x6200, 0x7444, 0x1B5E,
    0x1B5E, 0x7444, 0x6200, 0xA300, 0xA300, 0xA300, 0xA300, 0xA300, 0xA300, 0xA300, 0xC300, 0xA300, 0xA300, 0x8200, 0xA300, 0xA300,
    0xA300, 0x4200, 0x8200, 0xA300, 0xA300, 0xA300, 0xA300, 0xA300, 0xA300, 0xA300, 0xA300, 0xA300, 0xA300, 0x6200, 0x7444, 0x1B5E,
    0x1B5E, 0x7444, 0x6200, 0xA300, 0xA300, 0xA300, 0x8300, 0x6200, 0x4100, 0x0100, 0x0000, 0x2100, 0x8200, 0x2511, 0xA300, 0xA300,
    0x0000, 0x2C5B, 0x8D63, 0x2100, 0xA300, 0xA300, 0xA300, 0xA300, 0xA300, 0xA300, 0xC300, 0xA300, 0xA300, 0x6200, 0x7444, 0x1B5E,
    0x1B5E, 0x7444, 0x6200, 0xA300, 0x4200, 0x2100, 0x8300, 0x4519, 0x693A, 0x8E6B, 0xF294, 0x16BE, 0xD9D6, 0x5BE7, 0x6619, 0x0000,
    0x8D6B, 0xFFFF, 0x53A5, 0x2100, 0xC300, 0x8300, 0x8200, 0x6200, 0x4100, 0x2100, 0x0000, 0x4100, 0xC300, 0x6200, 0x7444, 0x1B5E,
    0x1B5E, 0x7444, 0x6200, 0x4200, 0x0C53, 0x38BE, 0xD9D6, 0x3AE7, 0xF9DE, 0x37C6, 0x139D, 0xCE6B, 0x6942, 0x1AE7, 0x493A, 0x5084,
    0x5BE7, 0x7184, 0x37C6, 0x0000, 0x4100, 0x8300, 0x0409, 0xA621, 0x693A, 0x2C5B, 0x507C, 0xAA42, 0x6200, 0x6200, 0x7444, 0x1B5E,
    0x1B5E, 0x7444, 0x6200, 0x6200, 0x8A42, 0xCF73, 0x6942, 0x6619, 0xA300, 0x2100, 0x0000, 0x2100, 0x0000, 0x94AD, 0x5CE7, 0xD9D6,
    0x0419, 0x6519, 0xFDFF, 0xD6B5, 0x78CE, 0xD9D6, 0x1AE7, 0x1AE7, 0xF9DE, 0x78CE, 0xD6B5, 0x0B53, 0x4200, 0x6200, 0x7444, 0x1B5E,
    0x1B5E, 0x7444, 0x6200, 0xC300, 0x4200, 0x0000, 0x2100, 0x6200, 0x8300, 0xA300, 0xC300, 0xC408, 0x2100, 0xD294, 0x99CE, 0xA308,
    0x4100, 0xE408, 0x307C, 0x507C, 0x4C5B, 0x8A42, 0xC729, 0x0411, 0xA300, 0x4100, 0x0100, 0x4200, 0xC300, 0x6200, 0x7444, 0x1B5E,
    0x1B5E, 0x7444, 0x6200, 0xA300, 0xA300, 0xA300, 0xA300, 0xA300, 0xA300, 0xA300, 0xA300, 0xA300, 0x6200, 0xA721, 0xE408, 0x6200,
    0xA300, 0x8300, 0x2100, 0x0000, 0x0100, 0x2100, 0x6200, 0x8200, 0x8300, 0xA300, 0xA300, 0xA300, 0xA300, 0x6200, 0x7444, 0x1B5E,
    0x1B5E, 0x7444, 0x6200, 0xA300, 0xA300, 0xA300, 0xA300, 0xA300, 0xA300, 0xA300, 0xA300, 0xA300, 0xA300, 0x8200, 0x8300, 0xA300,
    0xA300, 0xA300, 0xC300, 0xC300, 0xA300, 0xA300, 0xA300, 0xA300, 0xA300, 0xA300, 0xA300, 0xA300, 0xA300, 0x6200, 0x7444, 0x1B5E,
    0x1B5E, 0x7444, 0x6200, 0xA300, 0xA300, 0xA300, 0xA300, 0xA300, 0xA300, 0xA300, 0xA300, 0x8300, 0x6200, 0x6200, 0x8200, 0x8200,
    0xA300, 0xA300, 0xA300, 0xA300, 0xA300, 0xA300, 0xA300, 0xA300, 0xA300, 0xA300, 0xA300, 0xA300, 0xA300, 0x6200, 0x7444, 0x1B5E,
    0x1B5E, 0x7444, 0x6200, 0xC300, 0xA300, 0xA300, 0xA300, 0xA300, 0xA300, 0xA300, 0x8200, 0xA300, 0x6609, 0xE911, 0x6609, 0x0509,
    0x8300, 0xA300, 0xA300, 0xA300, 0xA300, 0xA300, 0xA300, 0xA300, 0xA300, 0xA300, 0xA300, 0xA300, 0xA300, 0x6200, 0x7444, 0x1B5E,
    0x1B5E, 0x7444, 0x4100, 0x6200, 0x4100, 0x2100, 0x4100, 0x2100, 0x4100, 0x4100, 0xC400, 0x0E2B, 0x2E2B, 0x3C5E, 0x743C, 0x4E2B,
    0x291A, 0x2100, 0x4100, 0x2100, 0x4100, 0x4100, 0x4100, 0x4100, 0x4100, 0x2100, 0x4100, 0x6200, 0x8300, 0x6200, 0x7444, 0x1B5E,
    0x1B5E, 0x743C, 0x6200, 0xE811, 0xED22, 0x4F2B, 0x2E2B, 0x4F2B, 0xCC22, 0xB033, 0x374D, 0x174D, 0xB544, 0xDA55, 0xDA55, 0xF644,
    0xD133, 0x533C, 0x4F2B, 0x2E2B, 0x2E2B, 0x2E2B, 0x2E2B, 0x2E2B, 0x2E2B, 0x2E2B, 0xD133, 0x091A, 0xE400, 0x6200, 0x7444, 0x1B5E,
    0x1B5E, 0x743C, 0xC300, 0xBA55, 0x3C5E, 0x3B5E, 0x1B5E, 0x3B5E, 0x1B5E, 0x1B5E, 0xFA55, 0xFA55, 0x1B5E, 0xDA55, 0xDA55, 0xFB5D,
    0xFA55, 0xFB5D, 0x1B5E, 0x3C5E, 0x1B5E, 0x1B5E, 0x1B5E, 0x1B5E, 0x1B5E, 0x1B5E, 0x3C5E, 0xF644, 0xAC22, 0x6200, 0x7444, 0x1B5E,
    0x1B5E, 0x743C, 0xA300, 0x784D, 0xDA55, 0xB955, 0xFB5D, 0xFA55, 0xFA5D, 0x1B5E, 0x1B5E, 0xDA55, 0xBA55, 0xDA55, 0xFA55, 0xB955,
    0xFB5D, 0x3B5E, 0x1B5E, 0xDA55, 0x1B5E, 0x1B5E, 0x1B5E, 0x1B5E, 0x1B5E, 0x1B5E, 0x3C5E, 0x4A1A, 0x8200, 0x6200, 0x7444, 0x1B5E,
    0x1B5E, 0x743C, 0xA300, 0x784D, 0xFA55, 0xFB5D, 0xED22, 0xC811, 0xC811, 0x2E2B, 0xD544, 0xB955, 0xDA55, 0x9955, 0x574D, 0xFB5D,
    0x9544, 0x2E2B, 0xB033, 0x374D, 0xAC22, 0x8B22, 0x8B22, 0x8B22, 0x8B22, 0x8B22, 0x0E2B, 0xE400, 0x8200, 0x6200, 0x7444, 0x1B5E,
    0x1B5E, 0x743C, 0xA300, 0xDA55, 0x3B5E, 0xAC22, 0x2100, 0x6200, 0x4100, 0x4100, 0x4100, 0xB544, 0x7D5E, 0xD133, 0x4F2B, 0x533C,
    0x4100, 0x0000, 0x4509, 0xB544, 0x4100, 0x4100, 0x4100, 0x4100, 0x4100, 0x4100, 0x4100, 0x8300, 0xA300, 0x6200, 0x7444, 0x1B5E,
    0x1B5E, 0x743C, 0x6200, 0xB033, 0x8B22, 0x4100, 0xA300, 0xA300, 0xA300, 0x6200, 0xA811, 0xFA55, 0xAC22, 0x6609, 0x533C, 0xE408,
    0x8200, 0x8300, 0x4609, 0x6F2B, 0xA300, 0xA300, 0xA300, 0xA300, 0xA300, 0xA300, 0xA300, 0xA300, 0xA300, 0x6200, 0x7444, 0x1B5E,
    0x1B5E, 0x7444, 0x4100, 0x6200, 0x6200, 0xA300, 0xA300, 0xA300, 0xA300, 0x4100, 0x123C, 0xB955, 0x0000, 0xAC22, 0xC811, 0x4100,
    0xA300, 0xA300, 0x8200, 0x6200, 0xA300, 0xA300, 0xA300, 0xA300, 0xA300, 0xA300, 0xA300, 0xA300, 0xA300, 0x6200, 0x7444, 0x1B5E,
    0x1B5E, 0x7444, 0x6200, 0xC300, 0xA300, 0xA300, 0xA300, 0xA300, 0xA300, 0x8200, 0x0509, 0xCC22, 0x6F33, 0x8B1A, 0x4100, 0xA300,
    0xA300, 0xA300, 0xA300, 0xA300, 0xA300, 0xA300, 0xA300, 0xA300, 0xA300, 0xA300, 0xA300, 0xA300, 0xA300, 0x6200, 0x7444, 0x1B5E,
    0x1B5E, 0x7444, 0x6200, 0xA300, 0xA300, 0xA300, 0xA300, 0xA300, 0xA300, 0xA300, 0x8200, 0x4100, 0x0509, 0x8200, 0xA300, 0xA300,
    0xA300, 0xA300, 0xA300, 0xA300, 0xA300, 0xA300, 0xA300, 0xA300, 0xA300, 0xA300, 0xA300, 0xA300, 0xA300, 0x6200, 0x7444, 0x1B5E,
    0x1B5E, 0x7444, 0x6200, 0xA300, 0xA300, 0xA300, 0xA300, 0xA300, 0xA300, 0xA300, 0xA300, 0xA300, 0x8200, 0xA300, 0xA300, 0xA300,
    0xA300, 0xA300, 0xA300, 0xA300, 0xA300, 0xA300, 0xA300, 0xA300, 0xA300, 0xA300, 0xA300, 0xA300, 0xA300, 0x6200, 0x7444, 0x1B5E,
    0x1B5E, 0x7444, 0x6200, 0xC300, 0xA300, 0xA300, 0xA300, 0xA300, 0xA300, 0xA300, 0xA300, 0xA300, 0xA300, 0xA300, 0xA300, 0xA300,
    0xA300, 0xA300, 0xA300, 0xA300, 0xA300, 0xA300, 0xA300, 0xA300, 0xA300, 0xA300, 0xA300, 0xA300, 0xC300, 0x6200, 0x7444, 0x1B5E,
    0x1B5E, 0x743C, 0x0000, 0x6200, 0x6200, 0x6200, 0x6200, 0x6200, 0x6200, 0x6200, 0x6200, 0x6200, 0x6200, 0x6200, 0x6200, 0x6200,
    0x6200, 0x6200, 0x6200, 0x6200, 0x6200, 0x6200, 0x6200, 0x6200, 0x6200, 0x6200, 0x6200, 0x6200, 0x6200, 0x0000, 0x743C, 0x1B5E,
    0xFA55, 0x7855, 0x7444, 0x9444, 0x7444, 0x7444, 0x7444, 0x7444, 0x7444, 0x7444, 0x7444, 0x7444, 0x7444, 0x7444, 0x7444, 0x7444,
    0x7444, 0x7444, 0x7444, 0x7444, 0x7444, 0x7444, 0x7444, 0x7444, 0x7444, 0x7444, 0x7444, 0x7444, 0x9444, 0x7444, 0x7855, 0xFA55,
    0xDA55, 0xDA55, 0x1B5E, 0x1B5E, 0x1B5E, 0x1B5E, 0x1B5E, 0x1B5E, 0x1B5E, 0x1B5E, 0x1B5E, 0x1B5E, 0x1B5E, 0x1B5E, 0x1B5E, 0x1B5E,
    0x1B5E, 0x1B5E, 0x1B5E, 0x1B5E, 0x1B5E, 0x1B5E, 0x1B5E, 0x1B5E, 0x1B5E, 0x1B5E, 0x1B5E, 0x1B5E, 0x1B5E, 0x1B5E, 0xDA55, 0xDA55
};

const uint16_t icon_autocannon_sentry_stratagem_icon_background[] PROGMEM = {
    0xAA6C, 0xCA6C, 0xEB6C, 0xEB6C, 0xEB6C, 0xEB6C, 0xEB6C, 0xEB6C, 0xEB6C, 0xEB6C, 0xEB6C, 0xEB6C, 0xEB6C, 0xEB6C, 0xEB6C, 0xEB6C,
    0xEB6C, 0xEB6C, 0xEB6C, 0xEB6C, 0xEB6C, 0xEB6C, 0xEB6C, 0xEB6C, 0xEB6C, 0xEB6C, 0xEB6C, 0xEB6C, 0xEB6C, 0xEB6C, 0xCA6C, 0xAA6C,
    0xCA6C, 0x6A64, 0xA84B, 0xA853, 0xA853, 0xA853, 0xA853, 0xA853, 0xA853, 0xA853, 0xA853, 0xA853, 0xA853, 0xA853, 0xA853, 0xA853,
    0xA853, 0xA853, 0xA853, 0xA853, 0xA853, 0xA853, 0xA853, 0xA853, 0xA853, 0xA853, 0xA853, 0xA853, 0xA853, 0xA84B, 0x6A64, 0xCA6C,
    0xEB6C, 0xA753, 0x6000, 0xA000, 0x8000, 0x8000, 0x8000, 0x8000, 0x8000, 0x8000, 0x8000, 0x8000, 0x8000, 0x8000, 0x8000, 0x8000,
    0x8000, 0x8000, 0x8000, 0x8000, 0x8000, 0x8000, 0x8000, 0x8000, 0x8000, 0x8000, 0x8000, 0x8000, 0xA000, 0x6000, 0xA753, 0xEB6C,
    0xEB6C, 0xA853, 0xA000, 0xC008, 0xC008, 0xC008, 0xC008, 0xC008, 0xC008, 0xE008, 0xE008, 0xE008, 0xE008, 0xE008, 0xE008, 0xE008,
    0xC008, 0xC008, 0xC008, 0xE008, 0xE008, 0xE008, 0xE008, 0xE008, 0xE008, 0xE008, 0xE008, 0xE008, 0xC008, 0xA000, 0xA853, 0xEB6C,
    0xEB6C, 0xA853, 0x8000, 0xC008, 0xC008, 0xC008, 0xC008, 0xC008, 0xC008, 0x8000, 0x8000, 0x8000, 0x8000, 0x8000, 0x8000, 0x8000,
    0xA000, 0xC008, 0xA000, 0x6000, 0x6000, 0x8000, 0x8000, 0x8000, 0x8000, 0x8000, 0x8000, 0x8000, 0xC008, 0x8000, 0xA853, 0xEB6C,
    0xEB6C, 0xA853, 0x8000, 0xC008, 0xC008, 0xC008, 0xC008, 0xC000, 0xE008, 0x8432, 0xA53A, 0xA532, 0xA532, 0xA53A, 0x8432, 0xE321,
    0x0111, 0x6000, 0xA219, 0x0643, 0xC53A, 0xA53A, 0xC53A, 0xA53A, 0xC53A, 0xA53A, 0xC53A, 0xA532, 0xE008, 0x8000, 0xA853, 0xEB6C,
    0xEB6C, 0xA853, 0x8000, 0xC008, 0xE008, 0xE008, 0xE008, 0xC008, 0x2111, 0x0B75, 0x6C7D, 0x6C7D, 0x2C75, 0xEB74, 0xEB6C, 0xEB6C,
    0x6A64, 0x2643, 0x6219, 0x6432, 0x0B75, 0x0B75, 0xEB6C, 0xEB74, 0xEB74, 0xEB74, 0x0B75, 0xAA6C, 0x0009, 0x8000, 0xA853, 0xEB6C,
    0xEB6C, 0xA853, 0x8000, 0xC008, 0x4000, 0x4000, 0x4000, 0x2000, 0xA000, 0x8432, 0x2322, 0x0222, 0x4643, 0xCB6C, 0xAA64, 0xAA6C,
    0xCA6C, 0xEB74, 0x8A64, 0xC221, 0x6111, 0x8A64, 0xCA6C, 0xAA6C, 0xAA6C, 0xAA6C, 0xCA6C, 0x6A64, 0x0009, 0x8000, 0xA853, 0xEB6C,
    0xEB6C, 0xA853, 0x8000, 0x0111, 0x2E7C, 0x6F84, 0x4E7C, 0xB18C, 0x463A, 0xC008, 0x0E7C, 0x0E7C, 0x8421, 0xA532, 0xEB74, 0xAA6C,
    0xAA6C, 0xAA64, 0xCA6C, 0x0B75, 0x032A, 0xA219, 0x8A64, 0x6964, 0x6A64, 0x6A64, 0x8A64, 0x295C, 0x0009, 0x8000, 0xA853, 0xEB6C,
    0xEB6C, 0xA853, 0x6000, 0x4219, 0xFDFF, 0xFFFF, 0xFFFF, 0x77CE, 0x4219, 0x36BE, 0xFFFF, 0xFFFF, 0xF9DE, 0x4111, 0x8A64, 0xCA6C,
    0xAA6C, 0xAA6C, 0xAA6C, 0xAA6C, 0xEB6C, 0xA219, 0xC008, 0x0111, 0x0009, 0x0009, 0x0009, 0x0009, 0xC008, 0x8000, 0xA853, 0xEB6C,
    0xEB6C, 0xA853, 0x6000, 0x4219, 0xFDFF, 0xFFFF, 0x36C6, 0x6219, 0x77CE, 0xFFFF, 0xFFFF, 0xFFFF, 0xF9DE, 0x4111, 0x8A64, 0xCA6C,
    0xAA6C, 0xAA6C, 0xAA6C, 0xAA6C, 0xCB6C, 0x085C, 0xA000, 0xA000, 0xA000, 0xA000, 0xA000, 0xA000, 0xC008, 0x8000, 0xA853, 0xEB6C,
    0xEB6C, 0xA853, 0x8000, 0x0111, 0xAB6B, 0xCD6B, 0x6000, 0xC429, 0x908C, 0x2E7C, 0xCC73, 0xCC6B, 0x8321, 0xC53A, 0xEB74, 0xAA6C,
    0xAA6C, 0xAA6C, 0xAA6C, 0xAA6C, 0xAA64, 0xEB6C, 0x032A, 0x8000, 0xC008, 0xC008, 0xC008, 0xC008, 0xC008, 0x8000, 0xA853, 0xEB6C,
    0xEB6C, 0xA853, 0x8000, 0x0111, 0xAB6B, 0xCC73, 0x2E7C, 0x9084, 0xC429, 0x6000, 0xCC6B, 0xCC6B, 0x8321, 0xC53A, 0xEB74, 0xAA6C,
    0xAA6C, 0xAA6C, 0xAA6C, 0xAA6C, 0xAA6C, 0xEB6C, 0x474B, 0x8000, 0xC008, 0xC008, 0xC008, 0xC008, 0xC008, 0x8000, 0xA853, 0xEB6C,
    0xEB6C, 0xA853, 0x6000, 0x4219, 0xFEFF, 0xFFFF, 0xFFFF, 0x77CE, 0x6219, 0x36C6, 0xFFFF, 0xFFFF, 0xF9DE, 0x4111, 0x8A64, 0xCA6C,
    0xAA6C, 0xAA6C, 0xAA6C, 0xAA6C, 0xAA6C, 0xCB6C, 0x085C, 0xC008, 0xC008, 0xC008, 0xC008, 0xC008, 0xC008, 0x8000, 0xA853, 0xEB6C,
    0xEB6C, 0xA853, 0x6000, 0x4219, 0xFDFF, 0xFFFF, 0x36C6, 0x6219, 0x77CE, 0xFFFF, 0xFFFF, 0xFFFF, 0xF9DE, 0x4111, 0x8A64, 0xCA6C,
    0xAA6C, 0xAA6C, 0xAA6C, 0xAA6C, 0xAA6C, 0xCA6C, 0x6964, 0x0009, 0xA000, 0xC008, 0xC008, 0xC008, 0xC008, 0x8000, 0xA853, 0xEB6C,
    0xEB6C, 0xA853, 0x8000, 0x0111, 0xAB6B, 0xCD6B, 0x6000, 0xC429, 0x908C, 0x2E7C, 0xCC73, 0xCC6B, 0x8321, 0xC53A, 0xEB6C, 0x8A64,
    0xAA64, 0xAA64, 0xAA64, 0xAA64, 0x8A64, 0xAA6C, 0x6964, 0x0009, 0xA000, 0xC008, 0xC008, 0xC008, 0xC008, 0x8000, 0xA853, 0xEB6C,
    0xEB6C, 0xA853, 0x8000, 0x0111, 0xAB6B, 0xCC73, 0x2E7C, 0x9084, 0xC429, 0x6000, 0xCC6B, 0xCC6B, 0x6321, 0xC53A, 0x4C7D, 0x0B75,
    0x0B75, 0x0B75, 0x0B75, 0x0B75, 0x0B75, 0x0B75, 0xAA6C, 0x0009, 0xA000, 0xC008, 0xC008, 0xC008, 0xC008, 0x8000, 0xA853, 0xEB6C,
    0xEB6C, 0xA853, 0x6000, 0x4219, 0xFEFF, 0xFFFF, 0xFFFF, 0x77CE, 0x6219, 0x36C6, 0xFFFF, 0xFFFF, 0xF9DE, 0x0111, 0x6432, 0x6432,
    0x6432, 0x6432, 0x6432, 0x6432, 0x6432, 0xC53A, 0xA532, 0xE008, 0xC000, 0xC008, 0xC008, 0xC008, 0xC008, 0x8000, 0xA853, 0xEB6C,
    0xEB6C, 0xA853, 0x6000, 0x4219, 0xDDFF, 0xFFFF, 0x16BE, 0x4219, 0x77CE, 0xFFFF, 0xFEFF, 0xFFFF, 0xF9DE, 0x0111, 0x6432, 0x6432,
    0x6432, 0x6432, 0x6432, 0x6432, 0x442A, 0x8000, 0x6000, 0xC008, 0xC008, 0xC008, 0xC008, 0xC008, 0xC008, 0x8000, 0xA853, 0xEB6C,
    0xEB6C, 0xA853, 0x8000, 0x0111, 0x2E7C, 0x4F84, 0x0111, 0x663A, 0xB18C, 0x4E84, 0x4E84, 0xEE7B, 0x8321, 0xC532, 0x4C7D, 0x0B75,
    0x0B75, 0x0B75, 0x0B75, 0x0B75, 0xCA6C, 0x2111, 0xC000, 0xC008, 0xC008, 0xC008, 0xC008, 0xC008, 0xC008, 0x8000, 0xA853, 0xEB6C,
    0xEB6C, 0xA853, 0x8000, 0xC008, 0x4000, 0x4000, 0xA000, 0x8000, 0x2000, 0x2000, 0x6000, 0x2322, 0x874B, 0xEB6C, 0xAA6C, 0xAA6C,
    0xAA6C, 0xAA6C, 0xAA6C, 0xCA6C, 0x6A64, 0x0009, 0xC000, 0xC008, 0xC008, 0xC008, 0xC008, 0xC008, 0xC008, 0x8000, 0xA853, 0xEB6C,
    0xEB6C, 0xA853, 0x8000, 0xC008, 0xE008, 0xE008, 0xC008, 0xC008, 0xE008, 0xC008, 0x0111, 0x8A64, 0xAA6C, 0x4964, 0x6964, 0x6964,
    0x6964, 0x6964, 0x4964, 0x6964, 0x295C, 0xE008, 0xA000, 0xC008, 0xC008, 0xC008, 0xC008, 0xC008, 0xC008, 0x8000, 0xA853, 0xEB6C,
    0xEB6C, 0xA853, 0x8000, 0xC008, 0xC008, 0xC008, 0xC008, 0xC008, 0xA000, 0x0009, 0x0009, 0x2111, 0x4111, 0x4111, 0x4111, 0x4111,
    0x4111, 0x4111, 0x4111, 0x4111, 0x4111, 0x0009, 0x0009, 0xA000, 0xC008, 0xC008, 0xC008, 0xC008, 0xC008, 0x8000, 0xA853, 0xEB6C,
    0xEB6C, 0xA853, 0x8000, 0xC008, 0xC008, 0xC008, 0xC008, 0x8000, 0x6432, 0x8A64, 0x6964, 0x6964, 0x6964, 0x6964, 0x6964, 0x6964,
    0x6964, 0x6964, 0x6964, 0x6964, 0x6964, 0x6964, 0x8A64, 0x6432, 0x8000, 0xC008, 0xC008, 0xC008, 0xC008, 0x8000, 0xA853, 0xEB6C,
    0xEB6C, 0xA853, 0x8000, 0xC008, 0xC008, 0xC008, 0x6000, 0xE321, 0xCA6C, 0xAA6C, 0xAA6C, 0xAA6C, 0xAA6C, 0xAA6C, 0xAA6C, 0xAA6C,
    0xAA6C, 0xAA6C, 0xAA6C, 0xAA6C, 0xAA6C, 0xAA6C, 0xAA6C, 0xCA6C, 0xE321, 0x6000, 0xC008, 0xC008, 0xC008, 0x8000, 0xA853, 0xEB6C,
    0xEB6C, 0xA853, 0x8000, 0xC008, 0xC008, 0xA000, 0xC321, 0xEB6C, 0x0B75, 0xEB6C, 0xEB74, 0xEB74, 0xEB74, 0xEB74, 0xEB74, 0xEB74,
    0xEB74, 0xEB74, 0xEB74, 0xEB74, 0xEB74, 0xEB74, 0xEB6C, 0x0B75, 0xEB6C, 0xC321, 0xA000, 0xC008, 0xC008, 0x8000, 0xA853, 0xEB6C,
    0xEB6C, 0xA853, 0x8000, 0xC008, 0xC008, 0xA000, 0x442A, 0xE53A, 0xA532, 0xC53A, 0xA53A, 0xC53A, 0xC53A, 0xC53A, 0xC53A, 0xC53A,
    0xC53A, 0xC53A, 0xC53A, 0xC53A, 0xC53A, 0xA53A, 0xC53A, 0xA532, 0xE53A, 0x442A, 0xA000, 0xC008, 0xC008, 0x8000, 0xA853, 0xEB6C,
    0xEB6C, 0xA853, 0x8000, 0xC008, 0xC008, 0xC008, 0x8000, 0x6000, 0x8000, 0x8000, 0x8000, 0x8000, 0x8000, 0x8000, 0x8000, 0x8000,
    0x8000, 0x8000, 0x8000, 0x8000, 0x8000, 0x8000, 0x8000, 0x8000, 0x6000, 0x8000, 0xC008, 0xC008, 0xC008, 0x8000, 0xA853, 0xEB6C,
    0xEB6C, 0xA853, 0xA000, 0xC008, 0xC008, 0xC008, 0xE008, 0xE008, 0xE008, 0xE008, 0xE008, 0xE008, 0xE008, 0xE008, 0xE008, 0xE008,
    0xE008, 0xE008, 0xE008, 0xE008, 0xE008, 0xE008, 0xE008, 0xE008, 0xE008, 0xE008, 0xC008, 0xC008, 0xC008, 0xA000, 0xA853, 0xEB6C,
    0xEB6C, 0xA753, 0x6000, 0xA000, 0x8000, 0x8000, 0x8000, 0x8000, 0x8000, 0x8000, 0x8000, 0x8000, 0x8000, 0x8000, 0x8000, 0x8000,
    0x8000, 0x8000, 0x8000, 0x8000, 0x8000, 0x8000, 0x8000, 0x8000, 0x8000, 0x8000, 0x8000, 0x8000, 0xA000, 0x6000, 0xA753, 0xEB6C,
    0xCA6C, 0x6A64, 0xA84B, 0xA853, 0xA853, 0xA853, 0xA853, 0xA853, 0xA853, 0xA853, 0xA853, 0xA853, 0xA853, 0xA853, 0xA853, 0xA853,
    0xA853, 0xA853, 0xA853, 0xA853, 0xA853, 0xA853, 0xA853, 0xA853, 0xA853, 0xA853, 0xA853, 0xA853, 0xA853, 0xA84B, 0x6A64, 0xCA6C,
    0xAA6C, 0xCA6C, 0xEB6C, 0xEB6C, 0xEB6C, 0xEB6C, 0xEB6C, 0xEB6C, 0xEB6C, 0xEB6C, 0xEB6C, 0xEB6C, 0xEB6C, 0xEB6C, 0xEB6C, 0xEB6C,
    0xEB6C, 0xEB6C, 0xEB6C, 0xEB6C, 0xEB6C, 0xEB6C, 0xEB6C, 0xEB6C, 0xEB6C, 0xEB6C, 0xEB6C, 0xEB6C, 0xEB6C, 0xEB6C, 0xCA6C, 0xAA6C
};

const uint16_t icon_autocannon_stratagem_icon_background[] PROGMEM = {
    0xDA55, 0xDA55, 0x1B5E, 0x1B5E, 0x1B5E, 0x1B5E, 0x1B5E, 0x1B5E, 0x1B5E, 0x1B5E, 0x1B5E, 0x1B5E, 0x1B5E, 0x1B5E, 0x1B5E, 0x1B5E,
    0x1B5E, 0x1B5E, 0x1B5E, 0x1B5E, 0x1B5E, 0x1B5E, 0x1B5E, 0x1B5E, 0x1B5E, 0x1B5E, 0x1B5E, 0x1B5E, 0x1B5E, 0x1B5E, 0xDA55, 0xDA55,
    0xFA55, 0x7855, 0x7444, 0x9444, 0x7444, 0x7444, 0x7444, 0x7444, 0x7444, 0x7444, 0x7444, 0x7444, 0x7444, 0x7444, 0x7444, 0x7444,
    0x7444, 0x7444, 0x7444, 0x7444, 0x7444, 0x7444, 0x7444, 0x7444, 0x7444, 0x7444, 0x7444, 0x7444, 0x9444, 0x7444, 0x7855, 0xFA55,
    0x1B5E, 0x743C, 0x0000, 0x6200, 0x6200, 0x6200, 0x6200, 0x6200, 0x6200, 0x6200, 0x6200, 0x6200, 0x6200, 0x6200, 0x6200, 0x6200,
    0x6200, 0x6200, 0x6200, 0x6200, 0x6200, 0x6200, 0x6200, 0x6200, 0x6200, 0x6200, 0x6200, 0x6200, 0x6200, 0x0000, 0x743C, 0x1B5E,
    0x1B5E, 0x7444, 0x6200, 0xC300, 0xA300, 0xA300, 0xA300, 0xA300, 0xA300, 0xA300, 0xA300, 0xA300, 0xA300, 0xA300, 0xA300, 0xA300,
    0xA300, 0xA300, 0xA300, 0xA300, 0xA300, 0xA300, 0xA300, 0xA300, 0xA300, 0xA300, 0xA300, 0xA300, 0xC300, 0x6200, 0x7444, 0x1B5E,
    0x1B5E, 0x7444, 0x6200, 0xA300, 0xA300, 0xA300, 0xA300, 0xA300, 0xA300, 0xA300, 0xA300, 0xA300, 0xA300, 0xA300, 0xA300, 0xA300,
    0xA300, 0xA300, 0xA300, 0xA300, 0xA300, 0xA300, 0xA300, 0xA300, 0xA300, 0xA300, 0xA300, 0xA300, 0xA300, 0x6200, 0x7444, 0x1B5E,
    0x1B5E, 0x7444, 0x6200, 0xA300, 0xA300, 0xA300, 0xA300, 0xA300, 0xA300, 0xA300, 0xA300, 0xA300, 0xA300, 0xA300, 0xA300, 0xA300,
    0xA300, 0xA300, 0xA300, 0xA300, 0xA300, 0xA300, 0xA300, 0xA300, 0xA300, 0xA300, 0xA300, 0xA300, 0xA300, 0x6200, 0x7444, 0x1B5E,
    0x1B5E, 0x7444, 0x6200, 0xA300, 0xA300, 0xA300, 0xA300, 0xA300, 0xA300, 0xA300, 0xA300, 0xA300, 0xA300, 0xA300, 0xA300, 0xA300,
    0xA300, 0xA300, 0xA300, 0xA300, 0xA300, 0xA300, 0xA300, 0xA300, 0xA300, 0xA300, 0xA300, 0xA300, 0xA300, 0x6200, 0x7444, 0x1B5E,
    0x1B5E, 0x7444, 0x6200, 0xA300, 0xA300, 0xA300, 0xA300, 0xA300, 0xA300, 0x8200, 0x8200, 0x8200, 0x8200, 0x8200, 0x8200, 0x8200,
    0x6200, 0x8200, 0xA300, 0x8200, 0x8200, 0x8200, 0xA300, 0xA300, 0xA300, 0xA300, 0xA300, 0xA300, 0xA300, 0x6200, 0x7444, 0x1B5E,
    0x1B5E, 0x7444, 0x6200, 0xA300, 0xA300, 0xA300, 0xA300, 0xA300, 0x8300, 0xE408, 0x0511, 0x0411, 0x0411, 0x0411, 0x0411, 0x0411,
    0x2511, 0x4511, 0x4100, 0xE408, 0x0511, 0x0411, 0x6200, 0x6200, 0xA300, 0xA300, 0xA300, 0xA300, 0xA300, 0x6200, 0x7444, 0x1B5E,
    0x1B5E, 0x7444, 0x6200, 0xA300, 0xA300, 0xA300, 0xA300, 0xC300, 0x0100, 0x0F7C, 0x9DEF, 0x7BEF, 0x9CEF, 0x9CEF, 0x7BEF, 0x7CEF,
    0x7CEF, 0xE731, 0x8A42, 0x5CEF, 0x7CEF, 0x7CEF, 0x17BE, 0x8621, 0x6200, 0xA300, 0xA300, 0xA300, 0xA300, 0x6200, 0x7444, 0x1B5E,
    0x1B5E, 0x7444, 0x6200, 0xA300, 0xA300, 0xA300, 0xA300, 0xC300, 0x0100, 0x7084, 0xFFFF, 0xFDFF, 0xFEFF, 0xFDFF, 0xFEFF, 0xFFFF,
    0x4942, 0x493A, 0xFEFF, 0xFEFF, 0xFEFF, 0xFDFF, 0xFFFF, 0x37BE, 0x6200, 0xA300, 0xA300, 0xA300, 0xA300, 0x6200, 0x7444, 0x1B5E,
    0x1B5E, 0x7444, 0x6200, 0xA300, 0xA300, 0xA300, 0xA300, 0xC300, 0x0100, 0x507C, 0xFFFF, 0xDDFF, 0xFDFF, 0xFEFF, 0xFEFF, 0x283A,
    0x283A, 0xFEFF, 0xFEFF, 0xFDFF, 0xFDFF, 0xFDFF, 0xDDFF, 0x9CF7, 0x0409, 0x8200, 0xA300, 0xA300, 0xA300, 0x6200, 0x7444, 0x1B5E,
    0x1B5E, 0x7444, 0x6200, 0xA300, 0xA300, 0xA300, 0xA300, 0xC300, 0x0100, 0x7084, 0xFFFF, 0xFDFF, 0xFEFF, 0xFEFF, 0x493A, 0x4942,
    0xFFFF, 0xFEFF, 0xFDFF, 0xFEFF, 0xFEFF, 0xFDFF, 0xFFFF, 0x37BE, 0x6200, 0xA300, 0xA300, 0xA300, 0xA300, 0x6200, 0x7444, 0x1B5E,
    0x1B5E, 0x7444, 0x6200, 0xA300, 0xA300, 0xA300, 0xA300, 0xC300, 0x0100, 0x0F7C, 0x9DEF, 0x7BEF, 0x5CEF, 0x8A42, 0xE731, 0x7CEF,
    0x7CEF, 0x7BEF, 0x9CEF, 0x9CEF, 0x7CEF, 0x7CEF, 0x17BE, 0x8621, 0x6200, 0xA300, 0xA300, 0xA300, 0xA300, 0x6200, 0x7444, 0x1B5E,
    0x1B5E, 0x7444, 0x6200, 0xA300, 0xA300, 0xA300, 0xA300, 0xA300, 0x8300, 0xE408, 0x0511, 0x2511, 0xE408, 0x4100, 0x4511, 0x2511,
    0x0411, 0x0411, 0x0411, 0x0411, 0x0411, 0x0411, 0x6200, 0x6200, 0xA300, 0xA300, 0xA300, 0xA300, 0xA300, 0x6200, 0x7444, 0x1B5E,
    0x1B5E, 0x7444, 0x6200, 0xA300, 0xA300, 0xA300, 0xA300, 0xA300, 0xA300, 0x8200, 0x8200, 0x8200, 0x8200, 0xA300, 0x8200, 0x6200,
    0x8200, 0x8200, 0x8200, 0x8200, 0x8200, 0x8200, 0xA300, 0xA300, 0xA300, 0xA300, 0xA300, 0xA300, 0xA300, 0x6200, 0x7444, 0x1B5E,
    0x1B5E, 0x7444, 0x6200, 0xA300, 0xA300, 0xA300, 0xA300, 0xA300, 0xA300, 0xA300, 0xA300, 0xA300, 0xA300, 0xA300, 0xA300, 0xA300,
    0xA300, 0xA300, 0xA300, 0xA300, 0xA300, 0xA300, 0xA300, 0xA300, 0xA300, 0xA300, 0xA300, 0xA300, 0xA300, 0x6200, 0x7444, 0x1B5E,
    0x1B5E, 0x7444, 0x6200, 0xA300, 0xA300, 0xA300, 0xA300, 0xA300, 0x4100, 0x4100, 0x4100, 0x4100, 0x8200, 0xA300, 0xA300, 0xA300,
    0xA300, 0xA300, 0xA300, 0xA300, 0xA300, 0xA300, 0xA300, 0xA300, 0xA300, 0xA300, 0xA300, 0xA300, 0xA300, 0x6200, 0x7444, 0x1B5E,
    0x1B5E, 0x7444, 0x6200, 0xA300, 0x8200, 0x8200, 0x6200, 0xA300, 0x9033, 0xD133, 0xD133, 0xF133, 0x4609, 0x6200, 0x8200, 0x8200,
    0x8200, 0x8200, 0x8200, 0x8200, 0x8200, 0x8200, 0x8200, 0xA300, 0xA300, 0xA300, 0xA300, 0xA300, 0xC300, 0x6200, 0x7444, 0x1B5E,
    0x1B5E, 0x9444, 0x4100, 0xC300, 0x0401, 0xE400, 0xC400, 0x6609, 0xDA55, 0x3C5E, 0x1B5E, 0x7C5E, 0x8B22, 0xA300, 0x0401, 0xE400,
    0xE400, 0xE400, 0xE400, 0xE400, 0xE400, 0xE400, 0xE400, 0x8200, 0x6200, 0x6200, 0x2100, 0x4100, 0x4100, 0x4100, 0x7444, 0x1B5E,
    0x1B5E, 0x9444, 0x4100, 0x533C, 0xB955, 0x784D, 0x784D, 0x7855, 0xB955, 0xB955, 0xB955, 0xBA55, 0x9955, 0x584D, 0x7855, 0x784D,
    0x784D, 0x784D, 0x784D, 0x784D, 0x784D, 0x784D, 0x784D, 0xB544, 0xB544, 0x123C, 0x2A1A, 0x6B1A, 0xAC22, 0x8200, 0x743C, 0x1B5E,
    0x1B5E, 0x743C, 0x6200, 0x174D, 0x1B5E, 0xDA55, 0x3C5E, 0x3B5E, 0x1B5E, 0xDA55, 0xDA55, 0xBA55, 0x1B5E, 0x3C5E, 0xDA55, 0x1B5E,
    0x3C5E, 0x3C5E, 0xFB5D, 0x1B5E, 0x3C5E, 0x3C5E, 0x3B5E, 0xDA55, 0xFA55, 0x374D, 0x4F2B, 0x9033, 0xF133, 0xA300, 0x743C, 0x1B5E,
    0x1B5E, 0x9444, 0x0000, 0xB133, 0x1B5E, 0xDA55, 0x4F2B, 0xC811, 0x9033, 0xDA55, 0xBA55, 0x1B5E, 0x733C, 0xF133, 0x1B5E, 0xF644,
    0xB133, 0xB033, 0x174D, 0xD544, 0xD133, 0x6F2B, 0xE911, 0x2509, 0x0401, 0xE400, 0x2000, 0x2100, 0x4100, 0x4100, 0x7444, 0x1B5E,
    0x1B5E, 0x9444, 0x4100, 0x2509, 0x8711, 0xE811, 0x6200, 0x6100, 0x0000, 0x123C, 0x7D5E, 0x7444, 0x4100, 0x6B1A, 0x784D, 0x2509,
    0x4100, 0x0000, 0x4A1A, 0x4609, 0x0000, 0x4100, 0x4100, 0x8200, 0x8200, 0x8200, 0xA300, 0xA300, 0xC300, 0x6200, 0x7444, 0x1B5E,
    0x1B5E, 0x7444, 0x6200, 0x8200, 0x6200, 0x6200, 0xA300, 0xC300, 0x6200, 0xC811, 0x2A1A, 0x8200, 0x6200, 0x374D, 0xD133, 0x0000,
    0xC300, 0xA300, 0x8200, 0x8200, 0xA300, 0xA300, 0xA300, 0xA300, 0xA300, 0xA300, 0xA300, 0xA300, 0xA300, 0x6200, 0x7444, 0x1B5E,
    0x1B5E, 0x7444, 0x6200, 0xA300, 0xA300, 0xA300, 0xA300, 0xA300, 0xA300, 0x6200, 0x4100, 0xA300, 0x8200, 0xA811, 0x091A, 0x8200,
    0xA300, 0xA300, 0xA300, 0xA300, 0xA300, 0xA300, 0xA300, 0xA300, 0xA300, 0xA300, 0xA300, 0xA300, 0xA300, 0x6200, 0x7444, 0x1B5E,
    0x1B5E, 0x7444, 0x6200, 0xA300, 0xA300, 0xA300, 0xA300, 0xA300, 0xA300, 0xA300, 0xA300, 0xA300, 0xA300, 0x6200, 0x6200, 0xA300,
    0xA300, 0xA300, 0xA300, 0xA300, 0xA300, 0xA300, 0xA300, 0xA300, 0xA300, 0xA300, 0xA300, 0xA300, 0xA300, 0x6200, 0x7444, 0x1B5E,
    0x1B5E, 0x7444, 0x6200, 0xA300, 0xA300, 0xA300, 0xA300, 0xA300, 0xA300, 0xA300, 0xA300, 0xA300, 0xA300, 0xA300, 0xA300, 0xA300,
    0xA300, 0xA300, 0xA300, 0xA300, 0xA300, 0xA300, 0xA300, 0xA300, 0xA300, 0xA300, 0xA300, 0xA300, 0xA300, 0x6200, 0x7444, 0x1B5E,
    0x1B5E, 0x7444, 0x6200, 0xC300, 0xA300, 0xA300, 0xA300, 0xA300, 0xA300, 0xA300, 0xA300, 0xA300, 0xA300, 0xA300, 0xA300, 0xA300,
    0xA300, 0xA300, 0xA300, 0xA300, 0xA300, 0xA300, 0xA300, 0xA300, 0xA300, 0xA300, 0xA300, 0xA300, 0xC300, 0x6200, 0x7444, 0x1B5E,
    0x1B5E, 0x743C, 0x0000, 0x6200, 0x6200, 0x6200, 0x6200, 0x6200, 0x6200, 0x6200, 0x6200, 0x6200, 0x6200, 0x6200, 0x6200, 0x6200,
    0x6200, 0x6200, 0x6200, 0x6200, 0x6200, 0x6200, 0x6200, 0x6200, 0x6200, 0x6200, 0x6200, 0x6200, 0x6200, 0x0000, 0x743C, 0x1B5E,
    0xFA55, 0x7855, 0x7444, 0x9444, 0x7444, 0x7444, 0x7444, 0x7444, 0x7444, 0x7444, 0x7444, 0x7444, 0x7444, 0x7444, 0x7444, 0x7444,
    0x7444, 0x7444, 0x7444, 0x7444, 0x7444, 0x7444, 0x7444, 0x7444, 0x7444, 0x7444, 0x7444, 0x7444, 0x9444, 0x7444, 0x7855, 0xFA55,
    0xDA55, 0xDA55, 0x1B5E, 0x1B5E, 0x1B5E, 0x1B5E, 0x1B5E, 0x1B5E, 0x1B5E, 0x1B5E, 0x1B5E, 0x1B5E, 0x1B5E, 0x1B5E, 0x1B5E, 0x1B5E,
    0x1B5E, 0x1B5E, 0x1B5E, 0x1B5E, 0x1B5E, 0x1B5E, 0x1B5E, 0x1B5E, 0x1B5E, 0x1B5E, 0x1B5E, 0x1B5E, 0x1B5E, 0x1B5E, 0xDA55, 0xDA55
};

const uint16_t icon_ballistic_shield_backpack_stratagem_icon_background[] PROGMEM = {
    0xDA55, 0xDA55, 0x1B5E, 0x1B5E, 0x1B5E, 0x1B5E, 0x1B5E, 0x1B5E, 0x1B5E, 0x1B5E, 0x1B5E, 0x1B5E, 0x1B5E, 0x1B5E, 0x1B5E, 0x1B5E,
    0x1B5E, 0x1B5E, 0x1B5E, 0x1B5E, 0x1B5E, 0x1B5E, 0x1B5E, 0x1B5E, 0x1B5E, 0x1B5E, 0x1B5E, 0x1B5E, 0x1B5E, 0x1B5E, 0xDA55, 0xDA55,
    0xFA55, 0x7855, 0x7444, 0x9444, 0x7444, 0x7444, 0x7444, 0x7444, 0x7444, 0x7444, 0x7444, 0x7444, 0x7444, 0x7444, 0x7444, 0x7444,
    0x7444, 0x7444, 0x7444, 0x7444, 0x7444, 0x7444, 0x7444, 0x7444, 0x7444, 0x7444, 0x7444, 0x7444, 0x9444, 0x7444, 0x7855, 0xFA55,
    0x1B5E, 0x743C, 0x0000, 0x6200, 0x6200, 0x6200, 0x6200, 0x6200, 0x6200, 0x6200, 0x6200, 0x6200, 0x6200, 0x6200, 0x6200, 0x6200,
    0x6200, 0x6200, 0x6200, 0x6200, 0x6200, 0x6200, 0x6200, 0x6200, 0x6200, 0x6200, 0x6200, 0x6200, 0x6200, 0x0000, 0x743C, 0x1B5E,
    0x1B5E, 0x7444, 0x6200, 0xC300, 0xA300, 0xA300, 0xA300, 0xA300, 0xA300, 0xA300, 0xA300, 0xA300, 0xA300, 0xA300, 0xC300, 0xC300,
    0xC300, 0xC300, 0xC300, 0xC300, 0xC300, 0xC300, 0xC300, 0xC300, 0xC300, 0xC300, 0xC300, 0xA300, 0xA300, 0x6200, 0x7444, 0x1B5E,
    0x1B5E, 0x7444, 0x6200, 0xA300, 0xA300, 0xA300, 0xA300, 0xA300, 0xA300, 0xA300, 0xA300, 0xA300, 0xA300, 0x8300, 0x4100, 0x2100,
    0x4100, 0x4100, 0x4100, 0x4100, 0x4100, 0x4100, 0x4100, 0x4100, 0x4100, 0x2100, 0x4100, 0x8300, 0xA300, 0x6200, 0x7444, 0x1B5E,
    0x1B5E, 0x7444, 0x6200, 0xA300, 0xA300, 0xA300, 0xA300, 0xA300, 0xA300, 0xA300, 0xA300, 0xA300, 0x8300, 0xC300, 0x0D2B, 0x4E2B,
    0x2E2B, 0x2E2B, 0x2E2B, 0x2E2B, 0x2E2B, 0x2E2B, 0x2E2B, 0x2E2B, 0x2E2B, 0x4E2B, 0x0D2B, 0xC300, 0xA300, 0x6200, 0x7444, 0x1B5E,
    0x1B5E, 0x7444, 0x6200, 0xA300, 0xA300, 0xA300, 0xA300, 0xA300, 0xA300, 0xA300, 0xA300, 0xA300, 0x8200, 0x0501, 0xFA5D, 0x3C5E,
    0x3B5E, 0x3C5E, 0x3C5E, 0x3C5E, 0x3C5E, 0x3C5E, 0x3C5E, 0x3C5E, 0x3B5E, 0x3C5E, 0xFA5D, 0x0501, 0x8200, 0x6200, 0x7444, 0x1B5E,
    0x1B5E, 0x7444, 0x6200, 0xA300, 0xA300, 0xA300, 0xA300, 0xA300, 0xA300, 0xA300, 0xA300, 0xA300, 0x8300, 0xA300, 0xF644, 0x1B5E,
    0x9955, 0xB955, 0xB955, 0xB955, 0xB955, 0xB955, 0xB955, 0xB955, 0x9955, 0x1B5E, 0xF644, 0xA300, 0xA300, 0x6200, 0x7444, 0x1B5E,
    0x1B5E, 0x7444, 0x6200, 0xA300, 0xA300, 0xA300, 0xA300, 0xA300, 0xA300, 0xA300, 0xA300, 0xA300, 0xA300, 0x8200, 0x0509, 0x374D,
    0x3B5E, 0xDA55, 0xFA55, 0xFA55, 0xFA55, 0xFA55, 0xFA55, 0xDA55, 0x3B5E, 0x374D, 0x0509, 0x8200, 0xA300, 0x6200, 0x7444, 0x1B5E,
    0x1B5E, 0x7444, 0x6200, 0xA300, 0xA300, 0xA300, 0xA300, 0xA300, 0xA300, 0xA300, 0xA300, 0xA300, 0x8200, 0x2509, 0x2E2B, 0x0509,
    0xD544, 0x7855, 0x784D, 0x784D, 0x584D, 0x784D, 0x784D, 0x7855, 0xD644, 0x0509, 0x2E2B, 0x2509, 0x8200, 0x6200, 0x7444, 0x1B5E,
    0x1B5E, 0x7444, 0x6200, 0xA300, 0xA300, 0xA300, 0xA300, 0xA300, 0xA300, 0xC300, 0xA300, 0xA300, 0x8200, 0xE400, 0xDA55, 0xB033,
    0xE400, 0x6609, 0x0509, 0x0509, 0x4609, 0x0509, 0x0509, 0x6609, 0xE408, 0xB033, 0xFA55, 0xE400, 0x8300, 0x6200, 0x7444, 0x1B5E,
    0x1B5E, 0x7444, 0x6200, 0xA300, 0xA300, 0xC300, 0xA300, 0x8200, 0x4100, 0x2100, 0x2100, 0x6200, 0x6200, 0x0509, 0xDA5D, 0x7D66,
    0x784D, 0xDA55, 0x8C22, 0x8B22, 0x5C5E, 0x8B22, 0x8C22, 0xDA55, 0x584D, 0x1B5E, 0x784D, 0xE400, 0x8300, 0x6200, 0x7444, 0x1B5E,
    0x1B5E, 0x7444, 0x6200, 0xA300, 0x2100, 0x2100, 0x6200, 0x2511, 0x493A, 0xCE6B, 0x4C5B, 0xC729, 0xC300, 0x4200, 0x8C12, 0x1234,
    0x7855, 0x7D66, 0xCD22, 0x8B22, 0x7D5E, 0x8B22, 0xCD22, 0x7C5E, 0xDA55, 0xDA55, 0x7855, 0xE400, 0x8300, 0x6200, 0x7444, 0x1B5E,
    0x1B5E, 0x9444, 0x4100, 0xC300, 0x0C5B, 0xD294, 0x37C6, 0x5BEF, 0xFEFF, 0xFFFF, 0xFFFF, 0xDDFF, 0xD9DE, 0x95AD, 0xCF73, 0x2421,
    0xED22, 0x9D66, 0x4E2B, 0xC308, 0x8609, 0xC308, 0x4F2B, 0x3B5E, 0xB955, 0xFA55, 0x7855, 0xE400, 0x8300, 0x6200, 0x7444, 0x1B5E,
    0x1B5E, 0x9444, 0x4100, 0x2511, 0xFDFF, 0xFFFF, 0xFFFF, 0xFFFF, 0xFDFF, 0xFFFF, 0xFEFF, 0xFEFF, 0xFFFF, 0xFFFF, 0xFFFF, 0x2F84,
    0x8C12, 0x5C66, 0x9955, 0x784D, 0x584D, 0x784D, 0xB955, 0xDA55, 0xDA55, 0xFA55, 0x7855, 0xE400, 0x8300, 0x6200, 0x7444, 0x1B5E,
    0x1B5E, 0x9444, 0x4100, 0x2511, 0x5BEF, 0xDEFF, 0xB5B5, 0xEE73, 0x9CF7, 0xCE73, 0x37C6, 0x37C6, 0xAE6B, 0x9CF7, 0xDFFF, 0xCE7B,
    0xAC1A, 0x5C66, 0xBA55, 0xFA55, 0xFA55, 0xFA55, 0xDA55, 0xDA55, 0xDA55, 0xFA55, 0x7855, 0xE400, 0x8300, 0x6200, 0x7444, 0x1B5E,
    0x1B5E, 0x9444, 0x4100, 0x2511, 0x7BEF, 0xFFFF, 0x74AD, 0x4C5B, 0x9CF7, 0x2C5B, 0xF6B5, 0xF6BD, 0x2C5B, 0xBCF7, 0xFFFF, 0xEE7B,
    0xAC1A, 0x5C66, 0xB955, 0xDA55, 0xDA55, 0xDA55, 0xDA55, 0xDA55, 0xDA55, 0xFA55, 0x7855, 0xE400, 0x8300, 0x6200, 0x7444, 0x1B5E,
    0x1B5E, 0x9444, 0x4100, 0x2511, 0x7BEF, 0xFFFF, 0xB18C, 0xC729, 0x7BEF, 0xA729, 0x33A5, 0x54A5, 0xA629, 0x9CF7, 0xFFFF, 0xEE7B,
    0xAC1A, 0x5C66, 0xB955, 0xDA55, 0xDA55, 0xDA55, 0xDA55, 0xDA55, 0xDA55, 0xFA55, 0x7855, 0xE400, 0x8300, 0x6200, 0x7444, 0x1B5E,
    0x1B5E, 0x9444, 0x4100, 0x2511, 0x7BEF, 0xFFFF, 0xEF73, 0x6200, 0x5BE7, 0x4200, 0x918C, 0xB18C, 0x2100, 0x9CEF, 0xFFFF, 0xEE7B,
    0xAC1A, 0x5C66, 0xB955, 0xDA55, 0xDA55, 0xDA55, 0xDA55, 0xDA55, 0xDA55, 0xFA55, 0x7855, 0xE400, 0x8300, 0x6200, 0x7444, 0x1B5E,
    0x1B5E, 0x9444, 0x4100, 0x2511, 0x7BEF, 0xFFFF, 0x2F7C, 0xC300, 0x5BE7, 0xA300, 0xD294, 0xD294, 0x8200, 0x9CEF, 0xFFFF, 0xEE7B,
    0xAC1A, 0x5C66, 0xB955, 0xDA55, 0xDA55, 0xDA55, 0xDA55, 0xDA55, 0xDA55, 0xFA55, 0x7855, 0xE400, 0x8300, 0x6200, 0x7444, 0x1B5E,
    0x1B5E, 0x9444, 0x4100, 0x2511, 0x7BEF, 0xFFFF, 0x0F74, 0xA300, 0x3AE7, 0x8200, 0xB18C, 0xB18C, 0x4200, 0x7BEF, 0xFFFF, 0xEE7B,
    0xAC1A, 0x5C66, 0xB955, 0xDA55, 0xDA55, 0xDA55, 0xDA55, 0xDA55, 0xDA55, 0xDA55, 0x9955, 0x0401, 0x8300, 0x6200, 0x7444, 0x1B5E,
    0x1B5E, 0x9444, 0x4100, 0x2511, 0x5BEF, 0xFFFF, 0x918C, 0x0409, 0x9DF7, 0xE408, 0x339D, 0x33A5, 0xE408, 0xBDF7, 0xFFFF, 0xCE7B,
    0xAC1A, 0x3C5E, 0x9955, 0xB955, 0xB955, 0xB955, 0xB955, 0xB955, 0xB955, 0x1B5E, 0xF644, 0xA300, 0xA300, 0x6200, 0x7444, 0x1B5E,
    0x1B5E, 0x9444, 0x4100, 0x2511, 0xFDFF, 0xFFFF, 0x5BEF, 0x57C6, 0xFFFF, 0x57C6, 0x9CF7, 0x9CF7, 0x57C6, 0xFDFF, 0xFFFF, 0x0F7C,
    0xCD1A, 0xBE66, 0x1B5E, 0x3C5E, 0x3C5E, 0x3C5E, 0x3C5E, 0x3B5E, 0x5C5E, 0x374D, 0x2509, 0x6200, 0xA300, 0x6200, 0x7444, 0x1B5E,
    0x1B5E, 0x7444, 0x6200, 0x8300, 0x8D6B, 0x5BE7, 0xFFFF, 0xFEFF, 0xFDFF, 0xFEFF, 0xFDFF, 0xFDFF, 0xFFFF, 0xFFFF, 0xD6B5, 0x6521,
    0xC811, 0x6F33, 0x2E2B, 0x2E2B, 0x2E2B, 0x2E2B, 0x2E2B, 0x2E2B, 0x4F2B, 0x4609, 0x4100, 0xA300, 0xA300, 0x6200, 0x7444, 0x1B5E,
    0x1B5E, 0x7444, 0x6200, 0xA300, 0x2100, 0x2519, 0xD294, 0xDDFF, 0xFFFF, 0xDDFF, 0xFEFF, 0xFFFF, 0xB9D6, 0xEB52, 0x4100, 0x6200,
    0x6200, 0x2100, 0x4100, 0x4100, 0x4100, 0x4100, 0x4100, 0x4100, 0x2100, 0x8200, 0xA300, 0xA300, 0xA300, 0x6200, 0x7444, 0x1B5E,
    0x1B5E, 0x7444, 0x6200, 0xA300, 0xC300, 0x6200, 0x2100, 0x0832, 0x17BE, 0xFFFF, 0x9CF7, 0x0F7C, 0xC308, 0x2100, 0xA300, 0xA300,
    0xA300, 0xA300, 0xA300, 0xA300, 0xA300, 0xA300, 0xA300, 0xA300, 0xA300, 0xA300, 0xA300, 0xA300, 0xA300, 0x6200, 0x7444, 0x1B5E,
    0x1B5E, 0x7444, 0x6200, 0xA300, 0xA300, 0xA300, 0xC300, 0x4100, 0x6200, 0x0C53, 0xC729, 0x0000, 0x8300, 0xA300, 0xA300, 0xA300,
    0xA300, 0xA300, 0xA300, 0xA300, 0xA300, 0xA300, 0xA300, 0xA300, 0xA300, 0xA300, 0xA300, 0xA300, 0xA300, 0x6200, 0x7444, 0x1B5E,
    0x1B5E, 0x7444, 0x6200, 0xA300, 0xA300, 0xA300, 0xA300, 0xA300, 0xA300, 0x2100, 0x6200, 0xC300, 0xA300, 0xA300, 0xA300, 0xA300,
    0xA300, 0xA300, 0xA300, 0xA300, 0xA300, 0xA300, 0xA300, 0xA300, 0xA300, 0xA300, 0xA300, 0xA300, 0xA300, 0x6200, 0x7444, 0x1B5E,
    0x1B5E, 0x7444, 0x6200, 0xC300, 0xA300, 0xA300, 0xA300, 0xA300, 0xA300, 0xC300, 0xA300, 0xA300, 0xA300, 0xA300, 0xA300, 0xA300,
    0xA300, 0xA300, 0xA300, 0xA300, 0xA300, 0xA300, 0xA300, 0xA300, 0xA300, 0xA300, 0xA300, 0xA300, 0xC300, 0x6200, 0x7444, 0x1B5E,
    0x1B5E, 0x743C, 0x0000, 0x6200, 0x6200, 0x6200, 0x6200, 0x6200, 0x6200, 0x6200, 0x6200, 0x6200, 0x6200, 0x6200, 0x6200, 0x6200,
    0x6200, 0x6200, 0x6200, 0x6200, 0x6200, 0x6200, 0x6200, 0x6200, 0x6200, 0x6200, 0x6200, 0x6200, 0x6200, 0x0000, 0x743C, 0x1B5E,
    0xFA55, 0x7855, 0x7444, 0x9444, 0x7444, 0x7444, 0x7444, 0x7444, 0x7444, 0x7444, 0x7444, 0x7444, 0x7444, 0x7444, 0x7444, 0x7444,
    0x7444, 0x7444, 0x7444, 0x7444, 0x7444, 0x7444, 0x7444, 0x7444, 0x7444, 0x7444, 0x7444, 0x7444, 0x9444, 0x7444, 0x7855, 0xFA55,
    0xDA55, 0xDA55, 0x1B5E, 0x1B5E, 0x1B5E, 0x1B5E, 0x1B5E, 0x1B5E, 0x1B5E, 0x1B5E, 0x1B5E, 0x1B5E, 0x1B5E, 0x1B5E, 0x1B5E, 0x1B5E,
    0x1B5E, 0x1B5E, 0x1B5E, 0x1B5E, 0x1B5E, 0x1B5E, 0x1B5E, 0x1B5E, 0x1B5E, 0x1B5E, 0x1B5E, 0x1B5E, 0x1B5E, 0x1B5E, 0xDA55, 0xDA55
};

const uint16_t icon_bastion_mk_xvi_stratagem_icon_background[] PROGMEM = {
    0xDA55, 0xDA55, 0x1B5E, 0x1B5E, 0x1B5E, 0x1B5E, 0x1B5E, 0x1B5E, 0x1B5E, 0x1B5E, 0x1B5E, 0x1B5E, 0x1B5E, 0x1B5E, 0x1B5E, 0x1B5E,
    0x1B5E, 0x1B5E, 0x1B5E, 0x1B5E, 0x1B5E, 0x1B5E, 0x1B5E, 0x1B5E, 0x1B5E, 0x1B5E, 0x1B5E, 0x1B5E, 0x1B5E, 0x1B5E, 0xDA55, 0xDA55,
    0xFA55, 0x7855, 0x7444, 0x9444, 0x7444, 0x7444, 0x7444, 0x7444, 0x7444, 0x7444, 0x7444, 0x7444, 0x7444, 0x7444, 0x7444, 0x7444,
    0x7444, 0x7444, 0x7444, 0x7444, 0x7444, 0x7444, 0x7444, 0x7444, 0x7444, 0x7444, 0x7444, 0x7444, 0x9444, 0x7444, 0x7855, 0xFA55,
    0x1B5E, 0x743C, 0x0000, 0x6200, 0x6200, 0x6200, 0x6200, 0x6200, 0x6200, 0x6200, 0x6200, 0x6200, 0x6200, 0x6200, 0x6200, 0x6200,
    0x6200, 0x6200, 0x6200, 0x6200, 0x6200, 0x6200, 0x6200, 0x6200, 0x6200, 0x6200, 0x6200, 0x6200, 0x6200, 0x0000, 0x743C, 0x1B5E,
    0x1B5E, 0x7444, 0x6200, 0xC300, 0xA300, 0xA300, 0xA300, 0xA300, 0xA300, 0xA300, 0xA300, 0xA300, 0xA300, 0xA300, 0xA300, 0xA300,
    0xA300, 0xA300, 0xA300, 0xA300, 0xA300, 0xA300, 0xA300, 0xA300, 0xA300, 0xA300, 0xA300, 0xA300, 0xC300, 0x6200, 0x7444, 0x1B5E,
    0x1B5E, 0x7444, 0x6200, 0xA300, 0xA300, 0xA300, 0xA300, 0xA300, 0xA300, 0xA300, 0xA300, 0xA300, 0xA300, 0xA300, 0xA300, 0xA300,
    0xA300, 0xA300, 0xA300, 0xA300, 0xA300, 0xA300, 0xA300, 0xA300, 0xA300, 0xA300, 0xA300, 0xA300, 0xA300, 0x6200, 0x7444, 0x1B5E,
    0x1B5E, 0x7444, 0x6200, 0xA300, 0x8200, 0x8200, 0x8200, 0x8200, 0x8200, 0xA300, 0xC300, 0xA300, 0xA300, 0xA300, 0xA300, 0xA300,
    0xA300, 0xA300, 0xA300, 0xA300, 0xA300, 0xA300, 0xA300, 0xA300, 0xA300, 0xA300, 0xA300, 0xA300, 0xA300, 0x6200, 0x7444, 0x1B5E,
    0x1B5E, 0x7444, 0x4100, 0xE408, 0x0411, 0x0411, 0x0411, 0x0411, 0x0511, 0x6200, 0x0000, 0x0100, 0x8200, 0xA300, 0xA300, 0xA300,
    0xA300, 0xA300, 0xA300, 0xA300, 0xA300, 0xC300, 0xC300, 0xC300, 0xC300, 0xC300, 0xC300, 0xA300, 0xA300, 0x6200, 0x7444, 0x1B5E,
    0x1B5E, 0x9444, 0x0000, 0x139D, 0xBEF7, 0x9CF7, 0xBCF7, 0xBCF7, 0xBDF7, 0x98CE, 0x95AD, 0x918C, 0xE410, 0x8200, 0xA300, 0xA300,
    0xA300, 0xA300, 0xA300, 0x4200, 0x2100, 0x0100, 0x0100, 0x0100, 0x0100, 0x0100, 0x0100, 0x4100, 0xA300, 0x6200, 0x7444, 0x1B5E,
    0x1B5E, 0x9444, 0x0000, 0xF294, 0x9DEF, 0x7BEF, 0x9CEF, 0x7BEF, 0x9CEF, 0x98CE, 0xD6B5, 0xB18C, 0xE410, 0x8200, 0xA300, 0xA300,
    0xA300, 0xA300, 0x8200, 0x693A, 0x4C5B, 0x307C, 0x2F7C, 0x307C, 0x307C, 0x2F7C, 0x307C, 0x8A42, 0x8200, 0x6200, 0x7444, 0x1B5E,
    0x1B5E, 0x7444, 0x4100, 0x4511, 0x8621, 0x8619, 0x8621, 0x8619, 0x8621, 0x4200, 0x0000, 0x0000, 0x6200, 0xA300, 0xA300, 0xA300,
    0xA300, 0xA300, 0x6200, 0xD294, 0x1ADF, 0xFFFF, 0xFFFF, 0xFFFF, 0xFFFF, 0xFFFF, 0xFFFF, 0xBCF7, 0x2511, 0x4100, 0x9444, 0x1B5E,
    0x1B5E, 0x9444, 0x0000, 0xF294, 0x9DEF, 0x7BEF, 0x9CEF, 0x7BEF, 0x9CEF, 0x98CE, 0xB5B5, 0xB18C, 0xE410, 0x8200, 0xA300, 0xA300,
    0xA300, 0xA300, 0x8200, 0x693A, 0x4C5B, 0x307C, 0x2F7C, 0x307C, 0x307C, 0x2F7C, 0x307C, 0x8A42, 0x8200, 0x6200, 0x7444, 0x1B5E,
    0x1B5E, 0x9444, 0x0000, 0x139D, 0xBEF7, 0x9CF7, 0xBCF7, 0xBCF7, 0xBDF7, 0x98CE, 0xB5B5, 0x918C, 0xE410, 0x8200, 0xA300, 0xA300,
    0xA300, 0xA300, 0xA300, 0x4200, 0x2100, 0x0100, 0x0100, 0x0100, 0x0100, 0x0100, 0x0100, 0x4100, 0xA300, 0x6200, 0x7444, 0x1B5E,
    0x1B5E, 0x7444, 0x4100, 0xE408, 0x0411, 0x0411, 0x0411, 0x0411, 0x0511, 0x6200, 0x0000, 0x0100, 0x8200, 0xA300, 0xA300, 0xA300,
    0xA300, 0xA300, 0xA300, 0xA300, 0xA300, 0xC300, 0xC300, 0xC300, 0xC300, 0xC300, 0xC300, 0xA300, 0xA300, 0x6200, 0x7444, 0x1B5E,
    0x1B5E, 0x7444, 0x6200, 0xA300, 0x8200, 0x8200, 0x8200, 0x8200, 0x8200, 0xA300, 0xA300, 0xA300, 0xA300, 0xA300, 0xA300, 0xA300,
    0xA300, 0xA300, 0xA300, 0xA300, 0xA300, 0xA300, 0xA300, 0xA300, 0xA300, 0xA300, 0xA300, 0xA300, 0xA300, 0x6200, 0x7444, 0x1B5E,
    0x1B5E, 0x7444, 0x6200, 0xA300, 0xA300, 0xA300, 0xA300, 0xA300, 0xA300, 0xA300, 0xA300, 0xA300, 0xA300, 0xA300, 0xA300, 0xA300,
    0xA300, 0xA300, 0xA300, 0xA300, 0xA300, 0xA300, 0xA300, 0xA300, 0xA300, 0xA300, 0xA300, 0xA300, 0xA300, 0x6200, 0x7444, 0x1B5E,
    0x1B5E, 0x7444, 0x6200, 0xA300, 0xA300, 0xA300, 0xA300, 0xA300, 0xA300, 0xA300, 0xA300, 0xA300, 0xA300, 0xA300, 0xA300, 0xA300,
    0xA300, 0xA300, 0xA300, 0xA300, 0xA300, 0xA300, 0xA300, 0xA300, 0xA300, 0xA300, 0xA300, 0xA300, 0xA300, 0x6200, 0x7444, 0x1B5E,
    0x1B5E, 0x7444, 0x6200, 0xA300, 0xA300, 0xA300, 0xA300, 0xA300, 0xA300, 0xA300, 0xA300, 0xA300, 0xA300, 0xA300, 0xA300, 0xA300,
    0xA300, 0xA300, 0xA300, 0xA300, 0xA300, 0xA300, 0xA300, 0xA300, 0xA300, 0xA300, 0xA300, 0xA300, 0xA300, 0x6200, 0x7444, 0x1B5E,
    0x1B5E, 0x7444, 0x6200, 0xA300, 0xA300, 0x8200, 0x8200, 0x8200, 0x8200, 0x8200, 0x8200, 0x8200, 0x8200, 0x8300, 0xA300, 0xA300,
    0xA300, 0xA300, 0xA300, 0xA300, 0xA300, 0xA300, 0xA300, 0xA300, 0xA300, 0xA300, 0xA300, 0xA300, 0xA300, 0x6200, 0x7444, 0x1B5E,
    0x1B5E, 0x7444, 0x6200, 0xA300, 0x8200, 0xC400, 0x0401, 0xE400, 0xE400, 0xE400, 0xE400, 0xE400, 0x0401, 0xA300, 0x4100, 0x4100,
    0x4100, 0x4100, 0x4100, 0x6200, 0x8200, 0x8200, 0x8200, 0x8200, 0x8200, 0x6200, 0x6200, 0x8200, 0xA300, 0x6200, 0x7444, 0x1B5E,
    0x1B5E, 0x7444, 0x6200, 0x8200, 0x8711, 0x784D, 0x7855, 0x784D, 0x7855, 0x7855, 0x7855, 0x784D, 0x9955, 0xF644, 0xAC22, 0xE811,
    0xE911, 0xE911, 0xE911, 0x4609, 0x2509, 0x2509, 0x2509, 0x2509, 0x2509, 0x4509, 0x8711, 0x2509, 0xA300, 0x6200, 0x7444, 0x1B5E,
    0x1B5E, 0x7444, 0x6200, 0x6200, 0xE919, 0x3B5E, 0xDA55, 0xFA55, 0xFA55, 0xFA55, 0xFA55, 0xFA55, 0xDA55, 0xFB5D, 0x1B5E, 0x1B5E,
    0x1B5E, 0xFA55, 0xFA55, 0xD544, 0x9444, 0x9444, 0x9444, 0x9444, 0x9444, 0xD544, 0xDA55, 0xB033, 0x6200, 0x6200, 0x7444, 0x1B5E,
    0x1B5E, 0x7444, 0x6200, 0x6200, 0x091A, 0xFB5D, 0xB955, 0xDA55, 0xDA55, 0xDA55, 0xDA55, 0xDA55, 0xDA55, 0xDA55, 0xBA55, 0xDA55,
    0xB955, 0x6B1A, 0xA711, 0x4609, 0x0509, 0x2509, 0x2509, 0x2509, 0x2509, 0xE400, 0xA300, 0x8300, 0xA300, 0x6200, 0x7444, 0x1B5E,
    0x1B5E, 0x7444, 0x6200, 0x6200, 0x7444, 0x1B5E, 0xB955, 0xDA55, 0xDA55, 0xDA55, 0xDA55, 0xDA55, 0xDA55, 0xDA55, 0xDA55, 0xDA55,
    0xDA55, 0x584D, 0x574D, 0x784D, 0x784D, 0x784D, 0x784D, 0x784D, 0x784D, 0x164D, 0x9033, 0xC811, 0xA300, 0x6200, 0x7444, 0x1B5E,
    0x1B5E, 0x7444, 0x6200, 0x6200, 0xD133, 0x3C5E, 0xDA55, 0x1B5E, 0xBA55, 0xDA55, 0xDA55, 0xDA55, 0xDA55, 0xDA55, 0xDA55, 0xDA55,
    0xDA55, 0xFA55, 0xFA55, 0xFA55, 0xFA55, 0xFA55, 0xFA55, 0xFA55, 0xFA55, 0x3B5E, 0x7D66, 0x7855, 0xA300, 0x4100, 0x9444, 0x1B5E,
    0x1B5E, 0x7444, 0x6200, 0xA300, 0x8200, 0xAC22, 0x784D, 0xB544, 0x1B5E, 0xB955, 0xBA55, 0xBA55, 0xBA55, 0xBA55, 0xBA55, 0xBA55,
    0xBA55, 0xBA55, 0xB955, 0xBA55, 0xB955, 0xBA55, 0xB955, 0xDA55, 0xDA55, 0x7444, 0x584D, 0x6B22, 0xA300, 0x6200, 0x7444, 0x1B5E,
    0x1B5E, 0x7444, 0x6200, 0xA300, 0xA300, 0x2100, 0xCC22, 0x091A, 0xD133, 0x3C5E, 0xFA55, 0xFA55, 0xFA55, 0xFA55, 0xFA55, 0xFA55,
    0xFA55, 0xFA55, 0xFA55, 0xFA55, 0xFA55, 0xFA55, 0xFA55, 0xFB5D, 0x8B22, 0xAC22, 0x091A, 0x2100, 0xA300, 0x6200, 0x7444, 0x1B5E,
    0x1B5E, 0x7444, 0x6200, 0xA300, 0xA300, 0xA300, 0x8200, 0x2E2B, 0x6B1A, 0x2E2B, 0x6F2B, 0x4F2B, 0x4F2B, 0x4F2B, 0x4F2B, 0x4F2B,
    0x4F2B, 0x4F2B, 0x4F2B, 0x4F2B, 0x4F2B, 0x4F2B, 0x6F2B, 0xAC22, 0xCC22, 0x8B22, 0x4100, 0xC300, 0xA300, 0x6200, 0x7444, 0x1B5E,
    0x1B5E, 0x7444, 0x6200, 0xA300, 0xA300, 0xA300, 0x8200, 0xC300, 0xCD22, 0x8B22, 0x8B22, 0x8B22, 0x8B22, 0x8B22, 0x8B22, 0x8B22,
    0x8B22, 0x8B22, 0x8B22, 0x8B22, 0x8B22, 0x8B22, 0x8B1A, 0xAC22, 0x4A1A, 0x6100, 0xA300, 0xA300, 0xA300, 0x6200, 0x7444, 0x1B5E,
    0x1B5E, 0x7444, 0x6200, 0xC300, 0xA300, 0xA300, 0xA300, 0xA300, 0x4100, 0x6200, 0x6200, 0x6200, 0x6200, 0x6200, 0x6200, 0x6200,
    0x6200, 0x6200, 0x6200, 0x6200, 0x6200, 0x6200, 0x6200, 0x6200, 0x6200, 0xA300, 0xA300, 0xA300, 0xC300, 0x6200, 0x7444, 0x1B5E,
    0x1B5E, 0x743C, 0x0000, 0x6200, 0x6200, 0x6200, 0x6200, 0x6200, 0x6200, 0x6200, 0x6200, 0x6200, 0x6200, 0x6200, 0x6200, 0x6200,
    0x6200, 0x6200, 0x6200, 0x6200, 0x6200, 0x6200, 0x6200, 0x6200, 0x6200, 0x6200, 0x6200, 0x6200, 0x6200, 0x0000, 0x743C, 0x1B5E,
    0xFA55, 0x7855, 0x7444, 0x9444, 0x7444, 0x7444, 0x7444, 0x7444, 0x7444, 0x7444, 0x7444, 0x7444, 0x7444, 0x7444, 0x7444, 0x7444,
    0x7444, 0x7444, 0x7444, 0x7444, 0x7444, 0x7444, 0x7444, 0x7444, 0x7444, 0x7444, 0x7444, 0x7444, 0x9444, 0x7444, 0x7855, 0xFA55,
    0xDA55, 0xDA55, 0x1B5E, 0x1B5E, 0x1B5E, 0x1B5E, 0x1B5E, 0x1B5E, 0x1B5E, 0x1B5E, 0x1B5E, 0x1B5E, 0x1B5E, 0x1B5E, 0x1B5E, 0x1B5E,
    0x1B5E, 0x1B5E, 0x1B5E, 0x1B5E, 0x1B5E, 0x1B5E, 0x1B5E, 0x1B5E, 0x1B5E, 0x1B5E, 0x1B5E, 0x1B5E, 0x1B5E, 0x1B5E, 0xDA55, 0xDA55
};

const uint16_t icon_belt_fed_grenade_launcher_stratagem_icon_background[] PROGMEM = {
    0xDA55, 0xDA55, 0x1B5E, 0x1B5E, 0x1B5E, 0x1B5E, 0x1B5E, 0x1B5E, 0x1B5E, 0x1B5E, 0x1B5E, 0x1B5E, 0x1B5E, 0x1B5E, 0x1B5E, 0x1B5E,
    0x1B5E, 0x1B5E, 0x1B5E, 0x1B5E, 0x1B5E, 0x1B5E, 0x1B5E, 0x1B5E, 0x1B5E, 0x1B5E, 0x1B5E, 0x1B5E, 0x1B5E, 0x1B5E, 0xDA55, 0xDA55,
    0xFA55, 0x7855, 0x7444, 0x9444, 0x7444, 0x7444, 0x7444, 0x7444, 0x7444, 0x7444, 0x7444, 0x7444, 0x7444, 0x7444, 0x7444, 0x7444,
    0x7444, 0x7444, 0x7444, 0x7444, 0x7444, 0x7444, 0x7444, 0x7444, 0x7444, 0x7444, 0x7444, 0x7444, 0x9444, 0x7444, 0x7855, 0xFA55,
    0x1B5E, 0x743C, 0x0000, 0x6200, 0x6200, 0x6200, 0x6200, 0x6200, 0x6200, 0x6200, 0x6200, 0x6200, 0x6200, 0x6200, 0x6200, 0x6200,
    0x6200, 0x6200, 0x6200, 0x6200, 0x6200, 0x6200, 0x6200, 0x6200, 0x6200, 0x6200, 0x6200, 0x6200, 0x6200, 0x0000, 0x743C, 0x1B5E,
    0x1B5E, 0x7444, 0x6200, 0xC300, 0xA300, 0xA300, 0xA300, 0xA300, 0xA300, 0xA300, 0xC300, 0xC300, 0xC300, 0xC300, 0xC300, 0xA300,
    0xC300, 0xC300, 0xC300, 0xC300, 0xC300, 0xA300, 0xA300, 0xA300, 0xA300, 0xA300, 0xA300, 0xA300, 0xC300, 0x6200, 0x7444, 0x1B5E,
    0x1B5E, 0x7444, 0x6200, 0xA300, 0xA300, 0xA300, 0xA300, 0xA300, 0xA300, 0x8200, 0x2100, 0x2100, 0x2100, 0x2100, 0x2100, 0x8200,
    0x4100, 0x2100, 0x4100, 0x2100, 0x4100, 0xA300, 0xA300, 0xA300, 0xA300, 0xA300, 0xA300, 0xA300, 0xA300, 0x6200, 0x7444, 0x1B5E,
    0x1B5E, 0x7444, 0x6200, 0xA300, 0xA300, 0xA300, 0xA300, 0xA300, 0x6200, 0xC729, 0x34A5, 0x2C5B, 0x6942, 0x8A42, 0x8A42, 0x2511,
    0x493A, 0x8A42, 0x8942, 0x8A42, 0x493A, 0xA300, 0x8200, 0xA300, 0xA300, 0xA300, 0xA300, 0xA300, 0xA300, 0x6200, 0x7444, 0x1B5E,
    0x1B5E, 0x7444, 0x6200, 0xA300, 0xA300, 0xA300, 0xA300, 0xA300, 0x2100, 0xAA42, 0xFFFF, 0xFEFF, 0xFEFF, 0xFEFF, 0xFFFF, 0x0C53,
    0x7BEF, 0xFFFF, 0xFEFF, 0xFEFF, 0xFFFF, 0xD5B5, 0xA300, 0xA300, 0xA300, 0xA300, 0xA300, 0xA300, 0xA300, 0x6200, 0x7444, 0x1B5E,
    0x1B5E, 0x7444, 0x6200, 0xA300, 0xA300, 0xA300, 0xA300, 0xA300, 0x2100, 0x6942, 0xDEFF, 0xDDFF, 0xDDFF, 0xDDFF, 0xDDFF, 0xEB52,
    0xFADE, 0xDDFF, 0xDDFF, 0xDDFF, 0xDDFF, 0xFFFF, 0x693A, 0x4100, 0xA300, 0xA300, 0xA300, 0xA300, 0xA300, 0x6200, 0x7444, 0x1B5E,
    0x1B5E, 0x7444, 0x6200, 0xA300, 0xA300, 0xA300, 0xA300, 0xA300, 0x2100, 0x8A42, 0xFFFF, 0xFEFF, 0xFFFF, 0xFFFF, 0xFFFF, 0x0C53,
    0x7BEF, 0xFFFF, 0xFFFF, 0xFFFF, 0xFFFF, 0xDDFF, 0x8621, 0x6200, 0xA300, 0xA300, 0xA300, 0xA300, 0xA300, 0x6200, 0x7444, 0x1B5E,
    0x1B5E, 0x7444, 0x6200, 0xA300, 0xA300, 0xA300, 0xA300, 0xA300, 0x2100, 0x8A42, 0xFFFF, 0x98CE, 0x17C6, 0x37C6, 0x37C6, 0x693A,
    0x95AD, 0x37C6, 0x37C6, 0x37C6, 0xD6B5, 0xCA4A, 0x4200, 0xA300, 0xA300, 0xA300, 0xA300, 0xA300, 0xA300, 0x6200, 0x7444, 0x1B5E,
    0x1B5E, 0x7444, 0x6200, 0xA300, 0xA300, 0xA300, 0xA300, 0xA300, 0x8300, 0xC308, 0x8621, 0x4100, 0x0000, 0x0000, 0x0000, 0x6200,
    0x0000, 0x0000, 0x0000, 0x0000, 0x0000, 0x2100, 0xA300, 0x8300, 0xA300, 0xA300, 0xA300, 0xA300, 0xA300, 0x6200, 0x7444, 0x1B5E,
    0x1B5E, 0x7444, 0x6200, 0xA300, 0xA300, 0xA300, 0xA300, 0xA300, 0x4200, 0xE729, 0xD7B5, 0xEF73, 0x4C63, 0x6D63, 0x6D63, 0x8621,
    0x0C53, 0x6D63, 0x6D63, 0x6D63, 0x2C5B, 0x0411, 0x6200, 0xA300, 0xA300, 0xA300, 0xA300, 0xA300, 0xA300, 0x6200, 0x7444, 0x1B5E,
    0x1B5E, 0x7444, 0x6200, 0xA300, 0xA300, 0xA300, 0xA300, 0xA300, 0x2100, 0xAA42, 0xFFFF, 0xFFFF, 0xFFFF, 0xFFFF, 0xFFFF, 0x0C5B,
    0x7CEF, 0xFFFF, 0xFFFF, 0xFFFF, 0xFFFF, 0x78CE, 0xC308, 0x8300, 0xA300, 0xA300, 0xA300, 0xA300, 0xA300, 0x6200, 0x7444, 0x1B5E,
    0x1B5E, 0x7444, 0x6200, 0xA300, 0xA300, 0xA300, 0xA300, 0xA300, 0x2100, 0x6942, 0xDEFF, 0xBCF7, 0xDDFF, 0xDCF7, 0xDDFF, 0xEB52,
    0xFADE, 0xDDFF, 0xDCF7, 0xDDFF, 0xBCF7, 0xFFFF, 0x693A, 0x4100, 0xA300, 0xA300, 0xA300, 0xA300, 0xA300, 0x6200, 0x7444, 0x1B5E,
    0x1B5E, 0x7444, 0x6200, 0xA300, 0xA300, 0xA300, 0xA300, 0xA300, 0x2100, 0x8A42, 0xFFFF, 0xFEFF, 0xFFFF, 0xFFFF, 0xFFFF, 0x2C5B,
    0x9CEF, 0xFFFF, 0xFFFF, 0xFFFF, 0xFFFF, 0x7CEF, 0x4519, 0x6200, 0xA300, 0xA300, 0xA300, 0xA300, 0xA300, 0x6200, 0x7444, 0x1B5E,
    0x1B5E, 0x7444, 0x6200, 0xA300, 0xA300, 0xA300, 0xA300, 0xA300, 0x4100, 0x493A, 0x9DEF, 0xD5B5, 0x339D, 0x54A5, 0x54A5, 0x0832,
    0xB18C, 0x54A5, 0x33A5, 0x54A5, 0xF394, 0x0832, 0x4200, 0xA300, 0xA300, 0xA300, 0xA300, 0xA300, 0xA300, 0x6200, 0x7444, 0x1B5E,
    0x1B5E, 0x7444, 0x6200, 0xA300, 0xA300, 0xA300, 0xA300, 0xA300, 0x8300, 0xC300, 0x0511, 0x6200, 0x2100, 0x2100, 0x2100, 0x8200,
    0x4100, 0x2100, 0x2100, 0x2100, 0x2100, 0x6200, 0xA300, 0xA300, 0xA300, 0xA300, 0xA300, 0xA300, 0xA300, 0x6200, 0x7444, 0x1B5E,
    0x1B5E, 0x7444, 0x6200, 0xA300, 0xA300, 0xA300, 0xA300, 0xA300, 0xA300, 0xA300, 0x8200, 0xA300, 0xC300, 0xC300, 0xC300, 0xA300,
    0xA300, 0xA300, 0xA300, 0xA300, 0xC300, 0x8200, 0x6200, 0xA300, 0xA300, 0xA300, 0xA300, 0xA300, 0xA300, 0x6200, 0x7444, 0x1B5E,
    0x1B5E, 0x7444, 0x6200, 0xA300, 0xA300, 0xA300, 0xA300, 0xA300, 0x6200, 0x6200, 0x6200, 0x6200, 0x6200, 0x6200, 0x8300, 0xA300,
    0xA300, 0xA300, 0xA300, 0xC300, 0x2100, 0x0E2B, 0x533C, 0x6200, 0xA300, 0xA300, 0xA300, 0xA300, 0xA300, 0x6200, 0x7444, 0x1B5E,
    0x1B5E, 0x7444, 0x6200, 0xC300, 0xA300, 0x6200, 0x4100, 0xA300, 0x4609, 0x6609, 0x6609, 0x6609, 0x6609, 0x8709, 0xC300, 0x2100,
    0x4100, 0x4100, 0x4100, 0x2100, 0x0509, 0x533C, 0xCD22, 0x8200, 0xA300, 0xA300, 0xA300, 0xA300, 0xA300, 0x6200, 0x7444, 0x1B5E,
    0x1B5E, 0x7444, 0x2100, 0x4100, 0x8300, 0xA711, 0x9033, 0xF64C, 0x9955, 0xDA55, 0xB955, 0xB955, 0xB955, 0xDA55, 0xB544, 0xB033,
    0xD133, 0xD133, 0xD133, 0xB033, 0x374D, 0x533C, 0x0509, 0xA300, 0xA300, 0xA300, 0xA300, 0xA300, 0xC300, 0x6200, 0x7444, 0x1B5E,
    0x1B5E, 0x9444, 0x6611, 0xB033, 0x584D, 0x5C5E, 0x5C5E, 0xFB5D, 0xDA55, 0xDA55, 0xDA55, 0xDA55, 0xDA55, 0xDA55, 0xFB5D, 0x3B5E,
    0x3B5E, 0x3B5E, 0x3B5E, 0x3B5E, 0xDA55, 0x5C5E, 0xB544, 0x6200, 0x8200, 0x8200, 0x8200, 0x8200, 0x6200, 0x0000, 0x743C, 0x3B5E,
    0xDA55, 0xB955, 0xDA55, 0x584D, 0x2E2B, 0x4A1A, 0xAC22, 0xDA55, 0xB955, 0xBA55, 0xBA55, 0xBA55, 0xBA55, 0xBA55, 0xB955, 0xB955,
    0xB955, 0xB955, 0xB955, 0xB955, 0xB955, 0x784D, 0x8C22, 0xA300, 0xE400, 0xE400, 0xE400, 0x0509, 0xE811, 0xA711, 0xD544, 0x1B5E,
    0xB955, 0x1B5E, 0x533C, 0xA811, 0x6709, 0x4509, 0xCC22, 0x5C5E, 0xFA55, 0xFB5D, 0xFB5D, 0xFB5D, 0xFB5D, 0xFB5D, 0xFB5D, 0xFB5D,
    0x1B5E, 0x3B5E, 0x1B5E, 0x1B5E, 0x1B5E, 0x3B5E, 0xB955, 0xB955, 0xB955, 0xB955, 0xB955, 0xDA55, 0x7C5E, 0x7D5E, 0xFB5D, 0xDA55,
    0xFA55, 0x374D, 0xED22, 0x0E2B, 0x2E2B, 0x2E2B, 0x0E2B, 0xD133, 0x174D, 0xF64C, 0x164D, 0x164D, 0x164D, 0x164D, 0x164D, 0xF644,
    0xF233, 0xD133, 0x333C, 0x9444, 0x333C, 0x4F2B, 0x6B1A, 0xE919, 0x091A, 0x091A, 0x091A, 0x4A1A, 0x2E2B, 0x0E2B, 0x174D, 0xFB5D,
    0x3B5E, 0x733C, 0x0000, 0x4100, 0x4100, 0x4100, 0x2100, 0x4100, 0xA300, 0xA300, 0xA300, 0xA300, 0xA300, 0xA300, 0xA300, 0xA300,
    0x4100, 0x4100, 0x6200, 0x6200, 0x6200, 0x2100, 0x4100, 0x4100, 0x4100, 0x4100, 0x4100, 0x4100, 0x4100, 0x0000, 0x733C, 0x3B5E,
    0x1B5E, 0x9444, 0x6200, 0xC300, 0xA300, 0xA300, 0xA300, 0xA300, 0x8300, 0x8300, 0x8300, 0x8300, 0x8300, 0x8300, 0x8300, 0x8300,
    0xA300, 0xA300, 0xA300, 0xA300, 0xA300, 0xA300, 0xA300, 0xA300, 0xA300, 0xA300, 0xA300, 0xA300, 0xC300, 0x6200, 0x9444, 0x1B5E,
    0x1B5E, 0x7444, 0x6200, 0xA300, 0xA300, 0xA300, 0xA300, 0xA300, 0xA300, 0xA300, 0xA300, 0xA300, 0xA300, 0xA300, 0xA300, 0xA300,
    0xA300, 0xA300, 0xA300, 0xA300, 0xA300, 0xA300, 0xA300, 0xA300, 0xA300, 0xA300, 0xA300, 0xA300, 0xA300, 0x6200, 0x7444, 0x1B5E,
    0x1B5E, 0x7444, 0x6200, 0xC300, 0xA300, 0xA300, 0xA300, 0xA300, 0xA300, 0xA300, 0xA300, 0xA300, 0xA300, 0xA300, 0xA300, 0xA300,
    0xA300, 0xA300, 0xA300, 0xA300, 0xA300, 0xA300, 0xA300, 0xA300, 0xA300, 0xA300, 0xA300, 0xA300, 0xC300, 0x6200, 0x7444, 0x1B5E,
    0x1B5E, 0x743C, 0x0000, 0x6200, 0x6200, 0x6200, 0x6200, 0x6200, 0x6200, 0x6200, 0x6200, 0x6200, 0x6200, 0x6200, 0x6200, 0x6200,
    0x6200, 0x6200, 0x6200, 0x6200, 0x6200, 0x6200, 0x6200, 0x6200, 0x6200, 0x6200, 0x6200, 0x6200, 0x6200, 0x0000, 0x743C, 0x1B5E,
    0xFA55, 0x7855, 0x7444, 0x9444, 0x7444, 0x7444, 0x7444, 0x7444, 0x7444, 0x7444, 0x7444, 0x7444, 0x7444, 0x7444, 0x7444, 0x7444,
    0x7444, 0x7444, 0x7444, 0x7444, 0x7444, 0x7444, 0x7444, 0x7444, 0x7444, 0x7444, 0x7444, 0x7444, 0x9444, 0x7444, 0x7855, 0xFA55,
    0xDA55, 0xDA55, 0x1B5E, 0x1B5E, 0x1B5E, 0x1B5E, 0x1B5E, 0x1B5E, 0x1B5E, 0x1B5E, 0x1B5E, 0x1B5E, 0x1B5E, 0x1B5E, 0x1B5E, 0x1B5E,
    0x1B5E, 0x1B5E, 0x1B5E, 0x1B5E, 0x1B5E, 0x1B5E, 0x1B5E, 0x1B5E, 0x1B5E, 0x1B5E, 0x1B5E, 0x1B5E, 0x1B5E, 0x1B5E, 0xDA55, 0xDA55
};

const uint16_t icon_breaching_hammer_stratagem_icon_background[] PROGMEM = {
    0xDA55, 0xDA55, 0x1B5E, 0x1B5E, 0x1B5E, 0x1B5E, 0x1B5E, 0x1B5E, 0x1B5E, 0x1B5E, 0x1B5E, 0x1B5E, 0x1B5E, 0x1B5E, 0x1B5E, 0x1B5E,
    0x1B5E, 0x1B5E, 0x1B5E, 0x1B5E, 0x1B5E, 0x1B5E, 0x1B5E, 0x1B5E, 0x1B5E, 0x1B5E, 0x1B5E, 0x1B5E, 0x1B5E, 0x1B5E, 0xDA55, 0xDA55,
    0xFA55, 0x7855, 0x7444, 0x9444, 0x7444, 0x7444, 0x7444, 0x7444, 0x7444, 0x7444, 0x7444, 0x7444, 0x7444, 0x7444, 0x7444, 0x7444,
    0x7444, 0x7444, 0x7444, 0x7444, 0x7444, 0x7444, 0x7444, 0x7444, 0x7444, 0x7444, 0x7444, 0x7444, 0x9444, 0x7444, 0x7855, 0xFA55,
    0x1B5E, 0x743C, 0x0000, 0x6200, 0x6200, 0x6200, 0x6200, 0x6200, 0x6200, 0x6200, 0x6200, 0x6200, 0x6200, 0x6200, 0x6200, 0x6200,
    0x6200, 0x6200, 0x6200, 0x6200, 0x6200, 0x6200, 0x6200, 0x6200, 0x6200, 0x6200, 0x6200, 0x6200, 0x6200, 0x0000, 0x743C, 0x1B5E,
    0x1B5E, 0x7444, 0x6200, 0xC300, 0xA300, 0xA300, 0xA300, 0xA300, 0xA300, 0xA300, 0xA300, 0xA300, 0xA300, 0xA300, 0xA300, 0xA300,
    0xA300, 0xA300, 0xA300, 0xA300, 0xA300, 0xA300, 0xA300, 0xA300, 0xA300, 0xA300, 0xA300, 0xA300, 0xA300, 0x6200, 0x7444, 0x1B5E,
    0x1B5E, 0x7444, 0x6200, 0xA300, 0xA300, 0xA300, 0xA300, 0xA300, 0xA300, 0xA300, 0xA300, 0xA300, 0xA300, 0xA300, 0xA300, 0xA300,
    0xA300, 0xA300, 0xA300, 0x8200, 0x8200, 0xA300, 0xA300, 0xA300, 0xA300, 0xA300, 0x6200, 0x8300, 0xA300, 0x6200, 0x7444, 0x1B5E,
    0x1B5E, 0x7444, 0x6200, 0xA300, 0xA300, 0xA300, 0xA300, 0xA300, 0xA300, 0xA300, 0xA300, 0xA300, 0xA300, 0xA300, 0xA300, 0xA300,
    0xA300, 0xA300, 0x4200, 0xEB52, 0x8619, 0x4100, 0xC300, 0x8300, 0xC300, 0x0100, 0x6942, 0x0832, 0x6200, 0x6200, 0x7444, 0x1B5E,
    0x1B5E, 0x7444, 0x6200, 0xA300, 0xA300, 0xA300, 0xA300, 0xA300, 0xA300, 0xA300, 0xA300, 0xA300, 0xA300, 0xA300, 0xA300, 0xA300,
    0xA300, 0xA300, 0x2100, 0xCA4A, 0xF9DE, 0xE410, 0x4100, 0xC300, 0x0100, 0x6942, 0x1ADF, 0x2511, 0x8200, 0x6200, 0x7444, 0x1B5E,
    0x1B5E, 0x7444, 0x6200, 0xA300, 0xA300, 0xA300, 0xA300, 0xA300, 0xA300, 0xA300, 0xA300, 0xA300, 0xA300, 0xA300, 0xA300, 0xA300,
    0xA300, 0xA300, 0xA300, 0x4100, 0x98CE, 0xDAD6, 0x6621, 0x0100, 0x283A, 0xFEFF, 0x7084, 0x0100, 0xC300, 0x6200, 0x7444, 0x1B5E,
    0x1B5E, 0x7444, 0x6200, 0xA300, 0xA300, 0xA300, 0xA300, 0x6200, 0xE729, 0xE729, 0x6200, 0xA300, 0xA300, 0xA300, 0xA300, 0xA300,
    0xA300, 0xA300, 0xA300, 0x4200, 0x8621, 0xBEF7, 0xEB52, 0xA629, 0xFEFF, 0x78CE, 0x8200, 0x8300, 0xA300, 0x6200, 0x7444, 0x1B5E,
    0x1B5E, 0x7444, 0x6200, 0xA300, 0xA300, 0x8200, 0xA300, 0x0100, 0xAE6B, 0xAE6B, 0x0100, 0xA300, 0x8200, 0xA300, 0xA300, 0xA300,
    0xA300, 0xA300, 0xA300, 0xA300, 0x8200, 0xE310, 0x2832, 0xBEF7, 0xFADE, 0xE410, 0x6200, 0xC300, 0xA300, 0x6200, 0x7444, 0x1B5E,
    0x1B5E, 0x7444, 0x6200, 0xA300, 0x8300, 0x0409, 0xE408, 0x0000, 0x33A5, 0x33A5, 0x0000, 0xE408, 0x0409, 0xA300, 0xA300, 0xA300,
    0xA300, 0xA300, 0x6200, 0x6200, 0x8200, 0xE731, 0xBEF7, 0xDAD6, 0x4511, 0xC308, 0xA300, 0x4100, 0x8300, 0x6200, 0x7444, 0x1B5E,
    0x1B5E, 0x7444, 0x6200, 0xC300, 0x0000, 0x2832, 0xD6B5, 0x6100, 0x77C6, 0x77C6, 0x6100, 0xD6B5, 0x2832, 0x0000, 0xC300, 0xA300,
    0xA300, 0x6200, 0xC729, 0x2832, 0xA308, 0xFEFF, 0x1BDF, 0xC310, 0x139D, 0x98CE, 0x0100, 0xCA4A, 0x2511, 0x4100, 0x9444, 0x1B5E,
    0x1B5E, 0x9444, 0x0000, 0xC300, 0xEB52, 0x8621, 0xFFFF, 0x16BE, 0x5BE7, 0x5BE7, 0xF6BD, 0xFFFF, 0x8621, 0xEB52, 0xC300, 0x4200,
    0xA300, 0x4200, 0x74AD, 0xBEF7, 0x2832, 0xEB52, 0xC729, 0x2100, 0x4C5B, 0x2832, 0x8D63, 0xFFFF, 0x8D63, 0x0000, 0x9444, 0x1B5E,
    0x3B5E, 0x743C, 0x4519, 0x0832, 0x1AE7, 0x95AD, 0x7BEF, 0xFEFF, 0xFDFF, 0xFDFF, 0xFEFF, 0x7BEF, 0x94AD, 0x1AE7, 0x0832, 0x8619,
    0xA300, 0x0000, 0x0B53, 0xFFFF, 0xDDFF, 0x283A, 0x4100, 0xC300, 0x0100, 0xAE6B, 0xFFFF, 0x7CEF, 0x8621, 0x0000, 0x9444, 0x1B5E,
    0x3B5E, 0x533C, 0xC731, 0x7CEF, 0xFFFF, 0xFFFF, 0xFFFF, 0xFEFF, 0xFFFF, 0xFFFF, 0xFEFF, 0xFFFF, 0xFFFF, 0xFFFF, 0x7CEF, 0x283A,
    0x2100, 0x6942, 0x9DF7, 0xB9D6, 0xFADE, 0xD5B5, 0x4200, 0x8300, 0x0411, 0x5BEF, 0x37C6, 0x9CEF, 0x99CE, 0x2419, 0x743C, 0x3B5E,
    0x1B5E, 0x9444, 0x0000, 0x483A, 0xF7BD, 0xF6BD, 0x16BE, 0x16BE, 0x16BE, 0x16BE, 0x16BE, 0x16BE, 0xF6BD, 0xF7BD, 0x483A, 0x2100,
    0x6200, 0x16BE, 0x3BE7, 0x0411, 0x0411, 0x0409, 0x8200, 0xA300, 0x6200, 0x4519, 0x8200, 0x8942, 0xFFFF, 0xCE73, 0x1234, 0x3C5E,
    0x1B5E, 0x7444, 0x6200, 0x6200, 0x4100, 0x4200, 0x4100, 0x4100, 0x4100, 0x4100, 0x4100, 0x4100, 0x4200, 0x4100, 0x6200, 0xA300,
    0x6200, 0x4511, 0x6519, 0x4200, 0x8200, 0x8200, 0xA300, 0xA300, 0xA300, 0x8200, 0xA300, 0x4200, 0xC729, 0x8200, 0x743C, 0x1B5E,
    0x1B5E, 0x7444, 0x6200, 0xC300, 0xA300, 0xA300, 0xA300, 0xA300, 0xA300, 0xA300, 0xA300, 0xA300, 0xA300, 0xA300, 0xA300, 0xA300,
    0xA300, 0x8200, 0x6200, 0xA300, 0xA300, 0xA300, 0xA300, 0x8200, 0x6200, 0x6200, 0x8200, 0xA300, 0x6200, 0x4100, 0x7444, 0x1B5E,
    0x1B5E, 0x7444, 0x6200, 0xA300, 0xA300, 0xA300, 0xA300, 0xA300, 0xA300, 0xA300, 0xA300, 0xA300, 0xA300, 0xA300, 0xA300, 0xA300,
    0xA300, 0xA300, 0xA300, 0xA300, 0xA300, 0xA300, 0x4100, 0x6B1A, 0xB544, 0xB544, 0x091A, 0x6200, 0xC300, 0x6200, 0x7444, 0x1B5E,
    0x1B5E, 0x7444, 0x6200, 0xA300, 0xA300, 0xA300, 0xA300, 0xA300, 0xA300, 0xA300, 0xA300, 0xA300, 0xA300, 0xA300, 0xA300, 0xA300,
    0xA300, 0xA300, 0xA300, 0xA300, 0xA300, 0xC300, 0x4100, 0x4F2B, 0x7C5E, 0x5C5E, 0xAC22, 0x4100, 0xC300, 0x6200, 0x7444, 0x1B5E,
    0x1B5E, 0x7444, 0x6200, 0xA300, 0x8200, 0x4100, 0x4100, 0x4100, 0x4100, 0x4100, 0x6200, 0x6200, 0x6200, 0x6200, 0x6200, 0x6200,
    0x6200, 0x6200, 0x6200, 0x6200, 0x6200, 0x8200, 0x0000, 0x0E2B, 0x1B5E, 0xFB5D, 0x8B22, 0x4100, 0xC300, 0x6200, 0x7444, 0x1B5E,
    0x1B5E, 0x7444, 0x6200, 0x8300, 0x0509, 0xE911, 0xC811, 0xC811, 0xC811, 0xE811, 0x8711, 0x4609, 0x4609, 0x4609, 0x4609, 0x4609,
    0x4609, 0x4609, 0x4609, 0x4609, 0x4609, 0x6609, 0x9033, 0x374D, 0xDA55, 0x1B5E, 0x8B22, 0x4100, 0xC300, 0x6200, 0x7444, 0x1B5E,
    0x1B5E, 0x7444, 0x6200, 0x4100, 0xCC22, 0xDE66, 0x5C5E, 0x7D5E, 0x7D5E, 0x7D5E, 0x3C5E, 0x1B5E, 0x1B5E, 0x1B5E, 0x1B5E, 0x1B5E,
    0x1B5E, 0x1B5E, 0x1B5E, 0x1B5E, 0x1B5E, 0x1B5E, 0x7C5E, 0x1B5E, 0xB955, 0x1B5E, 0x8B22, 0x4100, 0xC300, 0x6200, 0x7444, 0x1B5E,
    0x1B5E, 0x7444, 0x6200, 0x8200, 0x8711, 0x4F2B, 0x2E2B, 0x2E2B, 0x2E2B, 0x2E2B, 0xCD22, 0x8C22, 0xAC22, 0xAC22, 0xAC22, 0xAC22,
    0xAC22, 0xAC22, 0xAC22, 0xAC22, 0xAC22, 0xAC22, 0x533C, 0x784D, 0xBA55, 0x1B5E, 0x8B22, 0x4100, 0xC300, 0x6200, 0x7444, 0x1B5E,
    0x1B5E, 0x7444, 0x6200, 0xA300, 0x6200, 0x2100, 0x4100, 0x4100, 0x4100, 0x2100, 0x4100, 0x4100, 0x4100, 0x4100, 0x4100, 0x4100,
    0x4100, 0x4100, 0x4100, 0x4100, 0x4100, 0x4100, 0x2000, 0x4F2B, 0x3C5E, 0x3C5E, 0xAC22, 0x4100, 0xC300, 0x6200, 0x7444, 0x1B5E,
    0x1B5E, 0x7444, 0x6200, 0xA300, 0xA300, 0xA300, 0xA300, 0xA300, 0xA300, 0xA300, 0xA300, 0xA300, 0xA300, 0xA300, 0xA300, 0xA300,
    0xA300, 0xA300, 0xA300, 0xA300, 0xA300, 0xC300, 0x4100, 0xCC22, 0x6F33, 0x9033, 0x6A1A, 0x4100, 0xC300, 0x6200, 0x7444, 0x1B5E,
    0x1B5E, 0x7444, 0x6200, 0xA300, 0xA300, 0xA300, 0xA300, 0xA300, 0xA300, 0xA300, 0xA300, 0xA300, 0xA300, 0xA300, 0xA300, 0xA300,
    0xA300, 0xA300, 0xA300, 0xA300, 0xA300, 0xA300, 0x8200, 0x8711, 0xAC22, 0xAC22, 0x4609, 0x8200, 0xA300, 0x6200, 0x7444, 0x1B5E,
    0x1B5E, 0x7444, 0x6200, 0xA300, 0xA300, 0xA300, 0xA300, 0xA300, 0xA300, 0xA300, 0xA300, 0xA300, 0xA300, 0xA300, 0xA300, 0xA300,
    0xA300, 0xA300, 0xA300, 0xA300, 0xA300, 0xA300, 0x8300, 0xC300, 0x0509, 0x0509, 0xC300, 0x8300, 0xA300, 0x6200, 0x7444, 0x1B5E,
    0x1B5E, 0x7444, 0x6200, 0xC300, 0xA300, 0xA300, 0xA300, 0xA300, 0xA300, 0xA300, 0xA300, 0xA300, 0xA300, 0xA300, 0xA300, 0xA300,
    0xA300, 0xA300, 0xA300, 0xA300, 0xA300, 0xA300, 0xA300, 0xA300, 0x8200, 0x8200, 0xA300, 0xA300, 0xC300, 0x6200, 0x7444, 0x1B5E,
    0x1B5E, 0x743C, 0x0000, 0x6200, 0x6200, 0x6200, 0x6200, 0x6200, 0x6200, 0x6200, 0x6200, 0x6200, 0x6200, 0x6200, 0x6200, 0x6200,
    0x6200, 0x6200, 0x6200, 0x6200, 0x6200, 0x6200, 0x6200, 0x6200, 0x6200, 0x6200, 0x6200, 0x6200, 0x6200, 0x0000, 0x743C, 0x1B5E,
    0xFA55, 0x7855, 0x7444, 0x9444, 0x7444, 0x7444, 0x7444, 0x7444, 0x7444, 0x7444, 0x7444, 0x7444, 0x7444, 0x7444, 0x7444, 0x7444,
    0x7444, 0x7444, 0x7444, 0x7444, 0x7444, 0x7444, 0x7444, 0x7444, 0x7444, 0x7444, 0x7444, 0x7444, 0x9444, 0x7444, 0x7855, 0xFA55,
    0xDA55, 0xDA55, 0x1B5E, 0x1B5E, 0x1B5E, 0x1B5E, 0x1B5E, 0x1B5E, 0x1B5E, 0x1B5E, 0x1B5E, 0x1B5E, 0x1B5E, 0x1B5E, 0x1B5E, 0x1B5E,
    0x1B5E, 0x1B5E, 0x1B5E, 0x1B5E, 0x1B5E, 0x1B5E, 0x1B5E, 0x1B5E, 0x1B5E, 0x1B5E, 0x1B5E, 0x1B5E, 0x1B5E, 0x1B5E, 0xDA55, 0xDA55
};

const uint16_t icon_breakthrough_exosuit_stratagem_icon_background[] PROGMEM = {
    0xDA55, 0xDA55, 0x1B5E, 0x1B5E, 0x1B5E, 0x1B5E, 0x1B5E, 0x1B5E, 0x1B5E, 0x1B5E, 0x1B5E, 0x1B5E, 0x1B5E, 0x1B5E, 0x1B5E, 0x1B5E,
    0x1B5E, 0x1B5E, 0x1B5E, 0x1B5E, 0x1B5E, 0x1B5E, 0x1B5E, 0x1B5E, 0x1B5E, 0x1B5E, 0x1B5E, 0x1B5E, 0x1B5E, 0x1B5E, 0xDA55, 0xDA55,
    0xFA55, 0x7855, 0x7444, 0x9444, 0x7444, 0x7444, 0x7444, 0x7444, 0x7444, 0x7444, 0x7444, 0x7444, 0x7444, 0x7444, 0x7444, 0x7444,
    0x7444, 0x7444, 0x7444, 0x7444, 0x9444, 0x9444, 0x9444, 0x9444, 0x9444, 0x9444, 0x9444, 0x9444, 0x9444, 0x7444, 0x7855, 0xFA55,
    0x1B5E, 0x743C, 0x0000, 0x6200, 0x6200, 0x6200, 0x6200, 0x6200, 0x6200, 0x6200, 0x6200, 0x6200, 0x6200, 0x6200, 0x6200, 0x6200,
    0x6200, 0x6200, 0x6200, 0x6200, 0x4100, 0x0000, 0x0000, 0x0000, 0x0000, 0x0000, 0x0000, 0x4100, 0x6200, 0x0000, 0x743C, 0x1B5E,
    0x1B5E, 0x7444, 0x6200, 0xC300, 0xA300, 0xA300, 0xA300, 0xA300, 0xA300, 0xA300, 0xA300, 0xA300, 0xA300, 0xA300, 0xA300, 0xA300,
    0xA300, 0xA300, 0xA300, 0xA300, 0x0409, 0x0832, 0x2C5B, 0xB18C, 0xB28C, 0x4D5B, 0x2932, 0x0409, 0xA300, 0x6200, 0x7444, 0x1B5E,
    0x1B5E, 0x7444, 0x6200, 0x8200, 0x6200, 0x6200, 0x6200, 0x6200, 0x6200, 0xA300, 0xA300, 0xA300, 0xA300, 0xA300, 0xA300, 0xA300,
    0xA300, 0xA300, 0xC300, 0x0100, 0x2F7C, 0xFFFF, 0xFEFF, 0xFFFF, 0xFFFF, 0xFFFF, 0xFFFF, 0x2F7C, 0x2100, 0x8200, 0x7444, 0x1B5E,
    0x1B5E, 0x9444, 0x4100, 0x4511, 0xC729, 0xA721, 0xC729, 0x6619, 0x6619, 0xA300, 0x8300, 0xA300, 0xA300, 0xA300, 0xA300, 0xA300,
    0xA300, 0xA300, 0xC300, 0x0100, 0x7084, 0xFFFF, 0xDCFF, 0xDDFF, 0xDDFF, 0xDCFF, 0xFFFF, 0x5084, 0x2100, 0x8200, 0x7444, 0x1B5E,
    0x1B5E, 0x9444, 0x0000, 0x507C, 0xFFFF, 0xBCF7, 0xDEFF, 0x74A5, 0x2C5B, 0x0832, 0xA300, 0xA300, 0xA300, 0xA300, 0xA300, 0xA300,
    0xA300, 0xA300, 0xC300, 0x0100, 0x5084, 0xFFFF, 0xDDFF, 0xFDFF, 0xFDFF, 0xDDFF, 0xFFFF, 0x5084, 0x2100, 0x8200, 0x7444, 0x1B5E,
    0x1B5E, 0x9444, 0x0000, 0x7084, 0xFFFF, 0xFDFF, 0xFFFF, 0x94AD, 0x283A, 0x8D63, 0x0411, 0x8200, 0xA300, 0xA300, 0xA300, 0xA300,
    0xA300, 0xA300, 0xC300, 0x0100, 0x507C, 0xFFFF, 0xDDFF, 0xFDFF, 0xFDFF, 0xDDFF, 0xFFFF, 0x507C, 0x2100, 0x8200, 0x7444, 0x1B5E,
    0x1B5E, 0x9444, 0x0000, 0x0F7C, 0x7DEF, 0x5BE7, 0x7DEF, 0x339D, 0x2C5B, 0xA721, 0x8300, 0xA300, 0xA300, 0xA300, 0xA300, 0xA300,
    0xA300, 0xA300, 0xC300, 0x0100, 0x918C, 0xFFFF, 0xDCFF, 0xFDFF, 0xFDFF, 0xDCFF, 0xFFFF, 0x918C, 0x0100, 0x8200, 0x7444, 0x1B5E,
    0x1B5E, 0x7444, 0x4100, 0xE408, 0x0511, 0x0411, 0x0411, 0xE408, 0x0411, 0x8300, 0xA300, 0xA300, 0xA300, 0xA300, 0xA300, 0xA300,
    0xA300, 0xA300, 0xA300, 0x4100, 0xEB52, 0xBEF7, 0xFFFF, 0xFDFF, 0xFDFF, 0xFFFF, 0xBEF7, 0x0B53, 0x4200, 0x6200, 0x7444, 0x1B5E,
    0x1B5E, 0x7444, 0x6200, 0xA300, 0x8200, 0x8200, 0x8200, 0x8200, 0x8200, 0xA300, 0xA300, 0xA300, 0xA300, 0xA300, 0xA300, 0xA300,
    0xA300, 0xA300, 0xA300, 0xA300, 0x4200, 0xA629, 0xB5AD, 0xFFFF, 0xFFFF, 0xB6B5, 0xA729, 0x4200, 0xC300, 0x6200, 0x7444, 0x1B5E,
    0x1B5E, 0x7444, 0x6200, 0xA300, 0xA300, 0xA300, 0xA300, 0xA300, 0xA300, 0xA300, 0xA300, 0xA300, 0xA300, 0xA300, 0x8300, 0x8200,
    0x8200, 0x8300, 0xA300, 0xA300, 0xA300, 0x6200, 0x2100, 0x2C5B, 0x4C5B, 0x4100, 0x4200, 0xA300, 0xA300, 0x6200, 0x7444, 0x1B5E,
    0x1B5E, 0x7444, 0x6200, 0xA300, 0xA300, 0xA300, 0xA300, 0xA300, 0xA300, 0xA300, 0xA300, 0x8300, 0x8200, 0x6200, 0xA300, 0xE400,
    0xE400, 0xA300, 0x6200, 0x8200, 0x8300, 0xA300, 0xA300, 0x2100, 0x2100, 0xA300, 0xA300, 0xA300, 0xA300, 0x6200, 0x7444, 0x1B5E,
    0x1B5E, 0x7444, 0x6200, 0xA300, 0xA300, 0xA300, 0xA300, 0xA300, 0xA300, 0xA300, 0x6200, 0xA300, 0xE400, 0x6611, 0xF64C, 0xB955,
    0x9955, 0x164D, 0x8711, 0xE400, 0xA300, 0x6200, 0xA300, 0xA300, 0xA300, 0xA300, 0xA300, 0xA300, 0xA300, 0x6200, 0x7444, 0x1B5E,
    0x1B5E, 0x7444, 0x6200, 0xA300, 0xA300, 0xA300, 0xA300, 0xA300, 0xA300, 0x8200, 0x4609, 0xF64C, 0x9955, 0xB955, 0xDA55, 0x9955,
    0x9955, 0xDA55, 0xB955, 0x9855, 0xF64C, 0x4609, 0x8200, 0xA300, 0xA300, 0xA300, 0xA300, 0xA300, 0xA300, 0x6200, 0x7444, 0x1B5E,
    0x1B5E, 0x7444, 0x6200, 0xA300, 0xA300, 0xA300, 0xA300, 0xA300, 0xA300, 0x2100, 0x4F2B, 0x5C5E, 0xB955, 0x3C5E, 0x6F2B, 0xC300,
    0xC300, 0x6F2B, 0x3C5E, 0xB955, 0x5C5E, 0x4F2B, 0x2100, 0xA300, 0xA300, 0xA300, 0xA300, 0xA300, 0xA300, 0x6200, 0x7444, 0x1B5E,
    0x1B5E, 0x7444, 0x6200, 0xA300, 0xA300, 0xA300, 0xA300, 0xA300, 0xA300, 0x4100, 0x2E2B, 0x1B5E, 0x7955, 0x3B5E, 0x0D23, 0x0000,
    0x0000, 0x0D23, 0x3B5E, 0x7955, 0x1B5E, 0x2E2B, 0x4100, 0xA300, 0xA300, 0xA300, 0xA300, 0xA300, 0xA300, 0x6200, 0x7444, 0x1B5E,
    0x1B5E, 0x7444, 0x6200, 0xA300, 0xA300, 0xA300, 0xA300, 0xA300, 0xA300, 0x2100, 0x6F2B, 0xBE66, 0x1B5E, 0x3C5E, 0x9444, 0x0E2B,
    0x0E2B, 0x9444, 0x3C5E, 0x1B5E, 0xBE66, 0x6F2B, 0x2100, 0xA300, 0xA300, 0xA300, 0xA300, 0xA300, 0xA300, 0x6200, 0x7444, 0x1B5E,
    0x1B5E, 0x7444, 0x6200, 0xA300, 0xA300, 0xA300, 0xA300, 0xA300, 0xA300, 0x6200, 0xA811, 0x0D23, 0xCC2A, 0x9444, 0x3C5E, 0x3B5E,
    0x3B5E, 0x3C5E, 0x9444, 0xCC2A, 0x0D23, 0xA811, 0x6200, 0xA300, 0xA300, 0xA300, 0xA300, 0xA300, 0xA300, 0x6200, 0x7444, 0x1B5E,
    0x1B5E, 0x7444, 0x6200, 0xA300, 0xA300, 0xA300, 0xA300, 0xA300, 0xA300, 0x6200, 0xA711, 0x4F2B, 0x0509, 0xCC22, 0x3C5E, 0x9955,
    0x9955, 0x3C5E, 0xCC22, 0x0509, 0x4F2B, 0xA711, 0x6200, 0xA300, 0xA300, 0xA300, 0xA300, 0xA300, 0xA300, 0x6200, 0x7444, 0x1B5E,
    0x1B5E, 0x7444, 0x6200, 0xA300, 0xA300, 0xA300, 0xA300, 0xA300, 0xA300, 0x2100, 0x4F2B, 0x3F6F, 0x0D23, 0xED22, 0x5C5E, 0xB955,
    0xB955, 0x5C5E, 0xED22, 0x0D23, 0x3F6F, 0x4F2B, 0x2100, 0xA300, 0xA300, 0xA300, 0xA300, 0xA300, 0xA300, 0x6200, 0x7444, 0x1B5E,
    0x1B5E, 0x7444, 0x6200, 0xA300, 0xA300, 0xA300, 0xA300, 0xA300, 0xA300, 0x4100, 0x0D2B, 0x9D66, 0xAC22, 0x2A1A, 0x5C5E, 0xDA55,
    0xDA55, 0x5C5E, 0x2A1A, 0xAC22, 0x9D66, 0x0D2B, 0x4100, 0xA300, 0xA300, 0xA300, 0xA300, 0xA300, 0xA300, 0x6200, 0x7444, 0x1B5E,
    0x1B5E, 0x7444, 0x6200, 0xA300, 0xA300, 0xA300, 0xA300, 0xA300, 0xA300, 0x4100, 0x4E2B, 0x9D66, 0x4F2B, 0x0000, 0x2E2B, 0x9955,
    0x9955, 0x4F2B, 0x0000, 0x4F2B, 0x9D66, 0x4E2B, 0x4100, 0xA300, 0xA300, 0xA300, 0xA300, 0xA300, 0xA300, 0x6200, 0x7444, 0x1B5E,
    0x1B5E, 0x7444, 0x6200, 0xA300, 0xA300, 0xA300, 0xA300, 0xA300, 0xA300, 0x4100, 0x8B22, 0x3C5E, 0xB955, 0x2A1A, 0x4100, 0x0401,
    0x0401, 0x4100, 0x291A, 0xB955, 0x3C5E, 0x8B22, 0x4100, 0xA300, 0xA300, 0xA300, 0xA300, 0xA300, 0xA300, 0x6200, 0x7444, 0x1B5E,
    0x1B5E, 0x7444, 0x6200, 0xA300, 0xA300, 0xA300, 0xA300, 0xA300, 0xA300, 0xA300, 0x6200, 0x2E2B, 0x3B5E, 0x784D, 0xE400, 0x8200,
    0x8200, 0xE400, 0x784D, 0x3B5E, 0x2E2B, 0x6200, 0xA300, 0xA300, 0xA300, 0xA300, 0xA300, 0xA300, 0xA300, 0x6200, 0x7444, 0x1B5E,
    0x1B5E, 0x7444, 0x6200, 0xA300, 0xA300, 0xA300, 0xA300, 0xA300, 0xA300, 0xA300, 0x6200, 0x6200, 0x784D, 0x7855, 0xA300, 0x8200,
    0x8200, 0xA300, 0x7855, 0x784D, 0x8200, 0x6200, 0xA300, 0xA300, 0xA300, 0xA300, 0xA300, 0xA300, 0xA300, 0x6200, 0x7444, 0x1B5E,
    0x1B5E, 0x7444, 0x6200, 0xA300, 0xA300, 0xA300, 0xA300, 0xA300, 0xA300, 0xA300, 0x8300, 0xB033, 0x5C5E, 0x5C5E, 0xB033, 0x8300,
    0x8300, 0xB033, 0x5C5E, 0x5C5E, 0xB033, 0x8300, 0xA300, 0xA300, 0xA300, 0xA300, 0xA300, 0xA300, 0xA300, 0x6200, 0x7444, 0x1B5E,
    0x1B5E, 0x7444, 0x6200, 0xA300, 0xA300, 0xA300, 0xA300, 0xA300, 0xA300, 0x8200, 0x4609, 0x6F2B, 0x2E2B, 0x2E2B, 0x6F2B, 0x2509,
    0x2509, 0x6F2B, 0x2E2B, 0x2E2B, 0x6F2B, 0x4609, 0x8200, 0xA300, 0xA300, 0xA300, 0xA300, 0xA300, 0xA300, 0x6200, 0x7444, 0x1B5E,
    0x1B5E, 0x7444, 0x6200, 0xC300, 0xA300, 0xA300, 0xA300, 0xA300, 0xA300, 0xA300, 0x8300, 0x4100, 0x4100, 0x4100, 0x4100, 0xA300,
    0xA300, 0x4100, 0x4100, 0x4100, 0x4100, 0x8300, 0xA300, 0xA300, 0xA300, 0xA300, 0xA300, 0xA300, 0xC300, 0x6200, 0x7444, 0x1B5E,
    0x1B5E, 0x743C, 0x0000, 0x6200, 0x6200, 0x6200, 0x6200, 0x6200, 0x6200, 0x6200, 0x6200, 0x6200, 0x6200, 0x6200, 0x6200, 0x6200,
    0x6200, 0x6200, 0x6200, 0x6200, 0x6200, 0x6200, 0x6200, 0x6200, 0x6200, 0x6200, 0x6200, 0x6200, 0x6200, 0x0000, 0x743C, 0x1B5E,
    0xFA55, 0x7855, 0x7444, 0x9444, 0x7444, 0x7444, 0x7444, 0x7444, 0x7444, 0x7444, 0x7444, 0x7444, 0x7444, 0x7444, 0x7444, 0x7444,
    0x7444, 0x7444, 0x7444, 0x7444, 0x7444, 0x7444, 0x7444, 0x7444, 0x7444, 0x7444, 0x7444, 0x7444, 0x9444, 0x7444, 0x7855, 0xFA55,
    0xDA55, 0xDA55, 0x1B5E, 0x1B5E, 0x1B5E, 0x1B5E, 0x1B5E, 0x1B5E, 0x1B5E, 0x1B5E, 0x1B5E, 0x1B5E, 0x1B5E, 0x1B5E, 0x1B5E, 0x1B5E,
    0x1B5E, 0x1B5E, 0x1B5E, 0x1B5E, 0x1B5E, 0x1B5E, 0x1B5E, 0x1B5E, 0x1B5E, 0x1B5E, 0x1B5E, 0x1B5E, 0x1B5E, 0x1B5E, 0xDA55, 0xDA55
};

const uint16_t icon_bullet_storm_stratagem_icon_background[] PROGMEM = {
    0xDA55, 0xDA55, 0x1B5E, 0x1B5E, 0x1B5E, 0x1B5E, 0x1B5E, 0x1B5E, 0x1B5E, 0x1B5E, 0x1B5E, 0x1B5E, 0x1B5E, 0x1B5E, 0x1B5E, 0x1B5E,
    0x1B5E, 0x1B5E, 0x1B5E, 0x1B5E, 0x1B5E, 0x1B5E, 0x1B5E, 0x1B5E, 0x1B5E, 0x1B5E, 0x1B5E, 0x1B5E, 0x1B5E, 0x1B5E, 0xDA55, 0xDA55,
    0xFA55, 0x7855, 0x7444, 0x9444, 0x7444, 0x7444, 0x7444, 0x7444, 0x7444, 0x7444, 0x7444, 0x7444, 0x7444, 0x7444, 0x7444, 0x7444,
    0x7444, 0x7444, 0x7444, 0x7444, 0x7444, 0x7444, 0x7444, 0x7444, 0x7444, 0x7444, 0x7444, 0x7444, 0x9444, 0x7444, 0x7855, 0xFA55,
    0x1B5E, 0x743C, 0x0000, 0x6200, 0x6200, 0x6200, 0x6200, 0x6200, 0x6200, 0x6200, 0x6200, 0x6200, 0x6200, 0x6200, 0x6200, 0x6200,
    0x6200, 0x6200, 0x6200, 0x6200, 0x6200, 0x6200, 0x6200, 0x6200, 0x6200, 0x6200, 0x6200, 0x6200, 0x6200, 0x0000, 0x743C, 0x1B5E,
    0x1B5E, 0x7444, 0x6200, 0xC300, 0xA300, 0xA300, 0xA300, 0xA300, 0xA300, 0xA300, 0xA300, 0xA300, 0xA300, 0xA300, 0xA300, 0xA300,
    0xA300, 0xA300, 0xA300, 0xA300, 0xA300, 0xA300, 0xA300, 0xA300, 0xA300, 0xA300, 0xA300, 0xA300, 0xC300, 0x6200, 0x7444, 0x1B5E,
    0x1B5E, 0x7444, 0x6200, 0xA300, 0xA300, 0xA300, 0xA300, 0xA300, 0xA300, 0xC300, 0xA300, 0xC300, 0xC300, 0xC300, 0xC300, 0xC300,
    0xC300, 0xC300, 0xC300, 0xA300, 0xA300, 0xA300, 0xA300, 0xA300, 0xA300, 0xA300, 0xA300, 0xA300, 0xA300, 0x6200, 0x7444, 0x1B5E,
    0x1B5E, 0x7444, 0x6200, 0xA300, 0xA300, 0xA300, 0xA300, 0xA300, 0x8300, 0x2100, 0x8200, 0x2100, 0x0100, 0x0100, 0x0100, 0x0100,
    0x0100, 0x0100, 0x0100, 0x4100, 0x8200, 0x8200, 0xA300, 0xA300, 0xA300, 0xA300, 0xA300, 0xA300, 0xA300, 0x6200, 0x7444, 0x1B5E,
    0x1B5E, 0x7444, 0x6200, 0xA300, 0xA300, 0xA300, 0xA300, 0x8200, 0xE408, 0xCE6B, 0x2511, 0xEF73, 0x507C, 0x507C, 0x507C, 0x507C,
    0x507C, 0x307C, 0x517C, 0x693A, 0xC308, 0xE408, 0x4200, 0xA300, 0xA300, 0xA300, 0xA300, 0xA300, 0xA300, 0x6200, 0x7444, 0x1B5E,
    0x1B5E, 0x7444, 0x6200, 0xA300, 0xA300, 0xA300, 0xA300, 0x6200, 0x4519, 0x9CEF, 0xC729, 0xFDFF, 0xFFFF, 0xFFFF, 0xFFFF, 0xFFFF,
    0xFFFF, 0xFFFF, 0xFFFF, 0xFFFF, 0xFDFF, 0xDEFF, 0xEF73, 0x6200, 0xA300, 0xA300, 0xA300, 0xA300, 0xA300, 0x6200, 0x7444, 0x1B5E,
    0x1B5E, 0x7444, 0x6200, 0xA300, 0xA300, 0xA300, 0xA300, 0x6200, 0x2511, 0x57C6, 0x8621, 0xB9D6, 0x5BE7, 0x3BE7, 0x5BE7, 0x5BE7,
    0x5BE7, 0x3BE7, 0x5BE7, 0xD5B5, 0x708C, 0x5084, 0xE729, 0x8200, 0xA300, 0xA300, 0xA300, 0xA300, 0xA300, 0x6200, 0x7444, 0x1B5E,
    0x1B5E, 0x7444, 0x6200, 0xA300, 0xA300, 0xA300, 0xA300, 0x8300, 0xA300, 0x6619, 0xC300, 0x8619, 0x8621, 0x8621, 0x8621, 0x8621,
    0x8621, 0x8621, 0x8721, 0x4100, 0x0000, 0x0000, 0x0100, 0xA300, 0xA300, 0xA300, 0xA300, 0xA300, 0xA300, 0x6200, 0x7444, 0x1B5E,
    0x1B5E, 0x7444, 0x6200, 0xA300, 0xA300, 0xA300, 0xA300, 0x6200, 0x2511, 0x57C6, 0x8621, 0xB9D6, 0x5BE7, 0x3BE7, 0x5BE7, 0x5BE7,
    0x5BE7, 0x3BE7, 0x5BE7, 0xD6B5, 0x708C, 0x5084, 0xE729, 0x8200, 0xA300, 0xA300, 0xA300, 0xA300, 0xA300, 0x6200, 0x7444, 0x1B5E,
    0x1B5E, 0x7444, 0x6200, 0xA300, 0xA300, 0xA300, 0xA300, 0x6200, 0x4519, 0xBCF7, 0xC729, 0xFEFF, 0xFFFF, 0xFFFF, 0xFFFF, 0xFFFF,
    0xFFFF, 0xFFFF, 0xFFFF, 0xFFFF, 0xFEFF, 0xDEFF, 0xEF73, 0x6200, 0xA300, 0xA300, 0xA300, 0xA300, 0xA300, 0x6200, 0x7444, 0x1B5E,
    0x1B5E, 0x7444, 0x6200, 0xA300, 0xA300, 0xA300, 0xA300, 0x8200, 0xE408, 0x4C5B, 0x0411, 0x6D63, 0xAE6B, 0xAE6B, 0xAE6B, 0xAE6B,
    0xAE6B, 0xAE6B, 0xAE6B, 0x0832, 0xA308, 0xC300, 0x6200, 0xA300, 0xA300, 0xA300, 0xA300, 0xA300, 0xA300, 0x6200, 0x7444, 0x1B5E,
    0x1B5E, 0x7444, 0x6200, 0xA300, 0xA300, 0xA300, 0xA300, 0x8200, 0xE408, 0x4C5B, 0x0411, 0x6D63, 0xAE6B, 0xAE6B, 0xAE6B, 0xAE6B,
    0xAE6B, 0xAE6B, 0xAE6B, 0x0832, 0xA308, 0xC300, 0x6200, 0xA300, 0xA300, 0xA300, 0xA300, 0xA300, 0xA300, 0x6200, 0x7444, 0x1B5E,
    0x1B5E, 0x7444, 0x6200, 0xA300, 0xA300, 0xA300, 0xA300, 0x6200, 0x4519, 0x9CF7, 0xC729, 0xFEFF, 0xFFFF, 0xFFFF, 0xFFFF, 0xFFFF,
    0xFFFF, 0xFFFF, 0xFFFF, 0xFFFF, 0xFEFF, 0xDEFF, 0xEF73, 0x6200, 0xA300, 0xA300, 0xA300, 0xA300, 0xA300, 0x6200, 0x7444, 0x1B5E,
    0x1B5E, 0x7444, 0x6200, 0xA300, 0xA300, 0xA300, 0xA300, 0x6200, 0x2511, 0x78CE, 0x8621, 0xD9D6, 0x7CEF, 0x5BEF, 0x7BEF, 0x7BEF,
    0x7BEF, 0x5BEF, 0x7CEF, 0xD5B5, 0x3084, 0x307C, 0xC729, 0x8200, 0xA300, 0xA300, 0xA300, 0xA300, 0xA300, 0x6200, 0x7444, 0x1B5E,
    0x1B5E, 0x7444, 0x6200, 0xA300, 0xA300, 0xA300, 0xA300, 0xA300, 0xA300, 0x0409, 0xA300, 0x0411, 0x0411, 0x0411, 0x0411, 0x0411,
    0x2411, 0x2411, 0x2511, 0x6200, 0x0000, 0x0100, 0x6200, 0xA300, 0xA300, 0xA300, 0xA300, 0xA300, 0xA300, 0x6200, 0x7444, 0x1B5E,
    0x1B5E, 0x7444, 0x6200, 0xA300, 0xA300, 0xA300, 0xA300, 0xA300, 0xA300, 0x8200, 0x8300, 0x8200, 0x8200, 0x8200, 0x8200, 0x8200,
    0x6200, 0x6200, 0x6200, 0x8200, 0xA300, 0xA300, 0x8200, 0x8200, 0x8200, 0x8300, 0x8200, 0x8200, 0xA300, 0x6200, 0x7444, 0x1B5E,
    0x1B5E, 0x7444, 0x6200, 0xA300, 0xA300, 0xA300, 0xA300, 0xA300, 0xA300, 0xA300, 0xA300, 0xA300, 0xA300, 0xA300, 0xA300, 0xA300,
    0xC400, 0x0409, 0x0401, 0xE400, 0xE400, 0xE400, 0xE400, 0xE400, 0xE400, 0xA300, 0xC400, 0xE400, 0xC300, 0x6200, 0x7444, 0x1B5E,
    0x1B5E, 0x7444, 0x6200, 0xA300, 0xA300, 0xA300, 0xA300, 0xA300, 0xA300, 0xA300, 0xA300, 0xA300, 0xA300, 0x8200, 0x0000, 0xC811,
    0x7855, 0x784D, 0x784D, 0x7855, 0x7855, 0x7855, 0x7855, 0x7855, 0x7855, 0xF64C, 0x374D, 0x9955, 0x123C, 0x4100, 0x9444, 0x1B5E,
    0x1B5E, 0x7444, 0x6200, 0x8200, 0x6200, 0x4100, 0x2100, 0x4100, 0x4100, 0x4100, 0x4100, 0x4100, 0x4100, 0x6711, 0xD133, 0x374D,
    0xFB5D, 0xDA55, 0xFA55, 0xFA55, 0xFA55, 0xFA55, 0xFA55, 0xFA55, 0xFA55, 0xFB5D, 0xDA55, 0x3C5E, 0xB544, 0x0000, 0x9444, 0x1B5E,
    0x1B5E, 0x9444, 0x4100, 0x8711, 0xA711, 0xCD22, 0x4E2B, 0x2E2B, 0x2E2B, 0x2E2B, 0x2E2B, 0x2E2B, 0xB133, 0xB955, 0x3C5E, 0xFA55,
    0xBA55, 0xDA55, 0xDA55, 0xDA55, 0xDA55, 0xDA55, 0xDA55, 0xDA55, 0xDA55, 0xDA55, 0xB955, 0x1B5E, 0x743C, 0x2000, 0x9444, 0x1B5E,
    0x1B5E, 0x9444, 0x2100, 0xD544, 0x1B5E, 0x1B5E, 0x5C5E, 0x3C5E, 0x5C5E, 0x5C5E, 0x3B5E, 0x3C5E, 0x3B5E, 0xDA55, 0xB955, 0xDA55,
    0xDA55, 0xDA55, 0xDA55, 0xDA55, 0xDA55, 0xDA55, 0xDA55, 0xDA55, 0xDA55, 0xDA55, 0xBA55, 0x1B5E, 0x9544, 0x2100, 0x9444, 0x1B5E,
    0x1B5E, 0x7444, 0x6100, 0xD644, 0x1B5E, 0x9955, 0x374D, 0x784D, 0x574D, 0x784D, 0xB955, 0xB955, 0xB955, 0xDA55, 0xDA55, 0xDA55,
    0xB955, 0xBA55, 0xB955, 0xBA55, 0xBA55, 0xB955, 0xBA55, 0xB955, 0xB955, 0xBA55, 0xBA55, 0xDA55, 0x4A1A, 0x4100, 0x9444, 0x1B5E,
    0x1B5E, 0x743C, 0x6200, 0xF644, 0x3C5E, 0x6B1A, 0x091A, 0xF64C, 0xB033, 0x533C, 0xDA55, 0xDA55, 0xDA55, 0xDA55, 0xDA55, 0xFA55,
    0x3B5E, 0x1B5E, 0x3B5E, 0x1B5E, 0x1B5E, 0x1B5E, 0x1B5E, 0x1B5E, 0x1B5E, 0x1B5E, 0x1B5E, 0x5C5E, 0x6B1A, 0x0000, 0x9444, 0x1B5E,
    0x1B5E, 0x743C, 0x8300, 0xB955, 0x7D5E, 0xF233, 0x9444, 0xE811, 0x8711, 0xA711, 0x2509, 0x2E2B, 0x1B5E, 0x1B5E, 0xD133, 0xD133,
    0x0E2B, 0x8B22, 0x6B22, 0xD133, 0xD133, 0x6B22, 0xAC22, 0xAC22, 0xAC22, 0x8C22, 0xAC22, 0x4A1A, 0xC400, 0x4100, 0x7444, 0x1B5E,
    0x1B5E, 0x7444, 0x8200, 0xED22, 0xED22, 0x9033, 0xC811, 0x2100, 0x6200, 0x6200, 0x4100, 0x9444, 0x1B5E, 0x6B1A, 0x2509, 0xE400,
    0x4100, 0x4100, 0x4100, 0x8200, 0x6200, 0x4100, 0x4100, 0x4100, 0x4100, 0x4100, 0x4100, 0x4100, 0xA300, 0x6200, 0x7444, 0x1B5E,
    0x1B5E, 0x7444, 0x4100, 0x4100, 0x4100, 0x2100, 0x6200, 0xA300, 0xC300, 0x4100, 0x4F2B, 0xDE66, 0x6F2B, 0x2100, 0x8200, 0x8200,
    0xA300, 0xA300, 0xA300, 0xA300, 0xA300, 0xA300, 0xA300, 0xA300, 0xA300, 0xA300, 0xA300, 0xA300, 0xA300, 0x6200, 0x7444, 0x1B5E,
    0x1B5E, 0x7444, 0x6200, 0xC400, 0xC300, 0xC300, 0xA300, 0xA300, 0xA300, 0x8200, 0x2A1A, 0x164D, 0xE911, 0x6200, 0xC300, 0xA300,
    0xA300, 0xA300, 0xA300, 0xA300, 0xA300, 0xA300, 0xA300, 0xA300, 0xA300, 0xA300, 0xA300, 0xA300, 0xC300, 0x6200, 0x7444, 0x1B5E,
    0x1B5E, 0x743C, 0x0000, 0x6200, 0x6200, 0x6200, 0x6200, 0x6200, 0x6200, 0x6200, 0x0000, 0x4100, 0x8200, 0x4100, 0x6200, 0x6200,
    0x6200, 0x6200, 0x6200, 0x6200, 0x6200, 0x6200, 0x6200, 0x6200, 0x6200, 0x6200, 0x6200, 0x6200, 0x6200, 0x0000, 0x743C, 0x1B5E,
    0xFA55, 0x7855, 0x7444, 0x9444, 0x7444, 0x7444, 0x7444, 0x7444, 0x7444, 0x7444, 0x9444, 0x9444, 0x743C, 0x9444, 0x7444, 0x7444,
    0x7444, 0x7444, 0x7444, 0x7444, 0x7444, 0x7444, 0x7444, 0x7444, 0x7444, 0x7444, 0x7444, 0x7444, 0x9444, 0x7444, 0x7855, 0xFA55,
    0xDA55, 0xDA55, 0x1B5E, 0x1B5E, 0x1B5E, 0x1B5E, 0x1B5E, 0x1B5E, 0x1B5E, 0x1B5E, 0x1B5E, 0x1B5E, 0x1B5E, 0x1B5E, 0x1B5E, 0x1B5E,
    0x1B5E, 0x1B5E, 0x1B5E, 0x1B5E, 0x1B5E, 0x1B5E, 0x1B5E, 0x1B5E, 0x1B5E, 0x1B5E, 0x1B5E, 0x1B5E, 0x1B5E, 0x1B5E, 0xDA55, 0xDA55
};

const uint16_t icon_c4_pack_stratagem_icon_background[] PROGMEM = {
    0xDA55, 0xDA55, 0x1B5E, 0x1B5E, 0x1B5E, 0x1B5E, 0x1B5E, 0x1B5E, 0x1B5E, 0x1B5E, 0x1B5E, 0x1B5E, 0x1B5E, 0x1B5E, 0x1B5E, 0x1B5E,
    0x1B5E, 0x1B5E, 0x1B5E, 0x1B5E, 0x1B5E, 0x1B5E, 0x1B5E, 0x1B5E, 0x1B5E, 0x1B5E, 0x1B5E, 0x1B5E, 0x1B5E, 0x1B5E, 0xDA55, 0xDA55,
    0xFA55, 0x7855, 0x7444, 0x9444, 0x7444, 0x7444, 0x7444, 0x7444, 0x7444, 0x7444, 0x7444, 0x7444, 0x7444, 0x7444, 0x7444, 0x7444,
    0x7444, 0x7444, 0x7444, 0x7444, 0x7444, 0x7444, 0x7444, 0x7444, 0x7444, 0x7444, 0x7444, 0x7444, 0x9444, 0x7444, 0x7855, 0xFA55,
    0x1B5E, 0x743C, 0x0000, 0x6200, 0x6200, 0x6200, 0x6200, 0x6200, 0x6200, 0x6200, 0x6200, 0x6200, 0x6200, 0x6200, 0x6200, 0x6200,
    0x6200, 0x6200, 0x6200, 0x6200, 0x6200, 0x6200, 0x6200, 0x6200, 0x6200, 0x6200, 0x6200, 0x6200, 0x6200, 0x0000, 0x743C, 0x1B5E,
    0x1B5E, 0x7444, 0x6200, 0xC300, 0xA300, 0xA300, 0xA300, 0xA300, 0xA300, 0xA300, 0xA300, 0xA300, 0xA300, 0xA300, 0xC300, 0xC300,
    0xC300, 0xC300, 0xC300, 0xC300, 0xC300, 0xC300, 0xC300, 0xC300, 0xC300, 0xC300, 0xC300, 0xA300, 0xA300, 0x6200, 0x7444, 0x1B5E,
    0x1B5E, 0x7444, 0x6200, 0xA300, 0xA300, 0xA300, 0xA300, 0xA300, 0xA300, 0xA300, 0xA300, 0xA300, 0xA300, 0x8300, 0x4100, 0x2100,
    0x4100, 0x4100, 0x4100, 0x4100, 0x4100, 0x4100, 0x4100, 0x4100, 0x4100, 0x2100, 0x4100, 0x8300, 0xA300, 0x6200, 0x7444, 0x1B5E,
    0x1B5E, 0x7444, 0x6200, 0xA300, 0xA300, 0xA300, 0xA300, 0xA300, 0xA300, 0xA300, 0xA300, 0xA300, 0x8300, 0xC300, 0x0D2B, 0x4E2B,
    0x2E2B, 0x2E2B, 0x2E2B, 0x2E2B, 0x2E2B, 0x2E2B, 0x2E2B, 0x2E2B, 0x2E2B, 0x4E2B, 0x0D2B, 0xC300, 0xA300, 0x6200, 0x7444, 0x1B5E,
    0x1B5E, 0x7444, 0x6200, 0xA300, 0xA300, 0xA300, 0xA300, 0xA300, 0xA300, 0xA300, 0xA300, 0xA300, 0x8200, 0x0501, 0xFA5D, 0x3C5E,
    0x3B5E, 0x3C5E, 0x3C5E, 0x3C5E, 0x3C5E, 0x3C5E, 0x3C5E, 0x3C5E, 0x3B5E, 0x3C5E, 0xFA5D, 0x0501, 0x8200, 0x6200, 0x7444, 0x1B5E,
    0x1B5E, 0x7444, 0x6200, 0xA300, 0xA300, 0xA300, 0xA300, 0xA300, 0xA300, 0xA300, 0xA300, 0xA300, 0x8300, 0xA300, 0xF644, 0x1B5E,
    0x9955, 0xB955, 0xB955, 0xB955, 0xB955, 0xB955, 0xB955, 0xB955, 0x9955, 0x1B5E, 0xF644, 0xA300, 0xA300, 0x6200, 0x7444, 0x1B5E,
    0x1B5E, 0x7444, 0x6200, 0xA300, 0xA300, 0xA300, 0x6200, 0xA300, 0xA300, 0x6200, 0xA300, 0xA300, 0xA300, 0x8200, 0x0509, 0x374D,
    0x3B5E, 0xDA55, 0xFA55, 0xFA55, 0xFA55, 0xFA55, 0xFA55, 0xDA55, 0x3B5E, 0x374D, 0x0509, 0x8200, 0xA300, 0x6200, 0x7444, 0x1B5E,
    0x1B5E, 0x7444, 0x6200, 0xA300, 0xA300, 0xA300, 0x8621, 0x6200, 0x6200, 0x8621, 0xA300, 0xC300, 0x8200, 0x2509, 0x2E2B, 0x0509,
    0xD544, 0x7855, 0x784D, 0x784D, 0x584D, 0x784D, 0x784D, 0x7855, 0xD644, 0x0509, 0x2E2B, 0x2509, 0x8200, 0x6200, 0x7444, 0x1B5E,
    0x1B5E, 0x7444, 0x6200, 0xA300, 0x2100, 0x0000, 0x16BE, 0x2C53, 0x0B53, 0x16BE, 0x0000, 0x2100, 0x8200, 0xE400, 0xFA55, 0xB033,
    0xE408, 0x6609, 0x0509, 0x0509, 0x4609, 0x0509, 0x0509, 0x6609, 0xE408, 0xB033, 0xFA55, 0xE400, 0x8300, 0x6200, 0x7444, 0x1B5E,
    0x1B5E, 0x9444, 0x4100, 0x2511, 0x2F7C, 0x8A4A, 0xFADE, 0xFEFF, 0xFEFF, 0xFADE, 0x6A42, 0x0F7C, 0x0411, 0xC400, 0x7855, 0x1B5E,
    0x784D, 0xDA55, 0x8C22, 0x8B22, 0x5C5E, 0x8B22, 0x8C22, 0xDA55, 0x584D, 0x1B5E, 0x784D, 0xE400, 0x8300, 0x6200, 0x7444, 0x1B5E,
    0x1B5E, 0x7444, 0x6200, 0x2100, 0x139D, 0xFFFF, 0x98CE, 0x8D63, 0x8E6B, 0x98CE, 0xFFFF, 0x139D, 0x0100, 0x0409, 0x584D, 0xDA55,
    0xB955, 0x5C5E, 0xED22, 0x8B22, 0x7D5E, 0x8B22, 0xCD22, 0x7C5E, 0xDA55, 0xDA55, 0x7855, 0xE400, 0x8300, 0x6200, 0x7444, 0x1B5E,
    0x1B5E, 0x7444, 0x6200, 0xC308, 0xAE6B, 0xFEFF, 0x2832, 0x4100, 0x4100, 0x493A, 0xFEFF, 0xCE6B, 0xA310, 0x2509, 0xFA5D, 0x7C66,
    0x3B5E, 0x5C5E, 0x4F2B, 0xC308, 0x8609, 0xC308, 0x4F2B, 0x3B5E, 0xB955, 0xFA55, 0x7855, 0xE400, 0x8300, 0x6200, 0x7444, 0x1B5E,
    0x1B5E, 0x9444, 0x4100, 0x8A42, 0x7184, 0x6D63, 0xE408, 0x2100, 0x0100, 0x4100, 0xAA4A, 0x5184, 0x493A, 0x2100, 0x6B12, 0xAC1A,
    0xAC22, 0x9444, 0xDA55, 0x584D, 0x584D, 0x784D, 0xB955, 0xDA55, 0xDA55, 0xFA55, 0x7855, 0xE400, 0x8300, 0x6200, 0x7444, 0x1B5E,
    0x1B5E, 0x7444, 0x6200, 0x6200, 0x0100, 0x2100, 0x6200, 0x6D63, 0x7184, 0x507C, 0xF073, 0xC300, 0x0832, 0x7184, 0xEE7B, 0x107C,
    0xC639, 0xAC1A, 0x5C5E, 0xDA55, 0xFA55, 0xFA55, 0xDA55, 0xDA55, 0xDA55, 0xFA55, 0x7855, 0xE400, 0x8300, 0x6200, 0x7444, 0x1B5E,
    0x1B5E, 0x7444, 0x6200, 0xC300, 0xC300, 0xC300, 0x4100, 0x37C6, 0xFFFF, 0xFDFF, 0xFFFF, 0x2832, 0x0F74, 0xFFFF, 0xFDFF, 0xFFFF,
    0x2F7C, 0xAC1A, 0x5C66, 0xB955, 0xDA55, 0xDA55, 0xDA55, 0xDA55, 0xDA55, 0xFA55, 0x7855, 0xE400, 0x8300, 0x6200, 0x7444, 0x1B5E,
    0x1B5E, 0x7444, 0x6200, 0xA300, 0xA300, 0xA300, 0xA300, 0x8300, 0x8300, 0x8300, 0x8300, 0xA300, 0x8300, 0x8300, 0x8300, 0xA300,
    0x2100, 0x2E2B, 0x3C5E, 0xB955, 0xDA55, 0xDA55, 0xDA55, 0xDA55, 0xDA55, 0xFA55, 0x7855, 0xE400, 0x8300, 0x6200, 0x7444, 0x1B5E,
    0x1B5E, 0x7444, 0x6200, 0xA300, 0xA300, 0xA300, 0x8200, 0xE729, 0x693A, 0x493A, 0x693A, 0xE408, 0x6519, 0x6A3A, 0x493A, 0x6A3A,
    0x2419, 0x0E23, 0x3C5E, 0xB955, 0xDA55, 0xDA55, 0xDA55, 0xDA55, 0xDA55, 0xFA55, 0x7855, 0xE400, 0x8300, 0x6200, 0x7444, 0x1B5E,
    0x1B5E, 0x7444, 0x6200, 0xA300, 0xA300, 0xA300, 0x4100, 0x57C6, 0xFFFF, 0xFEFF, 0xFFFF, 0x0832, 0x0F7C, 0xFFFF, 0xFEFF, 0xFFFF,
    0x2F84, 0xAC12, 0x5C66, 0xB955, 0xDA55, 0xDA55, 0xDA55, 0xDA55, 0xDA55, 0xFA55, 0x7855, 0xE400, 0x8300, 0x6200, 0x7444, 0x1B5E,
    0x1B5E, 0x7444, 0x6200, 0xA300, 0xA300, 0xA300, 0x4100, 0x16BE, 0xFEFF, 0xDCFF, 0xFFFF, 0xE831, 0xCE73, 0xFFFF, 0xBCF7, 0xFFFF,
    0xEE7B, 0xAC1A, 0x5C66, 0xB955, 0xDA55, 0xDA55, 0xDA55, 0xDA55, 0xDA55, 0xDA55, 0x9955, 0x0401, 0x8300, 0x6200, 0x7444, 0x1B5E,
    0x1B5E, 0x7444, 0x6200, 0xA300, 0xA300, 0xA300, 0x4100, 0x16BE, 0xFFFF, 0xDDFF, 0xFFFF, 0xE831, 0xEE73, 0xFFFF, 0xBCF7, 0xFFFF,
    0xEE7B, 0xAC1A, 0x3C5E, 0x9955, 0xB955, 0xB955, 0xB955, 0xB955, 0xB955, 0x1B5E, 0xF644, 0xA300, 0xA300, 0x6200, 0x7444, 0x1B5E,
    0x1B5E, 0x7444, 0x6200, 0xA300, 0xA300, 0xA300, 0x4100, 0x16BE, 0xFEFF, 0xBCF7, 0xFFFF, 0xE729, 0xCE73, 0xFFFF, 0xBCF7, 0xFFFF,
    0xEE7B, 0xCD1A, 0xBE66, 0x1B5E, 0x3C5E, 0x3C5E, 0x3C5E, 0x3B5E, 0x5C5E, 0x374D, 0x2509, 0x6200, 0xA300, 0x6200, 0x7444, 0x1B5E,
    0x1B5E, 0x7444, 0x6200, 0xA300, 0xA300, 0xA300, 0x4100, 0x78CE, 0xFFFF, 0xFEFF, 0xFFFF, 0x0832, 0x0F7C, 0xFFFF, 0xFEFF, 0xFFFF,
    0x7084, 0x4609, 0x9033, 0x2E2B, 0x2E2B, 0x2E2B, 0x2E2B, 0x2E2B, 0x4F2B, 0x4609, 0x4100, 0xA300, 0xA300, 0x6200, 0x7444, 0x1B5E,
    0x1B5E, 0x7444, 0x6200, 0xA300, 0xA300, 0xA300, 0x8200, 0xAA4A, 0x6D63, 0x6D63, 0x6D63, 0x2511, 0xE729, 0x8E63, 0x4D5B, 0x8E63,
    0x0832, 0x2100, 0x4100, 0x4100, 0x4100, 0x4100, 0x4100, 0x4100, 0x2100, 0x8200, 0xA300, 0xA300, 0xA300, 0x6200, 0x7444, 0x1B5E,
    0x1B5E, 0x7444, 0x6200, 0xA300, 0xA300, 0xA300, 0xA300, 0x4100, 0x2100, 0x2100, 0x2100, 0x8200, 0x6200, 0x2100, 0x2100, 0x2100,
    0x6200, 0xA300, 0xA300, 0xA300, 0xA300, 0xA300, 0xA300, 0xA300, 0xA300, 0xA300, 0xA300, 0xA300, 0xA300, 0x6200, 0x7444, 0x1B5E,
    0x1B5E, 0x7444, 0x6200, 0xA300, 0xA300, 0xA300, 0x4200, 0xB5AD, 0x7DEF, 0x5BE7, 0x7DEF, 0xE729, 0xAE6B, 0x7DEF, 0x3AE7, 0x7DEF,
    0x0F74, 0x0100, 0xC300, 0xA300, 0xA300, 0xA300, 0xA300, 0xA300, 0xA300, 0xA300, 0xA300, 0xA300, 0xA300, 0x6200, 0x7444, 0x1B5E,
    0x1B5E, 0x7444, 0x6200, 0xA300, 0xA300, 0xA300, 0x6200, 0x307C, 0x95AD, 0x74A5, 0x95AD, 0x8621, 0xCB4A, 0x96AD, 0x54A5, 0x96AD,
    0x0C53, 0x4100, 0xA300, 0xA300, 0xA300, 0xA300, 0xA300, 0xA300, 0xA300, 0xA300, 0xA300, 0xA300, 0xA300, 0x6200, 0x7444, 0x1B5E,
    0x1B5E, 0x7444, 0x6200, 0xC300, 0xA300, 0xA300, 0xA300, 0x4200, 0x2100, 0x2100, 0x2100, 0x8300, 0x6200, 0x2100, 0x2100, 0x2100,
    0x6200, 0xA300, 0xA300, 0xA300, 0xA300, 0xA300, 0xA300, 0xA300, 0xA300, 0xA300, 0xA300, 0xA300, 0xC300, 0x6200, 0x7444, 0x1B5E,
    0x1B5E, 0x743C, 0x0000, 0x6200, 0x6200, 0x6200, 0x6200, 0x6200, 0x6200, 0x6200, 0x6200, 0x6200, 0x6200, 0x6200, 0x6200, 0x6200,
    0x6200, 0x6200, 0x6200, 0x6200, 0x6200, 0x6200, 0x6200, 0x6200, 0x6200, 0x6200, 0x6200, 0x6200, 0x6200, 0x0000, 0x743C, 0x1B5E,
    0xFA55, 0x7855, 0x7444, 0x9444, 0x7444, 0x7444, 0x7444, 0x7444, 0x7444, 0x7444, 0x7444, 0x7444, 0x7444, 0x7444, 0x7444, 0x7444,
    0x7444, 0x7444, 0x7444, 0x7444, 0x7444, 0x7444, 0x7444, 0x7444, 0x7444, 0x7444, 0x7444, 0x7444, 0x9444, 0x7444, 0x7855, 0xFA55,
    0xDA55, 0xDA55, 0x1B5E, 0x1B5E, 0x1B5E, 0x1B5E, 0x1B5E, 0x1B5E, 0x1B5E, 0x1B5E, 0x1B5E, 0x1B5E, 0x1B5E, 0x1B5E, 0x1B5E, 0x1B5E,
    0x1B5E, 0x1B5E, 0x1B5E, 0x1B5E, 0x1B5E, 0x1B5E, 0x1B5E, 0x1B5E, 0x1B5E, 0x1B5E, 0x1B5E, 0x1B5E, 0x1B5E, 0x1B5E, 0xDA55, 0xDA55
};

const uint16_t icon_call_in_super_destroyer_stratagem_icon_background[] PROGMEM = {
    0x8DCD, 0xADCD, 0xCDD5, 0xCDD5, 0xCDD5, 0xCDD5, 0xCDD5, 0xCDD5, 0xCDD5, 0xCDD5, 0xCDD5, 0xCDD5, 0xCDD5, 0xCDD5, 0xCDD5, 0xCDD5,
    0xCDD5, 0xCDD5, 0xCDD5, 0xCDD5, 0xCDD5, 0xCDD5, 0xCDD5, 0xCDD5, 0xCDD5, 0xCDD5, 0xCDD5, 0xCDD5, 0xCDD5, 0xCDD5, 0xADCD, 0x8DCD,
    0xADCD, 0x4CC5, 0x8AA4, 0x8AA4, 0x8AA4, 0x8AA4, 0x6AA4, 0x8BA4, 0x8BA4, 0x8BA4, 0x8BA4, 0x8BA4, 0x8BA4, 0x8BA4, 0x8BA4, 0x8BA4,
    0x8BA4, 0x8BA4, 0x8BA4, 0x8BA4, 0x8BA4, 0x8BA4, 0x8BA4, 0x8BA4, 0x8BA4, 0x6AA4, 0x8AA4, 0x8AA4, 0x8AA4, 0x8AA4, 0x4CC5, 0xADCD,
    0xCDD5, 0x8AA4, 0x4429, 0xA539, 0xA439, 0xA439, 0xC539, 0x6429, 0x6429, 0x6429, 0x6429, 0x6429, 0x6429, 0x6429, 0x6429, 0x6429,
    0x6429, 0x6429, 0x6429, 0x6429, 0x6429, 0x6429, 0x6429, 0x6429, 0x6429, 0xC539, 0xA439, 0xA439, 0xA539, 0x4429, 0x8AA4, 0xCDD5,
    0xCDD5, 0x8AA4, 0xA439, 0x2CBD, 0x6CC5, 0x8DCD, 0x6873, 0x8431, 0xA439, 0xA431, 0xA431, 0xA431, 0xA431, 0xA431, 0xA431, 0xA431,
    0xA431, 0xA431, 0xA431, 0xA431, 0xA431, 0xA431, 0xA431, 0xA439, 0x8431, 0x4873, 0x8DCD, 0x6CC5, 0x2CBD, 0xA439, 0x8AA4, 0xCDD5,
    0xCDD5, 0x8AA4, 0xA439, 0x6CC5, 0xEEDD, 0xA983, 0x6429, 0xA431, 0xA431, 0xA431, 0xA431, 0xA431, 0xA431, 0xA431, 0xA431, 0xA431,
    0xA431, 0xA431, 0xA431, 0xA431, 0xA431, 0xA431, 0xA431, 0xA431, 0xA431, 0x6429, 0xA983, 0xEEDD, 0x6CC5, 0xA439, 0x8AA4, 0xCDD5,
    0xCDD5, 0x8AA4, 0xA439, 0x8DCD, 0xA983, 0x4429, 0xA431, 0xA431, 0xA431, 0xA431, 0xA431, 0xA431, 0xA431, 0xA431, 0xA431, 0xA431,
    0xA431, 0xA431, 0xA431, 0xA431, 0xA431, 0xA431, 0xA431, 0xA431, 0xA431, 0xA431, 0x4429, 0xA983, 0x8DCD, 0xA439, 0x8AA4, 0xCDD5,
    0xCDD5, 0x6AA4, 0xC539, 0x687B, 0x6429, 0xA431, 0xA431, 0xA431, 0xA431, 0xA431, 0xA431, 0xA431, 0xA431, 0xA431, 0xA431, 0xA431,
    0xA431, 0xA431, 0xA431, 0xA431, 0xA431, 0xA539, 0xA539, 0xA539, 0x8431, 0xA431, 0xA431, 0x6429, 0x4873, 0xC539, 0x6AA4, 0xCDD5,
    0xCDD5, 0x8BA4, 0x6429, 0x8431, 0xA431, 0xA431, 0xA431, 0xA431, 0xA431, 0xA431, 0xA431, 0xA431, 0xA431, 0xA431, 0xA431, 0xA431,
    0xA431, 0xA431, 0xA431, 0xA539, 0xA431, 0x6329, 0x2329, 0x4329, 0xE539, 0xA539, 0xA431, 0xA431, 0x8431, 0x6429, 0x8BA4, 0xCDD5,
    0xCDD5, 0x8BA4, 0x6429, 0xA539, 0xA431, 0xA431, 0xA431, 0xA431, 0xA431, 0xA431, 0xA431, 0xA431, 0xA431, 0xA431, 0xA431, 0xA431,
    0xA431, 0xA431, 0xA431, 0x4329, 0x8431, 0x6852, 0x0E84, 0x16C6, 0x7BEF, 0x2642, 0x8431, 0xA431, 0xA539, 0x6429, 0x8BA4, 0xCDD5,
    0xCDD5, 0x8BA4, 0x6429, 0xA431, 0xA431, 0xA431, 0xA431, 0xA431, 0xA431, 0xA431, 0xA431, 0xA431, 0xA431, 0xA431, 0xA431, 0xA431,
    0xA431, 0xA539, 0x6431, 0x6F8C, 0x1AE7, 0xFFFF, 0xFFFF, 0xDDFF, 0x94B5, 0xC539, 0xA431, 0xA431, 0xA431, 0x6429, 0x8BA4, 0xCDD5,
    0xCDD5, 0x8BA4, 0x6429, 0xA431, 0xA431, 0xA431, 0xA431, 0xA431, 0xA431, 0xA431, 0xA431, 0xA431, 0xA431, 0xA431, 0xA431, 0xA431,
    0xA431, 0xA539, 0x8431, 0xD8DE, 0x1BE7, 0xD19C, 0x0A63, 0x474A, 0xEA5A, 0xA431, 0x4329, 0xA431, 0xA431, 0x6429, 0x8BA4, 0xCDD5,
    0xCDD5, 0x8BA4, 0x6429, 0xA431, 0xA431, 0xA431, 0xA431, 0xA431, 0xA431, 0xA431, 0xA431, 0xA431, 0xA431, 0xA431, 0xA431, 0xA539,
    0x8431, 0x4329, 0x2329, 0x2642, 0x8852, 0x8C73, 0x74AD, 0x3BE7, 0xFEFF, 0xD5BD, 0xF5BD, 0x0642, 0x8431, 0x6429, 0x8BA4, 0xCDD5,
    0xCDD5, 0x8BA4, 0x6429, 0xA431, 0xA431, 0xA431, 0xA431, 0xA431, 0xA431, 0xA431, 0xA431, 0xA431, 0xA431, 0xA431, 0x8431, 0x4329,
    0xE539, 0x2B6B, 0xF29C, 0x78D6, 0xDDFF, 0xFFFF, 0xFFFF, 0xFEFF, 0xFDFF, 0xFFFF, 0xFFFF, 0x4B6B, 0x4329, 0x8431, 0x8BA4, 0xCDD5,
    0xCDD5, 0x8BA4, 0x6429, 0xA431, 0xA431, 0xA431, 0xA431, 0xA431, 0xA431, 0xA431, 0xA539, 0xA539, 0xA539, 0x6429, 0x674A, 0xD5BD,
    0x5BEF, 0xFEFF, 0xFFFF, 0xFFFF, 0xFEFF, 0xFDFF, 0xFDFF, 0xFDFF, 0xFDFF, 0xDDFF, 0xFFFF, 0x12A5, 0x2329, 0x8431, 0x8BA4, 0xCDD5,
    0xCDD5, 0x8BA4, 0x6429, 0xA431, 0xA431, 0xA431, 0xA431, 0xA539, 0xA539, 0x8431, 0x4329, 0x2221, 0xA431, 0x6329, 0x4F8C, 0xFFFF,
    0xFEFF, 0xFDFF, 0xFDFF, 0xFDFF, 0xFDFF, 0xFDFF, 0xFDFF, 0xFDFF, 0xFDFF, 0xDDFF, 0xFFFF, 0xB8D6, 0x8431, 0x6429, 0x8BA4, 0xCDD5,
    0xCDD5, 0x8BA4, 0x6429, 0xA539, 0xA539, 0xA431, 0x6329, 0x2329, 0x2329, 0xC539, 0xEA62, 0x9094, 0xB9D6, 0x4B6B, 0x32AD, 0xFFFF,
    0xDDFF, 0xFDFF, 0xFDFF, 0xFDFF, 0xFDFF, 0xFDFF, 0xFDFF, 0xFDFF, 0xFEFF, 0xFFFF, 0x16C6, 0x474A, 0xA539, 0x6429, 0x8BA4, 0xCDD5,
    0xCDD5, 0x8BA4, 0x6431, 0x8431, 0x2221, 0x8431, 0xA852, 0xCD7B, 0x94B5, 0x1AE7, 0xFEFF, 0xFFFF, 0xFEFF, 0x474A, 0xD9DE, 0xFFFF,
    0xFDFF, 0xFDFF, 0xFDFF, 0xFDFF, 0xFDFF, 0xFEFF, 0xFFFF, 0xFFFF, 0x5BEF, 0xB5B5, 0xC95A, 0xE220, 0xC539, 0x6429, 0x8BA4, 0xCDD5,
    0xCDD5, 0x8BA4, 0x4329, 0x474A, 0xF29C, 0x94B5, 0xF5BD, 0xFFFF, 0xFFFF, 0xFEFF, 0xFDFF, 0xDDFF, 0xBDF7, 0x8C73, 0x6C73, 0xFEFF,
    0xFEFF, 0xFEFF, 0xFFFF, 0xFFFF, 0xFDFF, 0xB8D6, 0xD19C, 0x0A63, 0x474A, 0xC95A, 0x12A5, 0xED83, 0x4329, 0x8431, 0x8BA4, 0xCDD5,
    0xCDD5, 0x8BA4, 0x4329, 0x274A, 0xCD7B, 0x8C73, 0x74B5, 0xFDFF, 0xDCFF, 0xFDFF, 0xFEFF, 0xFFFF, 0xFFFF, 0xDDFF, 0x674A, 0xAC73,
    0xFEFF, 0x7CEF, 0xF6C5, 0x4F8C, 0x8852, 0x474A, 0xAD73, 0x94B5, 0x9CF7, 0xFFFF, 0xFFFF, 0x57CE, 0xA539, 0x6429, 0x8BA4, 0xCDD5,
    0xCDD5, 0x8BA4, 0x6431, 0xA431, 0xC118, 0x4B6B, 0x33A5, 0xD9DE, 0xFFFF, 0xFEFF, 0x5BEF, 0xD5BD, 0x0E84, 0x8852, 0xE539, 0x4329,
    0xC95A, 0x274A, 0x4329, 0x4329, 0x2221, 0x2A63, 0xFFFF, 0xFEFF, 0x57CE, 0x4F8C, 0xA852, 0xA539, 0xA439, 0x6429, 0x8BA4, 0xCDD5,
    0xCDD5, 0x8BA4, 0x6431, 0x8431, 0x2642, 0x4F8C, 0x33A5, 0x16C6, 0x12A5, 0x2B6B, 0xE639, 0x4329, 0x2329, 0x6329, 0x8431, 0xA539,
    0x6329, 0x8431, 0xA539, 0xA539, 0xA539, 0x6431, 0xC95A, 0x2642, 0x4329, 0x2329, 0x6329, 0x8431, 0xA431, 0x6429, 0x8BA4, 0xCDD5,
    0xCDD5, 0x8BA4, 0x6431, 0x6431, 0xA95A, 0xB19C, 0x0A63, 0xA431, 0x2229, 0x4329, 0x8431, 0xA539, 0xA539, 0xA539, 0xA431, 0xA431,
    0xA539, 0xA431, 0xA431, 0xA431, 0xA431, 0xA431, 0x4329, 0x8431, 0xA539, 0xA539, 0xA539, 0xA431, 0xA431, 0x6429, 0x8BA4, 0xCDD5,
    0xCDD5, 0x8BA4, 0x6429, 0xA539, 0x8431, 0x2221, 0x4329, 0xA431, 0xA539, 0xA539, 0xA431, 0xA431, 0xA431, 0xA431, 0xA431, 0xA431,
    0xA431, 0xA431, 0xA431, 0xA431, 0xA431, 0xA431, 0xA539, 0xA431, 0xA431, 0xA431, 0xA431, 0xA431, 0xA431, 0x6429, 0x8BA4, 0xCDD5,
    0xCDD5, 0x8BA4, 0x6429, 0xA439, 0xA431, 0xA539, 0xA539, 0xA431, 0xA431, 0xA431, 0xA431, 0xA431, 0xA431, 0xA431, 0xA431, 0xA431,
    0xA431, 0xA431, 0xA431, 0xA431, 0xA431, 0xA431, 0xA431, 0xA431, 0xA431, 0xA431, 0xA431, 0xA431, 0xA539, 0x6429, 0x8BA4, 0xCDD5,
    0xCDD5, 0x8BA4, 0x6429, 0x8431, 0xA431, 0xA431, 0xA431, 0xA431, 0xA431, 0xA431, 0xA431, 0xA431, 0xA431, 0xA431, 0xA431, 0xA431,
    0xA431, 0xA431, 0xA431, 0xA431, 0xA431, 0xA431, 0xA431, 0xA431, 0xA431, 0xA431, 0xA431, 0xA431, 0x8431, 0x6429, 0x8BA4, 0xCDD5,
    0xCDD5, 0x6AA4, 0xC539, 0x6873, 0x6429, 0xA431, 0xA431, 0xA431, 0xA431, 0xA431, 0xA431, 0xA431, 0xA431, 0xA431, 0xA431, 0xA431,
    0xA431, 0xA431, 0xA431, 0xA431, 0xA431, 0xA431, 0xA431, 0xA431, 0xA431, 0xA431, 0xA431, 0x6429, 0x4873, 0xC539, 0x6AA4, 0xCDD5,
    0xCDD5, 0x8AA4, 0xA439, 0x8DCD, 0xA983, 0x4429, 0xA431, 0xA431, 0xA431, 0xA431, 0xA431, 0xA431, 0xA431, 0xA431, 0xA431, 0xA431,
    0xA431, 0xA431, 0xA431, 0xA431, 0xA431, 0xA431, 0xA431, 0xA431, 0xA431, 0xA431, 0x4429, 0xA983, 0x8DCD, 0xA439, 0x8AA4, 0xCDD5,
    0xCDD5, 0x8AA4, 0xA439, 0x6CC5, 0xEEDD, 0xA983, 0x6429, 0xA431, 0xA431, 0xA431, 0xA431, 0xA431, 0xA431, 0xA431, 0xA431, 0xA431,
    0xA431, 0xA431, 0xA431, 0xA431, 0xA431, 0xA431, 0xA431, 0xA431, 0xA431, 0x6429, 0xA983, 0xEEDD, 0x6CC5, 0xA439, 0x8AA4, 0xCDD5,
    0xCDD5, 0x8AA4, 0xA439, 0x2CBD, 0x6CC5, 0x8DCD, 0x6873, 0x8431, 0xA439, 0xA431, 0xA431, 0xA431, 0xA431, 0xA431, 0xA431, 0xA431,
    0xA431, 0xA431, 0xA431, 0xA431, 0xA431, 0xA431, 0xA431, 0xA439, 0x8431, 0x4873, 0x8DCD, 0x6CC5, 0x2CBD, 0xA439, 0x8AA4, 0xCDD5,
    0xCDD5, 0x8AA4, 0x4429, 0xA539, 0xA439, 0xA439, 0xC539, 0x6429, 0x6429, 0x6429, 0x6429, 0x6429, 0x6429, 0x6429, 0x6429, 0x6429,
    0x6429, 0x6429, 0x6429, 0x6429, 0x6429, 0x6429, 0x6429, 0x6429, 0x6429, 0xC539, 0xA439, 0xA439, 0xA539, 0x4429, 0x8AA4, 0xCDD5,
    0xADCD, 0x4CC5, 0x8AA4, 0x8AA4, 0x8AA4, 0x8AA4, 0x6AA4, 0x8BA4, 0x8BA4, 0x8BA4, 0x8BA4, 0x8BA4, 0x8BA4, 0x8BA4, 0x8BA4, 0x8BA4,
    0x8BA4, 0x8BA4, 0x8BA4, 0x8BA4, 0x8BA4, 0x8BA4, 0x8BA4, 0x8BA4, 0x8BA4, 0x6AA4, 0x8AA4, 0x8AA4, 0x8AA4, 0x8AA4, 0x4CC5, 0xADCD,
    0x8DCD, 0xADCD, 0xCDD5, 0xCDD5, 0xCDD5, 0xCDD5, 0xCDD5, 0xCDD5, 0xCDD5, 0xCDD5, 0xCDD5, 0xCDD5, 0xCDD5, 0xCDD5, 0xCDD5, 0xCDD5,
    0xCDD5, 0xCDD5, 0xCDD5, 0xCDD5, 0xCDD5, 0xCDD5, 0xCDD5, 0xCDD5, 0xCDD5, 0xCDD5, 0xCDD5, 0xCDD5, 0xCDD5, 0xCDD5, 0xADCD, 0x8DCD
};

const uint16_t icon_cargo_container_stratagem_icon_background[] PROGMEM = {
    0x8DCD, 0xADCD, 0xCDD5, 0xCDD5, 0xCDD5, 0xCDD5, 0xCDD5, 0xCDD5, 0xCDD5, 0xCDD5, 0xCDD5, 0xCDD5, 0xCDD5, 0xCDD5, 0xCDD5, 0xCDD5,
    0xCDD5, 0xCDD5, 0xCDD5, 0xCDD5, 0xCDD5, 0xCDD5, 0xCDD5, 0xCDD5, 0xCDD5, 0xCDD5, 0xCDD5, 0xCDD5, 0xCDD5, 0xCDD5, 0xADCD, 0x8DCD,
    0xADCD, 0x4CC5, 0x8AA4, 0x8AA4, 0x8AA4, 0x8AA4, 0x6AA4, 0x8BA4, 0x8BA4, 0x8BA4, 0x8BA4, 0x8BA4, 0x8BA4, 0x8BA4, 0x8BA4, 0x8BA4,
    0x8BA4, 0x8BA4, 0x8BA4, 0x8BA4, 0x8BA4, 0x8BA4, 0x8BA4, 0x8BA4, 0x8BA4, 0x6AA4, 0x8AA4, 0x8AA4, 0x8AA4, 0x8AA4, 0x4CC5, 0xADCD,
    0xCDD5, 0x8AA4, 0x4429, 0xA539, 0xA439, 0xA439, 0xC539, 0x6429, 0x6429, 0x6429, 0x6429, 0x6429, 0x6429, 0x6429, 0x6429, 0x6429,
    0x6429, 0x6429, 0x6429, 0x6429, 0x6429, 0x6429, 0x6429, 0x6429, 0x6429, 0xC539, 0xA439, 0xA439, 0xA539, 0x4429, 0x8AA4, 0xCDD5,
    0xCDD5, 0x8AA4, 0xA439, 0x2CBD, 0x6CC5, 0x8DCD, 0x6873, 0x8431, 0xA439, 0xA431, 0xA431, 0xA431, 0xA431, 0xA431, 0xA431, 0xA431,
    0xA431, 0xA431, 0xA431, 0xA431, 0xA431, 0xA431, 0xA431, 0xA439, 0x8431, 0x4873, 0x8DCD, 0x6CC5, 0x2CBD, 0xA439, 0x8AA4, 0xCDD5,
    0xCDD5, 0x8AA4, 0xA439, 0x6CC5, 0xEEDD, 0xA983, 0x6429, 0xA431, 0xA431, 0xA431, 0xA431, 0xA431, 0xA431, 0xA431, 0xA431, 0xA431,
    0xA431, 0xA431, 0xA431, 0xA431, 0xA431, 0xA431, 0xA431, 0xA431, 0xA431, 0x6429, 0xA983, 0xEEDD, 0x6CC5, 0xA439, 0x8AA4, 0xCDD5,
    0xCDD5, 0x8AA4, 0xA439, 0x8DCD, 0xA983, 0x4429, 0xA431, 0xA431, 0xA431, 0xA431, 0xA431, 0xA431, 0xA431, 0xA431, 0xA431, 0xA431,
    0xA431, 0xA431, 0xA431, 0xA431, 0xA431, 0xA431, 0xA431, 0xA431, 0xA431, 0xA431, 0x4429, 0xA983, 0x8DCD, 0xA439, 0x8AA4, 0xCDD5,
    0xCDD5, 0x6AA4, 0xC539, 0x687B, 0x6429, 0xA431, 0xA431, 0xA431, 0xA431, 0xA431, 0xA431, 0xA431, 0xA431, 0xA431, 0xA431, 0xA431,
    0xA431, 0xA431, 0xA431, 0xA431, 0xA431, 0xA431, 0xA431, 0xA431, 0xA431, 0xA431, 0xA431, 0x6429, 0x4873, 0xC539, 0x6AA4, 0xCDD5,
    0xCDD5, 0x8BA4, 0x6429, 0x8431, 0xA431, 0xA431, 0xA431, 0xA431, 0xA431, 0xA431, 0xA431, 0xA431, 0xA431, 0xA431, 0xA431, 0xA431,
    0xA431, 0xA431, 0xA431, 0xA431, 0xA431, 0xA431, 0xA431, 0xA431, 0xA431, 0xA431, 0xA431, 0xA431, 0x8431, 0x6429, 0x8BA4, 0xCDD5,
    0xCDD5, 0x8BA4, 0x6429, 0xA539, 0xA431, 0xA431, 0xA431, 0xA431, 0xA431, 0xA431, 0xA431, 0xA431, 0xA431, 0xA431, 0xA431, 0xA431,
    0xA431, 0xA431, 0xA431, 0xA431, 0xA431, 0xA431, 0xA431, 0xA431, 0xA431, 0xA431, 0xA431, 0xA431, 0xA539, 0x6429, 0x8BA4, 0xCDD5,
    0xCDD5, 0x8BA4, 0x6429, 0xA431, 0xA431, 0xA431, 0xA431, 0xA431, 0xA431, 0xA431, 0xA431, 0xA431, 0xA431, 0xA431, 0xA431, 0xA431,
    0xA431, 0xA431, 0xA431, 0xA431, 0xA431, 0xA431, 0xA431, 0xA431, 0xA431, 0xA431, 0xA431, 0xA431, 0xA431, 0x6429, 0x8BA4, 0xCDD5,
    0xCDD5, 0x8BA4, 0x6429, 0xA431, 0xA431, 0xA431, 0xA431, 0xA539, 0xA539, 0xA539, 0xA539, 0xA539, 0xA539, 0xA539, 0xA539, 0xA539,
    0xA539, 0xA539, 0xA539, 0xA539, 0xA539, 0xA539, 0xA539, 0xA539, 0xA539, 0xA431, 0xA431, 0xA431, 0xA431, 0x6429, 0x8BA4, 0xCDD5,
    0xCDD5, 0x8BA4, 0x6429, 0xA431, 0xA431, 0xA431, 0x8431, 0x4329, 0x2329, 0x2329, 0x2329, 0x2329, 0x2329, 0x2329, 0x2329, 0x2329,
    0x2329, 0x2329, 0x2329, 0x2329, 0x2329, 0x2329, 0x2329, 0x2329, 0x4329, 0x8431, 0xA431, 0xA431, 0xA431, 0x6429, 0x8BA4, 0xCDD5,
    0xCDD5, 0x8BA4, 0x6429, 0xA431, 0xA431, 0x6431, 0xE539, 0x6C6B, 0x0E84, 0xED83, 0xEE83, 0xEE83, 0xEE83, 0xEE83, 0xED83, 0xED7B,
    0xED7B, 0xED83, 0xEE83, 0xEE83, 0xEE83, 0xEE83, 0xED83, 0x0E84, 0x6C73, 0xE541, 0x6431, 0xA431, 0xA431, 0x6429, 0x8BA4, 0xCDD5,
    0xCDD5, 0x8BA4, 0x6429, 0xC539, 0x4329, 0xCD7B, 0x5CEF, 0xFEFF, 0xFFFF, 0xFFFF, 0xFFFF, 0xFFFF, 0xFFFF, 0xFFFF, 0xFFFF, 0xFFFF,
    0xFFFF, 0xFFFF, 0xFFFF, 0xFFFF, 0xFFFF, 0xFFFF, 0xFFFF, 0xFFFF, 0xFEFF, 0x5CEF, 0xCD7B, 0x4329, 0xC539, 0x6429, 0x8BA4, 0xCDD5,
    0xCDD5, 0x8BA4, 0x6429, 0xC539, 0x2221, 0x12A5, 0xFFFF, 0xDDFF, 0xFDFF, 0xFDFF, 0xFDFF, 0xFDFF, 0xDDFF, 0xFEFF, 0x5BEF, 0x0E84,
    0x0E84, 0x5BEF, 0xFEFF, 0xDDFF, 0xFDFF, 0xFDFF, 0xFDFF, 0xFDFF, 0xDDFF, 0xFFFF, 0x12A5, 0x2221, 0xC539, 0x6429, 0x8BA4, 0xCDD5,
    0xCDD5, 0x8BA4, 0x6429, 0xC539, 0x2221, 0xD19C, 0xFFFF, 0xFDFF, 0xFDFF, 0xFDFF, 0xFDFF, 0xFDFF, 0xFDFF, 0xFEFF, 0xF9DE, 0x4329,
    0x4329, 0xF9DE, 0xFEFF, 0xFDFF, 0xFDFF, 0xFDFF, 0xFDFF, 0xFDFF, 0xFDFF, 0xFFFF, 0xD19C, 0x2221, 0xC539, 0x6429, 0x8BA4, 0xCDD5,
    0xCDD5, 0x8BA4, 0x6429, 0xC539, 0x2221, 0xD19C, 0xFFFF, 0xFDFF, 0xFDFF, 0xFDFF, 0xFDFF, 0xFDFF, 0xFDFF, 0xFEFF, 0x19E7, 0xC539,
    0xC539, 0x19E7, 0xFEFF, 0xFDFF, 0xFDFF, 0xFDFF, 0xFDFF, 0xFDFF, 0xFDFF, 0xFFFF, 0xD19C, 0x2221, 0xC539, 0x6429, 0x8BA4, 0xCDD5,
    0xCDD5, 0x8BA4, 0x6429, 0xC539, 0x2221, 0xD19C, 0xFFFF, 0xFDFF, 0xFDFF, 0xFDFF, 0xFDFF, 0xFDFF, 0xFDFF, 0xFEFF, 0xF9DE, 0x6431,
    0x6431, 0xF9DE, 0xFEFF, 0xFDFF, 0xFDFF, 0xFDFF, 0xFDFF, 0xFDFF, 0xFDFF, 0xFFFF, 0xD19C, 0x2221, 0xC539, 0x6429, 0x8BA4, 0xCDD5,
    0xCDD5, 0x8BA4, 0x6429, 0xC539, 0x2221, 0xD19C, 0xFFFF, 0xFDFF, 0xFDFF, 0xFDFF, 0xFDFF, 0xFDFF, 0xDDFF, 0xFEFF, 0x1AE7, 0x8852,
    0x8852, 0x1AE7, 0xFEFF, 0xDDFF, 0xFDFF, 0xFDFF, 0xFDFF, 0xFDFF, 0xFDFF, 0xFFFF, 0xD19C, 0x2221, 0xC539, 0x6429, 0x8BA4, 0xCDD5,
    0xCDD5, 0x8BA4, 0x6429, 0xC539, 0x2221, 0xD19C, 0xFFFF, 0xDDFF, 0xFEFF, 0xFFFF, 0xFFFF, 0xFFFF, 0xFFFF, 0xFFFF, 0xFFFF, 0xFEFF,
    0xFEFF, 0xFFFF, 0xFFFF, 0xFFFF, 0xFFFF, 0xFFFF, 0xFFFF, 0xFEFF, 0xDDFF, 0xFFFF, 0xD19C, 0x2221, 0xC539, 0x6429, 0x8BA4, 0xCDD5,
    0xCDD5, 0x8BA4, 0x6429, 0xC539, 0x2221, 0xB19C, 0xFFFF, 0xFFFF, 0x1AE7, 0x36C6, 0x77CE, 0x57CE, 0x57CE, 0x57CE, 0x57CE, 0x77CE,
    0x77CE, 0x57CE, 0x57CE, 0x57CE, 0x57CE, 0x77CE, 0x36C6, 0x1AE7, 0xFFFF, 0xFFFF, 0xB09C, 0x2221, 0xC539, 0x6429, 0x8BA4, 0xCDD5,
    0xCDD5, 0x8BA4, 0x6429, 0xA539, 0x8431, 0x474A, 0x0E84, 0x0E84, 0x2642, 0x2329, 0x6329, 0x4329, 0x4329, 0x4329, 0x4329, 0x4329,
    0x4329, 0x4329, 0x4329, 0x4329, 0x4329, 0x6329, 0x2329, 0x2642, 0x0E84, 0x0E84, 0x474A, 0x8431, 0xA539, 0x6429, 0x8BA4, 0xCDD5,
    0xCDD5, 0x8BA4, 0x6429, 0xA431, 0xA431, 0x8431, 0x2329, 0x2329, 0x8431, 0xA539, 0xA539, 0xA539, 0xA539, 0xA539, 0xA539, 0xA539,
    0xA539, 0xA539, 0xA539, 0xA539, 0xA539, 0xA539, 0xA539, 0x8431, 0x2329, 0x2329, 0x8431, 0xA431, 0xA431, 0x6429, 0x8BA4, 0xCDD5,
    0xCDD5, 0x8BA4, 0x6429, 0xA539, 0xA431, 0xA431, 0xA539, 0xA539, 0xA431, 0xA431, 0xA431, 0xA431, 0xA431, 0xA431, 0xA431, 0xA431,
    0xA431, 0xA431, 0xA431, 0xA431, 0xA431, 0xA431, 0xA431, 0xA431, 0xA539, 0xA539, 0xA431, 0xA431, 0xA539, 0x6429, 0x8BA4, 0xCDD5,
    0xCDD5, 0x8BA4, 0x6429, 0x8431, 0xA431, 0xA431, 0xA431, 0xA431, 0xA431, 0xA431, 0xA431, 0xA431, 0xA431, 0xA431, 0xA431, 0xA431,
    0xA431, 0xA431, 0xA431, 0xA431, 0xA431, 0xA431, 0xA431, 0xA431, 0xA431, 0xA431, 0xA431, 0xA431, 0x8431, 0x6429, 0x8BA4, 0xCDD5,
    0xCDD5, 0x6AA4, 0xC539, 0x687B, 0x6429, 0xA431, 0xA431, 0xA431, 0xA431, 0xA431, 0xA431, 0xA431, 0xA431, 0xA431, 0xA431, 0xA431,
    0xA431, 0xA431, 0xA431, 0xA431, 0xA431, 0xA431, 0xA431, 0xA431, 0xA431, 0xA431, 0xA431, 0x6429, 0x687B, 0xC539, 0x6AA4, 0xCDD5,
    0xCDD5, 0x8AA4, 0xA439, 0x8DCD, 0xA983, 0x4429, 0xA431, 0xA431, 0xA431, 0xA431, 0xA431, 0xA431, 0xA431, 0xA431, 0xA431, 0xA431,
    0xA431, 0xA431, 0xA431, 0xA431, 0xA431, 0xA431, 0xA431, 0xA431, 0xA431, 0xA431, 0x4429, 0xA983, 0x8DCD, 0xA439, 0x8AA4, 0xCDD5,
    0xCDD5, 0x8AA4, 0xA439, 0x6CC5, 0xEEDD, 0xA983, 0x6429, 0xA431, 0xA431, 0xA431, 0xA431, 0xA431, 0xA431, 0xA431, 0xA431, 0xA431,
    0xA431, 0xA431, 0xA431, 0xA431, 0xA431, 0xA431, 0xA431, 0xA431, 0xA431, 0x6429, 0xA983, 0xEEDD, 0x6CC5, 0xA439, 0x8AA4, 0xCDD5,
    0xCDD5, 0x8AA4, 0xA439, 0x2CBD, 0x6CC5, 0x8DCD, 0x687B, 0x8431, 0xA439, 0xA431, 0xA431, 0xA431, 0xA431, 0xA431, 0xA431, 0xA431,
    0xA431, 0xA431, 0xA431, 0xA431, 0xA431, 0xA431, 0xA431, 0xA439, 0x8431, 0x687B, 0x8DCD, 0x6CC5, 0x2CBD, 0xA439, 0x8AA4, 0xCDD5,
    0xCDD5, 0x8AA4, 0x4429, 0xA539, 0xA439, 0xA439, 0xC539, 0x6429, 0x6429, 0x6429, 0x6429, 0x6429, 0x6429, 0x6429, 0x6429, 0x6429,
    0x6429, 0x6429, 0x6429, 0x6429, 0x6429, 0x6429, 0x6429, 0x6429, 0x6429, 0xC539, 0xA439, 0xA439, 0xA539, 0x4429, 0x8AA4, 0xCDD5,
    0xADCD, 0x4CC5, 0x8AA4, 0x8AA4, 0x8AA4, 0x8AA4, 0x6AA4, 0x8BA4, 0x8BA4, 0x8BA4, 0x8BA4, 0x8BA4, 0x8BA4, 0x8BA4, 0x8BA4, 0x8BA4,
    0x8BA4, 0x8BA4, 0x8BA4, 0x8BA4, 0x8BA4, 0x8BA4, 0x8BA4, 0x8BA4, 0x8BA4, 0x6AA4, 0x8AA4, 0x8AA4, 0x8AA4, 0x8AA4, 0x4CC5, 0xADCD,
    0x8DCD, 0xADCD, 0xCDD5, 0xCDD5, 0xCDD5, 0xCDD5, 0xCDD5, 0xCDD5, 0xCDD5, 0xCDD5, 0xCDD5, 0xCDD5, 0xCDD5, 0xCDD5, 0xCDD5, 0xCDD5,
    0xCDD5, 0xCDD5, 0xCDD5, 0xCDD5, 0xCDD5, 0xCDD5, 0xCDD5, 0xCDD5, 0xCDD5, 0xCDD5, 0xCDD5, 0xCDD5, 0xCDD5, 0xCDD5, 0xADCD, 0x8DCD
};

const uint16_t icon_commando_stratagem_icon_background[] PROGMEM = {
    0xDA55, 0xDA55, 0x1B5E, 0x1B5E, 0x1B5E, 0x1B5E, 0x1B5E, 0x1B5E, 0x1B5E, 0x1B5E, 0x1B5E, 0x1B5E, 0x1B5E, 0x1B5E, 0x1B5E, 0x1B5E,
    0x1B5E, 0x1B5E, 0x1B5E, 0x1B5E, 0x1B5E, 0x1B5E, 0x1B5E, 0x1B5E, 0x1B5E, 0x1B5E, 0x1B5E, 0x1B5E, 0x1B5E, 0x1B5E, 0xDA55, 0xDA55,
    0xFA55, 0x7855, 0x7444, 0x9444, 0x7444, 0x7444, 0x7444, 0x7444, 0x7444, 0x7444, 0x7444, 0x7444, 0x7444, 0x7444, 0x7444, 0x7444,
    0x7444, 0x7444, 0x7444, 0x7444, 0x7444, 0x7444, 0x7444, 0x7444, 0x7444, 0x7444, 0x7444, 0x7444, 0x9444, 0x7444, 0x7855, 0xFA55,
    0x1B5E, 0x743C, 0x0000, 0x6200, 0x6200, 0x6200, 0x6200, 0x6200, 0x6200, 0x6200, 0x6200, 0x6200, 0x6200, 0x6200, 0x6200, 0x6200,
    0x6200, 0x6200, 0x6200, 0x6200, 0x6200, 0x6200, 0x6200, 0x6200, 0x6200, 0x6200, 0x6200, 0x6200, 0x6200, 0x0000, 0x743C, 0x1B5E,
    0x1B5E, 0x7444, 0x6200, 0xC300, 0xA300, 0xA300, 0xA300, 0x8200, 0xA300, 0xA300, 0xA300, 0xA300, 0xA300, 0xA300, 0xA300, 0xA300,
    0xA300, 0xA300, 0xA300, 0xA300, 0xA300, 0xA300, 0xA300, 0xA300, 0xA300, 0xA300, 0xA300, 0xA300, 0xC300, 0x6200, 0x7444, 0x1B5E,
    0x1B5E, 0x7444, 0x6200, 0xA300, 0xA300, 0xA300, 0x8200, 0x8621, 0x8300, 0x8300, 0xA300, 0xA300, 0xA300, 0xA300, 0xA300, 0xA300,
    0xA300, 0xA300, 0xA300, 0xA300, 0xA300, 0xA300, 0xA300, 0xA300, 0xA300, 0xA300, 0xA300, 0xA300, 0xA300, 0x6200, 0x7444, 0x1B5E,
    0x1B5E, 0x7444, 0x6200, 0xA300, 0xA300, 0xC300, 0x0000, 0x918C, 0xD294, 0x0000, 0x8300, 0xA300, 0xA300, 0xA300, 0xA300, 0xA300,
    0xA300, 0xA300, 0xA300, 0xA300, 0xA300, 0xA300, 0xA300, 0xA300, 0xA300, 0xA300, 0xA300, 0xA300, 0xA300, 0x6200, 0x7444, 0x1B5E,
    0x1B5E, 0x7444, 0x6200, 0xA300, 0xA300, 0xC300, 0x0000, 0x918C, 0xFFFF, 0xF294, 0xA308, 0xC300, 0xC300, 0xC300, 0xC300, 0xC300,
    0xC300, 0xC300, 0xC300, 0xC300, 0xC300, 0xC300, 0xC300, 0xC300, 0xA300, 0xA300, 0xA300, 0xA300, 0xA300, 0x6200, 0x7444, 0x1B5E,
    0x1B5E, 0x7444, 0x6200, 0xA300, 0xA300, 0xA300, 0x6200, 0x2832, 0xAE6B, 0xEF73, 0x0409, 0x0000, 0x0100, 0x0100, 0x0100, 0x0100,
    0x0100, 0x0100, 0x0100, 0x0100, 0x0100, 0x0100, 0x0100, 0x0100, 0x4200, 0xA300, 0xA300, 0xA300, 0xA300, 0x6200, 0x7444, 0x1B5E,
    0x1B5E, 0x7444, 0x6200, 0xA300, 0xA300, 0xA300, 0x6200, 0x493A, 0xEF73, 0xCE6B, 0x5084, 0x7184, 0x7184, 0x7184, 0x7184, 0x7184,
    0x7084, 0x5084, 0x5084, 0x5084, 0x5084, 0x5084, 0x507C, 0x507C, 0x493A, 0x4200, 0xA300, 0xA300, 0xA300, 0x6200, 0x7444, 0x1B5E,
    0x1B5E, 0x7444, 0x6200, 0xA300, 0xA300, 0xC300, 0x0100, 0x5084, 0xFFFF, 0xFDFF, 0xFDFF, 0xFDFF, 0xFDFF, 0xFDFF, 0xFDFF, 0xFDFF,
    0xFEFF, 0xFFFF, 0xFFFF, 0xFFFF, 0xFFFF, 0xFFFF, 0xFFFF, 0xFFFF, 0xFEFF, 0x283A, 0x4200, 0xA300, 0xA300, 0x6200, 0x7444, 0x1B5E,
    0x1B5E, 0x7444, 0x6200, 0xA300, 0xA300, 0xA300, 0x8200, 0xE408, 0x4519, 0x4519, 0x4519, 0x4519, 0x4519, 0x4519, 0x6619, 0xC318,
    0x918C, 0xBEF7, 0x9CF7, 0xBCF7, 0xBCF7, 0xBCF7, 0xBCF7, 0x9CF7, 0xFFFF, 0x7084, 0x0100, 0xC300, 0xA300, 0x6200, 0x7444, 0x1B5E,
    0x1B5E, 0x7444, 0x6200, 0xA300, 0xA300, 0xC300, 0x0100, 0x5084, 0xFFFF, 0xFDFF, 0xFDFF, 0xFDFF, 0xFDFF, 0xFDFF, 0xFDFF, 0xFDFF,
    0xFEFF, 0xFFFF, 0xFFFF, 0xFFFF, 0xFFFF, 0xFFFF, 0xFFFF, 0xFFFF, 0xFEFF, 0x283A, 0x4200, 0xA300, 0xA300, 0x6200, 0x7444, 0x1B5E,
    0x1B5E, 0x7444, 0x6200, 0xA300, 0xA300, 0xA300, 0x6200, 0x493A, 0xEF73, 0xCE6B, 0x5084, 0x7184, 0x7184, 0x7184, 0x7184, 0x7184,
    0x7084, 0x5084, 0x5084, 0x5084, 0x5084, 0x5084, 0x507C, 0x307C, 0x483A, 0x4200, 0xA300, 0xA300, 0xA300, 0x6200, 0x7444, 0x1B5E,
    0x1B5E, 0x7444, 0x6200, 0xA300, 0xA300, 0xA300, 0x6200, 0x2832, 0xAE6B, 0xEF73, 0xE408, 0x0000, 0x0100, 0x0100, 0x0100, 0x0100,
    0x0100, 0x0100, 0x0100, 0x0100, 0x0100, 0x0100, 0x0100, 0x0100, 0x4200, 0xA300, 0xA300, 0xA300, 0xA300, 0x6200, 0x7444, 0x1B5E,
    0x1B5E, 0x7444, 0x6200, 0xA300, 0xA300, 0xC300, 0x0000, 0x918C, 0xFFFF, 0xD294, 0xA308, 0xC300, 0xC300, 0xC300, 0xC300, 0xC300,
    0xC300, 0xC300, 0xC300, 0xC300, 0xC300, 0xC300, 0xC300, 0xC300, 0xA300, 0xA300, 0xA300, 0xA300, 0xA300, 0x6200, 0x7444, 0x1B5E,
    0x1B5E, 0x7444, 0x6200, 0xA300, 0xA300, 0xC300, 0x0100, 0x918C, 0xB28C, 0x0000, 0x8300, 0xA300, 0xA300, 0xA300, 0xA300, 0xA300,
    0xA300, 0xA300, 0xA300, 0xA300, 0xA300, 0xA300, 0xA300, 0xA300, 0xA300, 0xA300, 0xA300, 0xA300, 0xA300, 0x6200, 0x7444, 0x1B5E,
    0x1B5E, 0x7444, 0x6200, 0xA300, 0xA300, 0xA300, 0x8300, 0x8621, 0xA300, 0xA300, 0xA300, 0xA300, 0xA300, 0xA300, 0xA300, 0xA300,
    0xA300, 0xA300, 0xA300, 0xA300, 0xA300, 0xA300, 0xA300, 0xA300, 0xA300, 0xA300, 0xA300, 0xA300, 0xA300, 0x6200, 0x7444, 0x1B5E,
    0x1B5E, 0x7444, 0x6200, 0xA300, 0x8300, 0x6200, 0x6100, 0x2100, 0x6100, 0x6200, 0x4100, 0x4100, 0x4100, 0x4100, 0x6200, 0x6200,
    0x6200, 0x6200, 0x6200, 0x6200, 0x6200, 0x6200, 0x6200, 0x4100, 0x4100, 0x4100, 0x6200, 0xA300, 0xA300, 0x6200, 0x7444, 0x1B5E,
    0x1B5E, 0x7444, 0x6200, 0xA300, 0xA300, 0xE811, 0xE911, 0xE919, 0xE911, 0xE911, 0xE911, 0xE811, 0x6B1A, 0x6F2B, 0x733C, 0x7444,
    0x743C, 0x743C, 0x743C, 0x743C, 0x743C, 0xB544, 0xED22, 0xC811, 0xE911, 0x091A, 0x6609, 0x8200, 0xA300, 0x6200, 0x7444, 0x1B5E,
    0x1B5E, 0x7444, 0x6200, 0x8300, 0xE400, 0xB955, 0x3B5E, 0xFB5D, 0x1B5E, 0x1B5E, 0x1B5E, 0x1B5E, 0x1B5E, 0x3C5E, 0x1B5E, 0x1B5E,
    0x1B5E, 0x1B5E, 0x1B5E, 0x1B5E, 0x1B5E, 0x1B5E, 0x1B5E, 0x1B5E, 0xFB5D, 0x3B5E, 0x584D, 0xC400, 0xA300, 0x6200, 0x7444, 0x1B5E,
    0x1B5E, 0x7444, 0x6200, 0x8300, 0xE400, 0x584D, 0xDA55, 0xB955, 0xB955, 0xB955, 0xBA55, 0xDA55, 0xBA55, 0xB955, 0xBA55, 0xBA55,
    0xBA55, 0xBA55, 0xBA55, 0xBA55, 0xBA55, 0xBA55, 0xBA55, 0xBA55, 0xB955, 0xDA55, 0x574D, 0xE400, 0x8300, 0x6200, 0x7444, 0x1B5E,
    0x1B5E, 0x7444, 0x6200, 0x8300, 0xE400, 0x9955, 0x1B5E, 0xFA5D, 0xFB5D, 0xFB5D, 0xDA55, 0xDA55, 0xDA55, 0xDA55, 0xDA55, 0xDA55,
    0xDA55, 0xDA55, 0xDA55, 0xDA55, 0xDA55, 0xBA55, 0xDA55, 0xDA55, 0xB955, 0xDA55, 0x9955, 0x0401, 0x8300, 0x6200, 0x7444, 0x1B5E,
    0x1B5E, 0x7444, 0x6200, 0x8300, 0xE400, 0xB544, 0x174D, 0xF64C, 0xF64C, 0x164D, 0xDA55, 0xFA55, 0xBA55, 0xDA55, 0xDA55, 0xDA55,
    0xDA55, 0xFA5D, 0x1B5E, 0xFA55, 0xBA55, 0x1B5E, 0xFA5D, 0xFA55, 0x1B5E, 0x3B5E, 0x533C, 0xA300, 0xA300, 0x6200, 0x7444, 0x1B5E,
    0x1B5E, 0x7444, 0x6200, 0xA300, 0xA300, 0xA300, 0xA300, 0xC300, 0x8200, 0x8709, 0x584D, 0x9955, 0x1B5E, 0xDA55, 0xDA55, 0xDA55,
    0xBA55, 0x374D, 0xF644, 0x784D, 0x1B5E, 0x533C, 0xB544, 0x174D, 0x0E2B, 0xC811, 0xA300, 0x8200, 0xA300, 0x6200, 0x7444, 0x1B5E,
    0x1B5E, 0x7444, 0x6200, 0xA300, 0xA300, 0x8300, 0x8300, 0x8300, 0x8300, 0xA300, 0xE400, 0xE408, 0xED22, 0xDA55, 0xDA55, 0xFA55,
    0x9955, 0xC400, 0x8200, 0x374D, 0xB544, 0xC308, 0xB033, 0xB033, 0x0000, 0x6200, 0x8300, 0xA300, 0xA300, 0x6200, 0x7444, 0x1B5E,
    0x1B5E, 0x7444, 0x6200, 0xA300, 0xA300, 0xA300, 0xA300, 0xA300, 0xA300, 0xA300, 0x8200, 0x8200, 0x2000, 0x123C, 0x1B5E, 0xDA55,
    0x374D, 0x4A1A, 0xD133, 0x1B5E, 0x0509, 0x2100, 0xC811, 0xA811, 0x8200, 0xA300, 0xA300, 0xA300, 0xA300, 0x6200, 0x7444, 0x1B5E,
    0x1B5E, 0x7444, 0x6200, 0xA300, 0xA300, 0xA300, 0xA300, 0xA300, 0xA300, 0xA300, 0xA300, 0xC300, 0x4100, 0x2E2B, 0x7D5E, 0x2A1A,
    0xC400, 0xE408, 0xA711, 0x4A1A, 0x8200, 0xA300, 0x6200, 0x6200, 0xA300, 0xA300, 0xA300, 0xA300, 0xA300, 0x6200, 0x7444, 0x1B5E,
    0x1B5E, 0x7444, 0x6200, 0xA300, 0xA300, 0xA300, 0xA300, 0xA300, 0xA300, 0xA300, 0xA300, 0xA300, 0x8200, 0x4609, 0xCC22, 0x8300,
    0x8200, 0x8200, 0x6200, 0x6200, 0xA300, 0xA300, 0xA300, 0xA300, 0xA300, 0xA300, 0xA300, 0xA300, 0xA300, 0x6200, 0x7444, 0x1B5E,
    0x1B5E, 0x7444, 0x6200, 0xC300, 0xA300, 0xA300, 0xA300, 0xA300, 0xA300, 0xA300, 0xA300, 0xA300, 0xA300, 0x8200, 0x4100, 0xA300,
    0xA300, 0xA300, 0xA300, 0xC300, 0xA300, 0xA300, 0xA300, 0xA300, 0xA300, 0xA300, 0xA300, 0xA300, 0xC300, 0x6200, 0x7444, 0x1B5E,
    0x1B5E, 0x743C, 0x0000, 0x6200, 0x6200, 0x6200, 0x6200, 0x6200, 0x6200, 0x6200, 0x6200, 0x6200, 0x6200, 0x6200, 0x6200, 0x6200,
    0x6200, 0x6200, 0x6200, 0x6200, 0x6200, 0x6200, 0x6200, 0x6200, 0x6200, 0x6200, 0x6200, 0x6200, 0x6200, 0x0000, 0x743C, 0x1B5E,
    0xFA55, 0x7855, 0x7444, 0x9444, 0x7444, 0x7444, 0x7444, 0x7444, 0x7444, 0x7444, 0x7444, 0x7444, 0x7444, 0x7444, 0x7444, 0x7444,
    0x7444, 0x7444, 0x7444, 0x7444, 0x7444, 0x7444, 0x7444, 0x7444, 0x7444, 0x7444, 0x7444, 0x7444, 0x9444, 0x7444, 0x7855, 0xFA55,
    0xDA55, 0xDA55, 0x1B5E, 0x1B5E, 0x1B5E, 0x1B5E, 0x1B5E, 0x1B5E, 0x1B5E, 0x1B5E, 0x1B5E, 0x1B5E, 0x1B5E, 0x1B5E, 0x1B5E, 0x1B5E,
    0x1B5E, 0x1B5E, 0x1B5E, 0x1B5E, 0x1B5E, 0x1B5E, 0x1B5E, 0x1B5E, 0x1B5E, 0x1B5E, 0x1B5E, 0x1B5E, 0x1B5E, 0x1B5E, 0xDA55, 0xDA55
};

const uint16_t icon_cremator_stratagem_icon_background[] PROGMEM = {
    0xDA55, 0xDA55, 0x1B5E, 0x1B5E, 0x1B5E, 0x1B5E, 0x1B5E, 0x1B5E, 0x1B5E, 0x1B5E, 0x1B5E, 0x1B5E, 0x1B5E, 0x1B5E, 0x1B5E, 0x1B5E,
    0x1B5E, 0x1B5E, 0x1B5E, 0x1B5E, 0x1B5E, 0x1B5E, 0x1B5E, 0x1B5E, 0x1B5E, 0x1B5E, 0x1B5E, 0x1B5E, 0x1B5E, 0x1B5E, 0xDA55, 0xDA55,
    0xFA55, 0x7855, 0x7444, 0x9444, 0x7444, 0x7444, 0x7444, 0x7444, 0x7444, 0x7444, 0x7444, 0x7444, 0x7444, 0x7444, 0x7444, 0x7444,
    0x7444, 0x7444, 0x7444, 0x7444, 0x7444, 0x7444, 0x7444, 0x7444, 0x7444, 0x7444, 0x7444, 0x7444, 0x9444, 0x7444, 0x7855, 0xFA55,
    0x1B5E, 0x743C, 0x0000, 0x6200, 0x6200, 0x6200, 0x6200, 0x6200, 0x6200, 0x6200, 0x6200, 0x6200, 0x6200, 0x6200, 0x6200, 0x6200,
    0x6200, 0x6200, 0x6200, 0x6200, 0x6200, 0x6200, 0x6200, 0x6200, 0x6200, 0x6200, 0x6200, 0x6200, 0x6200, 0x0000, 0x743C, 0x1B5E,
    0x1B5E, 0x7444, 0x6200, 0xC300, 0xA300, 0xA300, 0xA300, 0xA300, 0xA300, 0xA300, 0xA300, 0xA300, 0xA300, 0xA300, 0xA300, 0xA300,
    0xA300, 0xA300, 0xA300, 0xA300, 0xA300, 0xA300, 0xA300, 0xA300, 0xA300, 0xA300, 0xA300, 0xA300, 0xC300, 0x6200, 0x7444, 0x1B5E,
    0x1B5E, 0x7444, 0x6200, 0xA300, 0xA300, 0xA300, 0xA300, 0xA300, 0xA300, 0xA300, 0xA300, 0xA300, 0xA300, 0xA300, 0x6200, 0x8200,
    0xA300, 0xA300, 0xA300, 0xA300, 0xA300, 0xA300, 0xA300, 0xA300, 0xA300, 0xA300, 0xA300, 0xA300, 0xA300, 0x6200, 0x7444, 0x1B5E,
    0x1B5E, 0x7444, 0x6200, 0xA300, 0xA300, 0xA300, 0xA300, 0xA300, 0xA300, 0xA300, 0xA300, 0xA300, 0xA300, 0x6200, 0x2C5B, 0x0411,
    0x6200, 0xA300, 0xA300, 0xA300, 0xA300, 0xA300, 0xA300, 0xA300, 0xA300, 0xA300, 0xA300, 0xA300, 0xA300, 0x6200, 0x7444, 0x1B5E,
    0x1B5E, 0x7444, 0x6200, 0xA300, 0xA300, 0xA300, 0xA300, 0xA300, 0xA300, 0xA300, 0xA300, 0xA300, 0xA300, 0x2100, 0xB5B5, 0x37C6,
    0x6200, 0x6200, 0xA300, 0xA300, 0xA300, 0xA300, 0xA300, 0xA300, 0xA300, 0xA300, 0xA300, 0xA300, 0xA300, 0x6200, 0x7444, 0x1B5E,
    0x1B5E, 0x7444, 0x6200, 0xA300, 0xA300, 0xA300, 0xA300, 0xA300, 0xA300, 0xA300, 0xA300, 0xA300, 0xC300, 0x2100, 0xF294, 0xFFFF,
    0xD5B5, 0xC308, 0xA300, 0xA300, 0xA300, 0xA300, 0xA300, 0xA300, 0xA300, 0xA300, 0xA300, 0xA300, 0xA300, 0x6200, 0x7444, 0x1B5E,
    0x1B5E, 0x7444, 0x6200, 0xA300, 0xA300, 0xA300, 0xA300, 0xA300, 0xA300, 0xA300, 0xA300, 0xA300, 0xA300, 0x0100, 0xB5B5, 0xFEFF,
    0xFFFF, 0x0F74, 0x0000, 0xC300, 0xA300, 0xA300, 0xA300, 0xA300, 0xA300, 0xA300, 0xA300, 0xA300, 0xA300, 0x6200, 0x7444, 0x1B5E,
    0x1B5E, 0x7444, 0x6200, 0xA300, 0xA300, 0xA300, 0xA300, 0xA300, 0xA300, 0xA300, 0xA300, 0xA300, 0x2100, 0x5084, 0xFEFF, 0xFDFF,
    0xFFFF, 0x7084, 0xE731, 0xC300, 0xA300, 0xA300, 0xA300, 0xA300, 0xA300, 0xA300, 0xA300, 0xA300, 0xA300, 0x6200, 0x7444, 0x1B5E,
    0x1B5E, 0x7444, 0x6200, 0xA300, 0xA300, 0xA300, 0xA300, 0xA300, 0xA300, 0xA300, 0xA300, 0x4200, 0x307C, 0xFFFF, 0xFEFF, 0x7BEF,
    0x7CEF, 0x74A5, 0x37C6, 0x0409, 0x8200, 0xA300, 0xA300, 0xA300, 0xA300, 0xA300, 0xA300, 0xA300, 0xA300, 0x6200, 0x7444, 0x1B5E,
    0x1B5E, 0x7444, 0x6200, 0xA300, 0xA300, 0xA300, 0xA300, 0xA300, 0xA300, 0xA300, 0x8300, 0xA300, 0xFADE, 0xFFFF, 0x7CEF, 0x283A,
    0xD9DE, 0xBDF7, 0xFEFF, 0x493A, 0x4100, 0xA300, 0xA300, 0xA300, 0xA300, 0xA300, 0xA300, 0xA300, 0xA300, 0x6200, 0x7444, 0x1B5E,
    0x1B5E, 0x7444, 0x6200, 0xA300, 0xA300, 0xA300, 0xA300, 0xA300, 0xA300, 0xA300, 0x8300, 0xA300, 0xFADE, 0x3BE7, 0xE731, 0x0000,
    0xF294, 0xFEFF, 0xFFFF, 0xD294, 0x2100, 0xC300, 0xA300, 0xA300, 0xA300, 0xA300, 0xA300, 0xA300, 0xA300, 0x6200, 0x7444, 0x1B5E,
    0x1B5E, 0x7444, 0x6200, 0xA300, 0xA300, 0xA300, 0xA300, 0xA300, 0xA300, 0xA300, 0xA300, 0x6200, 0xB9D6, 0xFADE, 0xA308, 0x8200,
    0x4100, 0x16BE, 0xFFFF, 0xEF73, 0x4100, 0xA300, 0xA300, 0xA300, 0xA300, 0xA300, 0xA300, 0xA300, 0xA300, 0x6200, 0x7444, 0x1B5E,
    0x1B5E, 0x7444, 0x6200, 0xA300, 0xA300, 0xA300, 0xA300, 0xA300, 0xA300, 0xA300, 0xA300, 0x6200, 0x6521, 0x5CEF, 0x98CE, 0x0000,
    0x8A42, 0xFEFF, 0x507C, 0x2100, 0xA300, 0xA300, 0xA300, 0xA300, 0xA300, 0xA300, 0xA300, 0xA300, 0xA300, 0x6200, 0x7444, 0x1B5E,
    0x1B5E, 0x7444, 0x6200, 0xA300, 0xA300, 0xA300, 0xA300, 0xA300, 0xA300, 0xA300, 0xA300, 0xA300, 0x2100, 0xA621, 0x37BE, 0x6200,
    0xCE6B, 0xD294, 0x0000, 0xA300, 0xA300, 0xA300, 0xA300, 0xA300, 0xA300, 0xA300, 0xA300, 0xA300, 0xA300, 0x6200, 0x7444, 0x1B5E,
    0x1B5E, 0x7444, 0x6200, 0xA300, 0xA300, 0xA300, 0xA300, 0xA300, 0xA300, 0xA300, 0xA300, 0xA300, 0xA300, 0x6200, 0x0409, 0xC300,
    0x2511, 0x8200, 0x8300, 0xA300, 0xA300, 0xA300, 0xA300, 0xA300, 0xA300, 0xA300, 0xA300, 0xA300, 0xA300, 0x6200, 0x7444, 0x1B5E,
    0x1B5E, 0x7444, 0x6200, 0xA300, 0xA300, 0xA300, 0xA300, 0xA300, 0x8200, 0x8200, 0x6200, 0xA300, 0xC300, 0x6200, 0x6200, 0xA300,
    0x2100, 0x6200, 0xA300, 0xA300, 0xA300, 0xA300, 0xA300, 0xA300, 0xA300, 0xA300, 0xA300, 0xA300, 0xA300, 0x6200, 0x7444, 0x1B5E,
    0x1B5E, 0x7444, 0x6200, 0xA300, 0xA300, 0xA300, 0x6200, 0x8200, 0x0401, 0xC300, 0xC811, 0xC300, 0x0000, 0xE811, 0x4609, 0x6200,
    0x8B22, 0x091A, 0x8200, 0xC300, 0xA300, 0xA300, 0xA300, 0xA300, 0xA300, 0xA300, 0xA300, 0x8200, 0x8300, 0x4100, 0x7444, 0x1B5E,
    0x1B5E, 0x9444, 0x6200, 0x8200, 0x6100, 0x8200, 0x0509, 0x333C, 0xBA55, 0xF644, 0x4F2B, 0xAC22, 0x2E2B, 0x784D, 0x091A, 0x0E2B,
    0xCD22, 0x6B1A, 0x0000, 0x4100, 0x2100, 0x2100, 0x2100, 0x2100, 0x2100, 0x2100, 0x2100, 0xE400, 0x0509, 0xA300, 0x9444, 0x1B5E,
    0x3B5E, 0x733C, 0x2000, 0x2509, 0x6611, 0x533C, 0xB955, 0xFA55, 0xFA55, 0xDA55, 0x9955, 0xDA55, 0x3C5E, 0xDA55, 0xB544, 0xD544,
    0x2E2B, 0x6F2B, 0x9033, 0x9033, 0x9033, 0x9033, 0x6F2B, 0x9033, 0x6F2B, 0x6F2B, 0xB033, 0x584D, 0x9955, 0xF644, 0xD544, 0x1B5E,
    0xFA55, 0x374D, 0x333C, 0x9955, 0x174D, 0x584D, 0x1B5E, 0xDA55, 0xDA55, 0xB955, 0xDA55, 0xDA55, 0xB955, 0xFA55, 0x374D, 0xD644,
    0x533C, 0xF64C, 0xD133, 0xD133, 0xF133, 0xF233, 0x123C, 0xF13B, 0x164D, 0x533C, 0x123C, 0xB955, 0xFB5D, 0x574D, 0xD544, 0x1B5E,
    0xB955, 0x1B5E, 0x323C, 0xC811, 0x0509, 0x6200, 0x2E2B, 0xFA55, 0xDA55, 0x3C5E, 0xDA55, 0xDA55, 0xDA55, 0xDA55, 0x784D, 0xB544,
    0x9444, 0xF644, 0x374D, 0x784D, 0x374D, 0xF644, 0xB544, 0x7444, 0xD544, 0x9444, 0xD544, 0x1B5E, 0x5C5E, 0x584D, 0xD544, 0x1B5E,
    0x1B5E, 0xD544, 0x4A1A, 0xCC22, 0xCC22, 0x8B22, 0xD133, 0x2A1A, 0x091A, 0x9033, 0x7855, 0xDA55, 0xB955, 0xB955, 0xBA55, 0xF23B,
    0xC811, 0x4A1A, 0xED22, 0x9033, 0xCD22, 0x4A1A, 0x6B1A, 0x6B1A, 0x4A1A, 0x4A1A, 0x8B22, 0x2E2B, 0x2E2B, 0x374D, 0xFB5D, 0xDA55,
    0x3B5E, 0x743C, 0x2100, 0x4509, 0x6609, 0x6609, 0x2509, 0x8200, 0x4100, 0x8200, 0x9955, 0x5C5E, 0x3B5E, 0x3B5E, 0x3C5E, 0xBA55,
    0x6B1A, 0xE400, 0x4100, 0x2100, 0x4100, 0x6200, 0x8200, 0xC300, 0xE400, 0xC400, 0x8200, 0x4100, 0x0000, 0xA711, 0x374D, 0xFA55,
    0x1B5E, 0x7444, 0x6200, 0x8200, 0x6200, 0x6200, 0x8200, 0xA300, 0xA300, 0x8300, 0x2A1A, 0x4F2B, 0x2E2B, 0x2E2B, 0x0E2B, 0x2509,
    0x6200, 0x8200, 0xA300, 0xA300, 0xA300, 0xA300, 0xA300, 0x8300, 0x8200, 0x8200, 0xA300, 0xA300, 0xC300, 0x2100, 0x533C, 0x3B5E,
    0x1B5E, 0x7444, 0x6200, 0xA300, 0xA300, 0xA300, 0xA300, 0xA300, 0xA300, 0xA300, 0x4100, 0x2100, 0x4100, 0x4100, 0x4100, 0x8200,
    0xA300, 0xA300, 0xA300, 0xA300, 0xA300, 0xA300, 0xA300, 0xA300, 0xA300, 0xA300, 0xA300, 0xA300, 0xA300, 0x6200, 0x9444, 0x1B5E,
    0x1B5E, 0x7444, 0x6200, 0xA300, 0xA300, 0xA300, 0xA300, 0xA300, 0xA300, 0xA300, 0xA300, 0xA300, 0xA300, 0xA300, 0xA300, 0xA300,
    0xA300, 0xA300, 0xA300, 0xA300, 0xA300, 0xA300, 0xA300, 0xA300, 0xA300, 0xA300, 0xA300, 0xA300, 0xA300, 0x6200, 0x7444, 0x1B5E,
    0x1B5E, 0x7444, 0x6200, 0xC300, 0xA300, 0xA300, 0xA300, 0xA300, 0xA300, 0xA300, 0xA300, 0xA300, 0xA300, 0xA300, 0xA300, 0xA300,
    0xA300, 0xA300, 0xA300, 0xA300, 0xA300, 0xA300, 0xA300, 0xA300, 0xA300, 0xA300, 0xA300, 0xA300, 0xC300, 0x6200, 0x7444, 0x1B5E,
    0x1B5E, 0x743C, 0x0000, 0x6200, 0x6200, 0x6200, 0x6200, 0x6200, 0x6200, 0x6200, 0x6200, 0x6200, 0x6200, 0x6200, 0x6200, 0x6200,
    0x6200, 0x6200, 0x6200, 0x6200, 0x6200, 0x6200, 0x6200, 0x6200, 0x6200, 0x6200, 0x6200, 0x6200, 0x6200, 0x0000, 0x743C, 0x1B5E,
    0xFA55, 0x7855, 0x7444, 0x9444, 0x7444, 0x7444, 0x7444, 0x7444, 0x7444, 0x7444, 0x7444, 0x7444, 0x7444, 0x7444, 0x7444, 0x7444,
    0x7444, 0x7444, 0x7444, 0x7444, 0x7444, 0x7444, 0x7444, 0x7444, 0x7444, 0x7444, 0x7444, 0x7444, 0x9444, 0x7444, 0x7855, 0xFA55,
    0xDA55, 0xDA55, 0x1B5E, 0x1B5E, 0x1B5E, 0x1B5E, 0x1B5E, 0x1B5E, 0x1B5E, 0x1B5E, 0x1B5E, 0x1B5E, 0x1B5E, 0x1B5E, 0x1B5E, 0x1B5E,
    0x1B5E, 0x1B5E, 0x1B5E, 0x1B5E, 0x1B5E, 0x1B5E, 0x1B5E, 0x1B5E, 0x1B5E, 0x1B5E, 0x1B5E, 0x1B5E, 0x1B5E, 0x1B5E, 0xDA55, 0xDA55
};

const uint16_t icon_dark_fluid_vessel_stratagem_icon_background[] PROGMEM = {
    0x8DCD, 0xADCD, 0xCDD5, 0xCDD5, 0xCDD5, 0xCDD5, 0xCDD5, 0xCDD5, 0xCDD5, 0xCDD5, 0xCDD5, 0xCDD5, 0xCDD5, 0xCDD5, 0xCDD5, 0xCDD5,
    0xCDD5, 0xCDD5, 0xCDD5, 0xCDD5, 0xCDD5, 0xCDD5, 0xCDD5, 0xCDD5, 0xCDD5, 0xCDD5, 0xCDD5, 0xCDD5, 0xCDD5, 0xCDD5, 0xADCD, 0x8DCD,
    0xADCD, 0x4CC5, 0x8AA4, 0x8AA4, 0x8AA4, 0x8AA4, 0x6AA4, 0x8BA4, 0x8BA4, 0x8BA4, 0x8BA4, 0x8BA4, 0x8BA4, 0x8BA4, 0x8BA4, 0x8BA4,
    0x8BA4, 0x8BA4, 0x8BA4, 0x8BA4, 0x8BA4, 0x8BA4, 0x8BA4, 0x8BA4, 0x8BA4, 0x6AA4, 0x8AA4, 0x8AA4, 0x8AA4, 0x8AA4, 0x4CC5, 0xADCD,
    0xCDD5, 0x8AA4, 0x4429, 0xA539, 0xA439, 0xA439, 0xC539, 0x6429, 0x6429, 0x6429, 0x6429, 0x6429, 0x6429, 0x6429, 0x6429, 0x6429,
    0x6429, 0x6429, 0x6429, 0x6429, 0x6429, 0x6429, 0x6429, 0x6429, 0x6429, 0xC539, 0xA439, 0xA439, 0xA539, 0x4429, 0x8AA4, 0xCDD5,
    0xCDD5, 0x8AA4, 0xA439, 0x2CBD, 0x6CC5, 0x8DCD, 0x6873, 0x8431, 0xA439, 0xA431, 0xA431, 0xA431, 0xA431, 0xA431, 0xA431, 0xA431,
    0xA431, 0xA431, 0xA431, 0xA431, 0xA431, 0xA431, 0xA431, 0xA439, 0x8431, 0x4873, 0x8DCD, 0x6CC5, 0x2CBD, 0xA439, 0x8AA4, 0xCDD5,
    0xCDD5, 0x8AA4, 0xA439, 0x6CC5, 0xEEDD, 0xA983, 0x6429, 0xA431, 0xA431, 0xA431, 0xA431, 0xA431, 0xA431, 0xA431, 0xA431, 0xA431,
    0xA431, 0xA431, 0xA431, 0xA431, 0xA431, 0xA431, 0xA431, 0xA431, 0xA431, 0x6429, 0xA983, 0xEEDD, 0x6CC5, 0xA439, 0x8AA4, 0xCDD5,
    0xCDD5, 0x8AA4, 0xA439, 0x8DCD, 0xA983, 0x4429, 0xA431, 0xA431, 0xA431, 0xA431, 0xA431, 0xA431, 0xA431, 0xA431, 0x8431, 0x8431,
    0x8431, 0x8431, 0xA431, 0xA431, 0xA431, 0xA431, 0xA431, 0xA431, 0xA431, 0xA431, 0x4429, 0xA983, 0x8DCD, 0xA439, 0x8AA4, 0xCDD5,
    0xCDD5, 0x6AA4, 0xC539, 0x687B, 0x6429, 0xA431, 0xA431, 0xA431, 0xA431, 0xA431, 0xA431, 0xA431, 0xA431, 0x8431, 0xE539, 0x2742,
    0x2742, 0xE539, 0x8431, 0xA431, 0xA431, 0xA431, 0xA431, 0xA431, 0xA431, 0xA431, 0xA431, 0x6429, 0x4873, 0xC539, 0x6AA4, 0xCDD5,
    0xCDD5, 0x8BA4, 0x6429, 0x8431, 0xA431, 0xA431, 0xA431, 0xA431, 0xA431, 0x8431, 0x8431, 0x8431, 0x6431, 0x2642, 0x57CE, 0x1AE7,
    0x1AE7, 0x57CE, 0x2642, 0x6431, 0x8431, 0x8431, 0x8431, 0xA431, 0xA431, 0xA431, 0xA431, 0xA431, 0x8431, 0x6429, 0x8BA4, 0xCDD5,
    0xCDD5, 0x8BA4, 0x6429, 0xA539, 0xA431, 0xA431, 0xA431, 0xA431, 0x8431, 0xC539, 0x0642, 0xE539, 0xC539, 0x474A, 0xA952, 0x8852,
    0x8852, 0xA952, 0x474A, 0xC539, 0xE539, 0x0642, 0xC539, 0x8431, 0xA431, 0xA431, 0xA431, 0xA431, 0xA539, 0x6429, 0x8BA4, 0xCDD5,
    0xCDD5, 0x8BA4, 0x6429, 0xA431, 0xA431, 0xA431, 0xA431, 0xA539, 0x2329, 0x9094, 0x7DEF, 0xCD7B, 0x2E84, 0x7DF7, 0x5BEF, 0x7BEF,
    0x7BEF, 0x5BEF, 0x7DF7, 0x2E84, 0xCD7B, 0x7DEF, 0x9094, 0x2329, 0xA539, 0xA431, 0xA431, 0xA431, 0xA431, 0x6429, 0x8BA4, 0xCDD5,
    0xCDD5, 0x8BA4, 0x6429, 0xA431, 0xA431, 0xA431, 0xA431, 0xA539, 0x0221, 0x53AD, 0xB4B5, 0xE118, 0xF19C, 0xFFFF, 0xFDFF, 0xFEFF,
    0xFEFF, 0xFDFF, 0xFFFF, 0xF19C, 0xE118, 0xB4B5, 0x53AD, 0x0221, 0xA539, 0xA431, 0xA431, 0xA431, 0xA431, 0x6429, 0x8BA4, 0xCDD5,
    0xCDD5, 0x8BA4, 0x6429, 0xA431, 0xA431, 0xA431, 0xA431, 0xA539, 0x0221, 0x73AD, 0x53AD, 0x4008, 0x32A5, 0xFFFF, 0xDDFF, 0xFDFF,
    0xFDFF, 0xDDFF, 0xFFFF, 0x32A5, 0x4008, 0x53AD, 0x73AD, 0x0221, 0xA539, 0xA431, 0xA431, 0xA431, 0xA431, 0x6429, 0x8BA4, 0xCDD5,
    0xCDD5, 0x8BA4, 0x6429, 0xA431, 0xA431, 0xA431, 0xA431, 0xA539, 0x4329, 0xCD7B, 0x7BEF, 0xC539, 0xCD7B, 0xFFFF, 0xFEFF, 0xFDFF,
    0xFDFF, 0xFEFF, 0xFFFF, 0xCD7B, 0xC539, 0x7BF7, 0xCD7B, 0x4329, 0xA539, 0xA431, 0xA431, 0xA431, 0xA431, 0x6429, 0x8BA4, 0xCDD5,
    0xCDD5, 0x8BA4, 0x6429, 0xA431, 0xA431, 0xA431, 0xA431, 0xA431, 0xA539, 0x0221, 0x57CE, 0xD19C, 0xA95A, 0x32A5, 0x7CEF, 0xFEFF,
    0xFEFF, 0x7CEF, 0x32A5, 0xA95A, 0xF19C, 0x57CE, 0x0221, 0xA539, 0xA431, 0xA431, 0xA431, 0xA431, 0xA431, 0x6429, 0x8BA4, 0xCDD5,
    0xCDD5, 0x8BA4, 0x6429, 0xA431, 0xA431, 0xA431, 0xA431, 0xA431, 0xA539, 0x0221, 0x32AD, 0xB19C, 0xD19C, 0x57CE, 0xF5BD, 0xFFFF,
    0xFFFF, 0xD5BD, 0x57CE, 0xD19C, 0xB19C, 0x32AD, 0x0221, 0xA539, 0xA431, 0xA431, 0xA431, 0xA431, 0xA431, 0x6429, 0x8BA4, 0xCDD5,
    0xCDD5, 0x8BA4, 0x6429, 0xA431, 0xA431, 0xA431, 0xA431, 0xA431, 0xA539, 0x0221, 0x73AD, 0xB094, 0x9094, 0xB8DE, 0x15C6, 0xFFFF,
    0xFFFF, 0xF5C5, 0xD8DE, 0x9094, 0xB094, 0x73AD, 0x0221, 0xA539, 0xA431, 0xA431, 0xA431, 0xA431, 0xA431, 0x6429, 0x8BA4, 0xCDD5,
    0xCDD5, 0x8BA4, 0x6429, 0xA431, 0xA431, 0xA431, 0xA431, 0xA431, 0xA539, 0x0221, 0x32AD, 0xD19C, 0xB094, 0xB8D6, 0xF5BD, 0xFFFF,
    0xFFFF, 0xF5BD, 0xB8D6, 0x9094, 0xD19C, 0x32AD, 0x0221, 0xA539, 0xA431, 0xA431, 0xA431, 0xA431, 0xA431, 0x6429, 0x8BA4, 0xCDD5,
    0xCDD5, 0x8BA4, 0x6429, 0xA431, 0xA431, 0xA431, 0xA431, 0xA431, 0xA539, 0x0221, 0x57CE, 0x9094, 0x9094, 0x98D6, 0xF5BD, 0xFEFF,
    0xFEFF, 0xF5BD, 0x98D6, 0x9094, 0x9094, 0x57CE, 0x0221, 0xA539, 0xA431, 0xA431, 0xA431, 0xA431, 0xA431, 0x6429, 0x8BA4, 0xCDD5,
    0xCDD5, 0x8BA4, 0x6429, 0xA431, 0xA431, 0xA431, 0xA431, 0xA539, 0x4329, 0xAD7B, 0xBCF7, 0xA431, 0x53AD, 0x1AE7, 0x77CE, 0xFFFF,
    0xFFFF, 0x77CE, 0x1AE7, 0x53AD, 0xA431, 0xBCF7, 0xCD7B, 0x4329, 0xA539, 0xA431, 0xA431, 0xA431, 0xA431, 0x6429, 0x8BA4, 0xCDD5,
    0xCDD5, 0x8BA4, 0x6429, 0xA431, 0xA431, 0xA431, 0xA431, 0xA539, 0x0221, 0x73AD, 0x73AD, 0xA118, 0x6B6B, 0x8C73, 0x4B6B, 0x508C,
    0x508C, 0x4B6B, 0x8C73, 0x6B6B, 0xA118, 0x73AD, 0x73AD, 0x0221, 0xA539, 0xA431, 0xA431, 0xA431, 0xA431, 0x6429, 0x8BA4, 0xCDD5,
    0xCDD5, 0x8BA4, 0x6429, 0xA431, 0xA431, 0xA431, 0xA431, 0xA539, 0x0221, 0x53AD, 0x53AD, 0xE220, 0x474A, 0x7094, 0x6F8C, 0x4F8C,
    0x4F8C, 0x6F8C, 0x7094, 0x474A, 0xE220, 0x53AD, 0x53AD, 0x0221, 0xA539, 0xA431, 0xA431, 0xA431, 0xA431, 0x6429, 0x8BA4, 0xCDD5,
    0xCDD5, 0x8BA4, 0x6429, 0xA431, 0xA431, 0xA431, 0xA431, 0xA539, 0x0221, 0x53AD, 0x32AD, 0x2221, 0xA431, 0x57CE, 0xFFFF, 0xFFFF,
    0xFFFF, 0xFFFF, 0x37CE, 0xA431, 0x2221, 0x33AD, 0x53AD, 0x0221, 0xA539, 0xA431, 0xA431, 0xA431, 0xA431, 0x6429, 0x8BA4, 0xCDD5,
    0xCDD5, 0x8BA4, 0x6429, 0xA431, 0xA431, 0xA431, 0xA431, 0xA539, 0x0221, 0x73B5, 0x94B5, 0xE118, 0x0221, 0x2E8C, 0x5DEF, 0x3AE7,
    0x3AE7, 0x5DEF, 0x2E84, 0x0221, 0xE118, 0x94B5, 0x73AD, 0x0221, 0xA539, 0xA431, 0xA431, 0xA431, 0xA431, 0x6429, 0x8BA4, 0xCDD5,
    0xCDD5, 0x8BA4, 0x6429, 0xA539, 0xA431, 0xA431, 0xA431, 0xA539, 0x4329, 0x4B6B, 0xBDF7, 0xCD7B, 0xE539, 0x6852, 0x8852, 0x8852,
    0x8852, 0x8852, 0x6852, 0xE539, 0xCD7B, 0xBDF7, 0x4B6B, 0x4329, 0xA539, 0xA431, 0xA431, 0xA431, 0xA539, 0x6429, 0x8BA4, 0xCDD5,
    0xCDD5, 0x8BA4, 0x6429, 0x8431, 0xA431, 0xA431, 0xA431, 0xA431, 0xA539, 0x2329, 0x8C73, 0x7CEF, 0x1AE7, 0x1AE7, 0x1AE7, 0x1AE7,
    0x1AE7, 0x1AE7, 0x1AE7, 0x1AE7, 0x7CEF, 0x8C73, 0x2329, 0xA539, 0xA431, 0xA431, 0xA431, 0xA431, 0x8431, 0x6429, 0x8BA4, 0xCDD5,
    0xCDD5, 0x6AA4, 0xC539, 0x6873, 0x6429, 0xA431, 0xA431, 0xA431, 0xA431, 0xA539, 0x6329, 0xE539, 0x2742, 0x2642, 0x2642, 0x2642,
    0x2642, 0x2642, 0x2642, 0x2742, 0xE539, 0x6329, 0xA539, 0xA431, 0xA431, 0xA431, 0xA431, 0x6429, 0x4873, 0xC539, 0x6AA4, 0xCDD5,
    0xCDD5, 0x8AA4, 0xA439, 0x8DCD, 0xA983, 0x4429, 0xA431, 0xA431, 0xA431, 0xA431, 0xA539, 0x8431, 0x8431, 0x8431, 0x8431, 0x8431,
    0x8431, 0x8431, 0x8431, 0x8431, 0x8431, 0xA539, 0xA431, 0xA431, 0xA431, 0xA431, 0x4429, 0xA983, 0x8DCD, 0xA439, 0x8AA4, 0xCDD5,
    0xCDD5, 0x8AA4, 0xA439, 0x6CC5, 0xEEDD, 0xA983, 0x6429, 0xA431, 0xA431, 0xA431, 0xA431, 0xA431, 0xA431, 0xA431, 0xA431, 0xA431,
    0xA431, 0xA431, 0xA431, 0xA431, 0xA431, 0xA431, 0xA431, 0xA431, 0xA431, 0x6429, 0xA983, 0xEEDD, 0x6CC5, 0xA439, 0x8AA4, 0xCDD5,
    0xCDD5, 0x8AA4, 0xA439, 0x2CBD, 0x6CC5, 0x8DCD, 0x6873, 0x8431, 0xA439, 0xA431, 0xA431, 0xA431, 0xA431, 0xA431, 0xA431, 0xA431,
    0xA431, 0xA431, 0xA431, 0xA431, 0xA431, 0xA431, 0xA431, 0xA439, 0x8431, 0x4873, 0x8DCD, 0x6CC5, 0x2CBD, 0xA439, 0x8AA4, 0xCDD5,
    0xCDD5, 0x8AA4, 0x4429, 0xA539, 0xA439, 0xA439, 0xC539, 0x6429, 0x6429, 0x6429, 0x6429, 0x6429, 0x6429, 0x6429, 0x6429, 0x6429,
    0x6429, 0x6429, 0x6429, 0x6429, 0x6429, 0x6429, 0x6429, 0x6429, 0x6429, 0xC539, 0xA439, 0xA439, 0xA539, 0x4429, 0x8AA4, 0xCDD5,
    0xADCD, 0x4CC5, 0x8AA4, 0x8AA4, 0x8AA4, 0x8AA4, 0x6AA4, 0x8BA4, 0x8BA4, 0x8BA4, 0x8BA4, 0x8BA4, 0x8BA4, 0x8BA4, 0x8BA4, 0x8BA4,
    0x8BA4, 0x8BA4, 0x8BA4, 0x8BA4, 0x8BA4, 0x8BA4, 0x8BA4, 0x8BA4, 0x8BA4, 0x6AA4, 0x8AA4, 0x8AA4, 0x8AA4, 0x8AA4, 0x4CC5, 0xADCD,
    0x8DCD, 0xADCD, 0xCDD5, 0xCDD5, 0xCDD5, 0xCDD5, 0xCDD5, 0xCDD5, 0xCDD5, 0xCDD5, 0xCDD5, 0xCDD5, 0xCDD5, 0xCDD5, 0xCDD5, 0xCDD5,
    0xCDD5, 0xCDD5, 0xCDD5, 0xCDD5, 0xCDD5, 0xCDD5, 0xCDD5, 0xCDD5, 0xCDD5, 0xCDD5, 0xCDD5, 0xCDD5, 0xCDD5, 0xCDD5, 0xADCD, 0x8DCD
};

const uint16_t icon_de_escalator_stratagem_icon_background[] PROGMEM = {
    0xDA55, 0xDA55, 0x1B5E, 0x1B5E, 0x1B5E, 0x1B5E, 0x1B5E, 0x1B5E, 0x1B5E, 0x1B5E, 0x1B5E, 0x1B5E, 0x1B5E, 0x1B5E, 0x1B5E, 0x1B5E,
    0x1B5E, 0x1B5E, 0x1B5E, 0x1B5E, 0x1B5E, 0x1B5E, 0x1B5E, 0x1B5E, 0x1B5E, 0x1B5E, 0x1B5E, 0x1B5E, 0x1B5E, 0x1B5E, 0xDA55, 0xDA55,
    0xFA55, 0x7855, 0x7444, 0x9444, 0x7444, 0x7444, 0x7444, 0x7444, 0x7444, 0x7444, 0x7444, 0x7444, 0x7444, 0x7444, 0x7444, 0x7444,
    0x7444, 0x7444, 0x7444, 0x7444, 0x7444, 0x7444, 0x7444, 0x7444, 0x7444, 0x7444, 0x7444, 0x7444, 0x9444, 0x7444, 0x7855, 0xFA55,
    0x1B5E, 0x743C, 0x0000, 0x6200, 0x6200, 0x6200, 0x6200, 0x6200, 0x6200, 0x6200, 0x6200, 0x6200, 0x6200, 0x6200, 0x6200, 0x6200,
    0x6200, 0x6200, 0x6200, 0x6200, 0x6200, 0x6200, 0x6200, 0x6200, 0x6200, 0x6200, 0x6200, 0x6200, 0x6200, 0x0000, 0x743C, 0x1B5E,
    0x1B5E, 0x7444, 0x6200, 0xC300, 0xA300, 0xA300, 0xA300, 0xA300, 0xA300, 0xA300, 0xA300, 0xA300, 0xA300, 0xA300, 0xA300, 0xA300,
    0xA300, 0xA300, 0xA300, 0xA300, 0xA300, 0xA300, 0xA300, 0xA300, 0xA300, 0xA300, 0xA300, 0xA300, 0xC300, 0x6200, 0x7444, 0x1B5E,
    0x1B5E, 0x7444, 0x6200, 0xA300, 0xA300, 0xA300, 0xA300, 0xA300, 0xA300, 0xA300, 0xA300, 0xA300, 0xA300, 0xA300, 0xA300, 0xA300,
    0xA300, 0xA300, 0xA300, 0xA300, 0xA300, 0xA300, 0xA300, 0xA300, 0xA300, 0xA300, 0xA300, 0xA300, 0xA300, 0x6200, 0x7444, 0x1B5E,
    0x1B5E, 0x7444, 0x6200, 0xA300, 0xA300, 0xA300, 0xA300, 0xA300, 0xA300, 0xA300, 0xA300, 0xA300, 0xA300, 0xA300, 0xA300, 0xA300,
    0xA300, 0xA300, 0xA300, 0xA300, 0xA300, 0xA300, 0xA300, 0xA300, 0xA300, 0xA300, 0xA300, 0xA300, 0xA300, 0x6200, 0x7444, 0x1B5E,
    0x1B5E, 0x7444, 0x6200, 0xA300, 0xA300, 0xA300, 0xA300, 0xA300, 0xC300, 0xC300, 0xA300, 0xA300, 0xA300, 0xA300, 0xA300, 0xA300,
    0xA300, 0xA300, 0xA300, 0xA300, 0xA300, 0xA300, 0xA300, 0xA300, 0xA300, 0xA300, 0xA300, 0xA300, 0xA300, 0x6200, 0x7444, 0x1B5E,
    0x1B5E, 0x7444, 0x6200, 0xA300, 0xA300, 0xA300, 0xA300, 0x8300, 0x0100, 0x0100, 0x6200, 0x8200, 0x8200, 0x8300, 0xA300, 0xA300,
    0x8200, 0x8300, 0xA300, 0x8200, 0x8200, 0x8200, 0xA300, 0xA300, 0xA300, 0xA300, 0xA300, 0xA300, 0xA300, 0x6200, 0x7444, 0x1B5E,
    0x1B5E, 0x7444, 0x6200, 0xA300, 0xA300, 0xA300, 0x8200, 0xC408, 0x2F7C, 0x2F7C, 0x4519, 0x0411, 0x2411, 0xA300, 0xA300, 0x6200,
    0x0411, 0xE408, 0xA300, 0x0409, 0x0411, 0x0411, 0x6200, 0x6200, 0xA300, 0xA300, 0xA300, 0xA300, 0xA300, 0x6200, 0x7444, 0x1B5E,
    0x1B5E, 0x7444, 0x6200, 0xA300, 0xA300, 0xA300, 0x8200, 0x2511, 0xFEFF, 0xFFFF, 0x9CEF, 0x7CEF, 0x7BEF, 0xC729, 0x2100, 0x8619,
    0x2F7C, 0x0000, 0xA300, 0x78CE, 0x9CEF, 0x7BEF, 0x17BE, 0x8621, 0x6200, 0xA300, 0xA300, 0xA300, 0xA300, 0x6200, 0x7444, 0x1B5E,
    0x1B5E, 0x7444, 0x6200, 0xA300, 0xA300, 0xA300, 0x8200, 0x0411, 0x7BEF, 0xDDFF, 0xFEFF, 0xFEFF, 0xFEFF, 0xC729, 0x0000, 0x37C6,
    0x74A5, 0x294A, 0x4519, 0xD9D6, 0xFFFF, 0xFDFF, 0xFFFF, 0x37BE, 0x6200, 0xA300, 0xA300, 0xA300, 0xA300, 0x6200, 0x7444, 0x1B5E,
    0x1B5E, 0x7444, 0x6200, 0xA300, 0xA300, 0xA300, 0x8200, 0x0411, 0x9CEF, 0xFEFF, 0xDDFF, 0xFDFF, 0xFDFF, 0x8621, 0x9184, 0xFFFF,
    0xFFFF, 0x78CE, 0xE410, 0xB9D6, 0xFEFF, 0xDDFF, 0xDDFF, 0x9CF7, 0x0409, 0x8200, 0xA300, 0xA300, 0xA300, 0x6200, 0x7444, 0x1B5E,
    0x1B5E, 0x7444, 0x6200, 0xA300, 0xA300, 0xA300, 0x8200, 0x0411, 0x7BEF, 0xDDFF, 0xFEFF, 0xFEFF, 0xFDFF, 0x0832, 0x0842, 0x0F74,
    0x5BE7, 0x0411, 0x6200, 0xFADE, 0xFFFF, 0xFDFF, 0xFFFF, 0x37BE, 0x6200, 0xA300, 0xA300, 0xA300, 0xA300, 0x6200, 0x7444, 0x1B5E,
    0x1B5E, 0x7444, 0x6200, 0xA300, 0xA300, 0xA300, 0x8200, 0x2511, 0xFEFF, 0xFFFF, 0x9CEF, 0x7CEF, 0x7BEF, 0xC729, 0x0000, 0x4C5B,
    0xAA4A, 0x0100, 0xC300, 0x78CE, 0x9CEF, 0x7BEF, 0x17BE, 0x8621, 0x6200, 0xA300, 0xA300, 0xA300, 0xA300, 0x6200, 0x7444, 0x1B5E,
    0x1B5E, 0x7444, 0x6200, 0xA300, 0xA300, 0xA300, 0x8200, 0xC408, 0x2F7C, 0x2F7C, 0x4519, 0x0411, 0x0411, 0xA300, 0xA300, 0x4511,
    0x8200, 0xA300, 0xA300, 0x0409, 0x0411, 0x0411, 0x6200, 0x6200, 0xA300, 0xA300, 0xA300, 0xA300, 0xA300, 0x6200, 0x7444, 0x1B5E,
    0x1B5E, 0x7444, 0x6200, 0xA300, 0xA300, 0xA300, 0xA300, 0x8300, 0x0100, 0x0100, 0x6200, 0x8200, 0x8200, 0x8300, 0xA300, 0x8200,
    0xA300, 0xA300, 0xA300, 0x8200, 0x8200, 0x8200, 0xA300, 0xA300, 0xA300, 0xA300, 0xA300, 0xA300, 0xA300, 0x6200, 0x7444, 0x1B5E,
    0x1B5E, 0x7444, 0x6200, 0xA300, 0xA300, 0xA300, 0xA300, 0xA300, 0xC300, 0xC300, 0xA300, 0xA300, 0xA300, 0xA300, 0xA300, 0xA300,
    0xA300, 0xA300, 0xA300, 0xA300, 0xA300, 0xA300, 0xA300, 0xA300, 0xA300, 0xA300, 0xA300, 0xA300, 0xA300, 0x6200, 0x7444, 0x1B5E,
    0x1B5E, 0x7444, 0x6200, 0xA300, 0xA300, 0xA300, 0xA300, 0xA300, 0xA300, 0xA300, 0xA300, 0xA300, 0xA300, 0xA300, 0x8200, 0x8200,
    0x8200, 0x6200, 0x6200, 0x6200, 0x6200, 0x4100, 0x4100, 0x8200, 0x6200, 0x8200, 0xA300, 0xA300, 0xA300, 0x6200, 0x7444, 0x1B5E,
    0x1B5E, 0x7444, 0x6200, 0xC300, 0xA300, 0xA300, 0xA300, 0xA300, 0xA300, 0xA300, 0xA300, 0xA300, 0xA300, 0xA300, 0xE400, 0x0401,
    0xC300, 0x091A, 0x0E2B, 0xCC22, 0xCC22, 0x0E2B, 0x2E2B, 0xA711, 0xC811, 0xE400, 0x6200, 0xA300, 0xA300, 0x6200, 0x7444, 0x1B5E,
    0x1B5E, 0x7444, 0x6200, 0x6200, 0x4100, 0x4100, 0x4100, 0x4100, 0x4100, 0x4100, 0x4100, 0x4100, 0x4100, 0x2100, 0x333C, 0xB955,
    0x784D, 0xB955, 0x123C, 0xB033, 0xB033, 0xDA55, 0x9444, 0x6F2B, 0x1B5E, 0x9033, 0xA300, 0x8200, 0x6200, 0x6200, 0x7444, 0x1B5E,
    0x1B5E, 0x9444, 0x2100, 0xCC22, 0x9033, 0x6B1A, 0x8B22, 0x8B22, 0x8B22, 0x8B22, 0x091A, 0x6B1A, 0x4F2B, 0xB033, 0x374D, 0x1B5E,
    0xDA55, 0xDA55, 0xDA55, 0xDA55, 0xDA55, 0xBA55, 0xBA55, 0xDA55, 0xDA55, 0xB955, 0x584D, 0x164D, 0xF233, 0x4100, 0x7444, 0x1B5E,
    0x1B5E, 0x9444, 0x0000, 0xD544, 0x7D66, 0x3B5E, 0x3C5E, 0x3C5E, 0x3B5E, 0x3C5E, 0xD544, 0xB955, 0x5C5E, 0x1B5E, 0xDA55, 0xDA55,
    0xDA55, 0xDA55, 0xDA55, 0xDA55, 0xFA55, 0xDA55, 0x1B5E, 0x1B5E, 0x1B5E, 0x1B5E, 0x3C5E, 0x784D, 0xF133, 0x4100, 0x7444, 0x1B5E,
    0x1B5E, 0x9444, 0x2000, 0x743C, 0xFB5D, 0x374D, 0x7855, 0x374D, 0x784D, 0x5C5E, 0xB133, 0x374D, 0xFA55, 0x1B5E, 0x1B5E, 0xDA55,
    0xDA55, 0xDA55, 0xDA55, 0xDA55, 0x584D, 0x9955, 0xCC22, 0x8B22, 0xAC22, 0xAC22, 0x8B22, 0xC400, 0x6200, 0x6200, 0x7444, 0x1B5E,
    0x1B5E, 0x9444, 0x2000, 0x743C, 0x1B5E, 0xAC22, 0x4100, 0x6711, 0xD133, 0x8B22, 0x2509, 0x9444, 0x7855, 0xB033, 0x533C, 0xDA55,
    0xFA55, 0xFA55, 0xDA55, 0x1B5E, 0xCC22, 0x584D, 0x091A, 0x0000, 0x4100, 0x4100, 0x4100, 0x8200, 0xA300, 0x6200, 0x7444, 0x1B5E,
    0x1B5E, 0x9444, 0x0000, 0xF644, 0x784D, 0x9444, 0xD133, 0x2E2B, 0x4609, 0x2000, 0x8200, 0x174D, 0x164D, 0x6609, 0xCC22, 0xD544,
    0x333C, 0x743C, 0x9444, 0xFA55, 0xED22, 0x123C, 0xED22, 0x4100, 0xC300, 0xA300, 0xA300, 0xA300, 0xA300, 0x6200, 0x7444, 0x1B5E,
    0x1B5E, 0x9444, 0x2100, 0xCD22, 0x6F2B, 0x4A1A, 0xED22, 0xC400, 0x6200, 0x6200, 0x6F2B, 0x9D66, 0x2E2B, 0xE408, 0x2509, 0x0E2B,
    0x9033, 0x9033, 0x291A, 0x091A, 0x8711, 0x6200, 0x8200, 0xA300, 0xA300, 0xA300, 0xA300, 0xA300, 0xA300, 0x6200, 0x7444, 0x1B5E,
    0x1B5E, 0x7444, 0x6200, 0x6200, 0x4100, 0x4100, 0x2100, 0xA300, 0x8200, 0x6609, 0x3C5E, 0x164D, 0x8200, 0x6200, 0x8200, 0x6200,
    0x6200, 0x6200, 0x6200, 0x4100, 0x6200, 0xA300, 0xA300, 0xA300, 0xA300, 0xA300, 0xA300, 0xA300, 0xA300, 0x6200, 0x7444, 0x1B5E,
    0x1B5E, 0x7444, 0x6200, 0xC300, 0xA300, 0xA300, 0xA300, 0xA300, 0xA300, 0x8200, 0xAC22, 0x8B22, 0x4100, 0xA300, 0xA300, 0xA300,
    0xA300, 0xA300, 0xA300, 0xA300, 0xA300, 0xA300, 0xA300, 0xA300, 0xA300, 0xA300, 0xA300, 0xA300, 0xA300, 0x6200, 0x7444, 0x1B5E,
    0x1B5E, 0x7444, 0x6200, 0xC300, 0xA300, 0xA300, 0xA300, 0xA300, 0xA300, 0xA300, 0x6200, 0x8200, 0xA300, 0xA300, 0xA300, 0xA300,
    0xA300, 0xA300, 0xA300, 0xA300, 0xA300, 0xA300, 0xA300, 0xA300, 0xA300, 0xA300, 0xA300, 0xA300, 0xC300, 0x6200, 0x7444, 0x1B5E,
    0x1B5E, 0x743C, 0x0000, 0x6200, 0x6200, 0x6200, 0x6200, 0x6200, 0x6200, 0x6200, 0x6200, 0x6200, 0x6200, 0x6200, 0x6200, 0x6200,
    0x6200, 0x6200, 0x6200, 0x6200, 0x6200, 0x6200, 0x6200, 0x6200, 0x6200, 0x6200, 0x6200, 0x6200, 0x6200, 0x0000, 0x743C, 0x1B5E,
    0xFA55, 0x7855, 0x7444, 0x9444, 0x7444, 0x7444, 0x7444, 0x7444, 0x7444, 0x7444, 0x7444, 0x7444, 0x7444, 0x7444, 0x7444, 0x7444,
    0x7444, 0x7444, 0x7444, 0x7444, 0x7444, 0x7444, 0x7444, 0x7444, 0x7444, 0x7444, 0x7444, 0x7444, 0x9444, 0x7444, 0x7855, 0xFA55,
    0xDA55, 0xDA55, 0x1B5E, 0x1B5E, 0x1B5E, 0x1B5E, 0x1B5E, 0x1B5E, 0x1B5E, 0x1B5E, 0x1B5E, 0x1B5E, 0x1B5E, 0x1B5E, 0x1B5E, 0x1B5E,
    0x1B5E, 0x1B5E, 0x1B5E, 0x1B5E, 0x1B5E, 0x1B5E, 0x1B5E, 0x1B5E, 0x1B5E, 0x1B5E, 0x1B5E, 0x1B5E, 0x1B5E, 0x1B5E, 0xDA55, 0xDA55
};

const uint16_t icon_defoliation_tool_stratagem_icon_background[] PROGMEM = {
    0xDA55, 0xDA55, 0x1B5E, 0x1B5E, 0x1B5E, 0x1B5E, 0x1B5E, 0x1B5E, 0x1B5E, 0x1B5E, 0x1B5E, 0x1B5E, 0x1B5E, 0x1B5E, 0x1B5E, 0x1B5E,
    0x1B5E, 0x1B5E, 0x1B5E, 0x1B5E, 0x1B5E, 0x1B5E, 0x1B5E, 0x1B5E, 0x1B5E, 0x1B5E, 0x1B5E, 0x1B5E, 0x1B5E, 0x1B5E, 0xDA55, 0xDA55,
    0xFA55, 0x7855, 0x7444, 0x9444, 0x7444, 0x7444, 0x7444, 0x7444, 0x7444, 0x7444, 0x7444, 0x7444, 0x7444, 0x7444, 0x7444, 0x7444,
    0x7444, 0x7444, 0x7444, 0x7444, 0x7444, 0x7444, 0x7444, 0x7444, 0x7444, 0x7444, 0x7444, 0x7444, 0x9444, 0x7444, 0x7855, 0xFA55,
    0x1B5E, 0x743C, 0x0000, 0x6200, 0x6200, 0x6200, 0x6200, 0x6200, 0x6200, 0x6200, 0x6200, 0x6200, 0x6200, 0x6200, 0x6200, 0x6200,
    0x6200, 0x6200, 0x6200, 0x6200, 0x6200, 0x6200, 0x6200, 0x6200, 0x6200, 0x6200, 0x6200, 0x6200, 0x6200, 0x0000, 0x743C, 0x1B5E,
    0x1B5E, 0x7444, 0x6200, 0xC300, 0xA300, 0xA300, 0xA300, 0xA300, 0xA300, 0xA300, 0xA300, 0xA300, 0x8300, 0xA300, 0xA300, 0xA300,
    0xA300, 0xA300, 0xA300, 0x8300, 0xA300, 0xA300, 0xA300, 0xA300, 0xA300, 0xA300, 0xA300, 0xA300, 0xC300, 0x6200, 0x7444, 0x1B5E,
    0x1B5E, 0x7444, 0x6200, 0xA300, 0xA300, 0xA300, 0xA300, 0xA300, 0xA300, 0xA300, 0x8200, 0xE408, 0xE408, 0x6200, 0xA300, 0xA300,
    0xA300, 0xA300, 0x6200, 0xE408, 0xC308, 0x8200, 0xA300, 0xA300, 0xA300, 0xA300, 0xA300, 0xA300, 0xA300, 0x6200, 0x7444, 0x1B5E,
    0x1B5E, 0x7444, 0x6200, 0xA300, 0xA300, 0xA300, 0xA300, 0xA300, 0xA300, 0xA300, 0xA300, 0xA300, 0xF29C, 0x8621, 0x4100, 0xA300,
    0xA300, 0x4100, 0x8621, 0xF294, 0xA300, 0xA300, 0xA300, 0xA300, 0xA300, 0xA300, 0xA300, 0xA300, 0xA300, 0x6200, 0x7444, 0x1B5E,
    0x1B5E, 0x7444, 0x6200, 0xA300, 0xA300, 0xA300, 0xA300, 0xA300, 0xA300, 0xA300, 0xC300, 0x0100, 0x307C, 0x3BE7, 0xE410, 0x8200,
    0x6200, 0x0411, 0x3BE7, 0x307C, 0x0100, 0xC300, 0xA300, 0xA300, 0xA300, 0xA300, 0xA300, 0xA300, 0xA300, 0x6200, 0x7444, 0x1B5E,
    0x1B5E, 0x7444, 0x6200, 0xA300, 0xA300, 0xA300, 0xA300, 0xA300, 0xA300, 0xA300, 0xA300, 0x8300, 0xA300, 0x1BE7, 0x5BE7, 0xA308,
    0xE410, 0xFADE, 0x3BE7, 0xA300, 0x8300, 0xA300, 0xA300, 0xA300, 0xA300, 0xA300, 0xA300, 0xA300, 0xA300, 0x6200, 0x7444, 0x1B5E,
    0x1B5E, 0x7444, 0x6200, 0xA300, 0xA300, 0xA300, 0xA300, 0xA300, 0xA300, 0xA300, 0xA300, 0xA300, 0x2100, 0x493A, 0xD294, 0x4519,
    0xB9D6, 0xFEFF, 0xC729, 0x4200, 0xA300, 0xA300, 0xA300, 0xA300, 0xA300, 0xA300, 0xA300, 0xA300, 0xA300, 0x6200, 0x7444, 0x1B5E,
    0x1B5E, 0x7444, 0x6200, 0xA300, 0xA300, 0xA300, 0xA300, 0xA300, 0xA300, 0xA300, 0xA300, 0xA300, 0xC300, 0x2100, 0xA300, 0x99D6,
    0xFEFF, 0xE729, 0x0000, 0xC300, 0xA300, 0xA300, 0xA300, 0xA300, 0xA300, 0xA300, 0xA300, 0xA300, 0xA300, 0x6200, 0x7444, 0x1B5E,
    0x1B5E, 0x7444, 0x6200, 0xA300, 0xA300, 0xA300, 0xA300, 0xA300, 0xA300, 0xA300, 0x8200, 0x4100, 0x4100, 0x8629, 0xDAD6, 0xFEFF,
    0x483A, 0xCB52, 0x2832, 0x2100, 0x4100, 0x8200, 0xA300, 0xA300, 0xA300, 0xA300, 0xA300, 0xA300, 0xA300, 0x6200, 0x7444, 0x1B5E,
    0x1B5E, 0x7444, 0x6200, 0xA300, 0xA300, 0xA300, 0xA300, 0xA300, 0xA300, 0x8200, 0xE408, 0x95AD, 0x6942, 0xAA42, 0xBDF7, 0x483A,
    0xC300, 0xDDF7, 0xCA4A, 0x6942, 0x95AD, 0xE408, 0x8200, 0xA300, 0xA300, 0xA300, 0xA300, 0xA300, 0xA300, 0x6200, 0x7444, 0x1B5E,
    0x1B5E, 0x7444, 0x6200, 0xA300, 0xA300, 0xA300, 0xA300, 0xA300, 0xA300, 0x8300, 0xE410, 0xB9D6, 0xBDF7, 0x493A, 0xC308, 0x6200,
    0xC300, 0xC308, 0x483A, 0xBDF7, 0xD9D6, 0xE410, 0x8300, 0xA300, 0xA300, 0xA300, 0xA300, 0xA300, 0xA300, 0x6200, 0x7444, 0x1B5E,
    0x1B5E, 0x7444, 0x6200, 0xA300, 0xA300, 0xA300, 0xA300, 0xA300, 0xA300, 0x6200, 0xE410, 0x58C6, 0xFFFF, 0xFEFF, 0x493A, 0x6200,
    0x6200, 0x493A, 0xFEFF, 0xFFFF, 0x78CE, 0xE410, 0x6200, 0xA300, 0xA300, 0xA300, 0xA300, 0xA300, 0xA300, 0x6200, 0x7444, 0x1B5E,
    0x1B5E, 0x7444, 0x6200, 0xA300, 0xA300, 0xA300, 0xA300, 0xA300, 0x8200, 0x2519, 0x1BDF, 0xFEFF, 0x2C5B, 0x54A5, 0x0832, 0x6200,
    0x6200, 0x0832, 0x54A5, 0x2C5B, 0xFEFF, 0x1BE7, 0x2519, 0x8200, 0xA300, 0xA300, 0xA300, 0xA300, 0xA300, 0x6200, 0x7444, 0x1B5E,
    0x1B5E, 0x7444, 0x6200, 0xA300, 0xA300, 0xA300, 0xA300, 0xA300, 0x8200, 0x0411, 0xD6B5, 0xAA4A, 0x0000, 0x4200, 0x6200, 0xA300,
    0xA300, 0x6200, 0x4200, 0x0000, 0xAA4A, 0xD6B5, 0x2411, 0x8200, 0xA300, 0xA300, 0xA300, 0xA300, 0xA300, 0x6200, 0x7444, 0x1B5E,
    0x1B5E, 0x7444, 0x6200, 0xA300, 0xA300, 0xA300, 0xA300, 0xA300, 0xA300, 0x8200, 0x4200, 0x6200, 0xC300, 0xC300, 0xC300, 0xA300,
    0xA300, 0xC300, 0xA300, 0xA300, 0x6200, 0x4200, 0x6200, 0xA300, 0xA300, 0xA300, 0xA300, 0xA300, 0xA300, 0x6200, 0x7444, 0x1B5E,
    0x1B5E, 0x7444, 0x6200, 0xA300, 0xA300, 0x8200, 0x4100, 0x4100, 0x4100, 0x8200, 0xC300, 0xC300, 0xA300, 0x4100, 0x4100, 0x4100,
    0x4100, 0x2100, 0x8200, 0xA300, 0xA300, 0xA300, 0xA300, 0xA300, 0xA300, 0xA300, 0xA300, 0xA300, 0xA300, 0x6200, 0x7444, 0x1B5E,
    0x1B5E, 0x7444, 0x6200, 0xA300, 0x8200, 0x4609, 0x8B22, 0xCD22, 0xAC22, 0xC300, 0x4100, 0x4100, 0xA300, 0xAC22, 0x2E2B, 0x0E2B,
    0x2E2B, 0x2E2B, 0x2509, 0x8200, 0xC300, 0xA300, 0xA300, 0xA300, 0xA300, 0xA300, 0xA300, 0xA300, 0xC300, 0x6200, 0x7444, 0x1B5E,
    0x1B5E, 0x7444, 0x6200, 0xC400, 0x2100, 0x4F2B, 0x7D66, 0xFB5D, 0x3B5E, 0xF644, 0x2A1A, 0x6F33, 0xD644, 0xF64C, 0x091A, 0x2A1A,
    0x4A1A, 0xFA55, 0xB544, 0x6200, 0x4100, 0x4100, 0x4100, 0x4100, 0x4100, 0x4100, 0x4100, 0x4100, 0x4100, 0x2100, 0x9444, 0x1B5E,
    0x1B5E, 0x743C, 0x0000, 0x4100, 0x2509, 0xF644, 0xDA55, 0xB955, 0xBA55, 0xFA55, 0x1B5E, 0x1B5E, 0x1B5E, 0x9955, 0x374D, 0x374D,
    0x374D, 0x9955, 0xB955, 0x2E2B, 0xAC22, 0xCD22, 0xCC22, 0xCC22, 0xCD22, 0xCC22, 0xCC22, 0xCD22, 0xCC22, 0xA711, 0x533C, 0x3B5E,
    0x1B5E, 0xB544, 0xE819, 0x9033, 0x9955, 0xFB5D, 0xDA55, 0xDA55, 0xDA55, 0xB955, 0xDA55, 0xFA55, 0xFA55, 0xFB5D, 0x1B5E, 0x1B5E,
    0x1B5E, 0xFB5D, 0xFA55, 0x3B5E, 0x5C5E, 0x5C5E, 0x5C5E, 0x5C5E, 0x5C5E, 0x5C5E, 0x5C5E, 0x3C5E, 0x7D5E, 0x784D, 0xF644, 0xFB5D,
    0xDA55, 0x7855, 0xDA55, 0x3B5E, 0xDA55, 0xB955, 0xBA55, 0xBA55, 0xFA55, 0x1B5E, 0x784D, 0xF64C, 0x374D, 0x174D, 0x174D, 0x174D,
    0x174D, 0x174D, 0x374D, 0x174D, 0x164D, 0x174D, 0x174D, 0x164D, 0x174D, 0x174D, 0x164D, 0x164D, 0x374D, 0x9033, 0x9444, 0x1B5E,
    0xFA55, 0x174D, 0x9955, 0x1B5E, 0x1B5E, 0x1B5E, 0x1B5E, 0x1B5E, 0x9955, 0x0D2B, 0xA711, 0xC300, 0xE400, 0xC400, 0xC400, 0xC400,
    0xC400, 0xC400, 0xC400, 0xC400, 0xC400, 0xC400, 0xC400, 0xC400, 0xC400, 0xC400, 0xC400, 0xC400, 0xE400, 0x4100, 0x743C, 0x3B5E,
    0x1B5E, 0x9444, 0x123C, 0x164D, 0xD133, 0xAC22, 0x8B22, 0x4A1A, 0xE400, 0x6200, 0x6200, 0x8300, 0x8200, 0x8200, 0x8200, 0x8200,
    0x8200, 0x8200, 0x8200, 0x8200, 0x8200, 0x8200, 0x8200, 0x8200, 0x8200, 0x8200, 0x8200, 0x8200, 0xA300, 0x6200, 0x7444, 0x1B5E,
    0x1B5E, 0x743C, 0x4100, 0xA300, 0x4100, 0x4100, 0x4100, 0x4100, 0x8200, 0xA300, 0xA300, 0xA300, 0xA300, 0xA300, 0xA300, 0xA300,
    0xA300, 0xA300, 0xA300, 0xA300, 0xA300, 0xA300, 0xA300, 0xA300, 0xA300, 0xA300, 0xA300, 0xA300, 0xA300, 0x6200, 0x7444, 0x1B5E,
    0x1B5E, 0x7444, 0x6200, 0xA300, 0xA300, 0xA300, 0xA300, 0xA300, 0xA300, 0xA300, 0xA300, 0xA300, 0xA300, 0xA300, 0xA300, 0xA300,
    0xA300, 0xA300, 0xA300, 0xA300, 0xA300, 0xA300, 0xA300, 0xA300, 0xA300, 0xA300, 0xA300, 0xA300, 0xA300, 0x6200, 0x7444, 0x1B5E,
    0x1B5E, 0x7444, 0x6200, 0xA300, 0xA300, 0xA300, 0xA300, 0xA300, 0xA300, 0xA300, 0xA300, 0xA300, 0xA300, 0xA300, 0xA300, 0xA300,
    0xA300, 0xA300, 0xA300, 0xA300, 0xA300, 0xA300, 0xA300, 0xA300, 0xA300, 0xA300, 0xA300, 0xA300, 0xA300, 0x6200, 0x7444, 0x1B5E,
    0x1B5E, 0x7444, 0x6200, 0xC300, 0xA300, 0xA300, 0xA300, 0xA300, 0xA300, 0xA300, 0xA300, 0xA300, 0xA300, 0xA300, 0xA300, 0xA300,
    0xA300, 0xA300, 0xA300, 0xA300, 0xA300, 0xA300, 0xA300, 0xA300, 0xA300, 0xA300, 0xA300, 0xA300, 0xC300, 0x6200, 0x7444, 0x1B5E,
    0x1B5E, 0x743C, 0x0000, 0x6200, 0x6200, 0x6200, 0x6200, 0x6200, 0x6200, 0x6200, 0x6200, 0x6200, 0x6200, 0x6200, 0x6200, 0x6200,
    0x6200, 0x6200, 0x6200, 0x6200, 0x6200, 0x6200, 0x6200, 0x6200, 0x6200, 0x6200, 0x6200, 0x6200, 0x6200, 0x0000, 0x743C, 0x1B5E,
    0xFA55, 0x7855, 0x7444, 0x9444, 0x7444, 0x7444, 0x7444, 0x7444, 0x7444, 0x7444, 0x7444, 0x7444, 0x7444, 0x7444, 0x7444, 0x7444,
    0x7444, 0x7444, 0x7444, 0x7444, 0x7444, 0x7444, 0x7444, 0x7444, 0x7444, 0x7444, 0x7444, 0x7444, 0x9444, 0x7444, 0x7855, 0xFA55,
    0xDA55, 0xDA55, 0x1B5E, 0x1B5E, 0x1B5E, 0x1B5E, 0x1B5E, 0x1B5E, 0x1B5E, 0x1B5E, 0x1B5E, 0x1B5E, 0x1B5E, 0x1B5E, 0x1B5E, 0x1B5E,
    0x1B5E, 0x1B5E, 0x1B5E, 0x1B5E, 0x1B5E, 0x1B5E, 0x1B5E, 0x1B5E, 0x1B5E, 0x1B5E, 0x1B5E, 0x1B5E, 0x1B5E, 0x1B5E, 0xDA55, 0xDA55
};

const uint16_t icon_directional_shield_stratagem_icon_background[] PROGMEM = {
    0xDA55, 0xDA55, 0x1B5E, 0x1B5E, 0x1B5E, 0x1B5E, 0x1B5E, 0x1B5E, 0x1B5E, 0x1B5E, 0x1B5E, 0x1B5E, 0x1B5E, 0x1B5E, 0x1B5E, 0x1B5E,
    0x1B5E, 0x1B5E, 0x1B5E, 0x1B5E, 0x1B5E, 0x1B5E, 0x1B5E, 0x1B5E, 0x1B5E, 0x1B5E, 0x1B5E, 0x1B5E, 0x1B5E, 0x1B5E, 0xDA55, 0xDA55,
    0xFA55, 0x7855, 0x7444, 0x9444, 0x7444, 0x7444, 0x7444, 0x7444, 0x7444, 0x7444, 0x7444, 0x7444, 0x7444, 0x7444, 0x7444, 0x7444,
    0x7444, 0x7444, 0x7444, 0x7444, 0x7444, 0x7444, 0x7444, 0x7444, 0x7444, 0x7444, 0x7444, 0x7444, 0x9444, 0x7444, 0x7855, 0xFA55,
    0x1B5E, 0x743C, 0x0000, 0x6200, 0x6200, 0x6200, 0x6200, 0x6200, 0x6200, 0x6200, 0x6200, 0x6200, 0x6200, 0x6200, 0x6200, 0x6200,
    0x6200, 0x6200, 0x6200, 0x6200, 0x6200, 0x6200, 0x6200, 0x6200, 0x6200, 0x6200, 0x6200, 0x6200, 0x6200, 0x0000, 0x743C, 0x1B5E,
    0x1B5E, 0x7444, 0x6200, 0xC300, 0xA300, 0xA300, 0xA300, 0xA300, 0xA300, 0xA300, 0xA300, 0xA300, 0xA300, 0xA300, 0xC300, 0xC300,
    0xC300, 0xC300, 0xC300, 0xC300, 0xC300, 0xC300, 0xC300, 0xC300, 0xC300, 0xC300, 0xC300, 0xA300, 0xA300, 0x6200, 0x7444, 0x1B5E,
    0x1B5E, 0x7444, 0x6200, 0xA300, 0xA300, 0xA300, 0xA300, 0xA300, 0xA300, 0xA300, 0xA300, 0xA300, 0xA300, 0x8300, 0x4100, 0x2100,
    0x4100, 0x4100, 0x4100, 0x4100, 0x4100, 0x4100, 0x4100, 0x4100, 0x4100, 0x2100, 0x4100, 0x8300, 0xA300, 0x6200, 0x7444, 0x1B5E,
    0x1B5E, 0x7444, 0x6200, 0xA300, 0xA300, 0xA300, 0xA300, 0xA300, 0xA300, 0xA300, 0xA300, 0xA300, 0x8300, 0xC300, 0x0D2B, 0x4E2B,
    0x2E2B, 0x2E2B, 0x2E2B, 0x2E2B, 0x2E2B, 0x2E2B, 0x2E2B, 0x2E2B, 0x2E2B, 0x4E2B, 0x0D2B, 0xC300, 0xA300, 0x6200, 0x7444, 0x1B5E,
    0x1B5E, 0x7444, 0x6200, 0xA300, 0xA300, 0xA300, 0xA300, 0xA300, 0xA300, 0xA300, 0xA300, 0xA300, 0x8200, 0x0501, 0xFA5D, 0x3C5E,
    0x3B5E, 0x3C5E, 0x3C5E, 0x3C5E, 0x3C5E, 0x3C5E, 0x3C5E, 0x3C5E, 0x3B5E, 0x3C5E, 0xFA5D, 0x0501, 0x8200, 0x6200, 0x7444, 0x1B5E,
    0x1B5E, 0x7444, 0x6200, 0xA300, 0xA300, 0xA300, 0xA300, 0xA300, 0xA300, 0xA300, 0xA300, 0xA300, 0x8300, 0xA300, 0xF644, 0x1B5E,
    0x9955, 0xB955, 0xB955, 0xB955, 0xB955, 0xB955, 0xB955, 0xB955, 0x9955, 0x1B5E, 0xF644, 0xA300, 0xA300, 0x6200, 0x7444, 0x1B5E,
    0x1B5E, 0x7444, 0x6200, 0xA300, 0xA300, 0xA300, 0xA300, 0xA300, 0xA300, 0xA300, 0xA300, 0xA300, 0xA300, 0x8200, 0x0509, 0x374D,
    0x3B5E, 0xDA55, 0xFA55, 0xFA55, 0xFA55, 0xFA55, 0xFA55, 0xDA55, 0x3B5E, 0x374D, 0x0509, 0x8200, 0xA300, 0x6200, 0x7444, 0x1B5E,
    0x1B5E, 0x7444, 0x6200, 0xA300, 0xA300, 0xA300, 0xA300, 0xA300, 0xA300, 0xA300, 0xA300, 0xA300, 0x8200, 0x2509, 0x2E2B, 0x0509,
    0xD544, 0x7855, 0x784D, 0x784D, 0x584D, 0x784D, 0x784D, 0x7855, 0xD644, 0x0509, 0x2E2B, 0x2509, 0x8200, 0x6200, 0x7444, 0x1B5E,
    0x1B5E, 0x7444, 0x6200, 0xA300, 0xA300, 0xA300, 0xA300, 0xA300, 0xA300, 0xC300, 0xA300, 0xA300, 0x8200, 0xE400, 0xDA55, 0xB033,
    0xE400, 0x6609, 0x0509, 0x0509, 0x4609, 0x0509, 0x0509, 0x6609, 0xE408, 0xB033, 0xFA55, 0xE400, 0x8300, 0x6200, 0x7444, 0x1B5E,
    0x1B5E, 0x7444, 0x6200, 0xA300, 0xA300, 0xC300, 0xA300, 0x8200, 0x4100, 0x2100, 0x2100, 0x6200, 0x6200, 0x0509, 0xDA5D, 0x7D66,
    0x784D, 0xDA55, 0x8C22, 0x8B22, 0x5C5E, 0x8B22, 0x8C22, 0xDA55, 0x584D, 0x1B5E, 0x784D, 0xE400, 0x8300, 0x6200, 0x7444, 0x1B5E,
    0x1B5E, 0x7444, 0x6200, 0xA300, 0x2100, 0x2100, 0x6200, 0x2511, 0x493A, 0xCE6B, 0x2C5B, 0xC729, 0xC300, 0x4200, 0x8C12, 0x1234,
    0x7855, 0x7D66, 0xCD22, 0x8B22, 0x7D5E, 0x8B22, 0xCD22, 0x7C5E, 0xDA55, 0xDA55, 0x7855, 0xE400, 0x8300, 0x6200, 0x7444, 0x1B5E,
    0x1B5E, 0x9444, 0x4100, 0xC300, 0x0C5B, 0xD294, 0x37C6, 0x5BEF, 0xFEFF, 0xFFFF, 0xFFFF, 0xFDFF, 0xDADE, 0x95AD, 0xCF73, 0x2421,
    0xED22, 0x9D66, 0x4E2B, 0xC308, 0x8609, 0xC308, 0x4F2B, 0x3B5E, 0xB955, 0xFA55, 0x7855, 0xE400, 0x8300, 0x6200, 0x7444, 0x1B5E,
    0x1B5E, 0x9444, 0x4100, 0x2511, 0xFDFF, 0xFFFF, 0xFFFF, 0xFFFF, 0x9CF7, 0x78CE, 0xD9DE, 0xFEFF, 0xFFFF, 0xFFFF, 0xFFFF, 0x2F84,
    0x8C12, 0x5C66, 0x9955, 0x784D, 0x584D, 0x784D, 0xB955, 0xDA55, 0xDA55, 0xFA55, 0x7855, 0xE400, 0x8300, 0x6200, 0x7444, 0x1B5E,
    0x1B5E, 0x9444, 0x4100, 0x2511, 0x7BEF, 0xBCF7, 0xB9D6, 0xAE6B, 0x4519, 0xA621, 0x6519, 0xC731, 0xB5B5, 0x1AE7, 0xDFFF, 0xCE7B,
    0xAC1A, 0x5C66, 0xBA55, 0xFA55, 0xFA55, 0xFA55, 0xDA55, 0xDA55, 0xDA55, 0xFA55, 0x7855, 0xE400, 0x8300, 0x6200, 0x7444, 0x1B5E,
    0x1B5E, 0x9444, 0x4100, 0x2511, 0xBCF7, 0xBCF7, 0x6200, 0xC729, 0x99CE, 0xBCF7, 0x9CF7, 0xD294, 0x0000, 0xEF73, 0xFFFF, 0xCE73,
    0xAC1A, 0x5C66, 0xB955, 0xDA55, 0xDA55, 0xDA55, 0xDA55, 0xDA55, 0xDA55, 0xFA55, 0x7855, 0xE400, 0x8300, 0x6200, 0x7444, 0x1B5E,
    0x1B5E, 0x9444, 0x4100, 0x2511, 0x9CF7, 0xFDFF, 0x139D, 0x78CE, 0xFFFF, 0xFDFF, 0x9CEF, 0xFEFF, 0x139D, 0x78CE, 0xFFFF, 0xCE7B,
    0xAC1A, 0x5C66, 0xB955, 0xDA55, 0xDA55, 0xDA55, 0xDA55, 0xDA55, 0xDA55, 0xFA55, 0x7855, 0xE400, 0x8300, 0x6200, 0x7444, 0x1B5E,
    0x1B5E, 0x9444, 0x4100, 0x2511, 0x9CEF, 0xFEFF, 0xFFFF, 0xFEFF, 0xFFFF, 0x74A5, 0xF6BD, 0xFFFF, 0xFFFF, 0xFEFF, 0xFFFF, 0xEE7B,
    0xAC1A, 0x5C66, 0xB955, 0xDA55, 0xDA55, 0xDA55, 0xDA55, 0xDA55, 0xDA55, 0xFA55, 0x7855, 0xE400, 0x8300, 0x6200, 0x7444, 0x1B5E,
    0x1B5E, 0x9444, 0x4100, 0x2511, 0x9CEF, 0xFEFF, 0xDDFF, 0xFEFF, 0xD9D6, 0xC729, 0xFDFF, 0xFEFF, 0xDDFF, 0xDDFF, 0xFFFF, 0xEE7B,
    0xAC1A, 0x5C66, 0xB955, 0xDA55, 0xDA55, 0xDA55, 0xDA55, 0xDA55, 0xDA55, 0xFA55, 0x7855, 0xE400, 0x8300, 0x6200, 0x7444, 0x1B5E,
    0x1B5E, 0x9444, 0x4100, 0x2511, 0x9CEF, 0xFEFF, 0xFDFF, 0xDEFF, 0xEB52, 0x2519, 0x293A, 0x16BE, 0xFEFF, 0xDDFF, 0xFFFF, 0xEE7B,
    0xAC1A, 0x5C66, 0xB955, 0xDA55, 0xDA55, 0xDA55, 0xDA55, 0xDA55, 0xDA55, 0xDA55, 0x9955, 0x0401, 0x8300, 0x6200, 0x7444, 0x1B5E,
    0x1B5E, 0x9444, 0x4100, 0x2511, 0x7BEF, 0xFEFF, 0xFDFF, 0xDCFF, 0x7DEF, 0x5084, 0xE729, 0xDEF7, 0xFDFF, 0xDDFF, 0xFFFF, 0xEE7B,
    0xAC1A, 0x3C5E, 0x9955, 0xB955, 0xB955, 0xB955, 0xB955, 0xB955, 0xB955, 0x1B5E, 0xF644, 0xA300, 0xA300, 0x6200, 0x7444, 0x1B5E,
    0x1B5E, 0x9444, 0x4100, 0x2511, 0xFDFF, 0xFEFF, 0xDDFF, 0xFDFF, 0xFFFF, 0xEF73, 0xFADE, 0xFFFF, 0xDDFF, 0xDDFF, 0xFFFF, 0x0F7C,
    0xCD1A, 0xBE66, 0x1B5E, 0x3C5E, 0x3C5E, 0x3C5E, 0x3C5E, 0x3B5E, 0x5C5E, 0x374D, 0x2509, 0x6200, 0xA300, 0x6200, 0x7444, 0x1B5E,
    0x1B5E, 0x7444, 0x6200, 0x8300, 0x8D6B, 0x5CEF, 0xFFFF, 0xFEFF, 0x9CF7, 0xD9D6, 0xFEFF, 0xDDFF, 0xFEFF, 0xFFFF, 0xB6B5, 0x6521,
    0xC811, 0x6F33, 0x2E2B, 0x2E2B, 0x2E2B, 0x2E2B, 0x2E2B, 0x2E2B, 0x4F2B, 0x4609, 0x4100, 0xA300, 0xA300, 0x6200, 0x7444, 0x1B5E,
    0x1B5E, 0x7444, 0x6200, 0xA300, 0x2100, 0x2519, 0xD294, 0xFEFF, 0xFFFF, 0xFDFF, 0xFDFF, 0xFFFF, 0xD9D6, 0xEB52, 0x4100, 0x6200,
    0x6200, 0x2100, 0x4100, 0x4100, 0x4100, 0x4100, 0x4100, 0x4100, 0x2100, 0x8200, 0xA300, 0xA300, 0xA300, 0x6200, 0x7444, 0x1B5E,
    0x1B5E, 0x7444, 0x6200, 0xA300, 0xC300, 0x6200, 0x2100, 0x0832, 0x17BE, 0xFFFF, 0x9CF7, 0x0F7C, 0xC308, 0x2100, 0xA300, 0xA300,
    0xA300, 0xA300, 0xA300, 0xA300, 0xA300, 0xA300, 0xA300, 0xA300, 0xA300, 0xA300, 0xA300, 0xA300, 0xA300, 0x6200, 0x7444, 0x1B5E,
    0x1B5E, 0x7444, 0x6200, 0xA300, 0xA300, 0xA300, 0xC300, 0x4100, 0x6200, 0x0C53, 0xC729, 0x0000, 0x8300, 0xA300, 0xA300, 0xA300,
    0xA300, 0xA300, 0xA300, 0xA300, 0xA300, 0xA300, 0xA300, 0xA300, 0xA300, 0xA300, 0xA300, 0xA300, 0xA300, 0x6200, 0x7444, 0x1B5E,
    0x1B5E, 0x7444, 0x6200, 0xA300, 0xA300, 0xA300, 0xA300, 0xA300, 0xA300, 0x2100, 0x6200, 0xC300, 0xA300, 0xA300, 0xA300, 0xA300,
    0xA300, 0xA300, 0xA300, 0xA300, 0xA300, 0xA300, 0xA300, 0xA300, 0xA300, 0xA300, 0xA300, 0xA300, 0xA300, 0x6200, 0x7444, 0x1B5E,
    0x1B5E, 0x7444, 0x6200, 0xC300, 0xA300, 0xA300, 0xA300, 0xA300, 0xA300, 0xC300, 0xA300, 0xA300, 0xA300, 0xA300, 0xA300, 0xA300,
    0xA300, 0xA300, 0xA300, 0xA300, 0xA300, 0xA300, 0xA300, 0xA300, 0xA300, 0xA300, 0xA300, 0xA300, 0xC300, 0x6200, 0x7444, 0x1B5E,
    0x1B5E, 0x743C, 0x0000, 0x6200, 0x6200, 0x6200, 0x6200, 0x6200, 0x6200, 0x6200, 0x6200, 0x6200, 0x6200, 0x6200, 0x6200, 0x6200,
    0x6200, 0x6200, 0x6200, 0x6200, 0x6200, 0x6200, 0x6200, 0x6200, 0x6200, 0x6200, 0x6200, 0x6200, 0x6200, 0x0000, 0x743C, 0x1B5E,
    0xFA55, 0x7855, 0x7444, 0x9444, 0x7444, 0x7444, 0x7444, 0x7444, 0x7444, 0x7444, 0x7444, 0x7444, 0x7444, 0x7444, 0x7444, 0x7444,
    0x7444, 0x7444, 0x7444, 0x7444, 0x7444, 0x7444, 0x7444, 0x7444, 0x7444, 0x7444, 0x7444, 0x7444, 0x9444, 0x7444, 0x7855, 0xFA55,
    0xDA55, 0xDA55, 0x1B5E, 0x1B5E, 0x1B5E, 0x1B5E, 0x1B5E, 0x1B5E, 0x1B5E, 0x1B5E, 0x1B5E, 0x1B5E, 0x1B5E, 0x1B5E, 0x1B5E, 0x1B5E,
    0x1B5E, 0x1B5E, 0x1B5E, 0x1B5E, 0x1B5E, 0x1B5E, 0x1B5E, 0x1B5E, 0x1B5E, 0x1B5E, 0x1B5E, 0x1B5E, 0x1B5E, 0x1B5E, 0xDA55, 0xDA55
};

const uint16_t icon_dog_breath_stratagem_icon_background[] PROGMEM = {
    0xDA55, 0xDA55, 0x1B5E, 0x1B5E, 0x1B5E, 0x1B5E, 0x1B5E, 0x1B5E, 0x1B5E, 0x1B5E, 0x1B5E, 0x1B5E, 0x1B5E, 0x1B5E, 0x1B5E, 0x1B5E,
    0x1B5E, 0x1B5E, 0x1B5E, 0x1B5E, 0x1B5E, 0x1B5E, 0x1B5E, 0x1B5E, 0x1B5E, 0x1B5E, 0x1B5E, 0x1B5E, 0x1B5E, 0x1B5E, 0xDA55, 0xDA55,
    0xFA55, 0x7855, 0x7444, 0x9444, 0x7444, 0x7444, 0x7444, 0x7444, 0x7444, 0x7444, 0x7444, 0x7444, 0x7444, 0x7444, 0x7444, 0x7444,
    0x7444, 0x7444, 0x7444, 0x7444, 0x7444, 0x7444, 0x7444, 0x7444, 0x7444, 0x7444, 0x7444, 0x7444, 0x9444, 0x7444, 0x7855, 0xFA55,
    0x1B5E, 0x743C, 0x0000, 0x6200, 0x6200, 0x6200, 0x6200, 0x6200, 0x6200, 0x6200, 0x6200, 0x6200, 0x6200, 0x6200, 0x6200, 0x6200,
    0x6200, 0x6200, 0x6200, 0x6200, 0x6200, 0x6200, 0x6200, 0x6200, 0x6200, 0x6200, 0x6200, 0x6200, 0x6200, 0x0000, 0x743C, 0x1B5E,
    0x1B5E, 0x7444, 0x6200, 0xC300, 0xA300, 0xA300, 0xA300, 0xA300, 0xA300, 0xA300, 0xA300, 0xA300, 0xA300, 0xA300, 0xC300, 0xC300,
    0xC300, 0xC300, 0xC300, 0xC300, 0xC300, 0xC300, 0xC300, 0xC300, 0xC300, 0xC300, 0xC300, 0xA300, 0xA300, 0x6200, 0x7444, 0x1B5E,
    0x1B5E, 0x7444, 0x6200, 0xA300, 0xA300, 0xA300, 0xA300, 0xA300, 0xA300, 0xA300, 0xA300, 0xA300, 0xA300, 0x8300, 0x4100, 0x2100,
    0x4100, 0x4100, 0x4100, 0x4100, 0x4100, 0x4100, 0x4100, 0x4100, 0x4100, 0x2100, 0x4100, 0x8300, 0xA300, 0x6200, 0x7444, 0x1B5E,
    0x1B5E, 0x7444, 0x6200, 0xA300, 0xA300, 0xA300, 0xA300, 0xA300, 0xA300, 0xA300, 0xA300, 0xA300, 0x8300, 0xC300, 0x0D2B, 0x4E2B,
    0x2E2B, 0x2E2B, 0x2E2B, 0x2E2B, 0x2E2B, 0x2E2B, 0x2E2B, 0x2E2B, 0x2E2B, 0x4E2B, 0x0D2B, 0xC300, 0xA300, 0x6200, 0x7444, 0x1B5E,
    0x1B5E, 0x7444, 0x6200, 0xA300, 0xA300, 0xA300, 0xA300, 0xA300, 0xA300, 0xA300, 0xA300, 0xA300, 0x8200, 0x0501, 0xFA5D, 0x3C5E,
    0x3B5E, 0x3C5E, 0x3C5E, 0x3C5E, 0x3C5E, 0x3C5E, 0x3C5E, 0x3C5E, 0x3B5E, 0x3C5E, 0xFA5D, 0x0501, 0x8200, 0x6200, 0x7444, 0x1B5E,
    0x1B5E, 0x7444, 0x6200, 0xA300, 0xA300, 0xA300, 0xA300, 0xA300, 0xA300, 0xA300, 0xA300, 0xA300, 0x8300, 0xA300, 0xF644, 0x1B5E,
    0x9955, 0xB955, 0xB955, 0xB955, 0xB955, 0xB955, 0xB955, 0xB955, 0x9955, 0x1B5E, 0xF644, 0xA300, 0xA300, 0x6200, 0x7444, 0x1B5E,
    0x1B5E, 0x7444, 0x6200, 0xA300, 0xA300, 0xA300, 0xA300, 0xA300, 0xA300, 0xC300, 0xC300, 0xA300, 0xA300, 0x8200, 0x0509, 0x374D,
    0x3B5E, 0xDA55, 0xFA55, 0xFA55, 0xFA55, 0xFA55, 0xFA55, 0xDA55, 0x3B5E, 0x374D, 0x0509, 0x8200, 0xA300, 0x6200, 0x7444, 0x1B5E,
    0x1B5E, 0x7444, 0x6200, 0xA300, 0xA300, 0xA300, 0xA300, 0xA300, 0x8200, 0x0100, 0x0100, 0x8300, 0x8200, 0x4609, 0x4E2B, 0x0509,
    0xD544, 0x7855, 0x784D, 0x784D, 0x584D, 0x784D, 0x784D, 0x7855, 0xD644, 0x0509, 0x2E2B, 0x2509, 0x8200, 0x6200, 0x7444, 0x1B5E,
    0x1B5E, 0x7444, 0x6200, 0xA300, 0xA300, 0xA300, 0x8200, 0x8200, 0x0409, 0x307C, 0x307C, 0x0409, 0x8200, 0x8300, 0x9955, 0xD133,
    0xE400, 0x6609, 0x0509, 0x0509, 0x4609, 0x0509, 0x0509, 0x6609, 0xE408, 0xB033, 0xFA55, 0xE400, 0x8300, 0x6200, 0x7444, 0x1B5E,
    0x1B5E, 0x7444, 0x6200, 0xA300, 0xA300, 0x8300, 0x4519, 0x4100, 0x2C53, 0xFFFF, 0xFFFF, 0x2C53, 0x4200, 0x0411, 0x2A1A, 0x5C5E,
    0x584D, 0xDA55, 0x8C22, 0x8B22, 0x5C5E, 0x8B22, 0x8C22, 0xDA55, 0x584D, 0x1B5E, 0x784D, 0xE400, 0x8300, 0x6200, 0x7444, 0x1B5E,
    0x1B5E, 0x7444, 0x6200, 0xC300, 0x2100, 0x8A42, 0x0F74, 0x0000, 0x94AD, 0xBEF7, 0xBEF7, 0x94AD, 0x0000, 0x0F74, 0x283A, 0x902B,
    0x3C5E, 0x5C5E, 0xCD22, 0x8B22, 0x7D5E, 0x8B22, 0xCD22, 0x7C5E, 0xDA55, 0xDA55, 0x7855, 0xE400, 0x8300, 0x6200, 0x7444, 0x1B5E,
    0x1B5E, 0x7444, 0x6200, 0xA300, 0x6200, 0x98CE, 0x78CE, 0x0F7C, 0xFDFF, 0xFFFF, 0xFFFF, 0xFDFF, 0x0F7C, 0x78CE, 0x78CE, 0xC400,
    0x584D, 0x5C5E, 0x4F2B, 0xC308, 0x8609, 0xC308, 0x4F2B, 0x3B5E, 0xB955, 0xFA55, 0x7855, 0xE400, 0x8300, 0x6200, 0x7444, 0x1B5E,
    0x1B5E, 0x7444, 0x6200, 0x4100, 0xEF73, 0xFFFF, 0xFEFF, 0xFFFF, 0x37C6, 0xAE6B, 0xAE6B, 0x37C6, 0xFFFF, 0xFEFF, 0xFFFF, 0x8D6B,
    0x0A12, 0x3B5E, 0x9955, 0x784D, 0x584D, 0x784D, 0xB955, 0xDA55, 0xDA55, 0xFA55, 0x7855, 0xE400, 0x8300, 0x6200, 0x7444, 0x1B5E,
    0x1B5E, 0x9444, 0x4100, 0xE408, 0x7BEF, 0xFEFF, 0xFFFF, 0x139D, 0x0100, 0x0100, 0x0100, 0x0100, 0x139D, 0xFFFF, 0xFEFF, 0x5BEF,
    0x2511, 0x584D, 0xFA5D, 0xDA55, 0xFA55, 0xFA55, 0xDA55, 0xDA55, 0xDA55, 0xFA55, 0x7855, 0xE400, 0x8300, 0x6200, 0x7444, 0x1B5E,
    0x1B5E, 0x9444, 0x4100, 0x2511, 0x9CEF, 0xFEFF, 0x9CF7, 0xA621, 0xC310, 0x2511, 0x2511, 0xC310, 0xA721, 0x9CF7, 0xFEFF, 0x7BEF,
    0x8619, 0x584D, 0xFA5D, 0xBA55, 0xDA55, 0xDA55, 0xDA55, 0xDA55, 0xDA55, 0xFA55, 0x7855, 0xE400, 0x8300, 0x6200, 0x7444, 0x1B5E,
    0x1B5E, 0x9444, 0x4100, 0x2511, 0x7BEF, 0xFFFF, 0xCE6B, 0xE729, 0x7CEF, 0x9CF7, 0x9CF7, 0x7CEF, 0xE729, 0xCE6B, 0xFFFF, 0x5BEF,
    0x6611, 0x584D, 0xFA5D, 0xDA55, 0xDA55, 0xDA55, 0xDA55, 0xDA55, 0xDA55, 0xFA55, 0x7855, 0xE400, 0x8300, 0x6200, 0x7444, 0x1B5E,
    0x1B5E, 0x9444, 0x4100, 0x2511, 0x7BEF, 0xFFFF, 0x2C5B, 0xE729, 0xFFFF, 0x1AE7, 0x1AE7, 0xFFFF, 0xE729, 0x2C5B, 0xFFFF, 0x5BEF,
    0x6611, 0x584D, 0xFA5D, 0xDA55, 0xDA55, 0xDA55, 0xDA55, 0xDA55, 0xDA55, 0xFA55, 0x7855, 0xE400, 0x8300, 0x6200, 0x7444, 0x1B5E,
    0x1B5E, 0x9444, 0x4100, 0x2511, 0x7BEF, 0xFFFF, 0xD294, 0x0100, 0xAE6B, 0xCB4A, 0xCB4A, 0xAE6B, 0x0100, 0xD294, 0xFFFF, 0x5BEF,
    0x6611, 0x584D, 0xFA5D, 0xDA55, 0xDA55, 0xDA55, 0xDA55, 0xDA55, 0xDA55, 0xFA55, 0x7855, 0xE400, 0x8300, 0x6200, 0x7444, 0x1B5E,
    0x1B5E, 0x9444, 0x4100, 0x2511, 0x7CEF, 0xFEFF, 0xFFFF, 0x7084, 0xE410, 0xEB4A, 0xEB4A, 0xE410, 0x7084, 0xFFFF, 0xFEFF, 0x7BEF,
    0x6611, 0x584D, 0xFA5D, 0xDA55, 0xDA55, 0xDA55, 0xDA55, 0xDA55, 0xDA55, 0xDA55, 0x9955, 0x0401, 0x8300, 0x6200, 0x7444, 0x1B5E,
    0x1B5E, 0x9444, 0x4100, 0x2511, 0x7CEF, 0xFFFF, 0xD9D6, 0x507C, 0x0C53, 0x2832, 0x2832, 0x0C53, 0x307C, 0x3BE7, 0xFEFF, 0x7BEF,
    0x6619, 0x374D, 0xDA55, 0xB955, 0xB955, 0xB955, 0xB955, 0xB955, 0xB955, 0x1B5E, 0xF644, 0xA300, 0xA300, 0x6200, 0x7444, 0x1B5E,
    0x1B5E, 0x9444, 0x4100, 0xE408, 0x5BEF, 0xFEFF, 0x9DEF, 0x693A, 0xC729, 0x54A5, 0x139D, 0x4519, 0x0C53, 0xBDF7, 0xFEFF, 0x5BEF,
    0x4511, 0xBA55, 0x5C5E, 0x3B5E, 0x3C5E, 0x3C5E, 0x3C5E, 0x3B5E, 0x5C5E, 0x374D, 0x2509, 0x6200, 0xA300, 0x6200, 0x7444, 0x1B5E,
    0x1B5E, 0x7444, 0x6200, 0x4100, 0xEF73, 0xFFFF, 0xFFFF, 0xFFFF, 0x0F74, 0xDDFF, 0x5BE7, 0x507C, 0xFFFF, 0xFEFF, 0xFFFF, 0xCE73,
    0x4200, 0x2E2B, 0x4E2B, 0x2E2B, 0x2E2B, 0x2E2B, 0x2E2B, 0x2E2B, 0x4F2B, 0x4609, 0x4100, 0xA300, 0xA300, 0x6200, 0x7444, 0x1B5E,
    0x1B5E, 0x7444, 0x6200, 0xA300, 0x6200, 0x98CE, 0x78CE, 0x0F7C, 0xFDFF, 0xFDFF, 0xFEFF, 0xFDFF, 0x0F7C, 0x78CE, 0x98CE, 0x6200,
    0x8300, 0x4100, 0x2100, 0x4100, 0x4100, 0x4100, 0x4100, 0x4100, 0x2100, 0x8200, 0xA300, 0xA300, 0xA300, 0x6200, 0x7444, 0x1B5E,
    0x1B5E, 0x7444, 0x6200, 0xC300, 0x2100, 0x8A42, 0x0F74, 0x0000, 0x94AD, 0xDEFF, 0xDEFF, 0x94AD, 0x0000, 0x0F74, 0x8A42, 0x2100,
    0xA300, 0xA300, 0xA300, 0xA300, 0xA300, 0xA300, 0xA300, 0xA300, 0xA300, 0xA300, 0xA300, 0xA300, 0xA300, 0x6200, 0x7444, 0x1B5E,
    0x1B5E, 0x7444, 0x6200, 0xA300, 0xA300, 0x8300, 0x4519, 0x4100, 0x0C53, 0xFFFF, 0xFFFF, 0x0C53, 0x4100, 0x4519, 0x8300, 0xA300,
    0xA300, 0xA300, 0xA300, 0xA300, 0xA300, 0xA300, 0xA300, 0xA300, 0xA300, 0xA300, 0xA300, 0xA300, 0xA300, 0x6200, 0x7444, 0x1B5E,
    0x1B5E, 0x7444, 0x6200, 0xA300, 0xA300, 0xA300, 0x8200, 0x8200, 0x0409, 0x307C, 0x307C, 0x0409, 0x8200, 0x8200, 0xA300, 0xA300,
    0xA300, 0xA300, 0xA300, 0xA300, 0xA300, 0xA300, 0xA300, 0xA300, 0xA300, 0xA300, 0xA300, 0xA300, 0xA300, 0x6200, 0x7444, 0x1B5E,
    0x1B5E, 0x7444, 0x6200, 0xC300, 0xA300, 0xA300, 0xA300, 0xA300, 0xA300, 0x2100, 0x2100, 0xA300, 0xA300, 0xA300, 0xA300, 0xA300,
    0xA300, 0xA300, 0xA300, 0xA300, 0xA300, 0xA300, 0xA300, 0xA300, 0xA300, 0xA300, 0xA300, 0xA300, 0xC300, 0x6200, 0x7444, 0x1B5E,
    0x1B5E, 0x743C, 0x0000, 0x6200, 0x6200, 0x6200, 0x6200, 0x6200, 0x6200, 0x8200, 0x8200, 0x6200, 0x6200, 0x6200, 0x6200, 0x6200,
    0x6200, 0x6200, 0x6200, 0x6200, 0x6200, 0x6200, 0x6200, 0x6200, 0x6200, 0x6200, 0x6200, 0x6200, 0x6200, 0x0000, 0x743C, 0x1B5E,
    0xFA55, 0x7855, 0x7444, 0x9444, 0x7444, 0x7444, 0x7444, 0x7444, 0x7444, 0x7444, 0x7444, 0x7444, 0x7444, 0x7444, 0x7444, 0x7444,
    0x7444, 0x7444, 0x7444, 0x7444, 0x7444, 0x7444, 0x7444, 0x7444, 0x7444, 0x7444, 0x7444, 0x7444, 0x9444, 0x7444, 0x7855, 0xFA55,
    0xDA55, 0xDA55, 0x1B5E, 0x1B5E, 0x1B5E, 0x1B5E, 0x1B5E, 0x1B5E, 0x1B5E, 0x1B5E, 0x1B5E, 0x1B5E, 0x1B5E, 0x1B5E, 0x1B5E, 0x1B5E,
    0x1B5E, 0x1B5E, 0x1B5E, 0x1B5E, 0x1B5E, 0x1B5E, 0x1B5E, 0x1B5E, 0x1B5E, 0x1B5E, 0x1B5E, 0x1B5E, 0x1B5E, 0x1B5E, 0xDA55, 0xDA55
};

const uint16_t icon_drill_stratagem_icon_background[] PROGMEM = {
    0x8DCD, 0xADCD, 0xCDD5, 0xCDD5, 0xCDD5, 0xCDD5, 0xCDD5, 0xCDD5, 0xCDD5, 0xCDD5, 0xCDD5, 0xCDD5, 0xCDD5, 0xCDD5, 0xCDD5, 0xCDD5,
    0xCDD5, 0xCDD5, 0xCDD5, 0xCDD5, 0xCDD5, 0xCDD5, 0xCDD5, 0xCDD5, 0xCDD5, 0xCDD5, 0xCDD5, 0xCDD5, 0xCDD5, 0xCDD5, 0xADCD, 0x8DCD,
    0xADCD, 0x4CC5, 0x8AA4, 0x8AA4, 0x8AA4, 0x8AA4, 0x6AA4, 0x8BA4, 0x8BA4, 0x8BA4, 0x8BA4, 0x8BA4, 0x8BA4, 0x8BA4, 0x8BA4, 0x8BA4,
    0x8BA4, 0x8BA4, 0x8BA4, 0x8BA4, 0x8BA4, 0x8BA4, 0x8BA4, 0x8BA4, 0x8BA4, 0x6AA4, 0x8AA4, 0x8AA4, 0x8AA4, 0x8AA4, 0x4CC5, 0xADCD,
    0xCDD5, 0x8AA4, 0x4429, 0xA539, 0xA439, 0xA439, 0xC539, 0x6429, 0x6429, 0x6429, 0x6429, 0x6429, 0x6429, 0x6429, 0x6429, 0x8431,
    0x8431, 0x6429, 0x6429, 0x6429, 0x6429, 0x6429, 0x6429, 0x6429, 0x6429, 0xC539, 0xA439, 0xA439, 0xA539, 0x4429, 0x8AA4, 0xCDD5,
    0xCDD5, 0x8AA4, 0xA439, 0x2CBD, 0x6CC5, 0x8DCD, 0x6873, 0x8431, 0xA439, 0xA431, 0xA431, 0xA431, 0xA431, 0xA439, 0xA431, 0x2329,
    0x2329, 0xA431, 0xA439, 0xA431, 0xA431, 0xA431, 0xA431, 0xA439, 0x8431, 0x4873, 0x8DCD, 0x6CC5, 0x2CBD, 0xA439, 0x8AA4, 0xCDD5,
    0xCDD5, 0x8AA4, 0xA439, 0x6CC5, 0xEEDD, 0xA983, 0x6429, 0xA431, 0xA431, 0xA431, 0xA431, 0xA431, 0xA431, 0x8431, 0xC539, 0xB094,
    0xB094, 0xC539, 0x8431, 0xA431, 0xA431, 0xA431, 0xA431, 0xA431, 0xA431, 0x6429, 0xA983, 0xEEDD, 0x6CC5, 0xA439, 0x8AA4, 0xCDD5,
    0xCDD5, 0x8AA4, 0xA439, 0x8DCD, 0xA983, 0x4429, 0xA431, 0xA431, 0xA431, 0xA431, 0xA431, 0xA431, 0xA431, 0x8431, 0x0642, 0xFEFF,
    0xFEFF, 0x0642, 0x8431, 0xA431, 0xA431, 0xA431, 0xA431, 0xA431, 0xA431, 0xA431, 0x4429, 0xA983, 0x8DCD, 0xA439, 0x8AA4, 0xCDD5,
    0xCDD5, 0x6AA4, 0xC539, 0x687B, 0x6429, 0xA431, 0xA431, 0xA431, 0xA431, 0xA431, 0xA431, 0xA431, 0xA431, 0x8431, 0x0642, 0x9CF7,
    0x9CF7, 0x0642, 0x8431, 0xA431, 0xA431, 0xA431, 0xA431, 0xA431, 0xA431, 0xA431, 0xA431, 0x6429, 0x4873, 0xC539, 0x6AA4, 0xCDD5,
    0xCDD5, 0x8BA4, 0x6429, 0x8431, 0xA431, 0xA431, 0xA431, 0xA431, 0xA431, 0xA431, 0xA431, 0xA431, 0xA431, 0x8431, 0x0642, 0xBCF7,
    0xBCF7, 0x0642, 0x8431, 0xA431, 0xA431, 0xA431, 0xA431, 0xA431, 0xA431, 0xA431, 0xA431, 0xA431, 0x8431, 0x6429, 0x8BA4, 0xCDD5,
    0xCDD5, 0x8BA4, 0x6429, 0xA539, 0xA431, 0xA431, 0xA431, 0xA431, 0xA431, 0xA431, 0xA431, 0xA431, 0xA431, 0x8431, 0x0642, 0xBCF7,
    0xBCF7, 0x0642, 0x8431, 0xA431, 0xA431, 0xA431, 0xA431, 0xA431, 0xA431, 0xA431, 0xA431, 0xA431, 0xA539, 0x6429, 0x8BA4, 0xCDD5,
    0xCDD5, 0x8BA4, 0x6429, 0xA431, 0xA431, 0xA431, 0xA431, 0xA431, 0xA431, 0xA431, 0xA431, 0xA431, 0xA431, 0x8431, 0x0642, 0xBCF7,
    0xBCF7, 0x0642, 0x8431, 0xA431, 0xA431, 0xA431, 0xA431, 0xA431, 0xA431, 0xA431, 0xA431, 0xA431, 0xA431, 0x6429, 0x8BA4, 0xCDD5,
    0xCDD5, 0x8BA4, 0x6429, 0xA431, 0xA431, 0xA431, 0xA431, 0xA431, 0xA431, 0xA431, 0xA431, 0xA431, 0xA539, 0x8431, 0x0642, 0xBCF7,
    0xBCF7, 0x0642, 0x8431, 0xA539, 0xA431, 0xA431, 0xA431, 0xA431, 0xA431, 0xA431, 0xA431, 0xA431, 0xA431, 0x6429, 0x8BA4, 0xCDD5,
    0xCDD5, 0x8BA4, 0x6429, 0xA431, 0xA431, 0xA431, 0xA431, 0xA431, 0xA431, 0xA431, 0x8431, 0x6431, 0x6431, 0x6329, 0xE539, 0xBCF7,
    0xBCF7, 0xE539, 0x6431, 0x8431, 0x8431, 0x8431, 0xA431, 0xA431, 0xA431, 0xA431, 0xA431, 0xA431, 0xA431, 0x6429, 0x8BA4, 0xCDD5,
    0xCDD5, 0x8BA4, 0x6429, 0xA431, 0xA431, 0xA431, 0xA431, 0xA431, 0xA431, 0x8431, 0xE641, 0x8852, 0x8852, 0x274A, 0x674A, 0x9CF7,
    0x9CF7, 0x474A, 0xE641, 0x0642, 0x0642, 0x0642, 0xA539, 0xA431, 0xA431, 0xA431, 0xA431, 0xA431, 0xA431, 0x6429, 0x8BA4, 0xCDD5,
    0xCDD5, 0x8BA4, 0x6429, 0xA431, 0xA431, 0xA431, 0xA431, 0xA431, 0xA431, 0x8431, 0x274A, 0x4B6B, 0xD19C, 0x77CE, 0xBCF7, 0xFFFF,
    0xFFFF, 0xDDFF, 0x9CF7, 0x7BEF, 0x7DEF, 0x36C6, 0x8431, 0xA431, 0xA431, 0xA431, 0xA431, 0xA431, 0xA431, 0x6429, 0x8BA4, 0xCDD5,
    0xCDD5, 0x8BA4, 0x6429, 0xA431, 0xA431, 0xA431, 0xA431, 0xA431, 0xA539, 0x4329, 0x4B6B, 0x54AD, 0x6C73, 0xA95A, 0xC95A, 0xCD7B,
    0x94B5, 0x3BE7, 0xFEFF, 0xFFFF, 0xFFFF, 0x0E84, 0x2329, 0xA539, 0xA431, 0xA431, 0xA431, 0xA431, 0xA431, 0x6429, 0x8BA4, 0xCDD5,
    0xCDD5, 0x8BA4, 0x6429, 0xA431, 0xA431, 0xA431, 0xA431, 0xA431, 0xA431, 0x8431, 0x0642, 0xFEFF, 0xFFFF, 0xDDFF, 0x77CE, 0xD19C,
    0x4B6B, 0x8852, 0xC95A, 0x2E84, 0xB4B5, 0x0642, 0x8431, 0xA431, 0xA431, 0xA431, 0xA431, 0xA431, 0xA431, 0x6429, 0x8BA4, 0xCDD5,
    0xCDD5, 0x8BA4, 0x6429, 0xA431, 0xA431, 0xA431, 0xA431, 0xA431, 0xA431, 0xA539, 0x4329, 0xCD7B, 0x16C6, 0x9CF7, 0xFFFF, 0xFFFF,
    0xFFFF, 0xBCF7, 0x36C6, 0x9094, 0x274A, 0x6431, 0xA539, 0xA431, 0xA431, 0xA431, 0xA431, 0xA431, 0xA431, 0x6429, 0x8BA4, 0xCDD5,
    0xCDD5, 0x8BA4, 0x6429, 0xA431, 0xA431, 0xA431, 0xA431, 0xA431, 0xA431, 0xA431, 0xA431, 0x8431, 0xE95A, 0x8852, 0x2A63, 0x9094,
    0x57CE, 0xDDFF, 0xFFFF, 0xFFFF, 0xEA62, 0x6329, 0xA539, 0xA431, 0xA431, 0xA431, 0xA431, 0xA431, 0xA431, 0x6429, 0x8BA4, 0xCDD5,
    0xCDD5, 0x8BA4, 0x6429, 0xA431, 0xA431, 0xA431, 0xA431, 0xA431, 0xA431, 0xA431, 0xA431, 0x8431, 0x77CE, 0x5CEF, 0x94B5, 0xED7B,
    0xC95A, 0x6852, 0x6C73, 0x4F8C, 0x8431, 0xA431, 0xA431, 0xA431, 0xA431, 0xA431, 0xA431, 0xA431, 0xA431, 0x6429, 0x8BA4, 0xCDD5,
    0xCDD5, 0x8BA4, 0x6429, 0xA431, 0xA431, 0xA431, 0xA431, 0xA431, 0xA431, 0xA431, 0xA539, 0x4329, 0x6C73, 0xFFFF, 0xFFFF, 0xFFFF,
    0xFFFF, 0xFADE, 0x73AD, 0xE641, 0x8431, 0xA431, 0xA431, 0xA431, 0xA431, 0xA431, 0xA431, 0xA431, 0xA431, 0x6429, 0x8BA4, 0xCDD5,
    0xCDD5, 0x8BA4, 0x6429, 0xA431, 0xA431, 0xA431, 0xA431, 0xA431, 0xA431, 0xA431, 0xA431, 0xA431, 0x8431, 0xA852, 0xCD7B, 0x53AD,
    0xFADE, 0xFFFF, 0xDCFF, 0xE641, 0x8431, 0xA431, 0xA431, 0xA431, 0xA431, 0xA431, 0xA431, 0xA431, 0xA431, 0x6429, 0x8BA4, 0xCDD5,
    0xCDD5, 0x8BA4, 0x6429, 0xA431, 0xA431, 0xA431, 0xA431, 0xA431, 0xA431, 0xA431, 0xA431, 0xA539, 0x4329, 0x8C73, 0x12A5, 0x2B6B,
    0x6852, 0x0A63, 0x0A63, 0x6329, 0xA539, 0xA431, 0xA431, 0xA431, 0xA431, 0xA431, 0xA431, 0xA431, 0xA431, 0x6429, 0x8BA4, 0xCDD5,
    0xCDD5, 0x8BA4, 0x6429, 0xA431, 0xA431, 0xA431, 0xA431, 0xA431, 0xA431, 0xA431, 0xA431, 0xA539, 0x6431, 0x8852, 0xFFFF, 0xFFFF,
    0xDDFF, 0xF5BD, 0xA431, 0x8431, 0xA431, 0xA431, 0xA431, 0xA431, 0xA431, 0xA431, 0xA431, 0xA431, 0xA431, 0x6429, 0x8BA4, 0xCDD5,
    0xCDD5, 0x8BA4, 0x6429, 0xA539, 0xA431, 0xA431, 0xA431, 0xA431, 0xA431, 0xA431, 0xA431, 0xA431, 0xA539, 0x6329, 0x2E84, 0x37C6,
    0xDEFF, 0x36C6, 0x6329, 0xA539, 0xA431, 0xA431, 0xA431, 0xA431, 0xA431, 0xA431, 0xA431, 0xA431, 0xA539, 0x6429, 0x8BA4, 0xCDD5,
    0xCDD5, 0x8BA4, 0x6429, 0x8431, 0xA431, 0xA431, 0xA431, 0xA431, 0xA431, 0xA431, 0xA431, 0xA431, 0xA431, 0x8431, 0xA431, 0xC95A,
    0xA95A, 0x2642, 0x8431, 0xA431, 0xA431, 0xA431, 0xA431, 0xA431, 0xA431, 0xA431, 0xA431, 0xA431, 0x8431, 0x6429, 0x8BA4, 0xCDD5,
    0xCDD5, 0x6AA4, 0xC539, 0x687B, 0x6429, 0xA431, 0xA431, 0xA431, 0xA431, 0xA431, 0xA431, 0xA431, 0xA431, 0x8431, 0xA539, 0x3AE7,
    0x36C6, 0x4329, 0xA539, 0xA431, 0xA431, 0xA431, 0xA431, 0xA431, 0xA431, 0xA431, 0xA431, 0x6429, 0x687B, 0xC539, 0x6AA4, 0xCDD5,
    0xCDD5, 0x8AA4, 0xA439, 0x8DCD, 0xA983, 0x4429, 0xA431, 0xA431, 0xA431, 0xA431, 0xA431, 0xA431, 0xA431, 0xA539, 0x0221, 0x9094,
    0xD19C, 0x2221, 0xA539, 0xA431, 0xA431, 0xA431, 0xA431, 0xA431, 0xA431, 0xA431, 0x4429, 0xA983, 0x8DCD, 0xA439, 0x8AA4, 0xCDD5,
    0xCDD5, 0x8AA4, 0xA439, 0x6CC5, 0xEEDD, 0xA983, 0x6429, 0xA431, 0xA431, 0xA431, 0xA431, 0xA431, 0xA431, 0xA431, 0x8431, 0xE641,
    0xE541, 0x8431, 0xA431, 0xA431, 0xA431, 0xA431, 0xA431, 0xA431, 0xA431, 0x6429, 0xA983, 0xEEDD, 0x6CC5, 0xA439, 0x8AA4, 0xCDD5,
    0xCDD5, 0x8AA4, 0xA439, 0x2CBD, 0x6CC5, 0x8DCD, 0x687B, 0x8431, 0xA439, 0xA431, 0xA431, 0xA431, 0xA431, 0xA431, 0xA439, 0x8431,
    0x8431, 0xA439, 0xA431, 0xA431, 0xA431, 0xA431, 0xA431, 0xA439, 0x8431, 0x687B, 0x8DCD, 0x6CC5, 0x2CBD, 0xA439, 0x8AA4, 0xCDD5,
    0xCDD5, 0x8AA4, 0x4429, 0xA539, 0xA439, 0xA439, 0xC539, 0x6429, 0x6429, 0x6429, 0x6429, 0x6429, 0x6429, 0x6429, 0x6429, 0x6429,
    0x6429, 0x6429, 0x6429, 0x6429, 0x6429, 0x6429, 0x6429, 0x6429, 0x6429, 0xC539, 0xA439, 0xA439, 0xA539, 0x4429, 0x8AA4, 0xCDD5,
    0xADCD, 0x4CC5, 0x8AA4, 0x8AA4, 0x8AA4, 0x8AA4, 0x6AA4, 0x8BA4, 0x8BA4, 0x8BA4, 0x8BA4, 0x8BA4, 0x8BA4, 0x8BA4, 0x8BA4, 0x8BA4,
    0x8BA4, 0x8BA4, 0x8BA4, 0x8BA4, 0x8BA4, 0x8BA4, 0x8BA4, 0x8BA4, 0x8BA4, 0x6AA4, 0x8AA4, 0x8AA4, 0x8AA4, 0x8AA4, 0x4CC5, 0xADCD,
    0x8DCD, 0xADCD, 0xCDD5, 0xCDD5, 0xCDD5, 0xCDD5, 0xCDD5, 0xCDD5, 0xCDD5, 0xCDD5, 0xCDD5, 0xCDD5, 0xCDD5, 0xCDD5, 0xCDD5, 0xCDD5,
    0xCDD5, 0xCDD5, 0xCDD5, 0xCDD5, 0xCDD5, 0xCDD5, 0xCDD5, 0xCDD5, 0xCDD5, 0xCDD5, 0xCDD5, 0xCDD5, 0xCDD5, 0xCDD5, 0xADCD, 0x8DCD
};

const uint16_t icon_ems_mortar_sentry_stratagem_icon_background[] PROGMEM = {
    0xAA6C, 0xCA6C, 0xEB6C, 0xEB6C, 0xEB6C, 0xEB6C, 0xEB6C, 0xEB6C, 0xEB6C, 0xEB6C, 0xEB6C, 0xEB6C, 0xEB6C, 0xEB6C, 0xEB6C, 0xEB6C,
    0xEB6C, 0xEB6C, 0xEB6C, 0xEB6C, 0xEB6C, 0xEB6C, 0xEB6C, 0xEB6C, 0xEB6C, 0xEB6C, 0xEB6C, 0xEB6C, 0xEB6C, 0xEB6C, 0xCA6C, 0xAA6C,
    0xCA6C, 0x6A64, 0xA84B, 0xA853, 0xA853, 0xA853, 0xA853, 0xA853, 0xA853, 0xA853, 0xA853, 0xA853, 0xA853, 0xA853, 0xA853, 0xA853,
    0xA853, 0xA853, 0xA853, 0xA853, 0xA853, 0xA853, 0xA853, 0xA853, 0xA853, 0xA853, 0xA853, 0xA853, 0xA853, 0xA84B, 0x6A64, 0xCA6C,
    0xEB6C, 0xA753, 0x6000, 0xA000, 0x8000, 0x8000, 0x8000, 0x8000, 0x8000, 0x8000, 0x8000, 0x8000, 0x8000, 0x8000, 0x8000, 0x8000,
    0x8000, 0x8000, 0x8000, 0x8000, 0x8000, 0x8000, 0x8000, 0x8000, 0x8000, 0x8000, 0x8000, 0x8000, 0xA000, 0x6000, 0xA753, 0xEB6C,
    0xEB6C, 0xA853, 0xA000, 0xC008, 0xC008, 0xC008, 0xC008, 0xC008, 0xC008, 0xE008, 0xE008, 0xC008, 0xE008, 0xE008, 0xE008, 0xE008,
    0xC008, 0xC008, 0xC008, 0xE008, 0xE008, 0xE008, 0xE008, 0xE008, 0xE008, 0xE008, 0xE008, 0xE008, 0xC008, 0xA000, 0xA853, 0xEB6C,
    0xEB6C, 0xA853, 0x8000, 0xC008, 0xC008, 0xC008, 0xC008, 0xC008, 0xC008, 0x6000, 0x4000, 0xA000, 0x8000, 0x6000, 0x8000, 0x8000,
    0xA000, 0xC008, 0xA000, 0x6000, 0x6000, 0x8000, 0x8000, 0x8000, 0x8000, 0x8000, 0x8000, 0x8000, 0xC008, 0x8000, 0xA853, 0xEB6C,
    0xEB6C, 0xA853, 0x8000, 0xC008, 0xC008, 0xC008, 0xC008, 0xC008, 0x8000, 0xE84A, 0x6F84, 0x2111, 0x442A, 0xC53A, 0x8432, 0xE321,
    0x0111, 0x6000, 0xA219, 0x0643, 0xC53A, 0xA53A, 0xC53A, 0xA53A, 0xC53A, 0xA53A, 0xC53A, 0xA532, 0xE008, 0x8000, 0xA853, 0xEB6C,
    0xEB6C, 0xA853, 0x8000, 0xC008, 0xC008, 0xC008, 0xC008, 0xC008, 0xA000, 0xD8D6, 0xFFFF, 0xE952, 0x053B, 0x4C7D, 0xEB6C, 0xEB6C,
    0x6A64, 0x2643, 0x6219, 0x6432, 0x0B75, 0x0B75, 0xEB6C, 0xEB74, 0xEB74, 0xEB74, 0x0B75, 0xAA6C, 0x0009, 0x8000, 0xA853, 0xEB6C,
    0xEB6C, 0xA853, 0x8000, 0xC008, 0xC008, 0xC000, 0xE008, 0xA000, 0x2532, 0xDDFF, 0xDFFF, 0x53A5, 0x6111, 0xEB6C, 0x8A64, 0xAA6C,
    0xCA6C, 0xEB74, 0x8A64, 0xC221, 0x6111, 0x8A64, 0xCA6C, 0xAA6C, 0xAA6C, 0xAA6C, 0xCA6C, 0x6A64, 0x0009, 0x8000, 0xA853, 0xEB6C,
    0xEB6C, 0xA853, 0x8000, 0xC008, 0xC008, 0x8000, 0xAC6B, 0x8000, 0x4E84, 0xFFFF, 0xFDFF, 0x7BEF, 0x6219, 0x295C, 0xCB6C, 0xAA6C,
    0xAA6C, 0xAA64, 0xCA6C, 0x0B75, 0x0322, 0xA219, 0x8A64, 0x6964, 0x6A64, 0x6A64, 0x8A64, 0x295C, 0x0009, 0x8000, 0xA853, 0xEB6C,
    0xEB6C, 0xA853, 0x8000, 0xE008, 0x2000, 0x6A63, 0x93AD, 0x2000, 0x98D6, 0xDEFF, 0xDCF7, 0xFFFF, 0xE952, 0xA432, 0x0B75, 0xAA64,
    0xAA6C, 0xAA6C, 0xAA6C, 0xAA6C, 0xEB6C, 0xA219, 0xC008, 0x0111, 0x0009, 0x0009, 0x0009, 0x0009, 0xC008, 0x8000, 0xA853, 0xEB6C,
    0xEB6C, 0xA853, 0xA000, 0xA000, 0x0111, 0x9CF7, 0xAC6B, 0x0532, 0xFFFF, 0xFFFF, 0xFEFF, 0xFFFF, 0x73AD, 0x8111, 0xEB6C, 0xAA6C,
    0xAA6C, 0xAA6C, 0xAA6C, 0xAA6C, 0xCB6C, 0x085C, 0xA000, 0xA000, 0xA000, 0xA000, 0xA000, 0xA000, 0xC008, 0x8000, 0xA853, 0xEB6C,
    0xEB6C, 0xA853, 0xA000, 0x2000, 0x32A5, 0xFFFF, 0x6321, 0x6321, 0x0E7C, 0x0E7C, 0x52A5, 0xFFFF, 0x1AE7, 0x4111, 0x6964, 0xCA6C,
    0xAA6C, 0xAA6C, 0xAA6C, 0xAA6C, 0xAA64, 0xEB6C, 0x032A, 0x8000, 0xC008, 0xC008, 0xC008, 0xC008, 0xC008, 0x8000, 0xA853, 0xEB6C,
    0xEB6C, 0xC853, 0x2000, 0xAC6B, 0xFFFF, 0xFEFF, 0xB094, 0x0E7C, 0x4A5B, 0x0000, 0xB4B5, 0xFFFF, 0x53A5, 0x8111, 0xEB6C, 0xAA6C,
    0xAA6C, 0xAA6C, 0xAA6C, 0xAA6C, 0xAA6C, 0xEB6C, 0x474B, 0x8000, 0xC008, 0xC008, 0xC008, 0xC008, 0xC008, 0x8000, 0xA853, 0xEB6C,
    0xEB6C, 0xA853, 0x8000, 0xCC73, 0x4F84, 0xB08C, 0xFEFF, 0xFFFF, 0x4A5B, 0xEC73, 0xFFFF, 0xFFFF, 0xE952, 0xA432, 0x0B75, 0xAA64,
    0xAA6C, 0xAA6C, 0xAA6C, 0xAA6C, 0xAA6C, 0xCB6C, 0x085C, 0xC008, 0xC008, 0xC008, 0xC008, 0xC008, 0xC008, 0x8000, 0xA853, 0xEB6C,
    0xEB6C, 0xA853, 0xA000, 0x6000, 0x0000, 0xC429, 0xFFFF, 0xF194, 0x8321, 0xDDFF, 0xFEFF, 0x7BEF, 0x6219, 0x295C, 0xCB6C, 0xAA6C,
    0xAA6C, 0xAA6C, 0xAA6C, 0xAA6C, 0xAA6C, 0xCA6C, 0x6964, 0x0009, 0xA000, 0xC008, 0xC008, 0xC008, 0xC008, 0x8000, 0xA853, 0xEB6C,
    0xEB6C, 0xA853, 0x8000, 0x0111, 0x4000, 0x0D7C, 0x9CF7, 0xA008, 0x463A, 0xFEFF, 0xFFFF, 0x53A5, 0x6111, 0xEB6C, 0x8A64, 0xAA64,
    0xAA64, 0xAA64, 0xAA64, 0xAA64, 0x8A64, 0xAA6C, 0x6964, 0x0009, 0xA000, 0xC008, 0xC008, 0xC008, 0xC008, 0x8000, 0xA853, 0xEB6C,
    0xEB6C, 0xA853, 0x8000, 0xE008, 0x4000, 0x93AD, 0x6A63, 0x4000, 0xC008, 0x77CE, 0xFFFF, 0xE952, 0x053B, 0x6C7D, 0xEB74, 0x0B75,
    0x0B75, 0x0B75, 0x0B75, 0x0B75, 0x0B75, 0x0B75, 0xAA6C, 0x0009, 0xA000, 0xC008, 0xC008, 0xC008, 0xC008, 0x8000, 0xA853, 0xEB6C,
    0xEB6C, 0xA853, 0x8000, 0xA000, 0x2111, 0x8B6B, 0xA000, 0xE008, 0x4000, 0xD094, 0xFEFF, 0x4219, 0xE321, 0x8432, 0x6432, 0x6432,
    0x6432, 0x6432, 0x6432, 0x6432, 0x6432, 0xC53A, 0xA532, 0xE008, 0xC000, 0xC008, 0xC008, 0xC008, 0xC008, 0x8000, 0xA853, 0xEB6C,
    0xEB6C, 0xA853, 0x8000, 0xC008, 0xE008, 0xE008, 0xA000, 0xE008, 0x2000, 0x4E84, 0xFDFF, 0x0111, 0x6432, 0x6432, 0x6432, 0x6432,
    0x6432, 0x6432, 0x6432, 0x6432, 0x442A, 0x8000, 0x6000, 0xC008, 0xC008, 0xC008, 0xC008, 0xC008, 0xC008, 0x8000, 0xA853, 0xEB6C,
    0xEB6C, 0xA853, 0x8000, 0xC008, 0xC000, 0xC000, 0xC008, 0xC008, 0x2000, 0x52A5, 0xFFFF, 0xC429, 0xE53A, 0x4C7D, 0xEB74, 0x0B75,
    0x0B75, 0x0B75, 0x0B75, 0x0B75, 0xCA6C, 0x2111, 0xC000, 0xC008, 0xC008, 0xC008, 0xC008, 0xC008, 0xC008, 0x8000, 0xA853, 0xEB6C,
    0xEB6C, 0xA853, 0x8000, 0xC008, 0xC008, 0xC008, 0xC008, 0x8000, 0x6E84, 0xFEFF, 0xFEFF, 0x1ADF, 0x6321, 0x2643, 0xEB74, 0xAA6C,
    0xAA6C, 0xAA6C, 0xAA6C, 0xCA6C, 0x6A64, 0x0009, 0xC000, 0xC008, 0xC008, 0xC008, 0xC008, 0xC008, 0xC008, 0x8000, 0xA853, 0xEB6C,
    0xEB6C, 0xA853, 0x8000, 0xC008, 0xC008, 0xC008, 0xA000, 0x2111, 0xBCF7, 0xDDFF, 0xBCF7, 0xFFFF, 0x2E7C, 0xE219, 0xCB6C, 0x495C,
    0x6964, 0x6964, 0x4964, 0x6964, 0x295C, 0xE008, 0xA000, 0xC008, 0xC008, 0xC008, 0xC008, 0xC008, 0xC008, 0x8000, 0xA853, 0xEB6C,
    0xEB6C, 0xA853, 0x8000, 0xC008, 0xC008, 0xC008, 0xA000, 0x4219, 0xFDFF, 0xFFFF, 0xFFFF, 0xFFFF, 0xB08C, 0x8000, 0x6219, 0x4111,
    0x4111, 0x4111, 0x4111, 0x4111, 0x4111, 0x0009, 0x0009, 0xA000, 0xC008, 0xC008, 0xC008, 0xC008, 0xC008, 0x8000, 0xA853, 0xEB6C,
    0xEB6C, 0xA853, 0x8000, 0xC008, 0xC008, 0xC008, 0xC000, 0xC008, 0xCD73, 0x0E7C, 0x0D7C, 0x2F7C, 0x0632, 0x232A, 0xAA6C, 0x495C,
    0x6964, 0x6964, 0x6964, 0x6964, 0x6964, 0x6964, 0x8A64, 0x6432, 0x8000, 0xC008, 0xC008, 0xC008, 0xC008, 0x8000, 0xA853, 0xEB6C,
    0xEB6C, 0xA853, 0x8000, 0xC008, 0xC008, 0xC008, 0x8000, 0xA219, 0x432A, 0x0222, 0x2322, 0x2222, 0x442A, 0xC853, 0xCB6C, 0xAA6C,
    0xAA6C, 0xAA6C, 0xAA6C, 0xAA6C, 0xAA6C, 0xAA6C, 0xAA6C, 0xCA6C, 0xE321, 0x6000, 0xC008, 0xC008, 0xC008, 0x8000, 0xA853, 0xEB6C,
    0xEB6C, 0xA853, 0x8000, 0xC008, 0xC008, 0xA000, 0xC321, 0xEB74, 0x6C7D, 0x6C7D, 0x6C7D, 0x6C7D, 0x4C7D, 0x0B75, 0xEB6C, 0xEB74,
    0xEB74, 0xEB74, 0xEB74, 0xEB74, 0xEB74, 0xEB74, 0xEB6C, 0x0B75, 0xEB6C, 0xC321, 0xA000, 0xC008, 0xC008, 0x8000, 0xA853, 0xEB6C,
    0xEB6C, 0xA853, 0x8000, 0xC008, 0xC008, 0xA000, 0x442A, 0xE53A, 0xA532, 0xA532, 0xA532, 0xA532, 0xA532, 0xA53A, 0xC53A, 0xA53A,
    0xC53A, 0xC53A, 0xC53A, 0xC53A, 0xC53A, 0xA53A, 0xC53A, 0xA532, 0xE53A, 0x442A, 0xA000, 0xC008, 0xC008, 0x8000, 0xA853, 0xEB6C,
    0xEB6C, 0xA853, 0x8000, 0xC008, 0xC008, 0xC008, 0x8000, 0x6000, 0x8000, 0x8000, 0x8000, 0x8000, 0x8000, 0x8000, 0x8000, 0x8000,
    0x8000, 0x8000, 0x8000, 0x8000, 0x8000, 0x8000, 0x8000, 0x8000, 0x6000, 0x8000, 0xC008, 0xC008, 0xC008, 0x8000, 0xA853, 0xEB6C,
    0xEB6C, 0xA853, 0xA000, 0xC008, 0xC008, 0xC008, 0xE008, 0xE008, 0xE008, 0xE008, 0xE008, 0xE008, 0xE008, 0xE008, 0xE008, 0xE008,
    0xE008, 0xE008, 0xE008, 0xE008, 0xE008, 0xE008, 0xE008, 0xE008, 0xE008, 0xE008, 0xC008, 0xC008, 0xC008, 0xA000, 0xA853, 0xEB6C,
    0xEB6C, 0xA753, 0x6000, 0xA000, 0x8000, 0x8000, 0x8000, 0x8000, 0x8000, 0x8000, 0x8000, 0x8000, 0x8000, 0x8000, 0x8000, 0x8000,
    0x8000, 0x8000, 0x8000, 0x8000, 0x8000, 0x8000, 0x8000, 0x8000, 0x8000, 0x8000, 0x8000, 0x8000, 0xA000, 0x6000, 0xA753, 0xEB6C,
    0xCA6C, 0x6A64, 0xA84B, 0xA853, 0xA853, 0xA853, 0xA853, 0xA853, 0xA853, 0xA853, 0xA853, 0xA853, 0xA853, 0xA853, 0xA853, 0xA853,
    0xA853, 0xA853, 0xA853, 0xA853, 0xA853, 0xA853, 0xA853, 0xA853, 0xA853, 0xA853, 0xA853, 0xA853, 0xA853, 0xA84B, 0x6A64, 0xCA6C,
    0xAA6C, 0xCA6C, 0xEB6C, 0xEB6C, 0xEB6C, 0xEB6C, 0xEB6C, 0xEB6C, 0xEB6C, 0xEB6C, 0xEB6C, 0xEB6C, 0xEB6C, 0xEB6C, 0xEB6C, 0xEB6C,
    0xEB6C, 0xEB6C, 0xEB6C, 0xEB6C, 0xEB6C, 0xEB6C, 0xEB6C, 0xEB6C, 0xEB6C, 0xEB6C, 0xEB6C, 0xEB6C, 0xEB6C, 0xEB6C, 0xCA6C, 0xAA6C
};

const uint16_t icon_eagle_110mm_rocket_pods_stratagem_icon_background[] PROGMEM = {
    0x2ADB, 0x2ADB, 0x4BEB, 0x4BE3, 0x4BE3, 0x4BE3, 0x4BE3, 0x4BE3, 0x4BE3, 0x4BE3, 0x4BE3, 0x4BE3, 0x4BE3, 0x4BE3, 0x4BE3, 0x4BE3,
    0x4BE3, 0x4BE3, 0x4BE3, 0x4BE3, 0x4BE3, 0x4BE3, 0x4BE3, 0x4BE3, 0x4BE3, 0x4BE3, 0x4BE3, 0x4BE3, 0x4BE3, 0x4BEB, 0x2ADB, 0x2ADB,
    0x2ADB, 0xEAD2, 0x48AA, 0x68AA, 0x68AA, 0x68AA, 0x68AA, 0x68AA, 0x68AA, 0x68AA, 0x68AA, 0x68AA, 0x68AA, 0x68AA, 0x68AA, 0x68AA,
    0x68AA, 0x68AA, 0x68AA, 0x68AA, 0x68AA, 0x68AA, 0x68AA, 0x68AA, 0x68AA, 0x68AA, 0x68AA, 0x68AA, 0x68AA, 0x48AA, 0xEAD2, 0x2ADB,
    0x4BEB, 0x47AA, 0x0000, 0x0010, 0x0008, 0x0008, 0x0008, 0x0008, 0x0008, 0x0008, 0x0008, 0x0008, 0x0010, 0x0010, 0x0008, 0x0008,
    0x0008, 0x0008, 0x0008, 0x0010, 0x0010, 0x0008, 0x0008, 0x0008, 0x0008, 0x0008, 0x0008, 0x0008, 0x0010, 0x0000, 0x47AA, 0x4BEB,
    0x4BE3, 0x68AA, 0x0010, 0x2018, 0x2018, 0x2018, 0x2018, 0x2018, 0x2018, 0x2018, 0x2018, 0x2018, 0x0010, 0x2018, 0x2018, 0x2018,
    0x2018, 0x2018, 0x2018, 0x0010, 0x0010, 0x2018, 0x2018, 0x2018, 0x2018, 0x2018, 0x2018, 0x2018, 0x2018, 0x0010, 0x68AA, 0x4BE3,
    0x4BE3, 0x68AA, 0x0008, 0x2018, 0x0018, 0x0018, 0x0018, 0x0018, 0x0018, 0x0018, 0x0018, 0x0010, 0x8138, 0x0018, 0x0010, 0x0018,
    0x0018, 0x2018, 0x0010, 0xA240, 0x8130, 0x0008, 0x0010, 0x0018, 0x0018, 0x0018, 0x0018, 0x0018, 0x2018, 0x0008, 0x68AA, 0x4BE3,
    0x4BE3, 0x68AA, 0x0008, 0x2018, 0x0018, 0x0018, 0x0018, 0x0018, 0x0018, 0x0018, 0x0018, 0x0010, 0xA9BA, 0xC581, 0x0010, 0x2018,
    0x0018, 0x0018, 0x0010, 0x88B2, 0x0ADB, 0x8571, 0x2018, 0x0010, 0x0018, 0x0018, 0x0018, 0x0018, 0x2018, 0x0008, 0x68AA, 0x4BE3,
    0x4BE3, 0x68AA, 0x0008, 0x2018, 0x0018, 0x0018, 0x0018, 0x0018, 0x0018, 0x2018, 0x0010, 0xA238, 0x2BE3, 0x0AD3, 0x4020, 0x0010,
    0x2018, 0x0010, 0xA240, 0x4BE3, 0x4BE3, 0x6BEB, 0x88B2, 0x2018, 0x0018, 0x0018, 0x0018, 0x0018, 0x2018, 0x0008, 0x68AA, 0x4BE3,
    0x4BE3, 0x68AA, 0x0008, 0x2018, 0x0018, 0x0018, 0x0018, 0x0018, 0x0018, 0x2018, 0x0008, 0x8579, 0x6BEB, 0xC9CA, 0x4020, 0x0010,
    0x0018, 0x0018, 0x0018, 0x4471, 0x079A, 0x4BEB, 0xEAD2, 0x4020, 0x0010, 0x0018, 0x0018, 0x0018, 0x2018, 0x0008, 0x68AA, 0x4BE3,
    0x4BE3, 0x68AA, 0x0008, 0x2018, 0x0018, 0x0018, 0x0018, 0x0018, 0x0018, 0x2018, 0x0018, 0x88B2, 0x4BEB, 0xE9CA, 0x4020, 0x0010,
    0x4018, 0x2010, 0x0B6B, 0x8539, 0x0000, 0xC689, 0x2ADB, 0x4020, 0x0010, 0x0018, 0x0018, 0x0018, 0x2018, 0x0008, 0x68AA, 0x4BE3,
    0x4BE3, 0x68AA, 0x0008, 0x2018, 0x0018, 0x0018, 0x2018, 0x2018, 0x2018, 0x0008, 0x8138, 0x2ADB, 0x2ADB, 0xE9CA, 0x4020, 0x0010,
    0x0010, 0x0000, 0x7094, 0x9CF7, 0xA220, 0xA220, 0x4471, 0x6128, 0x0010, 0x0018, 0x0018, 0x0018, 0x2018, 0x0008, 0x68AA, 0x4BE3,
    0x4BE3, 0x68AA, 0x0008, 0x2018, 0x0018, 0x0018, 0x0010, 0x0008, 0x0018, 0xA238, 0x279A, 0x2BE3, 0x2ADB, 0xEACA, 0x4020, 0x0010,
    0x0B73, 0x308C, 0x6541, 0x94BD, 0xC649, 0x57CE, 0x2431, 0x0010, 0x2018, 0x0018, 0x0018, 0x0018, 0x2018, 0x0008, 0x68AA, 0x4BE3,
    0x4BE3, 0x68AA, 0x0008, 0x2018, 0x0010, 0x0010, 0xA238, 0x8579, 0x88B2, 0x2ADB, 0x4BE3, 0x0ADB, 0x2ADB, 0xEACA, 0x4120, 0x0010,
    0xA641, 0x1BE7, 0x74B5, 0x6120, 0x8120, 0xFDFF, 0xF9E6, 0x4118, 0x0018, 0x2018, 0x0018, 0x0018, 0x2018, 0x0008, 0x68AA, 0x4BE3,
    0x4BE3, 0x68AA, 0x0010, 0x0010, 0x8138, 0xA9BA, 0x2BE3, 0x6BEB, 0x4BE3, 0x2ADB, 0x2ADB, 0x2ADB, 0x4AE3, 0xEAD2, 0x4020, 0x0010,
    0x0000, 0x6120, 0xA641, 0xA228, 0xE330, 0x9CF7, 0xDCFF, 0x4120, 0x0010, 0x2018, 0x0018, 0x0018, 0x2018, 0x0008, 0x68AA, 0x4BE3,
    0x4BE3, 0x68AA, 0x0008, 0x2018, 0x2010, 0xA581, 0x0AD3, 0xC9CA, 0xE9CA, 0xE9CA, 0xEAD2, 0xEACA, 0x0AD3, 0xC9C2, 0x2018, 0xC240,
    0xC689, 0xA220, 0x37CE, 0xBDFF, 0x9CF7, 0xDDFF, 0xFEFF, 0x0F8C, 0x0008, 0x2018, 0x2018, 0x0018, 0x2018, 0x0008, 0x68AA, 0x4BE3,
    0x4BE3, 0x68AA, 0x0008, 0x2018, 0x0010, 0x0010, 0x4020, 0x4020, 0x4020, 0x4020, 0x4020, 0x4120, 0x4020, 0x2018, 0x0000, 0xE691,
    0xACFB, 0x8579, 0x0329, 0x99D6, 0x9CF7, 0xFEFF, 0xFDFF, 0xFFFF, 0x0F8C, 0x0008, 0x2018, 0x0018, 0x2018, 0x0008, 0x68AA, 0x4BE3,
    0x4BE3, 0x68AA, 0x0008, 0x2018, 0x0018, 0x2018, 0x0010, 0x0010, 0x0010, 0x0010, 0x0010, 0x0010, 0x0010, 0xC240, 0xE689, 0x0ADB,
    0x0ADB, 0x6BEB, 0xA581, 0x6120, 0x8220, 0xEE83, 0xFFFF, 0xBDF7, 0xFFFF, 0x0B6B, 0x0008, 0x2018, 0x2018, 0x0008, 0x68AA, 0x4BE3,
    0x4BE3, 0x68AA, 0x0008, 0x2018, 0x0018, 0x0018, 0x2018, 0x0018, 0x4018, 0x2010, 0x0B73, 0xA649, 0x0000, 0xC689, 0xACFB, 0x0ADB,
    0x2ADB, 0x0ADB, 0x4BE3, 0xEAD2, 0xA9C2, 0x2028, 0xCE7B, 0xFFFF, 0xFFFF, 0x909C, 0x0000, 0x2018, 0x2018, 0x0008, 0x68AA, 0x4BE3,
    0x4BE3, 0x68AA, 0x0008, 0x2018, 0x2018, 0x0018, 0x0010, 0x2018, 0x0010, 0x0000, 0x7094, 0x9CF7, 0xA220, 0xA220, 0x6479, 0x6BEB,
    0x0ADB, 0x2ADB, 0x0ADB, 0x2ADB, 0x4BE3, 0xEAD2, 0x4030, 0xEA62, 0x108C, 0xE751, 0x0010, 0x2018, 0x2018, 0x0008, 0x68AA, 0x4BE3,
    0x4BE3, 0x68AA, 0x0008, 0x2018, 0x0010, 0x0010, 0xA240, 0x0018, 0x0B6B, 0x308C, 0x6541, 0x94BD, 0xC649, 0x57D6, 0x0431, 0x8581,
    0x4BE3, 0x0ADB, 0x2ADB, 0x2ADB, 0x0ADB, 0x4BE3, 0xC9C2, 0x0010, 0x0000, 0x0010, 0x0018, 0x0018, 0x2018, 0x0008, 0x68AA, 0x4BE3,
    0x4BE3, 0x68AA, 0x0010, 0x0010, 0xA240, 0x88B2, 0x4BE3, 0x6471, 0x8539, 0x1BE7, 0x74B5, 0x6120, 0x8120, 0xFDFF, 0xD9DE, 0x6120,
    0xEAD2, 0x2ADB, 0x2ADB, 0x2ADB, 0x2ADB, 0x2ADB, 0xEACA, 0x4020, 0x2018, 0x2018, 0x0018, 0x0018, 0x2018, 0x0008, 0x68AA, 0x4BE3,
    0x4BE3, 0x68AA, 0x0010, 0x0010, 0x8130, 0x0ADB, 0x4BE3, 0x279A, 0x0000, 0x6120, 0xA641, 0xA228, 0xE330, 0x9CF7, 0xBCFF, 0x6120,
    0xA8C2, 0x4BE3, 0x0ADB, 0x2ADB, 0x2ADB, 0x2ADB, 0x2ADB, 0xC240, 0x0008, 0x2018, 0x0018, 0x0018, 0x2018, 0x0008, 0x68AA, 0x4BE3,
    0x4BE3, 0x68AA, 0x0008, 0x2018, 0x0008, 0x6469, 0x4BEB, 0x4BEB, 0xC689, 0xA220, 0x37CE, 0xBDF7, 0x9CF7, 0xDDFF, 0xFEFF, 0x0E84,
    0x2028, 0xEAD2, 0x4BE3, 0x2ADB, 0x2ADB, 0x0ADB, 0x2AE3, 0x0AD3, 0xA238, 0x0008, 0x2018, 0x0018, 0x2018, 0x0008, 0x68AA, 0x4BE3,
    0x4BE3, 0x68AA, 0x0008, 0x2018, 0x0018, 0x2018, 0x88B2, 0xEAD2, 0x2ADB, 0x6471, 0x2431, 0xB9DE, 0x9CF7, 0xFEFF, 0xDDFF, 0xFFFF,
    0xEE83, 0x4030, 0xC9C2, 0xEAD2, 0x0ADB, 0x2AE3, 0x0ADB, 0x2BE3, 0x0AD3, 0xA238, 0x0008, 0x2018, 0x2018, 0x0008, 0x68AA, 0x4BE3,
    0x4BE3, 0x68AA, 0x0008, 0x2018, 0x0018, 0x0010, 0x2018, 0x4020, 0x4020, 0x6128, 0x0010, 0x4018, 0x8218, 0xEE8B, 0xFFFF, 0xBDF7,
    0xFFFF, 0xEA6A, 0x0010, 0x4120, 0xC240, 0xEAD2, 0x2BE3, 0x0AD3, 0x2BE3, 0x0AD3, 0xA240, 0x0010, 0x2018, 0x0008, 0x68AA, 0x4BE3,
    0x4BE3, 0x68AA, 0x0008, 0x2018, 0x0018, 0x0018, 0x0018, 0x0010, 0x0010, 0x0010, 0x2018, 0x0018, 0x0010, 0x0008, 0xEE8B, 0xFFFF,
    0xFFFF, 0x909C, 0x0000, 0x2018, 0x0008, 0xA238, 0x0AD3, 0x2BE3, 0x0AD3, 0x4BEB, 0x68AA, 0x0010, 0x2018, 0x0008, 0x68AA, 0x4BE3,
    0x4BE3, 0x68AA, 0x0008, 0x2018, 0x0018, 0x0018, 0x0018, 0x0018, 0x0018, 0x0018, 0x0018, 0x2018, 0x2018, 0x2018, 0x0008, 0xEA6A,
    0x108C, 0xE751, 0x0010, 0x2018, 0x2018, 0x0008, 0xA238, 0x0AD3, 0x4BEB, 0x2AE3, 0xE9CA, 0x4020, 0x0018, 0x0010, 0x68AA, 0x4BE3,
    0x4BE3, 0x68AA, 0x0008, 0x2018, 0x0018, 0x0018, 0x0018, 0x0018, 0x0018, 0x0018, 0x0018, 0x0018, 0x0018, 0x0018, 0x2018, 0x0008,
    0x0008, 0x0010, 0x0018, 0x0018, 0x0018, 0x2018, 0x0008, 0xA238, 0x68AA, 0xE9CA, 0x6BEB, 0x0351, 0x0008, 0x0010, 0x68AA, 0x4BE3,
    0x4BE3, 0x68AA, 0x0008, 0x2018, 0x0018, 0x0018, 0x0018, 0x0018, 0x0018, 0x0018, 0x0018, 0x0018, 0x0018, 0x0018, 0x0018, 0x2018,
    0x2018, 0x2018, 0x0018, 0x0018, 0x0018, 0x0018, 0x2018, 0x0010, 0x0010, 0x4020, 0x0351, 0xA240, 0x0010, 0x0010, 0x68AA, 0x4BE3,
    0x4BE3, 0x68AA, 0x0010, 0x2018, 0x2018, 0x2018, 0x2018, 0x2018, 0x2018, 0x2018, 0x2018, 0x2018, 0x2018, 0x2018, 0x2018, 0x2018,
    0x2018, 0x2018, 0x2018, 0x2018, 0x2018, 0x2018, 0x2018, 0x2018, 0x2018, 0x0018, 0x0010, 0x0010, 0x2018, 0x0010, 0x68AA, 0x4BE3,
    0x4BEB, 0x47AA, 0x0000, 0x0010, 0x0008, 0x0008, 0x0008, 0x0008, 0x0008, 0x0008, 0x0008, 0x0008, 0x0008, 0x0008, 0x0008, 0x0008,
    0x0008, 0x0008, 0x0008, 0x0008, 0x0008, 0x0008, 0x0008, 0x0008, 0x0008, 0x0010, 0x0010, 0x0010, 0x0010, 0x0000, 0x47AA, 0x4BEB,
    0x2ADB, 0xEAD2, 0x48AA, 0x68AA, 0x68AA, 0x68AA, 0x68AA, 0x68AA, 0x68AA, 0x68AA, 0x68AA, 0x68AA, 0x68AA, 0x68AA, 0x68AA, 0x68AA,
    0x68AA, 0x68AA, 0x68AA, 0x68AA, 0x68AA, 0x68AA, 0x68AA, 0x68AA, 0x68AA, 0x68AA, 0x68AA, 0x68AA, 0x68AA, 0x48AA, 0xEAD2, 0x2ADB,
    0x2ADB, 0x2ADB, 0x4BEB, 0x4BE3, 0x4BE3, 0x4BE3, 0x4BE3, 0x4BE3, 0x4BE3, 0x4BE3, 0x4BE3, 0x4BE3, 0x4BE3, 0x4BE3, 0x4BE3, 0x4BE3,
    0x4BE3, 0x4BE3, 0x4BE3, 0x4BE3, 0x4BE3, 0x4BE3, 0x4BE3, 0x4BE3, 0x4BE3, 0x4BE3, 0x4BE3, 0x4BE3, 0x4BE3, 0x4BEB, 0x2ADB, 0x2ADB
};

const uint16_t icon_eagle_500kg_bomb_stratagem_icon_background[] PROGMEM = {
    0x2ADB, 0x2ADB, 0x4BEB, 0x4BE3, 0x4BE3, 0x4BE3, 0x4BE3, 0x4BE3, 0x4BE3, 0x4BE3, 0x4BE3, 0x4BE3, 0x4BE3, 0x4BE3, 0x4BE3, 0x4BE3,
    0x4BE3, 0x4BE3, 0x4BE3, 0x4BE3, 0x4BE3, 0x4BE3, 0x4BE3, 0x4BE3, 0x4BE3, 0x4BE3, 0x4BE3, 0x4BE3, 0x4BE3, 0x4BEB, 0x2ADB, 0x2ADB,
    0x2ADB, 0xEAD2, 0x48AA, 0x68AA, 0x68AA, 0x68AA, 0x68AA, 0x68AA, 0x68AA, 0x68AA, 0x68AA, 0x68AA, 0x68AA, 0x68AA, 0x68AA, 0x68AA,
    0x68AA, 0x68AA, 0x68AA, 0x68AA, 0x68AA, 0x68AA, 0x68AA, 0x68AA, 0x68AA, 0x68AA, 0x68AA, 0x68AA, 0x68AA, 0x48AA, 0xEAD2, 0x2ADB,
    0x4BEB, 0x47AA, 0x0000, 0x0010, 0x0008, 0x0008, 0x0008, 0x0008, 0x0008, 0x0008, 0x0008, 0x0008, 0x0010, 0x0010, 0x0008, 0x0008,
    0x0008, 0x0008, 0x0008, 0x0010, 0x0010, 0x0008, 0x0008, 0x0008, 0x0008, 0x0008, 0x0008, 0x0008, 0x0010, 0x0000, 0x47AA, 0x4BEB,
    0x4BE3, 0x68AA, 0x0010, 0x2018, 0x2018, 0x2018, 0x2018, 0x2018, 0x2018, 0x2018, 0x2018, 0x2018, 0x0010, 0x2018, 0x2018, 0x2018,
    0x2018, 0x2018, 0x2018, 0x0010, 0x0010, 0x2018, 0x2018, 0x2018, 0x2018, 0x2018, 0x2018, 0x2018, 0x2018, 0x0010, 0x68AA, 0x4BE3,
    0x4BE3, 0x68AA, 0x0008, 0x2018, 0x0018, 0x0018, 0x0018, 0x0018, 0x0018, 0x0018, 0x0018, 0x0010, 0x8138, 0x0018, 0x0010, 0x0018,
    0x0018, 0x2018, 0x0010, 0xA240, 0x8130, 0x0008, 0x0010, 0x0018, 0x0018, 0x0018, 0x0018, 0x0018, 0x2018, 0x0008, 0x68AA, 0x4BE3,
    0x4BE3, 0x68AA, 0x0008, 0x2018, 0x0018, 0x0018, 0x0018, 0x0018, 0x0018, 0x0018, 0x0018, 0x2018, 0xC9C2, 0xA581, 0x0010, 0x2018,
    0x0018, 0x0018, 0x0010, 0x88B2, 0x0ADB, 0x8571, 0x2018, 0x0010, 0x0018, 0x0018, 0x0018, 0x0018, 0x2018, 0x0008, 0x68AA, 0x4BE3,
    0x4BE3, 0x68AA, 0x0008, 0x2018, 0x0018, 0x0018, 0x0018, 0x0018, 0x0018, 0x0018, 0x0010, 0x0018, 0xE9CA, 0x4BE3, 0x4020, 0x0010,
    0x2018, 0x0010, 0xC240, 0x2AE3, 0x2ADB, 0x6BEB, 0x88B2, 0x2018, 0x0018, 0x0018, 0x0018, 0x0018, 0x2018, 0x0008, 0x68AA, 0x4BE3,
    0x4BE3, 0x68AA, 0x0008, 0x2018, 0x0018, 0x0018, 0x0018, 0x0018, 0x0018, 0x2018, 0x0010, 0x6539, 0x8130, 0x47AA, 0x6128, 0x0010,
    0x2018, 0x0008, 0x0692, 0x4BEB, 0x0AD3, 0x2ADB, 0x0AD3, 0x4020, 0x0010, 0x0018, 0x0018, 0x0018, 0x2018, 0x0008, 0x68AA, 0x4BE3,
    0x4BE3, 0x68AA, 0x0008, 0x2018, 0x0018, 0x0018, 0x0018, 0x0018, 0x2018, 0x2018, 0x2010, 0xD9DE, 0x12A5, 0x4018, 0x4020, 0x2018,
    0x0010, 0x6130, 0x0AD3, 0x2ADB, 0x0ADB, 0x2ADB, 0xE9CA, 0x4020, 0x0010, 0x0018, 0x0018, 0x0018, 0x2018, 0x0008, 0x68AA, 0x4BE3,
    0x4BE3, 0x68AA, 0x0008, 0x2018, 0x0018, 0x0018, 0x0018, 0x2018, 0x2018, 0x0000, 0x4439, 0xFDFF, 0xFFFF, 0xB19C, 0x0008, 0x4020,
    0x0008, 0x8579, 0x4BEB, 0x0ADB, 0x2ADB, 0x2ADB, 0xEACA, 0x4020, 0x0010, 0x0018, 0x0018, 0x0018, 0x2018, 0x0008, 0x68AA, 0x4BE3,
    0x4BE3, 0x68AA, 0x0008, 0x2018, 0x0018, 0x0018, 0x0010, 0x0010, 0x0010, 0x8539, 0x74B5, 0xFEFF, 0xFFFF, 0x74B5, 0x2010, 0x2018,
    0x4120, 0xC9CA, 0x2ADB, 0x0ADB, 0x2ADB, 0x2ADB, 0xEACA, 0x4020, 0x0010, 0x0018, 0x0018, 0x0018, 0x2018, 0x0008, 0x68AA, 0x4BE3,
    0x4BE3, 0x68AA, 0x0008, 0x2018, 0x0010, 0x2018, 0x2018, 0x6539, 0xB9DE, 0xFDFF, 0xFEFF, 0xBCF7, 0xFFFF, 0x2F94, 0x0000, 0x2018,
    0x2020, 0xE9CA, 0x4BE3, 0x0ADB, 0x2ADB, 0x2ADB, 0xEACA, 0x4020, 0x0010, 0x0018, 0x0018, 0x0018, 0x2018, 0x0008, 0x68AA, 0x4BE3,
    0x4BE3, 0x68AA, 0x0010, 0x0010, 0x8130, 0xC9C2, 0xE9CA, 0x8130, 0xF2A4, 0xFFFF, 0xFFFF, 0xFFFF, 0xFFFF, 0xD9DE, 0xF2A4, 0xBADE,
    0xEE83, 0x0028, 0x0AD3, 0x4BE3, 0x0ADB, 0x2ADB, 0xEACA, 0x4020, 0x0010, 0x0018, 0x0018, 0x0018, 0x2018, 0x0008, 0x68AA, 0x4BE3,
    0x4BE3, 0x68AA, 0x0008, 0x2018, 0x2010, 0xA579, 0x4BE3, 0x47AA, 0x0018, 0xB19C, 0x54B5, 0x5094, 0xD9DE, 0xFFFF, 0xFFFF, 0xFEFF,
    0xFFFF, 0xEE83, 0x2028, 0x0AD3, 0x4BE3, 0x2ADB, 0xEACA, 0x4020, 0x0010, 0x0018, 0x0018, 0x0018, 0x2018, 0x0008, 0x68AA, 0x4BE3,
    0x4BE3, 0x68AA, 0x0008, 0x2018, 0x0010, 0x0010, 0x4020, 0x6128, 0x2020, 0x0008, 0x0010, 0x0000, 0xD1A4, 0xFFFF, 0xBCFF, 0xFDFF,
    0xDDFF, 0xFFFF, 0xEE83, 0x2028, 0xE9CA, 0x4BE3, 0xE9CA, 0x4020, 0x0010, 0x0018, 0x0018, 0x0018, 0x2018, 0x0008, 0x68AA, 0x4BE3,
    0x4BE3, 0x68AA, 0x0008, 0x2018, 0x0018, 0x2018, 0x0010, 0x0010, 0x0018, 0x4020, 0x2018, 0x4018, 0x3AE7, 0xFEFF, 0xFDFF, 0xFDFF,
    0xFDFF, 0xDDFF, 0xFFFF, 0xEE83, 0x6138, 0x2BE3, 0xEAD2, 0x4020, 0x0010, 0x0018, 0x0018, 0x0018, 0x2018, 0x0008, 0x68AA, 0x4BE3,
    0x4BE3, 0x68AA, 0x0008, 0x2018, 0x0018, 0x0018, 0x2018, 0x2018, 0x0010, 0x0008, 0x4020, 0x6120, 0xEE83, 0xFFFF, 0xDDFF, 0xFDFF,
    0xFDFF, 0xFDFF, 0xFEFF, 0xBCF7, 0xA228, 0xC9CA, 0x0AD3, 0x4020, 0x0010, 0x0018, 0x0018, 0x0018, 0x2018, 0x0008, 0x68AA, 0x4BE3,
    0x4BE3, 0x68AA, 0x0008, 0x2018, 0x2018, 0x2018, 0x0008, 0x0008, 0x6128, 0x8571, 0xC9C2, 0xEACA, 0x2028, 0xCE7B, 0xFFFF, 0xDDFF,
    0xFDFF, 0xFDFF, 0xFEFF, 0x5BEF, 0xC230, 0xC9CA, 0x0AD3, 0x4020, 0x0010, 0x0018, 0x0018, 0x0018, 0x2018, 0x0008, 0x68AA, 0x4BE3,
    0x4BE3, 0x68AA, 0x0008, 0x2018, 0x0010, 0x0010, 0xC240, 0x0692, 0x0AD3, 0x4BEB, 0x2AE3, 0x4BE3, 0x0AD3, 0x2028, 0xCE7B, 0xFFFF,
    0xFEFF, 0xFEFF, 0xFEFF, 0x9CF7, 0xC230, 0xC9CA, 0x0AD3, 0x4020, 0x0010, 0x0018, 0x0018, 0x0018, 0x2018, 0x0008, 0x68AA, 0x4BE3,
    0x4BE3, 0x68AA, 0x0010, 0x0010, 0xA240, 0x88B2, 0x2AE3, 0x4BEB, 0x2ADB, 0x0ADB, 0x0ADB, 0x0ADB, 0x4BE3, 0x0AD3, 0x2028, 0xCE7B,
    0x7CEF, 0x5BEF, 0x7CEF, 0xF9DE, 0xA230, 0xC9D2, 0xEAD2, 0x2020, 0x0018, 0x0018, 0x0018, 0x0018, 0x2018, 0x0008, 0x68AA, 0x4BE3,
    0x4BE3, 0x68AA, 0x0010, 0x0010, 0x8130, 0x0ADB, 0x2ADB, 0x0AD3, 0x0ADB, 0x2ADB, 0x2ADB, 0x2ADB, 0x0ADB, 0x4BE3, 0xE9CA, 0x6138,
    0xC228, 0xC230, 0xC230, 0xA230, 0x8130, 0xEAD2, 0x2ADB, 0xC240, 0x0008, 0x2018, 0x0018, 0x0018, 0x2018, 0x0008, 0x68AA, 0x4BE3,
    0x4BE3, 0x68AA, 0x0008, 0x2018, 0x0008, 0x6469, 0x6BEB, 0x2ADB, 0x2ADB, 0x2ADB, 0x2ADB, 0x2ADB, 0x2AE3, 0x2ADB, 0x4BE3, 0x2BE3,
    0xC9CA, 0xC9CA, 0xC9CA, 0xC9CA, 0xEAD2, 0x0ADB, 0x2AE3, 0x0AD3, 0xA238, 0x0008, 0x2018, 0x0018, 0x2018, 0x0008, 0x68AA, 0x4BE3,
    0x4BE3, 0x68AA, 0x0008, 0x2018, 0x0018, 0x2018, 0x88B2, 0x0AD3, 0xE9CA, 0xEACA, 0xEACA, 0xEACA, 0xEACA, 0xEAD2, 0xE9CA, 0xEAD2,
    0x0AD3, 0x0AD3, 0x0AD3, 0x0AD3, 0x2ADB, 0x2AE3, 0x0ADB, 0x2BE3, 0x0AD3, 0xA238, 0x0008, 0x2018, 0x2018, 0x0008, 0x68AA, 0x4BE3,
    0x4BE3, 0x68AA, 0x0008, 0x2018, 0x0018, 0x0010, 0x2018, 0x4020, 0x4020, 0x4020, 0x4020, 0x4020, 0x4020, 0x4020, 0x4020, 0x4020,
    0x4020, 0x4020, 0x4020, 0x2020, 0xC240, 0xEAD2, 0x2BE3, 0x0AD3, 0x2BE3, 0x0AD3, 0xA240, 0x0010, 0x2018, 0x0008, 0x68AA, 0x4BE3,
    0x4BE3, 0x68AA, 0x0008, 0x2018, 0x0018, 0x0018, 0x0018, 0x0010, 0x0010, 0x0010, 0x0010, 0x0010, 0x0010, 0x0010, 0x0010, 0x0010,
    0x0010, 0x0010, 0x0010, 0x0018, 0x0008, 0xA238, 0x0AD3, 0x2BE3, 0x0AD3, 0x4BEB, 0x68AA, 0x0010, 0x2018, 0x0008, 0x68AA, 0x4BE3,
    0x4BE3, 0x68AA, 0x0008, 0x2018, 0x0018, 0x0018, 0x0018, 0x0018, 0x0018, 0x0018, 0x0018, 0x0018, 0x0018, 0x0018, 0x0018, 0x0018,
    0x0018, 0x0018, 0x0018, 0x0018, 0x2018, 0x0008, 0xA238, 0x0AD3, 0x4BEB, 0x2AE3, 0xE9CA, 0x4020, 0x0018, 0x0010, 0x68AA, 0x4BE3,
    0x4BE3, 0x68AA, 0x0008, 0x2018, 0x0018, 0x0018, 0x0018, 0x0018, 0x0018, 0x0018, 0x0018, 0x0018, 0x0018, 0x0018, 0x0018, 0x0018,
    0x0018, 0x0018, 0x0018, 0x0018, 0x0018, 0x2018, 0x0008, 0xA238, 0x68AA, 0xE9CA, 0x6BEB, 0x0351, 0x0008, 0x0010, 0x68AA, 0x4BE3,
    0x4BE3, 0x68AA, 0x0008, 0x2018, 0x0018, 0x0018, 0x0018, 0x0018, 0x0018, 0x0018, 0x0018, 0x0018, 0x0018, 0x0018, 0x0018, 0x0018,
    0x0018, 0x0018, 0x0018, 0x0018, 0x0018, 0x0018, 0x2018, 0x0010, 0x0010, 0x4020, 0x0351, 0xA240, 0x0010, 0x0010, 0x68AA, 0x4BE3,
    0x4BE3, 0x68AA, 0x0010, 0x2018, 0x2018, 0x2018, 0x2018, 0x2018, 0x2018, 0x2018, 0x2018, 0x2018, 0x2018, 0x2018, 0x2018, 0x2018,
    0x2018, 0x2018, 0x2018, 0x2018, 0x2018, 0x2018, 0x2018, 0x2018, 0x2018, 0x0018, 0x0010, 0x0010, 0x2018, 0x0010, 0x68AA, 0x4BE3,
    0x4BEB, 0x47AA, 0x0000, 0x0010, 0x0008, 0x0008, 0x0008, 0x0008, 0x0008, 0x0008, 0x0008, 0x0008, 0x0008, 0x0008, 0x0008, 0x0008,
    0x0008, 0x0008, 0x0008, 0x0008, 0x0008, 0x0008, 0x0008, 0x0008, 0x0008, 0x0010, 0x0010, 0x0010, 0x0010, 0x0000, 0x47AA, 0x4BEB,
    0x2ADB, 0xEAD2, 0x48AA, 0x68AA, 0x68AA, 0x68AA, 0x68AA, 0x68AA, 0x68AA, 0x68AA, 0x68AA, 0x68AA, 0x68AA, 0x68AA, 0x68AA, 0x68AA,
    0x68AA, 0x68AA, 0x68AA, 0x68AA, 0x68AA, 0x68AA, 0x68AA, 0x68AA, 0x68AA, 0x68AA, 0x68AA, 0x68AA, 0x68AA, 0x48AA, 0xEAD2, 0x2ADB,
    0x2ADB, 0x2ADB, 0x4BEB, 0x4BE3, 0x4BE3, 0x4BE3, 0x4BE3, 0x4BE3, 0x4BE3, 0x4BE3, 0x4BE3, 0x4BE3, 0x4BE3, 0x4BE3, 0x4BE3, 0x4BE3,
    0x4BE3, 0x4BE3, 0x4BE3, 0x4BE3, 0x4BE3, 0x4BE3, 0x4BE3, 0x4BE3, 0x4BE3, 0x4BE3, 0x4BE3, 0x4BE3, 0x4BE3, 0x4BEB, 0x2ADB, 0x2ADB
};

const uint16_t icon_eagle_airstrike_stratagem_icon_background[] PROGMEM = {
    0x2ADB, 0x2ADB, 0x4BEB, 0x4BE3, 0x4BE3, 0x4BE3, 0x4BE3, 0x4BE3, 0x4BE3, 0x4BE3, 0x4BE3, 0x4BE3, 0x4BE3, 0x4BE3, 0x4BE3, 0x4BE3,
    0x4BE3, 0x4BE3, 0x4BE3, 0x4BE3, 0x4BE3, 0x4BE3, 0x4BE3, 0x4BE3, 0x4BE3, 0x4BE3, 0x4BE3, 0x4BE3, 0x4BE3, 0x4BEB, 0x2ADB, 0x2ADB,
    0x2ADB, 0xEAD2, 0x48AA, 0x68AA, 0x68AA, 0x68AA, 0x68AA, 0x68AA, 0x68AA, 0x68AA, 0x68AA, 0x68AA, 0x68AA, 0x68AA, 0x68AA, 0x68AA,
    0x68AA, 0x68AA, 0x68AA, 0x68AA, 0x68AA, 0x68AA, 0x68AA, 0x68AA, 0x68AA, 0x68AA, 0x68AA, 0x68AA, 0x68AA, 0x48AA, 0xEAD2, 0x2ADB,
    0x4BEB, 0x47AA, 0x0000, 0x0010, 0x0008, 0x0008, 0x0008, 0x0008, 0x0008, 0x0008, 0x0008, 0x0008, 0x0010, 0x0010, 0x0008, 0x0008,
    0x0008, 0x0008, 0x0008, 0x0010, 0x0010, 0x0008, 0x0008, 0x0008, 0x0008, 0x0008, 0x0008, 0x0008, 0x0010, 0x0000, 0x47AA, 0x4BEB,
    0x4BE3, 0x68AA, 0x0010, 0x2018, 0x2018, 0x2018, 0x2018, 0x2018, 0x2018, 0x2018, 0x2018, 0x2018, 0x0010, 0x2018, 0x2018, 0x2018,
    0x2018, 0x2018, 0x2018, 0x0010, 0x0010, 0x2018, 0x2018, 0x2018, 0x2018, 0x2018, 0x2018, 0x2018, 0x2018, 0x0010, 0x68AA, 0x4BE3,
    0x4BE3, 0x68AA, 0x0008, 0x2018, 0x0018, 0x0018, 0x0018, 0x0018, 0x0018, 0x0018, 0x0018, 0x0010, 0x8138, 0x0018, 0x0010, 0x0018,
    0x0018, 0x2018, 0x0010, 0xA240, 0x8130, 0x0008, 0x0010, 0x0018, 0x0018, 0x0018, 0x0018, 0x0018, 0x2018, 0x0008, 0x68AA, 0x4BE3,
    0x4BE3, 0x68AA, 0x0008, 0x2018, 0x0018, 0x0018, 0x0018, 0x0018, 0x0018, 0x0018, 0x0018, 0x0010, 0xA9BA, 0xC581, 0x0010, 0x2018,
    0x0018, 0x0018, 0x0010, 0x88B2, 0x0ADB, 0x8571, 0x2018, 0x0010, 0x0018, 0x0018, 0x0018, 0x0018, 0x2018, 0x0008, 0x68AA, 0x4BE3,
    0x4BE3, 0x68AA, 0x0008, 0x2018, 0x0018, 0x0018, 0x0018, 0x0018, 0x0018, 0x2018, 0x0010, 0xA238, 0x2BE3, 0x0AD3, 0x4020, 0x0010,
    0x2018, 0x0010, 0xC240, 0x2AE3, 0x2ADB, 0x4BEB, 0x88B2, 0x2018, 0x0018, 0x0018, 0x0018, 0x0018, 0x2018, 0x0008, 0x68AA, 0x4BE3,
    0x4BE3, 0x68AA, 0x0008, 0x2018, 0x0018, 0x0018, 0x0018, 0x0018, 0x0018, 0x2018, 0x0008, 0x8579, 0x6BEB, 0xC9CA, 0x4020, 0x0010,
    0x2018, 0x0008, 0x0692, 0x4BEB, 0x0ADB, 0x4BEB, 0x0AD3, 0x4020, 0x0010, 0x0018, 0x0018, 0x0018, 0x2018, 0x0008, 0x68AA, 0x4BE3,
    0x4BE3, 0x68AA, 0x0008, 0x2018, 0x0018, 0x0018, 0x0018, 0x0018, 0x0018, 0x2018, 0x0018, 0x88B2, 0x4BEB, 0xE9CA, 0x4020, 0x0010,
    0x0010, 0x6130, 0x0AD3, 0x4BE3, 0x68B2, 0xA581, 0x2ADB, 0x4020, 0x0010, 0x0018, 0x0018, 0x0018, 0x2018, 0x0008, 0x68AA, 0x4BE3,
    0x4BE3, 0x68AA, 0x0008, 0x2018, 0x0018, 0x0018, 0x2018, 0x2018, 0x2018, 0x0008, 0x8138, 0x2ADB, 0x2ADB, 0xE9CA, 0x4020, 0x0018,
    0x0008, 0x8579, 0x4BEB, 0x8BF3, 0x4461, 0x4108, 0xE250, 0x4028, 0x0010, 0x0018, 0x0018, 0x0018, 0x2018, 0x0008, 0x68AA, 0x4BE3,
    0x4BE3, 0x68AA, 0x0008, 0x2018, 0x0018, 0x0018, 0x0010, 0x0008, 0x0018, 0xA238, 0x279A, 0x2BE3, 0x2ADB, 0xEACA, 0x4020, 0x0010,
    0x2018, 0xC9C2, 0x4BE3, 0xA589, 0x2020, 0xB9DE, 0xCA62, 0x0008, 0x4018, 0x0018, 0x0018, 0x0018, 0x2018, 0x0008, 0x68AA, 0x4BE3,
    0x4BE3, 0x68AA, 0x0008, 0x2018, 0x0010, 0x0010, 0xA238, 0x8579, 0x88B2, 0x2ADB, 0x4BE3, 0x0ADB, 0x2ADB, 0xEACA, 0x4128, 0x0008,
    0x2461, 0x0AD3, 0x6128, 0xC639, 0x74B5, 0xFFFF, 0x919C, 0x0000, 0x0010, 0x2018, 0x0018, 0x0018, 0x2018, 0x0008, 0x68AA, 0x4BE3,
    0x4BE3, 0x68AA, 0x0010, 0x0010, 0x8138, 0xA9BA, 0x2BE3, 0x6BEB, 0x4BE3, 0x2ADB, 0x2ADB, 0x2ADB, 0x4AE3, 0xEAD2, 0x4020, 0x0008,
    0x68AA, 0x6BEB, 0x0361, 0x6852, 0xFEFF, 0x9CF7, 0x98D6, 0xF6C5, 0x8962, 0x0000, 0x2018, 0x0018, 0x2018, 0x0008, 0x68AA, 0x4BE3,
    0x4BE3, 0x68AA, 0x0008, 0x2018, 0x2010, 0xA581, 0x0AD3, 0xC9CA, 0xE9CA, 0xE9CA, 0xEACA, 0xEACA, 0x0AD3, 0xC9CA, 0x2018, 0xA238,
    0x2AE3, 0x2ADB, 0x4BE3, 0xC248, 0xA218, 0xAA6A, 0xFFFF, 0xFFFF, 0xDEFF, 0x895A, 0x0010, 0x2018, 0x2018, 0x0008, 0x68AA, 0x4BE3,
    0x4BE3, 0x68AA, 0x0008, 0x2018, 0x0010, 0x0010, 0x4020, 0x4020, 0x4020, 0x4020, 0x4020, 0x4128, 0x4020, 0x2018, 0x0000, 0xE691,
    0x4BEB, 0x0ADB, 0x2ADB, 0x4BE3, 0x2469, 0x4431, 0xDDFF, 0xDDFF, 0xFEFF, 0xD9DE, 0x2018, 0x0018, 0x2018, 0x0008, 0x68AA, 0x4BE3,
    0x4BE3, 0x68AA, 0x0008, 0x2018, 0x0018, 0x2018, 0x0010, 0x0010, 0x0010, 0x0018, 0x0010, 0x0008, 0x0008, 0xA238, 0xE691, 0x0ADB,
    0x2ADB, 0x2ADB, 0x0ADB, 0x2ADB, 0x4BE3, 0xC250, 0x274A, 0xDDFF, 0xFFFF, 0x1AE7, 0x2018, 0x0018, 0x2018, 0x0008, 0x68AA, 0x4BE3,
    0x4BE3, 0x68AA, 0x0008, 0x2018, 0x0018, 0x0018, 0x2018, 0x2018, 0x0010, 0x0008, 0x2018, 0x4461, 0x68B2, 0x2ADB, 0x4BEB, 0x2ADB,
    0x2ADB, 0x2ADB, 0x2ADB, 0x0ADB, 0x2ADB, 0x4BE3, 0xC250, 0xA641, 0x4C73, 0x8962, 0x2018, 0x0018, 0x2018, 0x0008, 0x68AA, 0x4BE3,
    0x4BE3, 0x68AA, 0x0008, 0x2018, 0x2018, 0x2018, 0x0008, 0x0008, 0x6128, 0x8571, 0xC9CA, 0xA8BA, 0xE9CA, 0x4BEB, 0x0AD3, 0x2ADB,
    0x2ADB, 0x2ADB, 0x2ADB, 0x2ADB, 0x0ADB, 0x2AE3, 0x0AD3, 0x0018, 0x0000, 0x0008, 0x0018, 0x0018, 0x2018, 0x0008, 0x68AA, 0x4BE3,
    0x4BE3, 0x68AA, 0x0008, 0x2018, 0x0010, 0x0010, 0xC240, 0x0692, 0x0AD3, 0x4BE3, 0x8BF3, 0xC240, 0x0010, 0x68B2, 0x4BE3, 0x0ADB,
    0x2ADB, 0x2ADB, 0x2ADB, 0x2ADB, 0x2ADB, 0x2ADB, 0xEACA, 0x6128, 0x2018, 0x2018, 0x0018, 0x0018, 0x2018, 0x0008, 0x68AA, 0x4BE3,
    0x4BE3, 0x68AA, 0x0010, 0x0010, 0xA240, 0x88B2, 0x2AE3, 0x4BE3, 0x4BE3, 0x4BEB, 0xA589, 0x0331, 0x13A5, 0xA220, 0x68B2, 0x6BEB,
    0x0AD3, 0x2ADB, 0x2ADB, 0x2ADB, 0x2ADB, 0x2ADB, 0xE9CA, 0x2020, 0x0018, 0x0018, 0x0018, 0x0018, 0x2018, 0x0008, 0x68AA, 0x4BE3,
    0x4BE3, 0x68AA, 0x0010, 0x0010, 0x8130, 0x0ADB, 0x2ADB, 0x2ADB, 0x68B2, 0xE340, 0x4431, 0xF2A4, 0xFFFF, 0x2852, 0x0018, 0x88B2,
    0x6BEB, 0x0ADB, 0x2ADB, 0x2ADB, 0x2ADB, 0x2ADB, 0x2ADB, 0xC240, 0x0008, 0x2018, 0x0018, 0x0018, 0x2018, 0x0008, 0x68AA, 0x4BE3,
    0x4BE3, 0x68AA, 0x0008, 0x2018, 0x0008, 0x6469, 0x6BEB, 0x2AE3, 0xC9C2, 0x0018, 0x12AD, 0xFFFF, 0xFEFF, 0xF2AC, 0xCE7B, 0x6120,
    0x47AA, 0x6BEB, 0x2ADB, 0x2AE3, 0x2ADB, 0x0ADB, 0x2AE3, 0x0AD3, 0xA238, 0x0008, 0x2018, 0x0018, 0x2018, 0x0008, 0x68AA, 0x4BE3,
    0x4BE3, 0x68AA, 0x0008, 0x2018, 0x0018, 0x2018, 0x88B2, 0xEAD2, 0x2ADB, 0x27A2, 0xA228, 0x6952, 0xF2A4, 0xFFFF, 0xFFFF, 0x94B5,
    0x6120, 0x48AA, 0x0AD3, 0xE9CA, 0x2ADB, 0x2AE3, 0x0ADB, 0x2BE3, 0x0AD3, 0xA238, 0x0008, 0x2018, 0x2018, 0x0008, 0x68AA, 0x4BE3,
    0x4BE3, 0x68AA, 0x0008, 0x2018, 0x0018, 0x0010, 0x2018, 0x4020, 0x4020, 0x6128, 0x2018, 0x0000, 0xCE83, 0xFFFF, 0x9BF7, 0xFFFF,
    0x5094, 0x0008, 0x6128, 0x4020, 0xC240, 0xEAD2, 0x2BE3, 0x0AD3, 0x2BE3, 0x0AD3, 0xA240, 0x0010, 0x2018, 0x0008, 0x68AA, 0x4BE3,
    0x4BE3, 0x68AA, 0x0008, 0x2018, 0x0018, 0x0018, 0x0010, 0x0010, 0x0010, 0x0010, 0x2018, 0x2018, 0x8118, 0x94BD, 0xFFFF, 0xFFFF,
    0x74B5, 0x0008, 0x2018, 0x0018, 0x0008, 0xA238, 0x0AD3, 0x2BE3, 0x0AD3, 0x4BEB, 0x68AA, 0x0010, 0x2018, 0x0008, 0x68AA, 0x4BE3,
    0x4BE3, 0x68AA, 0x0008, 0x2018, 0x0018, 0x0018, 0x0018, 0x0018, 0x0018, 0x0018, 0x0018, 0x2018, 0x0010, 0x2018, 0x5094, 0x34AD,
    0x2B73, 0x0010, 0x2018, 0x0018, 0x2018, 0x0008, 0xA238, 0x0AD3, 0x4BEB, 0x2AE3, 0xE9CA, 0x4020, 0x0018, 0x0010, 0x68AA, 0x4BE3,
    0x4BE3, 0x68AA, 0x0008, 0x2018, 0x0018, 0x0018, 0x0018, 0x0018, 0x0018, 0x0018, 0x0018, 0x0018, 0x2018, 0x0018, 0x0008, 0x0008,
    0x0010, 0x0018, 0x0018, 0x0018, 0x0018, 0x2018, 0x0008, 0xA238, 0x68AA, 0xE9CA, 0x6BEB, 0x0351, 0x0008, 0x0010, 0x68AA, 0x4BE3,
    0x4BE3, 0x68AA, 0x0008, 0x2018, 0x0018, 0x0018, 0x0018, 0x0018, 0x0018, 0x0018, 0x0018, 0x0018, 0x0018, 0x2018, 0x2018, 0x2018,
    0x2018, 0x0018, 0x0018, 0x0018, 0x0018, 0x0018, 0x2018, 0x0010, 0x0010, 0x4020, 0x0351, 0xA240, 0x0010, 0x0010, 0x68AA, 0x4BE3,
    0x4BE3, 0x68AA, 0x0010, 0x2018, 0x2018, 0x2018, 0x2018, 0x2018, 0x2018, 0x2018, 0x2018, 0x2018, 0x2018, 0x2018, 0x2018, 0x2018,
    0x2018, 0x2018, 0x2018, 0x2018, 0x2018, 0x2018, 0x2018, 0x2018, 0x2018, 0x0018, 0x0010, 0x0010, 0x2018, 0x0010, 0x68AA, 0x4BE3,
    0x4BEB, 0x47AA, 0x0000, 0x0010, 0x0008, 0x0008, 0x0008, 0x0008, 0x0008, 0x0008, 0x0008, 0x0008, 0x0008, 0x0008, 0x0008, 0x0008,
    0x0008, 0x0008, 0x0008, 0x0008, 0x0008, 0x0008, 0x0008, 0x0008, 0x0008, 0x0010, 0x0010, 0x0010, 0x0010, 0x0000, 0x47AA, 0x4BEB,
    0x2ADB, 0xEAD2, 0x48AA, 0x68AA, 0x68AA, 0x68AA, 0x68AA, 0x68AA, 0x68AA, 0x68AA, 0x68AA, 0x68AA, 0x68AA, 0x68AA, 0x68AA, 0x68AA,
    0x68AA, 0x68AA, 0x68AA, 0x68AA, 0x68AA, 0x68AA, 0x68AA, 0x68AA, 0x68AA, 0x68AA, 0x68AA, 0x68AA, 0x68AA, 0x48AA, 0xEAD2, 0x2ADB,
    0x2ADB, 0x2ADB, 0x4BEB, 0x4BE3, 0x4BE3, 0x4BE3, 0x4BE3, 0x4BE3, 0x4BE3, 0x4BE3, 0x4BE3, 0x4BE3, 0x4BE3, 0x4BE3, 0x4BE3, 0x4BE3,
    0x4BE3, 0x4BE3, 0x4BE3, 0x4BE3, 0x4BE3, 0x4BE3, 0x4BE3, 0x4BE3, 0x4BE3, 0x4BE3, 0x4BE3, 0x4BE3, 0x4BE3, 0x4BEB, 0x2ADB, 0x2ADB
};

const uint16_t icon_eagle_cluster_bomb_stratagem_icon_background[] PROGMEM = {
    0x2ADB, 0x2ADB, 0x4BEB, 0x4BE3, 0x4BE3, 0x4BE3, 0x4BE3, 0x4BE3, 0x4BE3, 0x4BE3, 0x4BE3, 0x4BE3, 0x4BE3, 0x4BE3, 0x4BE3, 0x4BE3,
    0x4BE3, 0x4BE3, 0x4BE3, 0x4BE3, 0x4BE3, 0x4BE3, 0x4BE3, 0x4BE3, 0x4BE3, 0x4BE3, 0x4BE3, 0x4BE3, 0x4BE3, 0x4BEB, 0x2ADB, 0x2ADB,
    0x2ADB, 0xEAD2, 0x48AA, 0x68AA, 0x68AA, 0x68AA, 0x68AA, 0x68AA, 0x68AA, 0x68AA, 0x68AA, 0x68AA, 0x68AA, 0x68AA, 0x68AA, 0x68AA,
    0x68AA, 0x68AA, 0x68AA, 0x68AA, 0x68AA, 0x68AA, 0x68AA, 0x68AA, 0x68AA, 0x68AA, 0x68AA, 0x68AA, 0x68AA, 0x48AA, 0xEAD2, 0x2ADB,
    0x4BEB, 0x47AA, 0x0000, 0x0010, 0x0008, 0x0008, 0x0008, 0x0008, 0x0008, 0x0008, 0x0008, 0x0008, 0x0010, 0x0010, 0x0008, 0x0008,
    0x0008, 0x0008, 0x0008, 0x0010, 0x0010, 0x0008, 0x0008, 0x0008, 0x0008, 0x0008, 0x0008, 0x0008, 0x0010, 0x0000, 0x47AA, 0x4BEB,
    0x4BE3, 0x68AA, 0x0010, 0x2018, 0x2018, 0x2018, 0x2018, 0x2018, 0x2018, 0x2018, 0x2018, 0x2018, 0x0010, 0x2018, 0x2018, 0x2018,
    0x2018, 0x2018, 0x2018, 0x0010, 0x0010, 0x2018, 0x2018, 0x2018, 0x2018, 0x2018, 0x2018, 0x2018, 0x2018, 0x0010, 0x68AA, 0x4BE3,
    0x4BE3, 0x68AA, 0x0008, 0x2018, 0x0018, 0x0018, 0x0018, 0x0018, 0x0018, 0x0018, 0x0018, 0x0010, 0x8138, 0x0018, 0x0010, 0x0018,
    0x0018, 0x2018, 0x0010, 0xA240, 0x8130, 0x0008, 0x2018, 0x2018, 0x0018, 0x0018, 0x0018, 0x0018, 0x2018, 0x0008, 0x68AA, 0x4BE3,
    0x4BE3, 0x68AA, 0x0008, 0x2018, 0x0018, 0x0018, 0x0018, 0x0018, 0x0018, 0x0018, 0x0018, 0x0010, 0xA9BA, 0xC581, 0x0010, 0x2018,
    0x0018, 0x0018, 0x0010, 0x88B2, 0x2AE3, 0x2461, 0x0000, 0x0008, 0x0018, 0x0018, 0x0018, 0x0018, 0x2018, 0x0008, 0x68AA, 0x4BE3,
    0x4BE3, 0x68AA, 0x0008, 0x2018, 0x0018, 0x0018, 0x0018, 0x0018, 0x0018, 0x2018, 0x0010, 0xA238, 0x2BE3, 0x0AD3, 0x4020, 0x0010,
    0x2018, 0x0010, 0xC240, 0x4BE3, 0xE9CA, 0xA238, 0x2B6B, 0x2B73, 0x2010, 0x0018, 0x0018, 0x0018, 0x2018, 0x0008, 0x68AA, 0x4BE3,
    0x4BE3, 0x68AA, 0x0008, 0x2018, 0x0018, 0x0018, 0x0018, 0x0018, 0x0018, 0x2018, 0x0008, 0x8579, 0x6BEB, 0xC9CA, 0x4020, 0x0010,
    0x2018, 0x0008, 0x0692, 0xACFB, 0x2371, 0xEA5A, 0xFFFF, 0xFFFF, 0x2B73, 0x0008, 0x2018, 0x0018, 0x2018, 0x0008, 0x68AA, 0x4BE3,
    0x4BE3, 0x68AA, 0x0008, 0x2018, 0x0018, 0x0018, 0x0018, 0x0018, 0x0018, 0x2018, 0x0018, 0x88B2, 0x4BEB, 0xE9CA, 0x4020, 0x0010,
    0x0010, 0x6130, 0x0AD3, 0x8BEB, 0x4471, 0xEA62, 0xFFFF, 0xFFFF, 0x2B73, 0x0008, 0x2018, 0x0018, 0x2018, 0x0008, 0x68AA, 0x4BE3,
    0x4BE3, 0x68AA, 0x0008, 0x2018, 0x0018, 0x0018, 0x2018, 0x2018, 0x2018, 0x0008, 0x8138, 0x2ADB, 0x2ADB, 0xE9CA, 0x4020, 0x0018,
    0x0008, 0x8579, 0x4BEB, 0x2ADB, 0xEAD2, 0x8130, 0x895A, 0xA962, 0x0010, 0x0018, 0x0018, 0x0018, 0x2018, 0x0008, 0x68AA, 0x4BE3,
    0x4BE3, 0x68AA, 0x0008, 0x2018, 0x0018, 0x0018, 0x0010, 0x0008, 0x0018, 0xA238, 0x279A, 0x2BE3, 0x2ADB, 0xEACA, 0x4020, 0x0010,
    0x2018, 0xC9C2, 0x2AE3, 0x2ADB, 0xEAD2, 0x8130, 0x895A, 0xA962, 0x0010, 0x0018, 0x0018, 0x0018, 0x2018, 0x0008, 0x68AA, 0x4BE3,
    0x4BE3, 0x68AA, 0x0008, 0x2018, 0x0010, 0x0010, 0xA238, 0x8579, 0x88B2, 0x2ADB, 0x4BE3, 0x0ADB, 0x2ADB, 0xEACA, 0x4128, 0x0008,
    0x2359, 0x4BE3, 0x0AD3, 0x6BEB, 0x4471, 0xEA62, 0xFFFF, 0xFFFF, 0x2B73, 0x0008, 0x2018, 0x0018, 0x2018, 0x0008, 0x68AA, 0x4BE3,
    0x4BE3, 0x68AA, 0x0010, 0x0010, 0x8138, 0xA9BA, 0x2BE3, 0x6BEB, 0x4BE3, 0x2ADB, 0x2ADB, 0x2ADB, 0x4AE3, 0xEAD2, 0x4020, 0x0008,
    0x68AA, 0x4BE3, 0x0AD3, 0x6BEB, 0x4471, 0xEA62, 0xFFFF, 0xFFFF, 0x2B73, 0x0008, 0x2018, 0x0018, 0x2018, 0x0008, 0x68AA, 0x4BE3,
    0x4BE3, 0x68AA, 0x0008, 0x2018, 0x2010, 0xA581, 0x0AD3, 0xC9CA, 0xE9CA, 0xE9CA, 0xEACA, 0xEACA, 0x0AD3, 0xC9CA, 0x2018, 0xA238,
    0x2AE3, 0x0ADB, 0x2ADB, 0x2ADB, 0xEAD2, 0x8130, 0x895A, 0xA962, 0x0010, 0x0018, 0x0018, 0x0018, 0x2018, 0x0008, 0x68AA, 0x4BE3,
    0x4BE3, 0x68AA, 0x0008, 0x2018, 0x0010, 0x0010, 0x4020, 0x4020, 0x4020, 0x4020, 0x4020, 0x4128, 0x4020, 0x2018, 0x0000, 0xE691,
    0x4BEB, 0x0ADB, 0x2ADB, 0x2ADB, 0xEAD2, 0x8130, 0x895A, 0xA962, 0x0010, 0x0018, 0x0018, 0x0018, 0x2018, 0x0008, 0x68AA, 0x4BE3,
    0x4BE3, 0x68AA, 0x0008, 0x2018, 0x0018, 0x2018, 0x0010, 0x0010, 0x0010, 0x0018, 0x0010, 0x0008, 0x0008, 0xA238, 0xE691, 0x2ADB,
    0x2ADB, 0x2ADB, 0x0ADB, 0x6BEB, 0x4471, 0xEA62, 0xFFFF, 0xFFFF, 0x2B73, 0x0008, 0x2018, 0x0018, 0x2018, 0x0008, 0x68AA, 0x4BE3,
    0x4BE3, 0x68AA, 0x0008, 0x2018, 0x0018, 0x0018, 0x2018, 0x2018, 0x0010, 0x0008, 0x2018, 0x2359, 0x68AA, 0x2AE3, 0x4BEB, 0x2ADB,
    0x2ADB, 0x2ADB, 0x0ADB, 0x6BEB, 0x4471, 0xEA62, 0xFFFF, 0xFFFF, 0x2B73, 0x0008, 0x2018, 0x0018, 0x2018, 0x0008, 0x68AA, 0x4BE3,
    0x4BE3, 0x68AA, 0x0008, 0x2018, 0x2018, 0x2018, 0x0010, 0x0008, 0x6128, 0x8579, 0xA9C2, 0x4BE3, 0x4BE3, 0x2ADB, 0x0ADB, 0x2ADB,
    0x2ADB, 0x2ADB, 0x2ADB, 0x2AE3, 0xE9CA, 0x8130, 0xEA62, 0x2B73, 0x2010, 0x0018, 0x0018, 0x0018, 0x2018, 0x0008, 0x68AA, 0x4BE3,
    0x4BE3, 0x68AA, 0x0008, 0x2018, 0x0010, 0x0010, 0xC240, 0x0692, 0x0AD3, 0x4BEB, 0x2AE3, 0x0AD3, 0x0AD3, 0x0ADB, 0x2ADB, 0x0ADB,
    0x0ADB, 0x2ADB, 0x2ADB, 0x0ADB, 0x2BE3, 0xE9CA, 0x2471, 0x0010, 0x0018, 0x0018, 0x0018, 0x0018, 0x2018, 0x0008, 0x68AA, 0x4BE3,
    0x4BE3, 0x68AA, 0x0010, 0x0010, 0xA240, 0x88B2, 0x4BE3, 0xACFB, 0x6BEB, 0x2ADB, 0x2ADB, 0x6BEB, 0x6BEB, 0x2ADB, 0x2ADB, 0x6BEB,
    0x6BEB, 0x2AE3, 0x0ADB, 0x2ADB, 0x0ADB, 0x4BE3, 0x2BDB, 0x4120, 0x0018, 0x0018, 0x0018, 0x0018, 0x2018, 0x0008, 0x68AA, 0x4BE3,
    0x4BE3, 0x68AA, 0x0010, 0x0010, 0x6130, 0x2AE3, 0xE9D2, 0x2471, 0x4471, 0xEAD2, 0xEAD2, 0x4471, 0x4471, 0xEAD2, 0xEAD2, 0x4471,
    0x4471, 0xE9CA, 0x2BE3, 0x0ADB, 0x2ADB, 0x2ADB, 0x0ADB, 0xC240, 0x0008, 0x2018, 0x0018, 0x0018, 0x2018, 0x0008, 0x68AA, 0x4BE3,
    0x4BE3, 0x68AA, 0x0008, 0x2018, 0x0008, 0x2361, 0xA238, 0xEA5A, 0xEA62, 0x8130, 0x8130, 0xEA62, 0xEA62, 0x8130, 0x8130, 0xEB62,
    0xEA62, 0x8130, 0xE9CA, 0x4BE3, 0x2ADB, 0x0ADB, 0x2AE3, 0xEAD2, 0xA238, 0x0008, 0x2018, 0x0018, 0x2018, 0x0008, 0x68AA, 0x4BE3,
    0x4BE3, 0x68AA, 0x0008, 0x2018, 0x2018, 0x0000, 0x0B6B, 0xFFFF, 0xFFFF, 0x895A, 0x895A, 0xFFFF, 0xFFFF, 0x895A, 0x895A, 0xFFFF,
    0xFFFF, 0xEA62, 0x4471, 0x2BDB, 0x0ADB, 0x2AE3, 0x0ADB, 0x2BE3, 0x0AD3, 0xA238, 0x0008, 0x2018, 0x2018, 0x0008, 0x68AA, 0x4BE3,
    0x4BE3, 0x68AA, 0x0008, 0x2018, 0x2018, 0x0008, 0x2B73, 0xFFFF, 0xFFFF, 0xA962, 0xA962, 0xFFFF, 0xFFFF, 0xA962, 0xA962, 0xFFFF,
    0xFFFF, 0x2B73, 0x0010, 0x4120, 0xC240, 0xEAD2, 0x2BE3, 0x0AD3, 0x2BE3, 0x0AD3, 0xA240, 0x0010, 0x2018, 0x0008, 0x68AA, 0x4BE3,
    0x4BE3, 0x68AA, 0x0008, 0x2018, 0x0018, 0x0018, 0x2010, 0x2B73, 0x2B73, 0x0010, 0x0010, 0x2B73, 0x2B73, 0x0010, 0x0010, 0x2B73,
    0x2B73, 0x2010, 0x0010, 0x0018, 0x0008, 0xA238, 0x0AD3, 0x2BE3, 0x0AD3, 0x4BEB, 0x68AA, 0x0010, 0x2018, 0x0008, 0x68AA, 0x4BE3,
    0x4BE3, 0x68AA, 0x0008, 0x2018, 0x0018, 0x0018, 0x0018, 0x0008, 0x0008, 0x0018, 0x0018, 0x0008, 0x0008, 0x0018, 0x0018, 0x0008,
    0x0008, 0x0018, 0x0018, 0x0018, 0x2018, 0x0008, 0xA238, 0x0AD3, 0x4BEB, 0x2AE3, 0xE9CA, 0x4020, 0x0018, 0x0010, 0x68AA, 0x4BE3,
    0x4BE3, 0x68AA, 0x0008, 0x2018, 0x0018, 0x0018, 0x0018, 0x2018, 0x2018, 0x0018, 0x0018, 0x2018, 0x2018, 0x0018, 0x0018, 0x2018,
    0x2018, 0x0018, 0x0018, 0x0018, 0x0018, 0x2018, 0x0008, 0xA238, 0x68AA, 0xE9CA, 0x6BEB, 0x0351, 0x0008, 0x0010, 0x68AA, 0x4BE3,
    0x4BE3, 0x68AA, 0x0008, 0x2018, 0x0018, 0x0018, 0x0018, 0x0018, 0x0018, 0x0018, 0x0018, 0x0018, 0x0018, 0x0018, 0x0018, 0x0018,
    0x0018, 0x0018, 0x0018, 0x0018, 0x0018, 0x0018, 0x2018, 0x0010, 0x0010, 0x4020, 0x0351, 0xA240, 0x0010, 0x0010, 0x68AA, 0x4BE3,
    0x4BE3, 0x68AA, 0x0010, 0x2018, 0x2018, 0x2018, 0x2018, 0x2018, 0x2018, 0x2018, 0x2018, 0x2018, 0x2018, 0x2018, 0x2018, 0x2018,
    0x2018, 0x2018, 0x2018, 0x2018, 0x2018, 0x2018, 0x2018, 0x2018, 0x2018, 0x0018, 0x0010, 0x0010, 0x2018, 0x0010, 0x68AA, 0x4BE3,
    0x4BEB, 0x47AA, 0x0000, 0x0010, 0x0008, 0x0008, 0x0008, 0x0008, 0x0008, 0x0008, 0x0008, 0x0008, 0x0008, 0x0008, 0x0008, 0x0008,
    0x0008, 0x0008, 0x0008, 0x0008, 0x0008, 0x0008, 0x0008, 0x0008, 0x0008, 0x0010, 0x0010, 0x0010, 0x0010, 0x0000, 0x47AA, 0x4BEB,
    0x2ADB, 0xEAD2, 0x48AA, 0x68AA, 0x68AA, 0x68AA, 0x68AA, 0x68AA, 0x68AA, 0x68AA, 0x68AA, 0x68AA, 0x68AA, 0x68AA, 0x68AA, 0x68AA,
    0x68AA, 0x68AA, 0x68AA, 0x68AA, 0x68AA, 0x68AA, 0x68AA, 0x68AA, 0x68AA, 0x68AA, 0x68AA, 0x68AA, 0x68AA, 0x48AA, 0xEAD2, 0x2ADB,
    0x2ADB, 0x2ADB, 0x4BEB, 0x4BE3, 0x4BE3, 0x4BE3, 0x4BE3, 0x4BE3, 0x4BE3, 0x4BE3, 0x4BE3, 0x4BE3, 0x4BE3, 0x4BE3, 0x4BE3, 0x4BE3,
    0x4BE3, 0x4BE3, 0x4BE3, 0x4BE3, 0x4BE3, 0x4BE3, 0x4BE3, 0x4BE3, 0x4BE3, 0x4BE3, 0x4BE3, 0x4BE3, 0x4BE3, 0x4BEB, 0x2ADB, 0x2ADB
};

const uint16_t icon_eagle_gas_strike_stratagem_icon_background[] PROGMEM = {
    0x2ADB, 0x2ADB, 0x4BE3, 0x4BE3, 0x4BE3, 0x4BE3, 0x4BE3, 0x4BE3, 0x4BE3, 0x4BE3, 0x4BE3, 0x4BE3, 0x4BE3, 0x4BE3, 0x4BE3, 0x4BE3,
    0x4BE3, 0x4BE3, 0x4BE3, 0x4BE3, 0x4BE3, 0x4BE3, 0x4BE3, 0x4BE3, 0x4BE3, 0x4BE3, 0x4BE3, 0x4BE3, 0x4BE3, 0x4BE3, 0x2ADB, 0x2ADB,
    0x2ADB, 0xEAD2, 0x48AA, 0x48AA, 0x48AA, 0x48AA, 0x48AA, 0x48AA, 0x48AA, 0x48AA, 0x48AA, 0x48AA, 0x48AA, 0x48AA, 0x48AA, 0x48AA,
    0x48AA, 0x48AA, 0x48AA, 0x48AA, 0x48AA, 0x48AA, 0x48AA, 0x48AA, 0x48AA, 0x48AA, 0x48AA, 0x48AA, 0x48B2, 0x48AA, 0xE9D2, 0x2ADB,
    0x4BE3, 0x47AA, 0x0008, 0x0010, 0x0010, 0x0010, 0x0010, 0x0010, 0x0010, 0x0010, 0x0010, 0x0010, 0x0010, 0x0010, 0x0010, 0x0010,
    0x0010, 0x0010, 0x0010, 0x0010, 0x0010, 0x0010, 0x0010, 0x0010, 0x0010, 0x0010, 0x0010, 0x0010, 0x0010, 0x0008, 0x47AA, 0x4BE3,
    0x4BE3, 0x48AA, 0x0010, 0x2018, 0x2018, 0x2018, 0x2018, 0x2018, 0x2018, 0x2018, 0x2018, 0x2018, 0x0010, 0x2018, 0x2018, 0x2018,
    0x2018, 0x2018, 0x2018, 0x0010, 0x0010, 0x2018, 0x2018, 0x2018, 0x2018, 0x2018, 0x2018, 0x2018, 0x2018, 0x0010, 0x68AA, 0x4BE3,
    0x4BE3, 0x48AA, 0x0010, 0x2018, 0x0018, 0x0018, 0x0018, 0x0018, 0x0018, 0x0018, 0x0018, 0x0010, 0x4130, 0x0018, 0x0010, 0x0018,
    0x0018, 0x2018, 0x0010, 0x8138, 0x6130, 0x0008, 0x0018, 0x0018, 0x0018, 0x0018, 0x0018, 0x0018, 0x2018, 0x0008, 0x68AA, 0x4BE3,
    0x4BE3, 0x48AA, 0x0010, 0x2018, 0x0018, 0x0018, 0x0018, 0x0018, 0x0018, 0x0018, 0x2018, 0x0010, 0x47B2, 0x8581, 0x0010, 0x2018,
    0x0018, 0x2018, 0x0008, 0x27AA, 0x0ADB, 0x4469, 0x2018, 0x0010, 0x0018, 0x0018, 0x0018, 0x0018, 0x2018, 0x0008, 0x68AA, 0x4BE3,
    0x4BE3, 0x48AA, 0x0010, 0x2018, 0x0018, 0x0018, 0x0018, 0x0018, 0x0018, 0x0018, 0x0010, 0x6130, 0x0ADB, 0x0ADB, 0x4028, 0x0010,
    0x2018, 0x0010, 0x8138, 0x0ADB, 0x2ADB, 0x6BEB, 0x68BA, 0x2020, 0x0010, 0x0018, 0x0018, 0x0018, 0x2018, 0x0008, 0x68AA, 0x4BE3,
    0x4BE3, 0x48AA, 0x0010, 0x2018, 0x0018, 0x0018, 0x0018, 0x0018, 0x0018, 0x2018, 0x0008, 0x4469, 0x6BEB, 0xC9CA, 0x4028, 0x2018,
    0x0018, 0x0008, 0x069A, 0x8CF3, 0x0AD3, 0x2ADB, 0x0AD3, 0x4028, 0x0010, 0x0018, 0x0018, 0x0018, 0x2018, 0x0008, 0x68AA, 0x4BE3,
    0x4BE3, 0x48AA, 0x0010, 0x2018, 0x0018, 0x0018, 0x0018, 0x0018, 0x0018, 0x2018, 0x0010, 0x27AA, 0x4BE3, 0x0AD3, 0x2028, 0x0000,
    0x4020, 0x4118, 0x6140, 0x47B2, 0x4BE3, 0x2ADB, 0xE9D2, 0x4028, 0x0010, 0x0018, 0x0018, 0x0018, 0x2018, 0x0008, 0x68AA, 0x4BE3,
    0x4BE3, 0x48AA, 0x0010, 0x2018, 0x0018, 0x0018, 0x2018, 0x2018, 0x2018, 0x0008, 0x4028, 0x0ADB, 0xACF3, 0x47AA, 0xC228, 0x7094,
    0xD8DE, 0xF8E6, 0xB194, 0xC328, 0xE699, 0xACFB, 0x0AD3, 0x4028, 0x0010, 0x0018, 0x0018, 0x0018, 0x2018, 0x0008, 0x68AA, 0x4BE3,
    0x4BE3, 0x48AA, 0x0010, 0x2018, 0x0018, 0x2018, 0x0010, 0x0008, 0x0010, 0x4128, 0xE691, 0x0ADB, 0x6489, 0x0010, 0x0E84, 0xFFFF,
    0xFCFF, 0xFCFF, 0xFFFF, 0xB09C, 0x0000, 0x4481, 0x68BA, 0x4128, 0x0010, 0x0018, 0x0018, 0x0018, 0x2018, 0x0008, 0x68AA, 0x4BE3,
    0x4BE3, 0x48AA, 0x0010, 0x2018, 0x0010, 0x0010, 0x6130, 0x4469, 0x27AA, 0x2ADB, 0xA9C2, 0x2028, 0x895A, 0x0E8C, 0x6F94, 0x59EF,
    0xFCFF, 0xFDFF, 0x79EF, 0xB09C, 0x0E8C, 0xEA62, 0x4128, 0x2018, 0x2018, 0x0018, 0x0018, 0x0018, 0x2018, 0x0008, 0x68AA, 0x4BE3,
    0x4BE3, 0x48AA, 0x0010, 0x0010, 0x4130, 0x47B2, 0x2ADB, 0x6BEB, 0x6BEB, 0xACF3, 0x8148, 0xB094, 0xFFFF, 0xFDFF, 0xFDFF, 0xFDFF,
    0xD7DE, 0x97D6, 0xFDFF, 0xFDFF, 0xFEFF, 0xFFFF, 0xF4BD, 0x4118, 0x4018, 0x2018, 0x0018, 0x0018, 0x2018, 0x0008, 0x68AA, 0x4BE3,
    0x4BE3, 0x48AA, 0x0010, 0x2018, 0x0018, 0xA581, 0x0ADB, 0xE9CA, 0xC9CA, 0x2379, 0x0010, 0xD4BD, 0xDCFF, 0xBBF7, 0xFDFF, 0x909C,
    0x0010, 0x0008, 0x8C7B, 0xFCFF, 0xDBFF, 0xDCFF, 0x35CE, 0x0010, 0x0008, 0x0018, 0x0018, 0x0018, 0x2018, 0x0008, 0x68AA, 0x4BE3,
    0x4BE3, 0x48AA, 0x0010, 0x2018, 0x0010, 0x0010, 0x4028, 0x4028, 0x2020, 0xA95A, 0x0E8C, 0x2E8C, 0x7AEF, 0xFCFF, 0x39E7, 0xA228,
    0x6118, 0x8120, 0x2018, 0x76D6, 0xFDFF, 0x9AF7, 0x6F94, 0xEE83, 0x0B73, 0x4118, 0x0010, 0x2018, 0x2018, 0x0008, 0x68AA, 0x4BE3,
    0x4BE3, 0x48AA, 0x0010, 0x2018, 0x0018, 0x2018, 0x2010, 0x0008, 0x6F94, 0xFEFF, 0xFDFF, 0xFDFF, 0xFBFF, 0xFDFF, 0xE649, 0xB0A4,
    0xDDFF, 0xFCFF, 0x93BD, 0xC649, 0xFDFF, 0xFBFF, 0xFDFF, 0xFDFF, 0xFEFF, 0x93BD, 0x2010, 0x2018, 0x2018, 0x0008, 0x68AA, 0x4BE3,
    0x4BE3, 0x48AA, 0x0010, 0x2018, 0x0018, 0x2018, 0x0018, 0x6120, 0x7AF7, 0xDBFF, 0xBAF7, 0xBBFF, 0xDBFF, 0xFDFF, 0xA541, 0x895A,
    0x12AD, 0xD1A4, 0x2B73, 0x6439, 0xFDFF, 0xFBFF, 0xDBFF, 0xBAF7, 0xDBFF, 0xFBFF, 0xA228, 0x0010, 0x2018, 0x0008, 0x68AA, 0x4BE3,
    0x4BE3, 0x48AA, 0x0010, 0x2018, 0x0018, 0x2018, 0x0010, 0x0000, 0x32AD, 0xFFFF, 0xFDFF, 0xFEFF, 0xFCFF, 0xFCFF, 0x97D6, 0x2431,
    0x2439, 0x6541, 0xE330, 0x36CE, 0xFCFF, 0xFBFF, 0xFDFF, 0xFDFF, 0xFFFF, 0x15C6, 0x2010, 0x2018, 0x2018, 0x0008, 0x68AA, 0x4BE3,
    0x4BE3, 0x48AA, 0x0010, 0x2018, 0x0010, 0x0008, 0x8240, 0x6471, 0x8228, 0x4C6B, 0x0E8C, 0xCD83, 0x18E7, 0xFDFF, 0x97D6, 0x8862,
    0x8541, 0x8541, 0x685A, 0x35C6, 0xFDFF, 0x59EF, 0x0D84, 0xEE83, 0xCD83, 0xA228, 0x0010, 0x2018, 0x2018, 0x0008, 0x68AA, 0x4BE3,
    0x4BE3, 0x48AA, 0x0010, 0x0010, 0x8138, 0x27AA, 0x0ADB, 0x6BEB, 0x88C2, 0xE268, 0x0010, 0xF1AC, 0xBBF7, 0xBBFF, 0x9BF7, 0x4B73,
    0x8F9C, 0x93BD, 0x0A6B, 0x5BEF, 0xDBFF, 0xBBF7, 0x93BD, 0x0008, 0x0000, 0x0010, 0x0018, 0x0018, 0x2018, 0x0008, 0x68AA, 0x4BE3,
    0x4BE3, 0x48AA, 0x0010, 0x0010, 0x6130, 0x0ADB, 0x2ADB, 0x0AD3, 0x4BE3, 0x8CF3, 0x8140, 0x93B5, 0xFFFF, 0xFDFF, 0xFEFF, 0xFCFF,
    0xBAF7, 0xFBFF, 0xFCFF, 0xFEFF, 0xFDFF, 0xFFFF, 0x76D6, 0x2010, 0x2010, 0x2018, 0x0018, 0x0018, 0x2018, 0x0008, 0x68AA, 0x4BE3,
    0x4BE3, 0x48AA, 0x0010, 0x2018, 0x0008, 0x2469, 0x6BEB, 0x2ADB, 0x2ADB, 0x4BE3, 0x47B2, 0x8128, 0x6C6B, 0x0E8C, 0x0D8C, 0xF8E6,
    0xFCFF, 0xFCFF, 0x59EF, 0x0E8C, 0x0E84, 0x8C73, 0x6120, 0xC589, 0xC250, 0x0008, 0x2018, 0x0018, 0x2018, 0x0008, 0x68AA, 0x4BE3,
    0x4BE3, 0x48AA, 0x0010, 0x2018, 0x0018, 0x2018, 0x88BA, 0x0ADB, 0xE9D2, 0xE9D2, 0x0ADB, 0x68B2, 0xE268, 0x0008, 0xAC7B, 0xFEFF,
    0xFCFF, 0xFCFF, 0xFEFF, 0xB0A4, 0x0008, 0x0369, 0x68B2, 0x6BEB, 0x0AD3, 0xA240, 0x0008, 0x2018, 0x2018, 0x0008, 0x68AA, 0x4BE3,
    0x4BE3, 0x48AA, 0x0010, 0x2018, 0x0018, 0x0010, 0x2020, 0x4028, 0x4028, 0x4028, 0x4028, 0x6130, 0xA238, 0x4020, 0x2431, 0x73B5,
    0x7AEF, 0x7AEF, 0xD5C5, 0xA641, 0x6130, 0x6BEB, 0x6BEB, 0x0AD3, 0x2BE3, 0x0ADB, 0xA240, 0x0010, 0x2018, 0x0008, 0x68AA, 0x4BE3,
    0x4BE3, 0x48AA, 0x0010, 0x2018, 0x0018, 0x0018, 0x0010, 0x0010, 0x0010, 0x0010, 0x0010, 0x0010, 0x0010, 0x0018, 0x0010, 0x0010,
    0x8120, 0xA228, 0x0010, 0x0010, 0x0010, 0xA240, 0xEAD2, 0x2BE3, 0x0AD3, 0x4BE3, 0x68B2, 0x0010, 0x2018, 0x0010, 0x68AA, 0x4BE3,
    0x4BE3, 0x48AA, 0x0010, 0x2018, 0x0018, 0x0018, 0x0018, 0x0018, 0x0018, 0x0018, 0x0018, 0x0018, 0x0018, 0x0018, 0x2018, 0x2018,
    0x0010, 0x0010, 0x2018, 0x2018, 0x2018, 0x0008, 0xA240, 0x0ADB, 0x4BE3, 0x2ADB, 0xE9D2, 0x4028, 0x0010, 0x0010, 0x68AA, 0x4BE3,
    0x4BE3, 0x48AA, 0x0010, 0x2018, 0x0018, 0x0018, 0x0018, 0x0018, 0x0018, 0x0018, 0x0018, 0x0018, 0x0018, 0x0018, 0x0018, 0x0018,
    0x2018, 0x2018, 0x0018, 0x0018, 0x0018, 0x2018, 0x0008, 0xA240, 0x68BA, 0xE9D2, 0x6BF3, 0x0359, 0x0008, 0x0010, 0x68AA, 0x4BE3,
    0x4BE3, 0x48AA, 0x0010, 0x2018, 0x0018, 0x0018, 0x0018, 0x0018, 0x0018, 0x0018, 0x0018, 0x0018, 0x0018, 0x0018, 0x0018, 0x0018,
    0x0018, 0x0018, 0x0018, 0x0018, 0x0018, 0x0018, 0x2018, 0x0010, 0x0010, 0x4128, 0x0361, 0xC250, 0x0010, 0x0010, 0x68AA, 0x4BE3,
    0x4BE3, 0x48AA, 0x0010, 0x2018, 0x2018, 0x2018, 0x2018, 0x2018, 0x2018, 0x2018, 0x2018, 0x2018, 0x2018, 0x2018, 0x2018, 0x2018,
    0x2018, 0x2018, 0x2018, 0x2018, 0x2018, 0x2018, 0x2018, 0x2018, 0x2018, 0x0010, 0x0008, 0x0010, 0x2018, 0x0010, 0x68AA, 0x4BE3,
    0x4BE3, 0x47AA, 0x0008, 0x0010, 0x0010, 0x0010, 0x0010, 0x0010, 0x0010, 0x0010, 0x0010, 0x0010, 0x0010, 0x0010, 0x0010, 0x0010,
    0x0010, 0x0010, 0x0010, 0x0010, 0x0010, 0x0010, 0x0010, 0x0010, 0x0010, 0x0010, 0x0010, 0x0010, 0x0010, 0x0000, 0x47AA, 0x4BEB,
    0x2ADB, 0xEAD2, 0x48AA, 0x48AA, 0x48AA, 0x48AA, 0x48AA, 0x48AA, 0x48AA, 0x48AA, 0x48AA, 0x48AA, 0x48AA, 0x48AA, 0x48AA, 0x48AA,
    0x48AA, 0x48AA, 0x48AA, 0x48AA, 0x48AA, 0x48AA, 0x48AA, 0x48AA, 0x48AA, 0x48AA, 0x48AA, 0x48AA, 0x48AA, 0x48AA, 0xEAD2, 0x2ADB,
    0x2ADB, 0x2ADB, 0x4BEB, 0x4BE3, 0x4BE3, 0x4BE3, 0x4BE3, 0x4BE3, 0x4BE3, 0x4BE3, 0x4BE3, 0x4BE3, 0x4BE3, 0x4BE3, 0x4BE3, 0x4BE3,
    0x4BE3, 0x4BE3, 0x4BE3, 0x4BE3, 0x4BE3, 0x4BE3, 0x4BE3, 0x4BE3, 0x4BE3, 0x4BE3, 0x4BE3, 0x4BE3, 0x4BE3, 0x4BEB, 0x2ADB, 0x2ADB
};

const uint16_t icon_eagle_napalm_airstrike_stratagem_icon_background[] PROGMEM = {
    0x2ADB, 0x2ADB, 0x4BEB, 0x4BE3, 0x4BE3, 0x4BE3, 0x4BE3, 0x4BE3, 0x4BE3, 0x4BE3, 0x4BE3, 0x4BE3, 0x4BE3, 0x4BE3, 0x4BE3, 0x4BE3,
    0x4BE3, 0x4BE3, 0x4BE3, 0x4BE3, 0x4BE3, 0x4BE3, 0x4BE3, 0x4BE3, 0x4BE3, 0x4BE3, 0x4BE3, 0x4BE3, 0x4BE3, 0x4BEB, 0x2ADB, 0x2ADB,
    0x2ADB, 0xEAD2, 0x48AA, 0x68AA, 0x68AA, 0x68AA, 0x68AA, 0x68AA, 0x68AA, 0x68AA, 0x68AA, 0x68AA, 0x68AA, 0x68AA, 0x68AA, 0x68AA,
    0x68AA, 0x68AA, 0x68AA, 0x68AA, 0x68AA, 0x68AA, 0x68AA, 0x68AA, 0x68AA, 0x68AA, 0x68AA, 0x68AA, 0x68AA, 0x48AA, 0xEAD2, 0x2ADB,
    0x4BEB, 0x47AA, 0x0000, 0x0010, 0x0008, 0x0008, 0x0008, 0x0008, 0x0008, 0x0008, 0x0008, 0x0008, 0x0010, 0x0010, 0x0008, 0x0008,
    0x0008, 0x0008, 0x0008, 0x0010, 0x0010, 0x0008, 0x0008, 0x0008, 0x0008, 0x0008, 0x0008, 0x0008, 0x0010, 0x0000, 0x47AA, 0x4BEB,
    0x4BE3, 0x68AA, 0x0010, 0x2018, 0x2018, 0x2018, 0x2018, 0x2018, 0x2018, 0x2018, 0x2018, 0x2018, 0x0010, 0x2018, 0x2018, 0x2018,
    0x2018, 0x2018, 0x2018, 0x0010, 0x0010, 0x2018, 0x2018, 0x2018, 0x2018, 0x2018, 0x2018, 0x2018, 0x2018, 0x0010, 0x68AA, 0x4BE3,
    0x4BE3, 0x68AA, 0x0008, 0x2018, 0x0018, 0x0018, 0x0018, 0x0018, 0x0018, 0x0018, 0x0018, 0x0010, 0x8138, 0x0018, 0x0010, 0x0018,
    0x0018, 0x2018, 0x0010, 0xA240, 0x8130, 0x0008, 0x0010, 0x0018, 0x0018, 0x0018, 0x0018, 0x0018, 0x2018, 0x0008, 0x68AA, 0x4BE3,
    0x4BE3, 0x68AA, 0x0008, 0x2018, 0x0018, 0x0018, 0x0018, 0x0018, 0x0018, 0x0018, 0x0018, 0x0010, 0xA9BA, 0xC581, 0x0010, 0x2018,
    0x0018, 0x0018, 0x0010, 0x88B2, 0x0AD3, 0x6571, 0x2018, 0x0010, 0x0018, 0x0018, 0x0018, 0x0018, 0x2018, 0x0008, 0x68AA, 0x4BE3,
    0x4BE3, 0x68AA, 0x0008, 0x2018, 0x0018, 0x0018, 0x0018, 0x0018, 0x0018, 0x2018, 0x0010, 0xA238, 0x2BE3, 0x0AD3, 0x4020, 0x0010,
    0x2018, 0x0010, 0xC240, 0x4BE3, 0x6BEB, 0x6BEB, 0x88B2, 0x2018, 0x0018, 0x0018, 0x0018, 0x0018, 0x2018, 0x0008, 0x68AA, 0x4BE3,
    0x4BE3, 0x68AA, 0x0008, 0x2018, 0x0018, 0x0018, 0x0018, 0x0018, 0x0018, 0x2018, 0x0008, 0x8579, 0x6BEB, 0xC9CA, 0x4020, 0x0010,
    0x0018, 0x0008, 0xA581, 0x2461, 0x0692, 0x2AE3, 0x4BE3, 0x4020, 0x0010, 0x0018, 0x0018, 0x0018, 0x2018, 0x0008, 0x68AA, 0x4BE3,
    0x4BE3, 0x68AA, 0x0008, 0x2018, 0x0018, 0x0018, 0x0018, 0x0018, 0x0018, 0x2018, 0x0018, 0x88B2, 0x4BEB, 0xE9CA, 0x4020, 0x0010,
    0x6120, 0xC228, 0xC230, 0x8120, 0x0000, 0x8138, 0x6479, 0x4020, 0x0010, 0x0018, 0x0018, 0x0018, 0x2018, 0x0008, 0x68AA, 0x4BE3,
    0x4BE3, 0x68AA, 0x0008, 0x2018, 0x0018, 0x0018, 0x2018, 0x2018, 0x2018, 0x0008, 0x8138, 0x2ADB, 0x2ADB, 0xE9CA, 0x4020, 0x0010,
    0xE328, 0x78D6, 0x9CF7, 0x7CEF, 0xEE8B, 0xAD7B, 0x6952, 0x0010, 0x0010, 0x2018, 0x0018, 0x0018, 0x2018, 0x0008, 0x68AA, 0x4BE3,
    0x4BE3, 0x68AA, 0x0008, 0x2018, 0x0018, 0x0018, 0x0010, 0x0008, 0x0018, 0xA238, 0x279A, 0x2BE3, 0x2ADB, 0xEACA, 0x4020, 0x0018,
    0x0010, 0x4439, 0x1AE7, 0xFFFF, 0xFEFF, 0x1AE7, 0xFFFF, 0xD5C5, 0x6118, 0x0018, 0x2018, 0x0018, 0x2018, 0x0008, 0x68AA, 0x4BE3,
    0x4BE3, 0x68AA, 0x0008, 0x2018, 0x0010, 0x0010, 0xA238, 0x8579, 0x88B2, 0x2ADB, 0x4BE3, 0x0ADB, 0x2ADB, 0xEACA, 0x4128, 0x0000,
    0x6469, 0xA150, 0xEE83, 0xFFFF, 0x74B5, 0xF6C5, 0x7DF7, 0xBCFF, 0xA228, 0x0010, 0x2018, 0x0018, 0x2018, 0x0008, 0x68AA, 0x4BE3,
    0x4BE3, 0x68AA, 0x0010, 0x0010, 0x8138, 0xA9BA, 0x2BE3, 0x6BEB, 0x4BE3, 0x2ADB, 0x2ADB, 0x2ADB, 0x4AE3, 0xEAD2, 0x4020, 0x0008,
    0xA9BA, 0x2369, 0x508C, 0xFFFF, 0x7094, 0x0000, 0x6541, 0x5BEF, 0xC328, 0x0010, 0x2018, 0x0018, 0x2018, 0x0008, 0x68AA, 0x4BE3,
    0x4BE3, 0x68AA, 0x0008, 0x2018, 0x2010, 0xA581, 0x0AD3, 0xC9CA, 0xE9CA, 0xE9CA, 0xEACA, 0xEACA, 0x0AD3, 0xC9CA, 0x2018, 0x8138,
    0x8CF3, 0x0361, 0xEA5A, 0xFFFF, 0x53B5, 0xE328, 0x0010, 0x8D7B, 0xE330, 0x0010, 0x2018, 0x0018, 0x2018, 0x0008, 0x68AA, 0x4BE3,
    0x4BE3, 0x68AA, 0x0008, 0x2018, 0x0010, 0x0010, 0x4020, 0x4020, 0x4020, 0x4020, 0x4020, 0x4020, 0x4020, 0x2018, 0x0000, 0xE691,
    0x6BEB, 0xE9CA, 0x4028, 0xCE7B, 0x5CEF, 0x1BE7, 0xCE83, 0x0008, 0x2018, 0x0018, 0x0018, 0x0018, 0x2018, 0x0008, 0x68AA, 0x4BE3,
    0x4BE3, 0x68AA, 0x0008, 0x2018, 0x0018, 0x2018, 0x0010, 0x0010, 0x0010, 0x0010, 0x0010, 0x0010, 0x0010, 0xA238, 0xE689, 0x0ADB,
    0x0ADB, 0x4BE3, 0xE9CA, 0x8138, 0xC230, 0x0339, 0x0339, 0x2018, 0x0018, 0x0018, 0x0018, 0x0018, 0x2018, 0x0008, 0x68AA, 0x4BE3,
    0x4BE3, 0x68AA, 0x0008, 0x2018, 0x0018, 0x0018, 0x2018, 0x0010, 0x0010, 0x0010, 0x0010, 0x6128, 0x68AA, 0x8CF3, 0x6BEB, 0x0ADB,
    0x2ADB, 0x0ADB, 0x2AE3, 0x2ADB, 0xC9CA, 0xC9CA, 0x88BA, 0x4020, 0x0010, 0x0018, 0x0018, 0x0018, 0x2018, 0x0008, 0x68AA, 0x4BE3,
    0x4BE3, 0x68AA, 0x0008, 0x2018, 0x2018, 0x2018, 0x0008, 0x8120, 0xC328, 0x8120, 0x8120, 0x0018, 0xA240, 0x8581, 0x0AD3, 0x4BEB,
    0x2ADB, 0x2ADB, 0x0ADB, 0x2ADB, 0x2BE3, 0x4BE3, 0x0AD3, 0x4020, 0x0010, 0x0018, 0x0018, 0x0018, 0x2018, 0x0008, 0x68AA, 0x4BE3,
    0x4BE3, 0x68AA, 0x0008, 0x2018, 0x0010, 0x0010, 0xA238, 0xC328, 0x78D6, 0xBDF7, 0x7CEF, 0xCE83, 0x8D7B, 0x6952, 0x6128, 0xC689,
    0x2ADB, 0x2ADB, 0x2ADB, 0x2ADB, 0x2ADB, 0x2ADB, 0xEACA, 0x4020, 0x0010, 0x0018, 0x0018, 0x0018, 0x2018, 0x0008, 0x68AA, 0x4BE3,
    0x4BE3, 0x68AA, 0x0010, 0x0010, 0xA240, 0x88B2, 0x4BE3, 0x8581, 0x2431, 0x1AE7, 0xFFFF, 0xFEFF, 0x1AE7, 0xFFFF, 0xB5B5, 0x4118,
    0xC9CA, 0x2AE3, 0x2ADB, 0x2ADB, 0x2ADB, 0x2ADB, 0xE9CA, 0x2020, 0x0018, 0x0018, 0x0018, 0x0018, 0x2018, 0x0008, 0x68AA, 0x4BE3,
    0x4BE3, 0x68AA, 0x0010, 0x0010, 0x8130, 0x0ADB, 0x2ADB, 0x8CF3, 0x8148, 0xEE83, 0xFFFF, 0x74B5, 0xF6C5, 0x7DF7, 0xBCF7, 0xE338,
    0xA9C2, 0x2BE3, 0x2ADB, 0x2ADB, 0x2ADB, 0x2ADB, 0x2ADB, 0xC240, 0x0008, 0x2018, 0x0018, 0x0018, 0x2018, 0x0008, 0x68AA, 0x4BE3,
    0x4BE3, 0x68AA, 0x0008, 0x2018, 0x0008, 0x6469, 0x4BEB, 0x6BEB, 0x0361, 0x508C, 0xFFFF, 0x7094, 0x0000, 0x6541, 0x5BEF, 0x0339,
    0xA9CA, 0x4BE3, 0x2ADB, 0x2AE3, 0x2ADB, 0x0ADB, 0x2AE3, 0x0AD3, 0xA238, 0x0008, 0x2018, 0x0018, 0x2018, 0x0008, 0x68AA, 0x4BE3,
    0x4BE3, 0x68AA, 0x0008, 0x2018, 0x0018, 0x2018, 0x88B2, 0x4BE3, 0xE258, 0xEA62, 0xFFFF, 0x53B5, 0xC320, 0x0010, 0x6C7B, 0x2439,
    0x88BA, 0x0AD3, 0xEACA, 0xE9CA, 0x2ADB, 0x2AE3, 0x0ADB, 0x2BE3, 0x0AD3, 0xA238, 0x0008, 0x2018, 0x2018, 0x0008, 0x68AA, 0x4BE3,
    0x4BE3, 0x68AA, 0x0008, 0x2018, 0x0018, 0x0010, 0x2018, 0x4128, 0x4020, 0x0008, 0x0F8C, 0x5CEF, 0x3BEF, 0xEE83, 0x0008, 0x2018,
    0x4020, 0x4020, 0x4020, 0x4020, 0xC240, 0xEAD2, 0x2BE3, 0x0AD3, 0x2BE3, 0x0AD3, 0xA240, 0x0010, 0x2018, 0x0008, 0x68AA, 0x4BE3,
    0x4BE3, 0x68AA, 0x0008, 0x2018, 0x0018, 0x0018, 0x0018, 0x0010, 0x0018, 0x0018, 0x0010, 0xA228, 0xC228, 0xE330, 0x2018, 0x0018,
    0x0010, 0x0010, 0x0010, 0x0018, 0x0008, 0xA238, 0x0AD3, 0x2BE3, 0x0AD3, 0x4BEB, 0x68AA, 0x0010, 0x2018, 0x0008, 0x68AA, 0x4BE3,
    0x4BE3, 0x68AA, 0x0008, 0x2018, 0x0018, 0x0018, 0x0018, 0x0018, 0x0018, 0x0018, 0x2018, 0x0010, 0x0010, 0x0010, 0x0018, 0x0018,
    0x0018, 0x0018, 0x0018, 0x0018, 0x2018, 0x0008, 0xA238, 0x0AD3, 0x4BEB, 0x2AE3, 0xE9CA, 0x4020, 0x0018, 0x0010, 0x68AA, 0x4BE3,
    0x4BE3, 0x68AA, 0x0008, 0x2018, 0x0018, 0x0018, 0x0018, 0x0018, 0x0018, 0x0018, 0x0018, 0x2018, 0x2018, 0x2018, 0x0018, 0x0018,
    0x0018, 0x0018, 0x0018, 0x0018, 0x0018, 0x2018, 0x0008, 0xA238, 0x68AA, 0xE9CA, 0x6BEB, 0x0351, 0x0008, 0x0010, 0x68AA, 0x4BE3,
    0x4BE3, 0x68AA, 0x0008, 0x2018, 0x0018, 0x0018, 0x0018, 0x0018, 0x0018, 0x0018, 0x0018, 0x0018, 0x0018, 0x0018, 0x0018, 0x0018,
    0x0018, 0x0018, 0x0018, 0x0018, 0x0018, 0x0018, 0x2018, 0x0010, 0x0010, 0x4020, 0x0351, 0xA240, 0x0010, 0x0010, 0x68AA, 0x4BE3,
    0x4BE3, 0x68AA, 0x0010, 0x2018, 0x2018, 0x2018, 0x2018, 0x2018, 0x2018, 0x2018, 0x2018, 0x2018, 0x2018, 0x2018, 0x2018, 0x2018,
    0x2018, 0x2018, 0x2018, 0x2018, 0x2018, 0x2018, 0x2018, 0x2018, 0x2018, 0x0018, 0x0010, 0x0010, 0x2018, 0x0010, 0x68AA, 0x4BE3,
    0x4BEB, 0x47AA, 0x0000, 0x0010, 0x0008, 0x0008, 0x0008, 0x0008, 0x0008, 0x0008, 0x0008, 0x0008, 0x0008, 0x0008, 0x0008, 0x0008,
    0x0008, 0x0008, 0x0008, 0x0008, 0x0008, 0x0008, 0x0008, 0x0008, 0x0008, 0x0010, 0x0010, 0x0010, 0x0010, 0x0000, 0x47AA, 0x4BEB,
    0x2ADB, 0xEAD2, 0x48AA, 0x68AA, 0x68AA, 0x68AA, 0x68AA, 0x68AA, 0x68AA, 0x68AA, 0x68AA, 0x68AA, 0x68AA, 0x68AA, 0x68AA, 0x68AA,
    0x68AA, 0x68AA, 0x68AA, 0x68AA, 0x68AA, 0x68AA, 0x68AA, 0x68AA, 0x68AA, 0x68AA, 0x68AA, 0x68AA, 0x68AA, 0x48AA, 0xEAD2, 0x2ADB,
    0x2ADB, 0x2ADB, 0x4BEB, 0x4BE3, 0x4BE3, 0x4BE3, 0x4BE3, 0x4BE3, 0x4BE3, 0x4BE3, 0x4BE3, 0x4BE3, 0x4BE3, 0x4BE3, 0x4BE3, 0x4BE3,
    0x4BE3, 0x4BE3, 0x4BE3, 0x4BE3, 0x4BE3, 0x4BE3, 0x4BE3, 0x4BE3, 0x4BE3, 0x4BE3, 0x4BE3, 0x4BE3, 0x4BE3, 0x4BEB, 0x2ADB, 0x2ADB
};

const uint16_t icon_eagle_rearm_stratagem_icon_background[] PROGMEM = {
    0x8DCD, 0xADCD, 0xCDD5, 0xCDD5, 0xCDD5, 0xCDD5, 0xCDD5, 0xCDD5, 0xCDD5, 0xCDD5, 0xCDD5, 0xCDD5, 0xCDD5, 0xCDD5, 0xCDD5, 0xCDD5,
    0xCDD5, 0xCDD5, 0xCDD5, 0xCDD5, 0xCDD5, 0xCDD5, 0xCDD5, 0xCDD5, 0xCDD5, 0xCDD5, 0xCDD5, 0xCDD5, 0xCDD5, 0xCDD5, 0xADCD, 0x8DCD,
    0xADCD, 0x4CC5, 0x8AA4, 0x8BA4, 0x8BA4, 0x8BA4, 0x8BA4, 0x8BA4, 0x8BA4, 0x8BA4, 0x8BA4, 0x8BA4, 0x8BA4, 0x8BA4, 0x8BA4, 0x8BA4,
    0x8BA4, 0x8BA4, 0x8BA4, 0x8BA4, 0x8BA4, 0x8BA4, 0x8BA4, 0x8BA4, 0x8BA4, 0x8BA4, 0x8BA4, 0x8BA4, 0x8BA4, 0x8AA4, 0x4CC5, 0xADCD,
    0xCDD5, 0x8AA4, 0x2421, 0x6431, 0x6429, 0x6429, 0x6429, 0x6429, 0x6429, 0x6429, 0x6429, 0x6429, 0x6431, 0x6429, 0x6429, 0x6429,
    0x6429, 0x6429, 0x6429, 0x6431, 0x6431, 0x6429, 0x6429, 0x6429, 0x6429, 0x6429, 0x6429, 0x6429, 0x6431, 0x2421, 0x8AA4, 0xCDD5,
    0xCDD5, 0x8BA4, 0x6431, 0xA539, 0xA431, 0xA431, 0xA431, 0xA431, 0xA431, 0xA431, 0xA431, 0xA439, 0x8431, 0xA439, 0xA439, 0xA431,
    0xA431, 0xA431, 0xA439, 0x8431, 0x8431, 0xA539, 0xA439, 0xA431, 0xA431, 0xA431, 0xA431, 0xA431, 0xA539, 0x6431, 0x8BA4, 0xCDD5,
    0xCDD5, 0x8BA4, 0x6429, 0xA431, 0xA431, 0xA431, 0xA431, 0xA431, 0xA431, 0xA431, 0xA431, 0x8431, 0x464A, 0x8431, 0x8431, 0xA431,
    0xA431, 0xA431, 0x8431, 0x6652, 0x254A, 0x4429, 0x8431, 0xA431, 0xA431, 0xA431, 0xA431, 0xA431, 0xA431, 0x6429, 0x8BA4, 0xCDD5,
    0xCDD5, 0x8BA4, 0x6429, 0xA431, 0xA431, 0xA431, 0xA431, 0xA431, 0xA431, 0xA431, 0xA431, 0x8431, 0xEBB4, 0xC983, 0x6431, 0xA431,
    0xA431, 0xA431, 0x8431, 0xCBAC, 0x8DC5, 0x687B, 0xA539, 0x8431, 0xA431, 0xA431, 0xA431, 0xA431, 0xA431, 0x6429, 0x8BA4, 0xCDD5,
    0xCDD5, 0x8BA4, 0x6429, 0xA431, 0xA431, 0xA431, 0xA431, 0xA431, 0xA431, 0xA431, 0x6431, 0x4652, 0xADCD, 0x6CC5, 0xE539, 0x8431,
    0xA439, 0x6429, 0x865A, 0xADCD, 0x8DCD, 0xEDD5, 0xCBAC, 0xA539, 0x8431, 0xA431, 0xA431, 0xA431, 0xA431, 0x6429, 0x8BA4, 0xCDD5,
    0xCDD5, 0x8BA4, 0x6429, 0xA431, 0xA431, 0xA431, 0xA431, 0xA431, 0xA431, 0xA439, 0x4429, 0x887B, 0xEDD5, 0x2CBD, 0xE539, 0x8431,
    0xA439, 0x6429, 0x2A94, 0xCDD5, 0x6CC5, 0x8DCD, 0x6CC5, 0xE541, 0x8431, 0xA431, 0xA431, 0xA431, 0xA431, 0x6429, 0x8BA4, 0xCDD5,
    0xCDD5, 0x8BA4, 0x6429, 0xA431, 0xA431, 0xA431, 0xA431, 0xA431, 0xA431, 0xA439, 0x8431, 0xCBAC, 0xCDD5, 0x4CBD, 0xE539, 0x8431,
    0x8431, 0x0542, 0x6CC5, 0x8DCD, 0x8DCD, 0xADCD, 0x4CBD, 0xE539, 0x8431, 0xA431, 0xA431, 0xA431, 0xA431, 0x6429, 0x8BA4, 0xCDD5,
    0xCDD5, 0x8BA4, 0x6429, 0xA431, 0xA431, 0xA431, 0xA431, 0xA439, 0xA439, 0x4429, 0x464A, 0xADCD, 0xADCD, 0x4CBD, 0xE539, 0xA431,
    0x6429, 0x887B, 0xCDD5, 0x8DC5, 0x8DCD, 0xADCD, 0x4CBD, 0xE541, 0x8431, 0xA431, 0xA431, 0xA431, 0xA431, 0x6429, 0x8BA4, 0xCDD5,
    0xCDD5, 0x8BA4, 0x6429, 0xA431, 0xA431, 0xA431, 0x6431, 0x4429, 0x8431, 0x464A, 0x4A9C, 0xADCD, 0x8DCD, 0x4CBD, 0xE541, 0x8431,
    0xA439, 0x0CB5, 0xADCD, 0x8DC5, 0x6DC5, 0x8DCD, 0x4CBD, 0xC539, 0x8431, 0xA431, 0xA431, 0xA431, 0xA431, 0x6429, 0x8BA4, 0xCDD5,
    0xCDD5, 0x8BA4, 0x6429, 0xA439, 0x8431, 0x8431, 0x6652, 0x887B, 0xCBAC, 0xADCD, 0xADCD, 0x8DC5, 0xADCD, 0x4CBD, 0xE541, 0x4429,
    0x2873, 0x2EDE, 0xCDD5, 0xCDD5, 0xCDD5, 0x2EDE, 0x887B, 0x4429, 0xA539, 0xA431, 0xA431, 0xA431, 0xA431, 0x6429, 0x8BA4, 0xCDD5,
    0xCDD5, 0x8BA4, 0x6431, 0x8431, 0x464A, 0xEBB4, 0xADCD, 0xEDD5, 0xCDD5, 0xADCD, 0x8DCD, 0x8DCD, 0xADCD, 0x6CC5, 0xE541, 0x8431,
    0x8883, 0x2773, 0x4552, 0x454A, 0x865A, 0x4773, 0x0642, 0xC539, 0x8431, 0xA431, 0xA431, 0xA431, 0xA431, 0x6429, 0x8BA4, 0xCDD5,
    0xCDD5, 0x8BA4, 0x6429, 0xA439, 0x8431, 0xC983, 0x6CC5, 0x2CBD, 0x4CBD, 0x4CBD, 0x4CBD, 0x4CBD, 0x6CC5, 0x0CB5, 0xE539, 0x2329,
    0x6852, 0x9194, 0x57C6, 0x98D6, 0x95B5, 0x0A63, 0x53AD, 0x32A5, 0x0221, 0xA539, 0xA431, 0xA431, 0xA431, 0x6429, 0x8BA4, 0xCDD5,
    0xCDD5, 0x8BA4, 0x6429, 0xA431, 0x8431, 0x6431, 0xE539, 0xE541, 0xE541, 0xE539, 0xE541, 0xE541, 0xE541, 0xE541, 0x4329, 0x6F8C,
    0xFEFF, 0xFFFF, 0x1AE7, 0xB9D6, 0xFDFF, 0xFEFF, 0xFEFF, 0xBCF7, 0x474A, 0x6431, 0xA539, 0xA431, 0xA431, 0x6429, 0x8BA4, 0xCDD5,
    0xCDD5, 0x8BA4, 0x6429, 0xA431, 0xA431, 0xA431, 0x8431, 0x8431, 0x8431, 0xA431, 0x8431, 0x4429, 0x8431, 0x2329, 0x6F8C, 0xFFFF,
    0x17C6, 0x684A, 0x254A, 0x4552, 0xC539, 0xB8D6, 0xFEFF, 0xFFFF, 0xD5BD, 0x4329, 0xA539, 0xA431, 0xA431, 0x6429, 0x8BA4, 0xCDD5,
    0xCDD5, 0x8BA4, 0x6429, 0xA431, 0xA431, 0xA431, 0xA439, 0xA439, 0x8431, 0x4429, 0xA439, 0x2873, 0x887B, 0x6852, 0xFEFF, 0x36C6,
    0x8431, 0x0994, 0xEED5, 0xE98B, 0x8952, 0x5BEF, 0x9CF7, 0x9CF7, 0x9CF7, 0xEA62, 0x4329, 0xA539, 0xA431, 0x6429, 0x8BA4, 0xCDD5,
    0xCDD5, 0x8BA4, 0x6429, 0xA431, 0xA431, 0xA431, 0x6429, 0x6429, 0x0542, 0x887B, 0x0BB5, 0x2EDE, 0x0773, 0xB194, 0xFFFF, 0x684A,
    0x0994, 0x2EDE, 0x6CC5, 0x464A, 0x0642, 0x6752, 0x0642, 0x0642, 0x0642, 0xE641, 0x8431, 0xA431, 0xA431, 0x6429, 0x8BA4, 0xCDD5,
    0xCDD5, 0x8BA4, 0x6429, 0xA439, 0x8431, 0x8431, 0x865A, 0x2A94, 0x6CC5, 0xCDD5, 0xADCD, 0xCDCD, 0x4552, 0x57CE, 0x3AE7, 0x254A,
    0x8DCD, 0x8DCD, 0x6CC5, 0x4CBD, 0x2CBD, 0x6CC5, 0xC98B, 0x2329, 0x4329, 0x6431, 0xA431, 0xA431, 0xA431, 0x6429, 0x8BA4, 0xCDD5,
    0xCDD5, 0x8BA4, 0x6431, 0x8431, 0x6652, 0xCBAC, 0xADCD, 0xCDD5, 0x8DCD, 0x8DC5, 0x8DC5, 0xCDD5, 0x4552, 0x98D6, 0xB8D6, 0x4552,
    0xADCD, 0x8DC5, 0x8DCD, 0xADCD, 0x8DCD, 0xEED5, 0x2994, 0xC95A, 0x59CE, 0xE95A, 0x6329, 0xA539, 0xA431, 0x6429, 0x8BA4, 0xCDD5,
    0xCDD5, 0x8BA4, 0x6431, 0x8431, 0x254A, 0x8DC5, 0x8DCD, 0x6CC5, 0x8DCD, 0x8DCD, 0x8DC5, 0xCDD5, 0x855A, 0xB5B5, 0xBCF7, 0xE541,
    0x2CBD, 0xADCD, 0x6CC5, 0x8DC5, 0x6CC5, 0x0EDE, 0xE66A, 0x708C, 0xFFFF, 0xA95A, 0x4329, 0xA539, 0xA431, 0x6429, 0x8BA4, 0xCDD5,
    0xCDD5, 0x8BA4, 0x6429, 0xC539, 0x4429, 0x6873, 0xEDD5, 0x8DCD, 0xADCD, 0xADCD, 0x8DCD, 0xEEDD, 0xA883, 0x6C6B, 0xFFFF, 0xEE7B,
    0x6552, 0xEED5, 0xEED5, 0xCDD5, 0x0EDE, 0x8AA4, 0xC539, 0x3BE7, 0xF9E6, 0x6431, 0xA431, 0xA431, 0xA431, 0x6429, 0x8BA4, 0xCDD5,
    0xCDD5, 0x8BA4, 0x6429, 0xA439, 0x8431, 0xA539, 0xCBAC, 0x6CC5, 0x4CBD, 0x4CBD, 0x4CBD, 0x6CC5, 0x0CB5, 0xE541, 0x98D6, 0xFEFF,
    0x0A63, 0x0442, 0xA883, 0x0994, 0xE66A, 0xA539, 0xD5BD, 0xFFFF, 0x8C73, 0x6331, 0x8431, 0xA431, 0xA431, 0x6429, 0x8BA4, 0xCDD5,
    0xCDD5, 0x8BA4, 0x6429, 0xA431, 0xA431, 0x8431, 0xA539, 0xE541, 0xE539, 0xE541, 0xE541, 0xE539, 0x0542, 0x8431, 0x474A, 0x1BE7,
    0xFFFF, 0xB4B5, 0x8C73, 0x4B6B, 0x4F8C, 0x5BEF, 0xFFFF, 0x508C, 0x254A, 0x4CBD, 0x6652, 0x6431, 0xA439, 0x6429, 0x8BA4, 0xCDD5,
    0xCDD5, 0x8BA4, 0x6429, 0xA431, 0xA431, 0xA431, 0x8431, 0x8431, 0x8431, 0x8431, 0x8431, 0x8431, 0x8431, 0xA531, 0x6329, 0x0642,
    0x53AD, 0xFEFF, 0xFFFF, 0xFFFF, 0xFFFF, 0xFADE, 0x8C73, 0x254A, 0x2CBD, 0xEEDD, 0x8BA4, 0x6431, 0xA439, 0x6429, 0x8BA4, 0xCDD5,
    0xCDD5, 0x8BA4, 0x6429, 0xA431, 0xA431, 0xA431, 0xA431, 0xA431, 0xA431, 0xA431, 0xA431, 0xA431, 0xA431, 0xA431, 0xA539, 0x8431,
    0x4329, 0x0642, 0x0A63, 0x4B6B, 0x8852, 0x8431, 0x6331, 0x4CBD, 0xEEDD, 0xADCD, 0x4CBD, 0xE539, 0x8431, 0x6429, 0x8BA4, 0xCDD5,
    0xCDD5, 0x8BA4, 0x6429, 0xA431, 0xA431, 0xA431, 0xA431, 0xA431, 0xA431, 0xA431, 0xA431, 0xA431, 0xA431, 0xA431, 0xA431, 0xA431,
    0xA539, 0x8431, 0x4329, 0x4329, 0x6329, 0xA431, 0x8431, 0x6652, 0x8BA4, 0x2CBD, 0xEDD5, 0xC762, 0x6429, 0x6431, 0x8BA4, 0xCDD5,
    0xCDD5, 0x8BA4, 0x6429, 0xA431, 0xA431, 0xA431, 0xA431, 0xA431, 0xA431, 0xA431, 0xA431, 0xA431, 0xA431, 0xA431, 0xA431, 0xA431,
    0xA431, 0xA431, 0xA539, 0xA539, 0xA539, 0xA431, 0xA431, 0x6431, 0x6429, 0xE539, 0xC762, 0x6652, 0x8431, 0x6431, 0x8BA4, 0xCDD5,
    0xCDD5, 0x8BA4, 0x6431, 0xA539, 0xA431, 0xA431, 0xA431, 0xA431, 0xA431, 0xA431, 0xA431, 0xA431, 0xA431, 0xA431, 0xA431, 0xA431,
    0xA431, 0xA431, 0xA431, 0xA431, 0xA431, 0xA431, 0xA431, 0xA439, 0xA439, 0x8431, 0x6429, 0x8431, 0xA539, 0x6431, 0x8BA4, 0xCDD5,
    0xCDD5, 0x8AA4, 0x2421, 0x6431, 0x6429, 0x6429, 0x6429, 0x6429, 0x6429, 0x6429, 0x6429, 0x6429, 0x6429, 0x6429, 0x6429, 0x6429,
    0x6429, 0x6429, 0x6429, 0x6429, 0x6429, 0x6429, 0x6429, 0x6429, 0x6429, 0x6429, 0x6431, 0x6431, 0x6431, 0x2421, 0x8AA4, 0xCDD5,
    0xADCD, 0x4CC5, 0x8AA4, 0x8BA4, 0x8BA4, 0x8BA4, 0x8BA4, 0x8BA4, 0x8BA4, 0x8BA4, 0x8BA4, 0x8BA4, 0x8BA4, 0x8BA4, 0x8BA4, 0x8BA4,
    0x8BA4, 0x8BA4, 0x8BA4, 0x8BA4, 0x8BA4, 0x8BA4, 0x8BA4, 0x8BA4, 0x8BA4, 0x8BA4, 0x8BA4, 0x8BA4, 0x8BA4, 0x8AA4, 0x4CC5, 0xADCD,
    0x8DCD, 0xADCD, 0xCDD5, 0xCDD5, 0xCDD5, 0xCDD5, 0xCDD5, 0xCDD5, 0xCDD5, 0xCDD5, 0xCDD5, 0xCDD5, 0xCDD5, 0xCDD5, 0xCDD5, 0xCDD5,
    0xCDD5, 0xCDD5, 0xCDD5, 0xCDD5, 0xCDD5, 0xCDD5, 0xCDD5, 0xCDD5, 0xCDD5, 0xCDD5, 0xCDD5, 0xCDD5, 0xCDD5, 0xCDD5, 0xADCD, 0x8DCD
};

const uint16_t icon_eagle_smoke_strike_stratagem_icon_background[] PROGMEM = {
    0x2ADB, 0x2ADB, 0x4BEB, 0x4BE3, 0x4BE3, 0x4BE3, 0x4BE3, 0x4BE3, 0x4BE3, 0x4BE3, 0x4BE3, 0x4BE3, 0x4BE3, 0x4BE3, 0x4BE3, 0x4BE3,
    0x4BE3, 0x4BE3, 0x4BE3, 0x4BE3, 0x4BE3, 0x4BE3, 0x4BE3, 0x4BE3, 0x4BE3, 0x4BE3, 0x4BE3, 0x4BE3, 0x4BE3, 0x4BEB, 0x2ADB, 0x2ADB,
    0x2ADB, 0xEAD2, 0x48AA, 0x68AA, 0x68AA, 0x68AA, 0x68AA, 0x68AA, 0x68AA, 0x68AA, 0x68AA, 0x68AA, 0x68AA, 0x68AA, 0x68AA, 0x68AA,
    0x68AA, 0x68AA, 0x68AA, 0x68AA, 0x68AA, 0x68AA, 0x68AA, 0x68AA, 0x68AA, 0x68AA, 0x68AA, 0x68AA, 0x68AA, 0x48AA, 0xEAD2, 0x2ADB,
    0x4BEB, 0x47AA, 0x0000, 0x0010, 0x0008, 0x0008, 0x0008, 0x0008, 0x0008, 0x0008, 0x0008, 0x0008, 0x0010, 0x0010, 0x0008, 0x0008,
    0x0008, 0x0008, 0x0008, 0x0010, 0x0010, 0x0008, 0x0008, 0x0008, 0x0008, 0x0008, 0x0008, 0x0008, 0x0010, 0x0000, 0x47AA, 0x4BEB,
    0x4BE3, 0x68AA, 0x0010, 0x2018, 0x2018, 0x2018, 0x2018, 0x2018, 0x2018, 0x2018, 0x2018, 0x2018, 0x0010, 0x2018, 0x2018, 0x2018,
    0x2018, 0x2018, 0x2018, 0x0010, 0x0010, 0x2018, 0x2018, 0x2018, 0x2018, 0x2018, 0x2018, 0x2018, 0x2018, 0x0010, 0x68AA, 0x4BE3,
    0x4BE3, 0x68AA, 0x0008, 0x2018, 0x0018, 0x0018, 0x0018, 0x0018, 0x0018, 0x0018, 0x0018, 0x0010, 0x8138, 0x0018, 0x0010, 0x0018,
    0x0018, 0x2018, 0x0010, 0xA240, 0x8130, 0x0008, 0x0010, 0x0018, 0x0018, 0x0018, 0x0018, 0x0018, 0x2018, 0x0008, 0x68AA, 0x4BE3,
    0x4BE3, 0x68AA, 0x0008, 0x2018, 0x0018, 0x0018, 0x0018, 0x0018, 0x0018, 0x0018, 0x0018, 0x0010, 0xA9BA, 0xC581, 0x0010, 0x2018,
    0x0018, 0x0018, 0x0010, 0x88B2, 0x0ADB, 0x8571, 0x2018, 0x0010, 0x0018, 0x0018, 0x0018, 0x0018, 0x2018, 0x0008, 0x68AA, 0x4BE3,
    0x4BE3, 0x68AA, 0x0008, 0x2018, 0x0018, 0x0018, 0x0018, 0x0018, 0x0018, 0x2018, 0x0010, 0xA238, 0x2BE3, 0x0AD3, 0x4020, 0x0010,
    0x2018, 0x0010, 0xC240, 0x2ADB, 0x2ADB, 0x6BEB, 0x88B2, 0x2018, 0x0018, 0x0018, 0x0018, 0x0018, 0x2018, 0x0008, 0x68AA, 0x4BE3,
    0x4BE3, 0x68AA, 0x0008, 0x2018, 0x0018, 0x0018, 0x0018, 0x0018, 0x0018, 0x2018, 0x0008, 0x8579, 0x6BEB, 0xC9CA, 0x4020, 0x2018,
    0x0018, 0x0008, 0x47A2, 0x8CF3, 0x0AD3, 0x2ADB, 0x0AD3, 0x4020, 0x0010, 0x0018, 0x0018, 0x0018, 0x2018, 0x0008, 0x68AA, 0x4BE3,
    0x4BE3, 0x68AA, 0x0008, 0x2018, 0x0018, 0x0018, 0x0018, 0x0018, 0x0018, 0x2018, 0x0018, 0x88B2, 0x4BE3, 0x0AD3, 0x0020, 0x0008,
    0x6120, 0x6120, 0x6138, 0x27AA, 0x4BE3, 0x0ADB, 0xE9CA, 0x4020, 0x0010, 0x0018, 0x0018, 0x0018, 0x2018, 0x0008, 0x68AA, 0x4BE3,
    0x4BE3, 0x68AA, 0x0008, 0x2018, 0x0018, 0x0018, 0x2018, 0x2018, 0x2018, 0x0008, 0x8130, 0x4BE3, 0xACF3, 0x0692, 0x2431, 0x13AD,
    0x3BE7, 0x3BEF, 0xF29C, 0x0329, 0x079A, 0xACFB, 0x0AD3, 0x4020, 0x0010, 0x0018, 0x0018, 0x0018, 0x2018, 0x0008, 0x68AA, 0x4BE3,
    0x4BE3, 0x68AA, 0x0008, 0x2018, 0x0018, 0x0018, 0x0010, 0x0008, 0x0018, 0x8230, 0x47A2, 0xC9CA, 0x4471, 0x0000, 0x5094, 0xFFFF,
    0xFEFF, 0xFEFF, 0xFFFF, 0x5094, 0x0000, 0x4479, 0x68B2, 0x4128, 0x0010, 0x0018, 0x0018, 0x0018, 0x2018, 0x0008, 0x68AA, 0x4BE3,
    0x4BE3, 0x68AA, 0x0008, 0x2018, 0x0010, 0x0010, 0xA238, 0xA579, 0x88B2, 0x4BE3, 0x68B2, 0x6120, 0x0B63, 0x0F8C, 0x5094, 0x5BEF,
    0xFDFF, 0xFDFF, 0x5BEF, 0x5094, 0x0F8C, 0x0B6B, 0x6120, 0x2018, 0x0018, 0x0018, 0x0018, 0x0018, 0x2018, 0x0008, 0x68AA, 0x4BE3,
    0x4BE3, 0x68AA, 0x0010, 0x0010, 0x8138, 0xA9BA, 0x2BE3, 0x6BEB, 0x6BEB, 0x8CF3, 0x8138, 0x94B5, 0xFFFF, 0xFFFF, 0xFFFF, 0xFEFF,
    0xFDFF, 0xFDFF, 0xFEFF, 0xFFFF, 0xFFFF, 0xFFFF, 0xB5BD, 0x2010, 0x4018, 0x2018, 0x0018, 0x0018, 0x2018, 0x0008, 0x68AA, 0x4BE3,
    0x4BE3, 0x68AA, 0x0008, 0x2018, 0x2010, 0xA581, 0x0AD3, 0xE9CA, 0x88BA, 0x0369, 0x0010, 0xB5BD, 0xDDFF, 0xDDFF, 0xDDFF, 0xFDFF,
    0xFDFF, 0xFDFF, 0xFDFF, 0xDDFF, 0xDDFF, 0xDDFF, 0xB5BD, 0x0008, 0x0008, 0x0018, 0x0018, 0x0018, 0x2018, 0x0008, 0x68AA, 0x4BE3,
    0x4BE3, 0x68AA, 0x0008, 0x2018, 0x0010, 0x0010, 0x4020, 0x4020, 0x6120, 0x2B6B, 0xEF8B, 0x2F8C, 0x7BEF, 0xFEFF, 0xFDFF, 0xFDFF,
    0xFDFF, 0xFDFF, 0xFDFF, 0xFDFF, 0xFEFF, 0x7BEF, 0x2F8C, 0xEF8B, 0x4C73, 0x6120, 0x0010, 0x2018, 0x2018, 0x0008, 0x68AA, 0x4BE3,
    0x4BE3, 0x68AA, 0x0008, 0x2018, 0x0018, 0x2018, 0x0010, 0x0008, 0x53B5, 0xFFFF, 0xFFFF, 0xFFFF, 0xFDFF, 0xFDFF, 0xFDFF, 0xFDFF,
    0xFDFF, 0xFDFF, 0xFDFF, 0xFDFF, 0xFDFF, 0xFDFF, 0xFFFF, 0xFFFF, 0xFFFF, 0x53B5, 0x0010, 0x2018, 0x2018, 0x0008, 0x68AA, 0x4BE3,
    0x4BE3, 0x68AA, 0x0008, 0x2018, 0x0018, 0x2018, 0x0018, 0x8128, 0xBCFF, 0xDDFF, 0xBCF7, 0xDCFF, 0xFDFF, 0xFDFF, 0xFDFF, 0xFDFF,
    0xFDFF, 0xFDFF, 0xFDFF, 0xFDFF, 0xFDFF, 0xFDFF, 0xDCFF, 0xBCF7, 0xDDFF, 0xBCF7, 0x8120, 0x0010, 0x2018, 0x0008, 0x68AA, 0x4BE3,
    0x4BE3, 0x68AA, 0x0008, 0x2018, 0x2018, 0x2018, 0x0010, 0x0000, 0x53AD, 0xFFFF, 0xFFFF, 0xFFFF, 0xFDFF, 0xFDFF, 0xFDFF, 0xFDFF,
    0xFDFF, 0xFDFF, 0xFDFF, 0xFDFF, 0xFDFF, 0xFDFF, 0xFFFF, 0xFFFF, 0xFFFF, 0x53B5, 0x0010, 0x2018, 0x2018, 0x0008, 0x68AA, 0x4BE3,
    0x4BE3, 0x68AA, 0x0008, 0x2018, 0x0010, 0x0010, 0xE348, 0xA579, 0x8128, 0x0B6B, 0xEF8B, 0x2F8C, 0x7BEF, 0xFEFF, 0xFDFF, 0xFDFF,
    0xFDFF, 0xFDFF, 0xFDFF, 0xFDFF, 0xFEFF, 0x7BEF, 0x2F8C, 0xEF8B, 0x4C73, 0x6120, 0x0010, 0x2018, 0x2018, 0x0008, 0x68AA, 0x4BE3,
    0x4BE3, 0x68AA, 0x0010, 0x0010, 0xA240, 0x88B2, 0x2AE3, 0x6BEB, 0xA9C2, 0x0369, 0x0010, 0xB5BD, 0xDDFF, 0xDDFF, 0xDDFF, 0xFDFF,
    0xFDFF, 0xFDFF, 0xFDFF, 0xDDFF, 0xDDFF, 0xDDFF, 0xB5BD, 0x0008, 0x0008, 0x0018, 0x0018, 0x0018, 0x2018, 0x0008, 0x68AA, 0x4BE3,
    0x4BE3, 0x68AA, 0x0010, 0x0010, 0x8130, 0x0ADB, 0x2ADB, 0x0AD3, 0x2BE3, 0x8CF3, 0xA138, 0x94B5, 0xFFFF, 0xFFFF, 0xFFFF, 0xFEFF,
    0xFDFF, 0xFDFF, 0xFEFF, 0xFFFF, 0xFFFF, 0xFFFF, 0xB5BD, 0x0010, 0x2018, 0x2018, 0x0018, 0x0018, 0x2018, 0x0008, 0x68AA, 0x4BE3,
    0x4BE3, 0x68AA, 0x0008, 0x2018, 0x0008, 0x6471, 0x6BEB, 0x2ADB, 0x2ADB, 0x4BE3, 0x47AA, 0x8120, 0x2B6B, 0x0F8C, 0x5094, 0x5BEF,
    0xFDFF, 0xFDFF, 0x5BEF, 0x5094, 0xEF83, 0x0B63, 0x6120, 0x079A, 0xC248, 0x0008, 0x2018, 0x0018, 0x2018, 0x0008, 0x68AA, 0x4BE3,
    0x4BE3, 0x68AA, 0x0008, 0x2018, 0x0018, 0x2018, 0x88B2, 0x0AD3, 0xE9CA, 0xE9CA, 0x0ADB, 0x88B2, 0x0369, 0x0008, 0x5094, 0xFFFF,
    0xFEFF, 0xFEFF, 0xFFFF, 0x5094, 0x0010, 0x4479, 0xA8BA, 0x6BEB, 0xEAD2, 0xA238, 0x0008, 0x2018, 0x2018, 0x0008, 0x68AA, 0x4BE3,
    0x4BE3, 0x68AA, 0x0008, 0x2018, 0x0018, 0x0010, 0x2018, 0x4020, 0x4020, 0x4020, 0x4020, 0x6128, 0xA238, 0x2018, 0x2431, 0x13AD,
    0x3BE7, 0x3BE7, 0x13AD, 0x0431, 0x8138, 0x4BE3, 0x4BEB, 0x0AD3, 0x2BE3, 0x0AD3, 0xA240, 0x0010, 0x2018, 0x0008, 0x68AA, 0x4BE3,
    0x4BE3, 0x68AA, 0x0008, 0x2018, 0x0018, 0x0018, 0x0010, 0x0010, 0x0010, 0x0010, 0x0010, 0x0010, 0x0010, 0x0018, 0x0010, 0x0008,
    0x6120, 0x6120, 0x0008, 0x0010, 0x0010, 0xA238, 0xEAD2, 0x2BE3, 0x0AD3, 0x4BEB, 0x68AA, 0x0010, 0x2018, 0x0008, 0x68AA, 0x4BE3,
    0x4BE3, 0x68AA, 0x0008, 0x2018, 0x0018, 0x0018, 0x0018, 0x0018, 0x0018, 0x0018, 0x0018, 0x0018, 0x0018, 0x0018, 0x2018, 0x2018,
    0x0010, 0x0010, 0x2018, 0x2018, 0x2018, 0x0008, 0xA238, 0x0AD3, 0x4BEB, 0x2AE3, 0xE9CA, 0x4020, 0x0018, 0x0010, 0x68AA, 0x4BE3,
    0x4BE3, 0x68AA, 0x0008, 0x2018, 0x0018, 0x0018, 0x0018, 0x0018, 0x0018, 0x0018, 0x0018, 0x0018, 0x0018, 0x0018, 0x0018, 0x0018,
    0x2018, 0x2018, 0x0018, 0x0018, 0x0018, 0x2018, 0x0008, 0xA238, 0x68AA, 0xE9CA, 0x6BEB, 0x0351, 0x0008, 0x0010, 0x68AA, 0x4BE3,
    0x4BE3, 0x68AA, 0x0008, 0x2018, 0x0018, 0x0018, 0x0018, 0x0018, 0x0018, 0x0018, 0x0018, 0x0018, 0x0018, 0x0018, 0x0018, 0x0018,
    0x0018, 0x0018, 0x0018, 0x0018, 0x0018, 0x0018, 0x2018, 0x0010, 0x0010, 0x4020, 0x0351, 0xA240, 0x0010, 0x0010, 0x68AA, 0x4BE3,
    0x4BE3, 0x68AA, 0x0010, 0x2018, 0x2018, 0x2018, 0x2018, 0x2018, 0x2018, 0x2018, 0x2018, 0x2018, 0x2018, 0x2018, 0x2018, 0x2018,
    0x2018, 0x2018, 0x2018, 0x2018, 0x2018, 0x2018, 0x2018, 0x2018, 0x2018, 0x0018, 0x0010, 0x0010, 0x2018, 0x0010, 0x68AA, 0x4BE3,
    0x4BEB, 0x47AA, 0x0000, 0x0010, 0x0008, 0x0008, 0x0008, 0x0008, 0x0008, 0x0008, 0x0008, 0x0008, 0x0008, 0x0008, 0x0008, 0x0008,
    0x0008, 0x0008, 0x0008, 0x0008, 0x0008, 0x0008, 0x0008, 0x0008, 0x0008, 0x0010, 0x0010, 0x0010, 0x0010, 0x0000, 0x47AA, 0x4BEB,
    0x2ADB, 0xEAD2, 0x48AA, 0x68AA, 0x68AA, 0x68AA, 0x68AA, 0x68AA, 0x68AA, 0x68AA, 0x68AA, 0x68AA, 0x68AA, 0x68AA, 0x68AA, 0x68AA,
    0x68AA, 0x68AA, 0x68AA, 0x68AA, 0x68AA, 0x68AA, 0x68AA, 0x68AA, 0x68AA, 0x68AA, 0x68AA, 0x68AA, 0x68AA, 0x48AA, 0xEAD2, 0x2ADB,
    0x2ADB, 0x2ADB, 0x4BEB, 0x4BE3, 0x4BE3, 0x4BE3, 0x4BE3, 0x4BE3, 0x4BE3, 0x4BE3, 0x4BE3, 0x4BE3, 0x4BE3, 0x4BE3, 0x4BE3, 0x4BE3,
    0x4BE3, 0x4BE3, 0x4BE3, 0x4BE3, 0x4BE3, 0x4BE3, 0x4BE3, 0x4BE3, 0x4BE3, 0x4BE3, 0x4BE3, 0x4BE3, 0x4BE3, 0x4BEB, 0x2ADB, 0x2ADB
};

const uint16_t icon_eagle_strafing_run_stratagem_icon_background[] PROGMEM = {
    0x2ADB, 0x2ADB, 0x4BEB, 0x4BE3, 0x4BE3, 0x4BE3, 0x4BE3, 0x4BE3, 0x4BE3, 0x4BE3, 0x4BE3, 0x4BE3, 0x4BE3, 0x4BE3, 0x4BE3, 0x4BE3,
    0x4BE3, 0x4BE3, 0x4BE3, 0x4BE3, 0x4BE3, 0x4BE3, 0x4BE3, 0x4BE3, 0x4BE3, 0x4BE3, 0x4BE3, 0x4BE3, 0x4BE3, 0x4BEB, 0x2ADB, 0x2ADB,
    0x2ADB, 0xEAD2, 0x48AA, 0x68AA, 0x68AA, 0x68AA, 0x68AA, 0x68AA, 0x68AA, 0x68AA, 0x68AA, 0x68AA, 0x68AA, 0x68AA, 0x68AA, 0x68AA,
    0x68AA, 0x68AA, 0x68AA, 0x68AA, 0x68AA, 0x68AA, 0x68AA, 0x68AA, 0x68AA, 0x68AA, 0x68AA, 0x68AA, 0x68AA, 0x48AA, 0xEAD2, 0x2ADB,
    0x4BEB, 0x47AA, 0x0000, 0x0010, 0x0008, 0x0008, 0x0008, 0x0008, 0x0008, 0x0008, 0x0008, 0x0008, 0x0010, 0x0010, 0x0008, 0x0008,
    0x0008, 0x0010, 0x0008, 0x0010, 0x0010, 0x0008, 0x0008, 0x0008, 0x0008, 0x0008, 0x0008, 0x0008, 0x0010, 0x0000, 0x47AA, 0x4BEB,
    0x4BE3, 0x68AA, 0x0010, 0x2018, 0x2018, 0x2018, 0x2018, 0x2018, 0x2018, 0x2018, 0x2018, 0x2018, 0x0010, 0x2018, 0x2018, 0x2018,
    0x2018, 0x0018, 0x2018, 0x0010, 0x0010, 0x2018, 0x2018, 0x2018, 0x2018, 0x2018, 0x2018, 0x2018, 0x2018, 0x0010, 0x68AA, 0x4BE3,
    0x4BE3, 0x68AA, 0x0008, 0x2018, 0x0018, 0x0018, 0x0018, 0x0018, 0x0018, 0x0018, 0x0018, 0x0010, 0x8138, 0x0018, 0x0010, 0x0018,
    0x0010, 0x2018, 0x0008, 0xE348, 0x6130, 0x0008, 0x0018, 0x0018, 0x0018, 0x0018, 0x0018, 0x0018, 0x2018, 0x0008, 0x68AA, 0x4BE3,
    0x4BE3, 0x68AA, 0x0008, 0x2018, 0x0018, 0x0018, 0x0018, 0x0018, 0x0018, 0x0018, 0x0018, 0x0010, 0xA9BA, 0xC581, 0x0010, 0x0008,
    0x485A, 0x99DE, 0x2431, 0x2369, 0x4BE3, 0x6471, 0x2018, 0x0010, 0x0018, 0x0018, 0x0018, 0x0018, 0x2018, 0x0008, 0x68AA, 0x4BE3,
    0x4BE3, 0x68AA, 0x0008, 0x2018, 0x0018, 0x0018, 0x0018, 0x0018, 0x0018, 0x2018, 0x0010, 0xA238, 0x2BE3, 0x0AD3, 0x4120, 0x0008,
    0xA641, 0x7CF7, 0x5CEF, 0x0329, 0x4471, 0xACFB, 0x88B2, 0x2018, 0x0018, 0x0018, 0x0018, 0x0018, 0x2018, 0x0008, 0x68AA, 0x4BE3,
    0x4BE3, 0x68AA, 0x0008, 0x2018, 0x0018, 0x0018, 0x0018, 0x0018, 0x0018, 0x2018, 0x0008, 0x8579, 0x6BEB, 0xC9CA, 0x4020, 0x0018,
    0x0008, 0x4439, 0x5CEF, 0x9DF7, 0x6531, 0x4471, 0x4BE3, 0x4020, 0x0010, 0x0018, 0x0018, 0x0018, 0x2018, 0x0008, 0x68AA, 0x4BE3,
    0x4BE3, 0x68AA, 0x0008, 0x2018, 0x0018, 0x0018, 0x0018, 0x0018, 0x0018, 0x2018, 0x0018, 0x88B2, 0x4BEB, 0xE9CA, 0x4020, 0x0010,
    0x2018, 0x0000, 0x0331, 0x99D6, 0x485A, 0x4010, 0x4469, 0x6128, 0x0010, 0x0018, 0x0018, 0x0018, 0x2018, 0x0008, 0x68AA, 0x4BE3,
    0x4BE3, 0x68AA, 0x0008, 0x2018, 0x0018, 0x0018, 0x2018, 0x2018, 0x2018, 0x0008, 0x8138, 0x2ADB, 0x2ADB, 0xE9CA, 0x4020, 0x2018,
    0x0008, 0x8D83, 0xF3A4, 0x0000, 0x4C73, 0x3CEF, 0x2431, 0x0008, 0x2018, 0x0018, 0x0018, 0x0018, 0x2018, 0x0008, 0x68AA, 0x4BE3,
    0x4BE3, 0x68AA, 0x0008, 0x2018, 0x0018, 0x0018, 0x0010, 0x0008, 0x0018, 0xA238, 0x279A, 0x2BE3, 0x2ADB, 0xEACA, 0x4020, 0x2018,
    0x0008, 0x8D7B, 0xFFFF, 0xD2A4, 0x4439, 0x3BE7, 0x7CEF, 0x4439, 0x0008, 0x2018, 0x0018, 0x0018, 0x2018, 0x0008, 0x68AA, 0x4BE3,
    0x4BE3, 0x68AA, 0x0008, 0x2018, 0x0010, 0x0010, 0xA238, 0x8579, 0x88B2, 0x2ADB, 0x4BE3, 0x0ADB, 0x2ADB, 0xEACA, 0x4028, 0x0008,
    0x0359, 0x4038, 0x2B6B, 0xFFFF, 0xF2A4, 0x6439, 0x3BEF, 0x9DF7, 0x6539, 0x0010, 0x2018, 0x0018, 0x2018, 0x0008, 0x68AA, 0x4BE3,
    0x4BE3, 0x68AA, 0x0010, 0x0010, 0x8138, 0xA9BA, 0x2BE3, 0x6BEB, 0x4BE3, 0x2ADB, 0x2ADB, 0x2ADB, 0x4AE3, 0xEAD2, 0x4020, 0x0008,
    0x68B2, 0x4BE3, 0x2028, 0x6C73, 0x7CF7, 0x6120, 0x2439, 0xD6BD, 0x4439, 0x0010, 0x2018, 0x0018, 0x2018, 0x0008, 0x68AA, 0x4BE3,
    0x4BE3, 0x68AA, 0x0008, 0x2018, 0x2010, 0xA581, 0x0AD3, 0xC9CA, 0xE9CA, 0xE9CA, 0xEACA, 0xEACA, 0x0AD3, 0xC9CA, 0x2018, 0xA238,
    0x2ADB, 0x2BE3, 0x0ADB, 0xA240, 0x4108, 0xF2A4, 0x53B5, 0x0008, 0x0010, 0x2018, 0x0018, 0x0018, 0x2018, 0x0008, 0x68AA, 0x4BE3,
    0x4BE3, 0x68AA, 0x0008, 0x2018, 0x0010, 0x0010, 0x6120, 0x4020, 0x4020, 0x4020, 0x4020, 0x4020, 0x4020, 0x2018, 0x0000, 0xE691,
    0x4BEB, 0x0AD3, 0x2BE3, 0x2ADB, 0x6138, 0xAD7B, 0xFFFF, 0x33AD, 0x0010, 0x0010, 0x2018, 0x0018, 0x2018, 0x0008, 0x68AA, 0x4BE3,
    0x4BE3, 0x68AA, 0x0008, 0x2018, 0x0018, 0x0010, 0x0008, 0x0010, 0x0010, 0x0010, 0x0010, 0x0010, 0x0008, 0xA238, 0xE691, 0x0ADB,
    0x2ADB, 0x2ADB, 0x0ADB, 0x2BE3, 0x2ADB, 0x2030, 0x2C6B, 0xFFFF, 0x74B5, 0x4118, 0x2018, 0x2018, 0x2018, 0x0008, 0x68AA, 0x4BE3,
    0x4BE3, 0x68AA, 0x0008, 0x2018, 0x0008, 0xCA6A, 0x4F94, 0x0008, 0x2018, 0x0010, 0x0010, 0x6130, 0x88B2, 0x2ADB, 0x4BEB, 0x2ADB,
    0x2ADB, 0x2ADB, 0x2ADB, 0x0ADB, 0x2AE3, 0x2ADB, 0x2030, 0xAD7B, 0x57D6, 0x6120, 0x0010, 0x2018, 0x2018, 0x0008, 0x68AA, 0x4BE3,
    0x4BE3, 0x68AA, 0x0008, 0x2018, 0x0008, 0x4F94, 0xFFFF, 0x7094, 0x0000, 0x2B73, 0x78CE, 0xC228, 0xC691, 0x6BEB, 0x0AD3, 0x2ADB,
    0x2ADB, 0x2ADB, 0x2ADB, 0x2ADB, 0x0ADB, 0x4BE3, 0xC9CA, 0x0018, 0x0010, 0x0010, 0x2018, 0x0018, 0x2018, 0x0008, 0x68AA, 0x4BE3,
    0x4BE3, 0x68AA, 0x0008, 0x2018, 0x0010, 0x0000, 0x2F8C, 0xFFFF, 0x2F94, 0x2852, 0xFEFF, 0xB9D6, 0x8118, 0xA589, 0x6BEB, 0x0ADB,
    0x2ADB, 0x2ADB, 0x2ADB, 0x2ADB, 0x2ADB, 0x2ADB, 0xEAD2, 0x6128, 0x0010, 0x2018, 0x0018, 0x0018, 0x2018, 0x0008, 0x68AA, 0x4BE3,
    0x4BE3, 0x68AA, 0x0010, 0x0010, 0xC240, 0x68AA, 0x0020, 0x508C, 0xFEFF, 0x2018, 0x4439, 0xDEFF, 0xFAE6, 0xE328, 0xC589, 0x6BEB,
    0x0ADB, 0x2ADB, 0x2ADB, 0x2ADB, 0x2ADB, 0x2AE3, 0xE9CA, 0x2020, 0x0018, 0x0018, 0x0018, 0x0018, 0x2018, 0x0008, 0x68AA, 0x4BE3,
    0x4BE3, 0x68AA, 0x0010, 0x0010, 0x6130, 0x2BE3, 0xC9CA, 0x8130, 0xE320, 0x4F94, 0x0F8C, 0x8541, 0x99D6, 0x8541, 0x4010, 0xC689,
    0x6BEB, 0x0ADB, 0x2ADB, 0x2ADB, 0x2ADB, 0x2ADB, 0x2ADB, 0xC240, 0x0008, 0x2018, 0x0018, 0x0018, 0x2018, 0x0008, 0x68AA, 0x4BE3,
    0x4BE3, 0x68AA, 0x0008, 0x2018, 0x0008, 0x6469, 0x8CF3, 0xEACA, 0x2020, 0x7094, 0xFFFF, 0x2F94, 0x0000, 0x5094, 0xDADE, 0x8120,
    0xA589, 0x6BEB, 0x2ADB, 0x2AE3, 0x2ADB, 0x0ADB, 0x2AE3, 0x0AD3, 0xA238, 0x0008, 0x2018, 0x0018, 0x2018, 0x0008, 0x68AA, 0x4BE3,
    0x4BE3, 0x68AA, 0x0008, 0x2018, 0x0018, 0x2018, 0x68B2, 0x2ADB, 0xA9BA, 0x0018, 0x2F8C, 0xFFFF, 0x5094, 0x2852, 0xDEFF, 0xB9DE,
    0x8120, 0xA589, 0x0ADB, 0xE9CA, 0x2ADB, 0x2AE3, 0x0ADB, 0x2BE3, 0x0AD3, 0xA238, 0x0008, 0x2018, 0x2018, 0x0008, 0x68AA, 0x4BE3,
    0x4BE3, 0x68AA, 0x0008, 0x2018, 0x0018, 0x0010, 0x2018, 0x4020, 0x6128, 0x4020, 0x0000, 0x919C, 0x1BE7, 0x0010, 0xC649, 0xDEFF,
    0x1AE7, 0xC228, 0x4120, 0x4020, 0xC240, 0xEAD2, 0x2BE3, 0x0AD3, 0x2BE3, 0x0AD3, 0xA240, 0x0010, 0x2018, 0x0008, 0x68AA, 0x4BE3,
    0x4BE3, 0x68AA, 0x0008, 0x2018, 0x0018, 0x0018, 0x0010, 0x0010, 0x0010, 0x0018, 0x0018, 0x0018, 0x6120, 0x2018, 0x0008, 0x2752,
    0xB5BD, 0xA228, 0x0010, 0x0018, 0x0008, 0xA238, 0x0AD3, 0x2BE3, 0x0AD3, 0x4BEB, 0x68AA, 0x0010, 0x2018, 0x0008, 0x68AA, 0x4BE3,
    0x4BE3, 0x68AA, 0x0008, 0x2018, 0x0018, 0x0018, 0x0018, 0x0018, 0x0018, 0x0018, 0x0018, 0x0018, 0x0010, 0x2018, 0x2018, 0x0010,
    0x0010, 0x0010, 0x2018, 0x0018, 0x2018, 0x0008, 0xA238, 0x0AD3, 0x4BEB, 0x2AE3, 0xE9CA, 0x4020, 0x0018, 0x0010, 0x68AA, 0x4BE3,
    0x4BE3, 0x68AA, 0x0008, 0x2018, 0x0018, 0x0018, 0x0018, 0x0018, 0x0018, 0x0018, 0x0018, 0x0018, 0x2018, 0x0018, 0x0018, 0x2018,
    0x2018, 0x2018, 0x0018, 0x0018, 0x0018, 0x2018, 0x0008, 0xA238, 0x68AA, 0xE9CA, 0x6BEB, 0x0351, 0x0008, 0x0010, 0x68AA, 0x4BE3,
    0x4BE3, 0x68AA, 0x0008, 0x2018, 0x0018, 0x0018, 0x0018, 0x0018, 0x0018, 0x0018, 0x0018, 0x0018, 0x0018, 0x0018, 0x0018, 0x0018,
    0x0018, 0x0018, 0x0018, 0x0018, 0x0018, 0x0018, 0x2018, 0x0010, 0x0010, 0x4020, 0x0351, 0xA240, 0x0010, 0x0010, 0x68AA, 0x4BE3,
    0x4BE3, 0x68AA, 0x0010, 0x2018, 0x2018, 0x2018, 0x2018, 0x2018, 0x2018, 0x2018, 0x2018, 0x2018, 0x2018, 0x2018, 0x2018, 0x2018,
    0x2018, 0x2018, 0x2018, 0x2018, 0x2018, 0x2018, 0x2018, 0x2018, 0x2018, 0x0018, 0x0010, 0x0010, 0x2018, 0x0010, 0x68AA, 0x4BE3,
    0x4BEB, 0x47AA, 0x0000, 0x0010, 0x0008, 0x0008, 0x0008, 0x0008, 0x0008, 0x0008, 0x0008, 0x0008, 0x0008, 0x0008, 0x0008, 0x0008,
    0x0008, 0x0008, 0x0008, 0x0008, 0x0008, 0x0008, 0x0008, 0x0008, 0x0008, 0x0010, 0x0010, 0x0010, 0x0010, 0x0000, 0x47AA, 0x4BEB,
    0x2ADB, 0xEAD2, 0x48AA, 0x68AA, 0x68AA, 0x68AA, 0x68AA, 0x68AA, 0x68AA, 0x68AA, 0x68AA, 0x68AA, 0x68AA, 0x68AA, 0x68AA, 0x68AA,
    0x68AA, 0x68AA, 0x68AA, 0x68AA, 0x68AA, 0x68AA, 0x68AA, 0x68AA, 0x68AA, 0x68AA, 0x68AA, 0x68AA, 0x68AA, 0x48AA, 0xEAD2, 0x2ADB,
    0x2ADB, 0x2ADB, 0x4BEB, 0x4BE3, 0x4BE3, 0x4BE3, 0x4BE3, 0x4BE3, 0x4BE3, 0x4BE3, 0x4BE3, 0x4BE3, 0x4BE3, 0x4BE3, 0x4BE3, 0x4BE3,
    0x4BE3, 0x4BE3, 0x4BE3, 0x4BE3, 0x4BE3, 0x4BE3, 0x4BE3, 0x4BE3, 0x4BE3, 0x4BE3, 0x4BE3, 0x4BE3, 0x4BE3, 0x4BEB, 0x2ADB, 0x2ADB
};

const uint16_t icon_eagle_stratagem_fallback_icon_background[] PROGMEM = {
    0x2ADB, 0x2ADB, 0x4BEB, 0x4BE3, 0x4BE3, 0x4BE3, 0x4BE3, 0x4BE3, 0x4BE3, 0x4BE3, 0x4BE3, 0x4BE3, 0x4BE3, 0x4BE3, 0x4BE3, 0x4BE3,
    0x4BE3, 0x4BE3, 0x4BE3, 0x4BE3, 0x4BE3, 0x4BE3, 0x4BE3, 0x4BE3, 0x4BE3, 0x4BE3, 0x4BE3, 0x4BE3, 0x4BE3, 0x4BEB, 0x2ADB, 0x2ADB,
    0x2ADB, 0xEAD2, 0x48AA, 0x68AA, 0x68AA, 0x68AA, 0x68AA, 0x68AA, 0x68AA, 0x68AA, 0x68AA, 0x68AA, 0x68AA, 0x68AA, 0x68AA, 0x68AA,
    0x68AA, 0x68AA, 0x68AA, 0x68AA, 0x68AA, 0x68AA, 0x68AA, 0x68AA, 0x68AA, 0x68AA, 0x68AA, 0x68AA, 0x68AA, 0x48AA, 0xEAD2, 0x2ADB,
    0x4BEB, 0x47AA, 0x0000, 0x0010, 0x0008, 0x0008, 0x0008, 0x0008, 0x0008, 0x0008, 0x0008, 0x0008, 0x0010, 0x0010, 0x0008, 0x0008,
    0x0008, 0x0008, 0x0008, 0x0010, 0x0010, 0x0008, 0x0008, 0x0008, 0x0008, 0x0008, 0x0008, 0x0008, 0x0010, 0x0000, 0x47AA, 0x4BEB,
    0x4BE3, 0x68AA, 0x0010, 0x2018, 0x2018, 0x2018, 0x2018, 0x2018, 0x2018, 0x2018, 0x2018, 0x2018, 0x0010, 0x2018, 0x2018, 0x2018,
    0x2018, 0x2018, 0x2018, 0x0010, 0x0010, 0x2018, 0x2018, 0x2018, 0x2018, 0x2018, 0x2018, 0x2018, 0x2018, 0x0010, 0x68AA, 0x4BE3,
    0x4BE3, 0x68AA, 0x0008, 0x2018, 0x0018, 0x0018, 0x0018, 0x0018, 0x0018, 0x0018, 0x0018, 0x0010, 0x8138, 0x0018, 0x0010, 0x0018,
    0x0018, 0x2018, 0x0010, 0xA240, 0x8130, 0x0008, 0x0010, 0x0018, 0x0018, 0x0018, 0x0018, 0x0018, 0x2018, 0x0008, 0x68AA, 0x4BE3,
    0x4BE3, 0x68AA, 0x0008, 0x2018, 0x0018, 0x0018, 0x0018, 0x0018, 0x0018, 0x0018, 0x0018, 0x0010, 0xA9BA, 0xC581, 0x0010, 0x2018,
    0x0018, 0x0018, 0x0010, 0x88B2, 0x0ADB, 0x8571, 0x2018, 0x0010, 0x0018, 0x0018, 0x0018, 0x0018, 0x2018, 0x0008, 0x68AA, 0x4BE3,
    0x4BE3, 0x68AA, 0x0008, 0x2018, 0x0018, 0x0018, 0x0018, 0x0018, 0x0018, 0x2018, 0x0010, 0xA238, 0x2BE3, 0x0AD3, 0x4020, 0x0010,
    0x2018, 0x0008, 0xC240, 0x2AE3, 0x2ADB, 0x6BEB, 0x88B2, 0x2018, 0x0018, 0x0018, 0x0018, 0x0018, 0x2018, 0x0008, 0x68AA, 0x4BE3,
    0x4BE3, 0x68AA, 0x0008, 0x2018, 0x0018, 0x0018, 0x0018, 0x0018, 0x0018, 0x2018, 0x0008, 0x8579, 0x6BEB, 0x0AD3, 0x6128, 0x0018,
    0x2018, 0x0010, 0x27A2, 0x4BEB, 0x0AD3, 0x2ADB, 0x0AD3, 0x4020, 0x0010, 0x0018, 0x0018, 0x0018, 0x2018, 0x0008, 0x68AA, 0x4BE3,
    0x4BE3, 0x68AA, 0x0008, 0x2018, 0x0018, 0x0018, 0x0018, 0x0018, 0x0018, 0x2018, 0x0010, 0x88B2, 0x6BEB, 0x27A2, 0x0018, 0x0008,
    0x0008, 0x0018, 0x27A2, 0x4BE3, 0x2ADB, 0x2ADB, 0xEACA, 0x4020, 0x0010, 0x0018, 0x0018, 0x0018, 0x2018, 0x0008, 0x68AA, 0x4BE3,
    0x4BE3, 0x68AA, 0x0008, 0x2018, 0x0018, 0x0018, 0x2018, 0x2018, 0x2018, 0x0000, 0x8138, 0x6BEB, 0x0359, 0xE328, 0xC649, 0xA641,
    0xA641, 0xC649, 0x0329, 0xE358, 0x4BE3, 0x2AE3, 0xE9CA, 0x4020, 0x0010, 0x0018, 0x0018, 0x0018, 0x2018, 0x0008, 0x68AA, 0x4BE3,
    0x4BE3, 0x68AA, 0x0008, 0x2018, 0x0018, 0x0018, 0x0010, 0x0008, 0x0018, 0xA230, 0x47A2, 0x4469, 0xC641, 0x7CF7, 0xFEFF, 0xFEFF,
    0xFEFF, 0xFEFF, 0x7CF7, 0xE741, 0x0361, 0x4BE3, 0xE9CA, 0x4020, 0x0010, 0x0018, 0x0018, 0x0018, 0x2018, 0x0008, 0x68AA, 0x4BE3,
    0x4BE3, 0x68AA, 0x0008, 0x2018, 0x0010, 0x0010, 0xA238, 0x8579, 0x88B2, 0x4BE3, 0xEAD2, 0x6120, 0x5BEF, 0xFFFF, 0xFDFF, 0xBCF7,
    0xBCF7, 0xFDFF, 0xFFFF, 0x5BEF, 0x6120, 0xE9D2, 0x0AD3, 0x4020, 0x0010, 0x0018, 0x0018, 0x0018, 0x2018, 0x0008, 0x68AA, 0x4BE3,
    0x4BE3, 0x68AA, 0x0010, 0x0010, 0x8138, 0xA9BA, 0x2BE3, 0x6BEB, 0x4BE3, 0x4BE3, 0xC9CA, 0xE338, 0x5BEF, 0xDFFF, 0x8D7B, 0xE328,
    0xE328, 0x8D7B, 0xFFFF, 0x7BEF, 0xC230, 0xC9CA, 0x0AD3, 0x4020, 0x0010, 0x0018, 0x0018, 0x0018, 0x2018, 0x0008, 0x68AA, 0x4BE3,
    0x4BE3, 0x68AA, 0x0008, 0x2018, 0x2010, 0xA581, 0x0AD3, 0xC9CA, 0xE9CA, 0x0AD3, 0xA9C2, 0xA228, 0x7BEF, 0xFFFF, 0xA641, 0x0008,
    0x0008, 0xC649, 0xFFFF, 0x5BEF, 0xC230, 0xC9CA, 0x0AD3, 0x4020, 0x0010, 0x0018, 0x0018, 0x0018, 0x2018, 0x0008, 0x68AA, 0x4BE3,
    0x4BE3, 0x68AA, 0x0008, 0x2018, 0x0010, 0x0010, 0x4020, 0x4020, 0x4020, 0x4020, 0x4020, 0x2018, 0xE649, 0x4852, 0x0010, 0x4120,
    0x0000, 0x0752, 0xFFFF, 0x9CF7, 0xE238, 0xC9CA, 0x0AD3, 0x4020, 0x0010, 0x0018, 0x0018, 0x0018, 0x2018, 0x0008, 0x68AA, 0x4BE3,
    0x4BE3, 0x68AA, 0x0008, 0x2018, 0x0018, 0x2018, 0x0010, 0x0010, 0x0010, 0x0018, 0x0010, 0x0008, 0x0000, 0x4138, 0xE689, 0x0018,
    0x4431, 0x57CE, 0xFFFF, 0x98D6, 0x4120, 0xEAD2, 0x0AD3, 0x4020, 0x0010, 0x0018, 0x0018, 0x0018, 0x2018, 0x0008, 0x68AA, 0x4BE3,
    0x4BE3, 0x68AA, 0x0008, 0x2018, 0x0018, 0x0018, 0x2018, 0x2018, 0x0010, 0x0008, 0x2018, 0x2359, 0x68AA, 0x2BDB, 0xE350, 0x695A,
    0x7CF7, 0xFFFF, 0xD5BD, 0xA220, 0xA581, 0x4BE3, 0xE9CA, 0x4020, 0x0010, 0x0018, 0x0018, 0x0018, 0x2018, 0x0008, 0x68AA, 0x4BE3,
    0x4BE3, 0x68AA, 0x0008, 0x2018, 0x2018, 0x2018, 0x0008, 0x0008, 0x6128, 0x8579, 0xA9C2, 0x4BE3, 0x6BF3, 0x47B2, 0x0431, 0xFEFF,
    0xFFFF, 0x5094, 0x2018, 0x27A2, 0x6BEB, 0x2ADB, 0xEACA, 0x4020, 0x0010, 0x0018, 0x0018, 0x0018, 0x2018, 0x0008, 0x68AA, 0x4BE3,
    0x4BE3, 0x68AA, 0x0008, 0x2018, 0x0010, 0x0010, 0xC240, 0x0692, 0x0AD3, 0x4BEB, 0x2AE3, 0x0ADB, 0x2BE3, 0x88BA, 0xE330, 0xD9DE,
    0x74B5, 0x0018, 0xA9C2, 0x6BEB, 0x0AD3, 0x2ADB, 0xEACA, 0x4020, 0x0010, 0x0018, 0x0018, 0x0018, 0x2018, 0x0008, 0x68AA, 0x4BE3,
    0x4BE3, 0x68AA, 0x0010, 0x0010, 0xA240, 0x88B2, 0x2AE3, 0x4BEB, 0x2ADB, 0x0ADB, 0x0ADB, 0x2ADB, 0x0ADB, 0x4BE3, 0x8140, 0x0000,
    0x0000, 0x8579, 0x6BF3, 0x0AD3, 0x2ADB, 0x2ADB, 0xE9CA, 0x2020, 0x0018, 0x0018, 0x0018, 0x0018, 0x2018, 0x0008, 0x68AA, 0x4BE3,
    0x4BE3, 0x68AA, 0x0010, 0x0010, 0x8130, 0x0ADB, 0x2ADB, 0x0AD3, 0x0ADB, 0x2ADB, 0x2ADB, 0x0ADB, 0x4BEB, 0xC589, 0x4439, 0x919C,
    0x2F8C, 0xA230, 0x88BA, 0x4BE3, 0x0ADB, 0x2ADB, 0x2ADB, 0xC240, 0x0008, 0x2018, 0x0018, 0x0018, 0x2018, 0x0008, 0x68AA, 0x4BE3,
    0x4BE3, 0x68AA, 0x0008, 0x2018, 0x0008, 0x6469, 0x6BEB, 0x2ADB, 0x2ADB, 0x2ADB, 0x2ADB, 0x2ADB, 0x8CF3, 0xE260, 0x0F84, 0xFFFF,
    0xFFFF, 0x074A, 0xE699, 0x6BEB, 0x0ADB, 0x0ADB, 0x2AE3, 0x0AD3, 0xA238, 0x0008, 0x2018, 0x0018, 0x2018, 0x0008, 0x68AA, 0x4BE3,
    0x4BE3, 0x68AA, 0x0008, 0x2018, 0x0018, 0x2018, 0x88B2, 0x0AD3, 0xE9CA, 0xEACA, 0xEACA, 0xE9CA, 0x4BE3, 0x0361, 0x4C73, 0xFFFF,
    0xDDFF, 0xA641, 0xE699, 0x2ADB, 0x0ADB, 0x2AE3, 0x0ADB, 0x2BE3, 0x0AD3, 0xA238, 0x0008, 0x2018, 0x2018, 0x0008, 0x68AA, 0x4BE3,
    0x4BE3, 0x68AA, 0x0008, 0x2018, 0x0018, 0x0010, 0x2018, 0x4020, 0x4020, 0x4020, 0x4020, 0x4020, 0x4020, 0x2018, 0x4118, 0xA649,
    0x6541, 0x0018, 0x4020, 0x4020, 0xC240, 0xEAD2, 0x2BE3, 0x0AD3, 0x2BE3, 0x0AD3, 0xA240, 0x0010, 0x2018, 0x0008, 0x68AA, 0x4BE3,
    0x4BE3, 0x68AA, 0x0008, 0x2018, 0x0018, 0x0018, 0x0018, 0x0010, 0x0010, 0x0010, 0x0010, 0x0010, 0x0010, 0x0018, 0x0018, 0x0008,
    0x0010, 0x0018, 0x0010, 0x0018, 0x0008, 0xA238, 0x0AD3, 0x2BE3, 0x0AD3, 0x4BEB, 0x68AA, 0x0010, 0x2018, 0x0008, 0x68AA, 0x4BE3,
    0x4BE3, 0x68AA, 0x0008, 0x2018, 0x0018, 0x0018, 0x0018, 0x0018, 0x0018, 0x0018, 0x0018, 0x0018, 0x0018, 0x0018, 0x2018, 0x2018,
    0x2018, 0x0018, 0x0018, 0x0018, 0x2018, 0x0008, 0xA238, 0x0AD3, 0x4BEB, 0x2AE3, 0xE9CA, 0x4020, 0x0018, 0x0010, 0x68AA, 0x4BE3,
    0x4BE3, 0x68AA, 0x0008, 0x2018, 0x0018, 0x0018, 0x0018, 0x0018, 0x0018, 0x0018, 0x0018, 0x0018, 0x0018, 0x0018, 0x0018, 0x0018,
    0x0018, 0x0018, 0x0018, 0x0018, 0x0018, 0x2018, 0x0008, 0xA238, 0x68AA, 0xE9CA, 0x6BEB, 0x0351, 0x0008, 0x0010, 0x68AA, 0x4BE3,
    0x4BE3, 0x68AA, 0x0008, 0x2018, 0x0018, 0x0018, 0x0018, 0x0018, 0x0018, 0x0018, 0x0018, 0x0018, 0x0018, 0x0018, 0x0018, 0x0018,
    0x0018, 0x0018, 0x0018, 0x0018, 0x0018, 0x0018, 0x2018, 0x0010, 0x0010, 0x4020, 0x0351, 0xA240, 0x0010, 0x0010, 0x68AA, 0x4BE3,
    0x4BE3, 0x68AA, 0x0010, 0x2018, 0x2018, 0x2018, 0x2018, 0x2018, 0x2018, 0x2018, 0x2018, 0x2018, 0x2018, 0x2018, 0x2018, 0x2018,
    0x2018, 0x2018, 0x2018, 0x2018, 0x2018, 0x2018, 0x2018, 0x2018, 0x2018, 0x0018, 0x0010, 0x0010, 0x2018, 0x0010, 0x68AA, 0x4BE3,
    0x4BEB, 0x47AA, 0x0000, 0x0010, 0x0008, 0x0008, 0x0008, 0x0008, 0x0008, 0x0008, 0x0008, 0x0008, 0x0008, 0x0008, 0x0008, 0x0008,
    0x0008, 0x0008, 0x0008, 0x0008, 0x0008, 0x0008, 0x0008, 0x0008, 0x0008, 0x0010, 0x0010, 0x0010, 0x0010, 0x0000, 0x47AA, 0x4BEB,
    0x2ADB, 0xEAD2, 0x48AA, 0x68AA, 0x68AA, 0x68AA, 0x68AA, 0x68AA, 0x68AA, 0x68AA, 0x68AA, 0x68AA, 0x68AA, 0x68AA, 0x68AA, 0x68AA,
    0x68AA, 0x68AA, 0x68AA, 0x68AA, 0x68AA, 0x68AA, 0x68AA, 0x68AA, 0x68AA, 0x68AA, 0x68AA, 0x68AA, 0x68AA, 0x48AA, 0xEAD2, 0x2ADB,
    0x2ADB, 0x2ADB, 0x4BEB, 0x4BE3, 0x4BE3, 0x4BE3, 0x4BE3, 0x4BE3, 0x4BE3, 0x4BE3, 0x4BE3, 0x4BE3, 0x4BE3, 0x4BE3, 0x4BE3, 0x4BE3,
    0x4BE3, 0x4BE3, 0x4BE3, 0x4BE3, 0x4BE3, 0x4BE3, 0x4BE3, 0x4BE3, 0x4BE3, 0x4BE3, 0x4BE3, 0x4BE3, 0x4BE3, 0x4BEB, 0x2ADB, 0x2ADB
};

const uint16_t icon_emancipator_exosuit_stratagem_icon_background[] PROGMEM = {
    0xDA55, 0xDA55, 0x1B5E, 0x1B5E, 0x1B5E, 0x1B5E, 0x1B5E, 0x1B5E, 0x1B5E, 0x1B5E, 0x1B5E, 0x1B5E, 0x1B5E, 0x1B5E, 0x1B5E, 0x1B5E,
    0x1B5E, 0x1B5E, 0x1B5E, 0x1B5E, 0x1B5E, 0x1B5E, 0x1B5E, 0x1B5E, 0x1B5E, 0x1B5E, 0x1B5E, 0x1B5E, 0x1B5E, 0x1B5E, 0xDA55, 0xDA55,
    0xFA55, 0x7855, 0x7444, 0x9444, 0x7444, 0x7444, 0x7444, 0x7444, 0x7444, 0x7444, 0x7444, 0x7444, 0x7444, 0x7444, 0x7444, 0x7444,
    0x7444, 0x7444, 0x7444, 0x7444, 0x7444, 0x7444, 0x7444, 0x7444, 0x7444, 0x7444, 0x7444, 0x7444, 0x9444, 0x7444, 0x7855, 0xFA55,
    0x1B5E, 0x743C, 0x0000, 0x6200, 0x6200, 0x6200, 0x6200, 0x6200, 0x6200, 0x6200, 0x6200, 0x6200, 0x6200, 0x6200, 0x6200, 0x6200,
    0x6200, 0x6200, 0x6200, 0x6200, 0x6200, 0x6200, 0x6200, 0x6200, 0x6200, 0x6200, 0x6200, 0x6200, 0x6200, 0x0000, 0x743C, 0x1B5E,
    0x1B5E, 0x7444, 0x6200, 0xA300, 0x8200, 0x8200, 0x8300, 0xA300, 0x8200, 0xA300, 0xA300, 0xA300, 0xA300, 0xA300, 0xA300, 0xA300,
    0xA300, 0xA300, 0xA300, 0xA300, 0xA300, 0xA300, 0x8300, 0x8200, 0x8200, 0xA300, 0xA300, 0x8200, 0xC300, 0x6200, 0x7444, 0x1B5E,
    0x1B5E, 0x7444, 0x4100, 0xE408, 0x0411, 0x2511, 0x0411, 0x8200, 0x0511, 0x8200, 0x8200, 0xA300, 0xA300, 0xA300, 0xA300, 0xA300,
    0xA300, 0xA300, 0xA300, 0xA300, 0xA300, 0x8300, 0xE408, 0x0411, 0x4511, 0xC300, 0xC300, 0x0411, 0x8200, 0x6200, 0x7444, 0x1B5E,
    0x1B5E, 0x9444, 0x0000, 0x307C, 0xBEF7, 0x5CEF, 0x8D6B, 0x16BE, 0xBEF7, 0x74A5, 0x6200, 0xA300, 0xA300, 0xA300, 0xA300, 0xA300,
    0xA300, 0xA300, 0xA300, 0xA300, 0xA300, 0x4200, 0xD5B5, 0xDEF7, 0x99CE, 0x6D63, 0xFADE, 0xBEF7, 0xEE73, 0x0000, 0x9444, 0x1B5E,
    0x1B5E, 0x9444, 0x0000, 0x0F7C, 0x7DEF, 0xAE6B, 0x74A5, 0xDDFF, 0x9DEF, 0x74AD, 0x6200, 0xA300, 0xA300, 0xA300, 0xA300, 0xA300,
    0xA300, 0xA300, 0xA300, 0xA300, 0xA300, 0x4100, 0xD6B5, 0xFBDE, 0x2C5B, 0x99CE, 0xBDF7, 0x7DEF, 0xEF73, 0x0000, 0x9444, 0x1B5E,
    0x1B5E, 0x7444, 0x4100, 0x2511, 0x6619, 0x0511, 0xC729, 0xE408, 0x8621, 0x6200, 0x8200, 0xA300, 0xA300, 0xA300, 0xA300, 0xA300,
    0xA300, 0xA300, 0xA300, 0xA300, 0xA300, 0x8300, 0x6519, 0x4511, 0x6619, 0x6619, 0x2511, 0x6619, 0x4200, 0x6200, 0x7444, 0x1B5E,
    0x1B5E, 0x9444, 0x0000, 0x0F7C, 0x9EEF, 0x5CEF, 0x6D63, 0xF6B5, 0x9DEF, 0x74A5, 0x6200, 0xA300, 0xA300, 0xA300, 0xA300, 0xA300,
    0xA300, 0xA300, 0xA300, 0xA300, 0xA300, 0x4200, 0xB5AD, 0xBEF7, 0x98CE, 0x4C5B, 0xDAD6, 0x9DEF, 0xEF73, 0x0000, 0x9444, 0x1B5E,
    0x1B5E, 0x9444, 0x0000, 0x307C, 0x9EF7, 0xCE73, 0x95AD, 0xDEFF, 0xBDF7, 0x74AD, 0x6200, 0xA300, 0xA300, 0xA300, 0xA300, 0xA300,
    0xA300, 0xA300, 0xA300, 0xA300, 0xA300, 0x4100, 0xF6BD, 0x3BE7, 0x6D63, 0xB9D6, 0xBDF7, 0x9DF7, 0xEF73, 0x0000, 0x9444, 0x1B5E,
    0x1B5E, 0x7444, 0x4100, 0xE408, 0x0409, 0x8300, 0x6519, 0x0409, 0x0411, 0x8200, 0x8200, 0xA300, 0xA300, 0xA300, 0xA300, 0xA300,
    0xA300, 0xA300, 0xA300, 0xA300, 0xA300, 0x8300, 0x0409, 0xC308, 0xC300, 0x4511, 0x0409, 0x0409, 0x8200, 0x6200, 0x7444, 0x1B5E,
    0x1B5E, 0x7444, 0x6200, 0xA300, 0x8200, 0xA300, 0x6200, 0x8200, 0x8200, 0xA300, 0xA300, 0xA300, 0xA300, 0xA300, 0x8300, 0x8200,
    0x8200, 0x8300, 0xA300, 0xA300, 0xA300, 0xA300, 0x8200, 0x8200, 0x8300, 0x6200, 0x8200, 0x8200, 0xA300, 0x6200, 0x7444, 0x1B5E,
    0x1B5E, 0x7444, 0x6200, 0xA300, 0xA300, 0xA300, 0xA300, 0xA300, 0xA300, 0xA300, 0xA300, 0x8300, 0x8200, 0x6200, 0xA300, 0xE400,
    0xE400, 0xA300, 0x6200, 0x8200, 0x8300, 0xA300, 0xA300, 0xA300, 0xA300, 0xA300, 0xA300, 0xA300, 0xA300, 0x6200, 0x7444, 0x1B5E,
    0x1B5E, 0x7444, 0x6200, 0xA300, 0xA300, 0xA300, 0xA300, 0xA300, 0xA300, 0xA300, 0x6200, 0xA300, 0xE400, 0x6611, 0xF64C, 0xB955,
    0x9955, 0x164D, 0x8711, 0xE400, 0xA300, 0x6200, 0xA300, 0xA300, 0xA300, 0xA300, 0xA300, 0xA300, 0xA300, 0x6200, 0x7444, 0x1B5E,
    0x1B5E, 0x7444, 0x6200, 0xA300, 0xA300, 0xA300, 0xA300, 0xA300, 0xA300, 0x8200, 0x4609, 0xF64C, 0x9955, 0xB955, 0xDA55, 0x9955,
    0x9955, 0xDA55, 0xB955, 0x9855, 0xF64C, 0x4609, 0x8200, 0xA300, 0xA300, 0xA300, 0xA300, 0xA300, 0xA300, 0x6200, 0x7444, 0x1B5E,
    0x1B5E, 0x7444, 0x6200, 0xA300, 0xA300, 0xA300, 0xA300, 0xA300, 0xA300, 0x2100, 0x4F2B, 0x5C5E, 0xB955, 0x3C5E, 0x6F2B, 0xC300,
    0xC300, 0x6F2B, 0x3C5E, 0xB955, 0x5C5E, 0x4F2B, 0x2100, 0xA300, 0xA300, 0xA300, 0xA300, 0xA300, 0xA300, 0x6200, 0x7444, 0x1B5E,
    0x1B5E, 0x7444, 0x6200, 0xA300, 0xA300, 0xA300, 0xA300, 0xA300, 0xA300, 0x4100, 0x2E2B, 0x1B5E, 0x7955, 0x3B5E, 0xED22, 0x0000,
    0x0000, 0xED22, 0x3B5E, 0x7955, 0x1B5E, 0x2E2B, 0x4100, 0xA300, 0xA300, 0xA300, 0xA300, 0xA300, 0xA300, 0x6200, 0x7444, 0x1B5E,
    0x1B5E, 0x7444, 0x6200, 0xA300, 0xA300, 0xA300, 0xA300, 0xA300, 0xA300, 0x2100, 0x6F2B, 0xBE66, 0x1B5E, 0x3B5E, 0x9444, 0x2E2B,
    0x2E2B, 0x9444, 0x3B5E, 0x1B5E, 0xBE66, 0x6F2B, 0x2100, 0xA300, 0xA300, 0xA300, 0xA300, 0xA300, 0xA300, 0x6200, 0x7444, 0x1B5E,
    0x1B5E, 0x7444, 0x6200, 0xA300, 0xA300, 0xA300, 0xA300, 0xA300, 0xA300, 0x6200, 0xA811, 0x0D23, 0xCC2A, 0x9444, 0xFB5D, 0x1B5E,
    0xFB5D, 0xFB5D, 0x9444, 0xCC2A, 0x0D23, 0xA811, 0x6200, 0xA300, 0xA300, 0xA300, 0xA300, 0xA300, 0xA300, 0x6200, 0x7444, 0x1B5E,
    0x1B5E, 0x7444, 0x6200, 0xA300, 0xA300, 0xA300, 0xA300, 0xA300, 0xA300, 0x6200, 0xA711, 0x4F2B, 0x0409, 0x0E2B, 0x533C, 0x123C,
    0x123C, 0x533C, 0x0E2B, 0x0409, 0x4F2B, 0xA711, 0x6200, 0xA300, 0xA300, 0xA300, 0xA300, 0xA300, 0xA300, 0x6200, 0x7444, 0x1B5E,
    0x1B5E, 0x7444, 0x6200, 0xA300, 0xA300, 0xA300, 0xA300, 0xA300, 0xA300, 0x2100, 0x4F2B, 0x3F6F, 0xED22, 0x2E2B, 0xB544, 0x743C,
    0x743C, 0xB544, 0x2E2B, 0xED22, 0x3F6F, 0x4F2B, 0x2100, 0xA300, 0xA300, 0xA300, 0xA300, 0xA300, 0xA300, 0x6200, 0x7444, 0x1B5E,
    0x1B5E, 0x7444, 0x6200, 0xA300, 0xA300, 0xA300, 0xA300, 0xA300, 0xA300, 0x4100, 0x0D2B, 0x9D66, 0xAC22, 0x6B1A, 0xF64C, 0xD544,
    0xD544, 0xF64C, 0x6B1A, 0xAC22, 0x9D66, 0x0D2B, 0x4100, 0xA300, 0xA300, 0xA300, 0xA300, 0xA300, 0xA300, 0x6200, 0x7444, 0x1B5E,
    0x1B5E, 0x7444, 0x6200, 0xA300, 0xA300, 0xA300, 0xA300, 0xA300, 0xA300, 0x4100, 0x4E2B, 0x9D66, 0x4F2B, 0x0000, 0x6F2B, 0xDA55,
    0xDA55, 0x702B, 0x0000, 0x4F2B, 0x9D66, 0x4E2B, 0x4100, 0xA300, 0xA300, 0xA300, 0xA300, 0xA300, 0xA300, 0x6200, 0x7444, 0x1B5E,
    0x1B5E, 0x7444, 0x6200, 0xA300, 0xA300, 0xA300, 0xA300, 0xA300, 0xA300, 0x4100, 0x8B22, 0x3C5E, 0xB955, 0x2A1A, 0x2100, 0xE400,
    0xE400, 0x2100, 0x2A1A, 0xB955, 0x3C5E, 0x8B22, 0x4100, 0xA300, 0xA300, 0xA300, 0xA300, 0xA300, 0xA300, 0x6200, 0x7444, 0x1B5E,
    0x1B5E, 0x7444, 0x6200, 0xA300, 0xA300, 0xA300, 0xA300, 0xA300, 0xA300, 0xA300, 0x6200, 0x2E2B, 0x3B5E, 0x784D, 0xE400, 0x8200,
    0x8200, 0xE400, 0x784D, 0x3B5E, 0x2E2B, 0x6200, 0xA300, 0xA300, 0xA300, 0xA300, 0xA300, 0xA300, 0xA300, 0x6200, 0x7444, 0x1B5E,
    0x1B5E, 0x7444, 0x6200, 0xA300, 0xA300, 0xA300, 0xA300, 0xA300, 0xA300, 0xA300, 0x6200, 0x6200, 0x784D, 0x7855, 0xA300, 0x8200,
    0x8200, 0xA300, 0x7855, 0x784D, 0x8200, 0x6200, 0xA300, 0xA300, 0xA300, 0xA300, 0xA300, 0xA300, 0xA300, 0x6200, 0x7444, 0x1B5E,
    0x1B5E, 0x7444, 0x6200, 0xA300, 0xA300, 0xA300, 0xA300, 0xA300, 0xA300, 0xA300, 0x8300, 0xB033, 0x5C5E, 0x5C5E, 0xB033, 0x8300,
    0x8300, 0xB033, 0x5C5E, 0x5C5E, 0xB033, 0x8300, 0xA300, 0xA300, 0xA300, 0xA300, 0xA300, 0xA300, 0xA300, 0x6200, 0x7444, 0x1B5E,
    0x1B5E, 0x7444, 0x6200, 0xA300, 0xA300, 0xA300, 0xA300, 0xA300, 0xA300, 0x8200, 0x4609, 0x6F2B, 0x2E2B, 0x2E2B, 0x6F2B, 0x2509,
    0x2509, 0x6F2B, 0x2E2B, 0x2E2B, 0x6F2B, 0x4609, 0x8200, 0xA300, 0xA300, 0xA300, 0xA300, 0xA300, 0xA300, 0x6200, 0x7444, 0x1B5E,
    0x1B5E, 0x7444, 0x6200, 0xC300, 0xA300, 0xA300, 0xA300, 0xA300, 0xA300, 0xA300, 0x8300, 0x4100, 0x4100, 0x4100, 0x4100, 0xA300,
    0xA300, 0x4100, 0x4100, 0x4100, 0x4100, 0x8300, 0xA300, 0xA300, 0xA300, 0xA300, 0xA300, 0xA300, 0xC300, 0x6200, 0x7444, 0x1B5E,
    0x1B5E, 0x743C, 0x0000, 0x6200, 0x6200, 0x6200, 0x6200, 0x6200, 0x6200, 0x6200, 0x6200, 0x6200, 0x6200, 0x6200, 0x6200, 0x6200,
    0x6200, 0x6200, 0x6200, 0x6200, 0x6200, 0x6200, 0x6200, 0x6200, 0x6200, 0x6200, 0x6200, 0x6200, 0x6200, 0x0000, 0x743C, 0x1B5E,
    0xFA55, 0x7855, 0x7444, 0x9444, 0x7444, 0x7444, 0x7444, 0x7444, 0x7444, 0x7444, 0x7444, 0x7444, 0x7444, 0x7444, 0x7444, 0x7444,
    0x7444, 0x7444, 0x7444, 0x7444, 0x7444, 0x7444, 0x7444, 0x7444, 0x7444, 0x7444, 0x7444, 0x7444, 0x9444, 0x7444, 0x7855, 0xFA55,
    0xDA55, 0xDA55, 0x1B5E, 0x1B5E, 0x1B5E, 0x1B5E, 0x1B5E, 0x1B5E, 0x1B5E, 0x1B5E, 0x1B5E, 0x1B5E, 0x1B5E, 0x1B5E, 0x1B5E, 0x1B5E,
    0x1B5E, 0x1B5E, 0x1B5E, 0x1B5E, 0x1B5E, 0x1B5E, 0x1B5E, 0x1B5E, 0x1B5E, 0x1B5E, 0x1B5E, 0x1B5E, 0x1B5E, 0x1B5E, 0xDA55, 0xDA55
};

const uint16_t icon_epoch_stratagem_icon_background[] PROGMEM = {
    0xDA55, 0xDA55, 0x1B5E, 0x1B5E, 0x1B5E, 0x1B5E, 0x1B5E, 0x1B5E, 0x1B5E, 0x1B5E, 0x1B5E, 0x1B5E, 0x1B5E, 0x1B5E, 0x1B5E, 0x1B5E,
    0x1B5E, 0x1B5E, 0x1B5E, 0x1B5E, 0x1B5E, 0x1B5E, 0x1B5E, 0x1B5E, 0x1B5E, 0x1B5E, 0x1B5E, 0x1B5E, 0x1B5E, 0x1B5E, 0xDA55, 0xDA55,
    0xFA55, 0x7855, 0x7444, 0x9444, 0x7444, 0x7444, 0x7444, 0x7444, 0x7444, 0x7444, 0x7444, 0x7444, 0x7444, 0x7444, 0x7444, 0x7444,
    0x7444, 0x7444, 0x7444, 0x7444, 0x7444, 0x7444, 0x7444, 0x7444, 0x7444, 0x7444, 0x7444, 0x7444, 0x9444, 0x7444, 0x7855, 0xFA55,
    0x1B5E, 0x743C, 0x0000, 0x6200, 0x6200, 0x6200, 0x6200, 0x6200, 0x6200, 0x6200, 0x6200, 0x6200, 0x6200, 0x6200, 0x6200, 0x6200,
    0x6200, 0x6200, 0x6200, 0x6200, 0x6200, 0x6200, 0x6200, 0x6200, 0x6200, 0x6200, 0x6200, 0x6200, 0x6200, 0x0000, 0x743C, 0x1B5E,
    0x1B5E, 0x7444, 0x6200, 0xC300, 0xA300, 0xA300, 0xA300, 0xA300, 0xA300, 0xA300, 0xA300, 0xA300, 0xA300, 0xA300, 0xA300, 0xA300,
    0xC300, 0xC300, 0xC300, 0xA300, 0xC300, 0xA300, 0xA300, 0xA300, 0xA300, 0xA300, 0xA300, 0xA300, 0xC300, 0x6200, 0x7444, 0x1B5E,
    0x1B5E, 0x7444, 0x6200, 0xA300, 0xA300, 0xA300, 0xA300, 0xA300, 0xA300, 0xA300, 0xA300, 0xA300, 0xA300, 0xC300, 0xA300, 0x8200,
    0x4200, 0x0100, 0x2100, 0x4100, 0x0100, 0x8200, 0xA300, 0xA300, 0xA300, 0xA300, 0xA300, 0xA300, 0xA300, 0x6200, 0x7444, 0x1B5E,
    0x1B5E, 0x7444, 0x6200, 0xA300, 0xA300, 0xA300, 0xA300, 0xA300, 0xA300, 0xA300, 0xA300, 0xA300, 0x6200, 0x2100, 0x2100, 0xE408,
    0x0832, 0x0F74, 0x95AD, 0xF6BD, 0xD294, 0x0411, 0x6200, 0xA300, 0xA300, 0xA300, 0xA300, 0xA300, 0xA300, 0x6200, 0x7444, 0x1B5E,
    0x1B5E, 0x7444, 0x6200, 0xA300, 0xA300, 0xA300, 0xA300, 0xA300, 0xA300, 0xA300, 0xA300, 0x6200, 0xA621, 0xAE6B, 0x75AD, 0x1ADF,
    0xFFFF, 0xB9D6, 0xEB52, 0x083A, 0x7184, 0xD9D6, 0x4519, 0x6200, 0xA300, 0xA300, 0xA300, 0xA300, 0xA300, 0x6200, 0x7444, 0x1B5E,
    0x1B5E, 0x7444, 0x6200, 0xA300, 0xA300, 0xA300, 0xA300, 0xA300, 0x8200, 0x8200, 0xC300, 0xC410, 0xEF73, 0xFFFF, 0xFFFF, 0xFFFF,
    0xD9DE, 0xA300, 0x0000, 0x6D63, 0x2F7C, 0xEF73, 0x74A5, 0x0100, 0xA300, 0xA300, 0xA300, 0xA300, 0xA300, 0x6200, 0x7444, 0x1B5E,
    0x1B5E, 0x7444, 0x6200, 0xA300, 0xA300, 0xA300, 0xA300, 0x8300, 0xC729, 0xAE6B, 0x33A5, 0x1ADF, 0xDDFF, 0xDCFF, 0xBCF7, 0xFFFF,
    0x7084, 0x8208, 0xC729, 0x8621, 0x493A, 0x4519, 0x78CE, 0xA300, 0x8300, 0xA300, 0xA300, 0xA300, 0xA300, 0x6200, 0x7444, 0x1B5E,
    0x1B5E, 0x7444, 0x6200, 0xA300, 0xA300, 0xA300, 0xA300, 0xA300, 0xC300, 0xE408, 0xE410, 0x139D, 0xBDF7, 0xFEFF, 0xFDFF, 0xFFFF,
    0xB18C, 0xA308, 0x8A4A, 0xA729, 0xC308, 0x8621, 0x57C6, 0x8200, 0xA300, 0xA300, 0xA300, 0xA300, 0xA300, 0x6200, 0x7444, 0x1B5E,
    0x1B5E, 0x7444, 0x6200, 0xA300, 0xA300, 0xA300, 0xA300, 0xA300, 0x8300, 0x8200, 0x8200, 0x8300, 0x4519, 0x0B5B, 0x1ADF, 0xFFFF,
    0xBCF7, 0xA621, 0x0000, 0x8621, 0xC308, 0x74AD, 0x7084, 0x0100, 0xC300, 0xA300, 0xA300, 0xA300, 0xA300, 0x6200, 0x7444, 0x1B5E,
    0x1B5E, 0x7444, 0x6200, 0xA300, 0xA300, 0xA300, 0xA300, 0xA300, 0xA300, 0xA300, 0xA300, 0xA300, 0x6200, 0x8200, 0x6D63, 0x95AD,
    0x3BE7, 0x7CEF, 0xD294, 0xAE73, 0xF7BD, 0xB5B5, 0x8200, 0x8300, 0xA300, 0xA300, 0xA300, 0xA300, 0xA300, 0x6200, 0x7444, 0x1B5E,
    0x1B5E, 0x7444, 0x6200, 0xA300, 0xA300, 0xA300, 0xA300, 0xA300, 0xA300, 0xA300, 0xA300, 0xA300, 0xA300, 0xA300, 0x2100, 0x2100,
    0xC308, 0x2832, 0xEF73, 0xB28C, 0xEB52, 0x4200, 0x8200, 0xA300, 0xA300, 0xA300, 0xA300, 0xA300, 0xA300, 0x6200, 0x7444, 0x1B5E,
    0x1B5E, 0x7444, 0x6200, 0xA300, 0xA300, 0xA300, 0xA300, 0xA300, 0xA300, 0xA300, 0xA300, 0xA300, 0xA300, 0xA300, 0xA300, 0xA300,
    0x8200, 0x4100, 0x0100, 0x0000, 0x2100, 0xA300, 0xA300, 0xA300, 0xA300, 0xA300, 0xA300, 0xA300, 0xA300, 0x6200, 0x7444, 0x1B5E,
    0x1B5E, 0x7444, 0x6200, 0xA300, 0xA300, 0xA300, 0xA300, 0xA300, 0xA300, 0xA300, 0xA300, 0xA300, 0xA300, 0xA300, 0xA300, 0xA300,
    0xA300, 0xA300, 0xA300, 0xC300, 0xA300, 0xA300, 0xA300, 0xA300, 0xA300, 0xA300, 0xA300, 0xA300, 0xA300, 0x6200, 0x7444, 0x1B5E,
    0x1B5E, 0x7444, 0x6200, 0xA300, 0xA300, 0xA300, 0xA300, 0xA300, 0xA300, 0xA300, 0xA300, 0xA300, 0xA300, 0xA300, 0xA300, 0xA300,
    0xA300, 0xA300, 0xA300, 0xA300, 0xA300, 0xA300, 0xA300, 0xA300, 0xA300, 0xA300, 0xA300, 0xA300, 0xA300, 0x6200, 0x7444, 0x1B5E,
    0x1B5E, 0x7444, 0x6200, 0xA300, 0xA300, 0xA300, 0xA300, 0xA300, 0xA300, 0xA300, 0xA300, 0xA300, 0xA300, 0xA300, 0xA300, 0xA300,
    0x8200, 0x6200, 0x6200, 0x6200, 0x6200, 0x8200, 0x6200, 0x8200, 0x6200, 0xA300, 0xA300, 0xA300, 0xA300, 0x6200, 0x7444, 0x1B5E,
    0x1B5E, 0x7444, 0x6200, 0xA300, 0x8200, 0xA300, 0x8300, 0x6200, 0xA300, 0x8200, 0x6200, 0xA300, 0x6200, 0x8200, 0xA300, 0x4100,
    0x4609, 0xE911, 0xC811, 0x8711, 0x091A, 0x0509, 0x091A, 0x4609, 0xC811, 0x6200, 0xA300, 0xA300, 0xA300, 0x6200, 0x7444, 0x1B5E,
    0x1B5E, 0x7444, 0x6200, 0xA300, 0x2509, 0x8200, 0xA300, 0x8711, 0x8200, 0x0401, 0x6609, 0x6200, 0x4609, 0x2509, 0x8200, 0x2509,
    0x4A1A, 0x374D, 0x7444, 0x9544, 0xD644, 0x9444, 0xB955, 0x584D, 0x374D, 0xA300, 0x4100, 0xA300, 0xA300, 0x6200, 0x7444, 0x1B5E,
    0x1B5E, 0x9444, 0x4100, 0xA300, 0xF644, 0xF644, 0xD544, 0xFA55, 0xB544, 0x374D, 0xBA55, 0x9444, 0x9955, 0x784D, 0x9444, 0xDA55,
    0xF64C, 0x7855, 0x784D, 0x9955, 0x584D, 0xB955, 0xB955, 0xDA55, 0xDA55, 0x174D, 0xED22, 0x6200, 0xA300, 0x6200, 0x7444, 0x1B5E,
    0x1B5E, 0x9444, 0x4100, 0xC300, 0xF64C, 0x3C5E, 0xFA55, 0xDA55, 0x1B5E, 0xFA55, 0xDA55, 0x1B5E, 0xDA55, 0xFA55, 0x1B5E, 0xDA55,
    0xFB5D, 0xDA55, 0xFA55, 0xDA55, 0xDA55, 0xDA55, 0xDA55, 0xDA55, 0xB955, 0xFA55, 0x1B5E, 0xD544, 0x0509, 0x4100, 0x9444, 0x1B5E,
    0x1B5E, 0x9444, 0x4100, 0xA300, 0x374D, 0x1B5E, 0xB955, 0xB955, 0xB955, 0xDA55, 0xBA55, 0xB955, 0xDA55, 0xB955, 0xB955, 0xDA55,
    0xDA55, 0xDA55, 0xDA55, 0xBA55, 0xDA55, 0xFA55, 0xDA55, 0xDA55, 0xFA55, 0x3C5E, 0x9544, 0x8711, 0xC300, 0x4100, 0x7444, 0x1B5E,
    0x1B5E, 0x7444, 0x6200, 0x6200, 0xAC22, 0xDA55, 0xDA55, 0x3B5E, 0xDA55, 0xDA55, 0xFB5D, 0x1B5E, 0xDA55, 0x1B5E, 0xDA55, 0xFA55,
    0xDA55, 0xBA55, 0xFA55, 0xFB5D, 0x784D, 0x174D, 0xFA55, 0xB955, 0xF644, 0x374D, 0x6B1A, 0x0000, 0xA300, 0x6200, 0x7444, 0x1B5E,
    0x1B5E, 0x7444, 0x6200, 0xA300, 0x6200, 0x4609, 0xC811, 0x6F2B, 0xB955, 0xFB5D, 0xF644, 0x2E2B, 0x6611, 0x323C, 0xB955, 0x784D,
    0x9955, 0xFB5D, 0x574D, 0xDA55, 0x2A1A, 0x4609, 0x784D, 0xE911, 0x8200, 0x8300, 0x8200, 0xA300, 0xA300, 0x6200, 0x7444, 0x1B5E,
    0x1B5E, 0x7444, 0x6200, 0xA300, 0xA300, 0x6200, 0x6200, 0x0000, 0x4A1A, 0x5C5E, 0x6B1A, 0x0000, 0x6200, 0x8200, 0x0509, 0xA300,
    0x743C, 0xFA55, 0xA811, 0x2E2B, 0x8200, 0x8B1A, 0x374D, 0x6200, 0x8200, 0xA300, 0xA300, 0xA300, 0xA300, 0x6200, 0x7444, 0x1B5E,
    0x1B5E, 0x7444, 0x6200, 0xA300, 0xA300, 0xA300, 0xA300, 0xA300, 0x4100, 0x174D, 0xED22, 0x4100, 0xC300, 0xA300, 0x4100, 0xA811,
    0xDA55, 0x2509, 0x6709, 0x8B22, 0x0000, 0x2E2B, 0x174D, 0x6200, 0xA300, 0xA300, 0xA300, 0xA300, 0xA300, 0x6200, 0x7444, 0x1B5E,
    0x1B5E, 0x7444, 0x6200, 0xA300, 0xA300, 0xA300, 0xA300, 0xA300, 0x4100, 0x2E2B, 0x091A, 0x4100, 0xA300, 0xA300, 0x4100, 0x0D2B,
    0x374D, 0xA711, 0x4F2B, 0x0409, 0x4100, 0xC811, 0x6B1A, 0x6200, 0xA300, 0xA300, 0xA300, 0xA300, 0xA300, 0x6200, 0x7444, 0x1B5E,
    0x1B5E, 0x7444, 0x6200, 0xA300, 0xA300, 0xA300, 0xA300, 0xA300, 0xA300, 0x8300, 0x8200, 0xA300, 0xA300, 0xA300, 0xA300, 0x8200,
    0x0409, 0x4A1A, 0x2A1A, 0x6200, 0xA300, 0x6200, 0x4100, 0xA300, 0xA300, 0xA300, 0xA300, 0xA300, 0xA300, 0x6200, 0x7444, 0x1B5E,
    0x1B5E, 0x7444, 0x6200, 0xC300, 0xA300, 0xA300, 0xA300, 0xA300, 0xA300, 0xA300, 0xA300, 0xA300, 0xA300, 0xA300, 0xA300, 0xA300,
    0x8200, 0x6100, 0x6200, 0xA300, 0xA300, 0xA300, 0xC300, 0xA300, 0xA300, 0xA300, 0xA300, 0xA300, 0xC300, 0x6200, 0x7444, 0x1B5E,
    0x1B5E, 0x743C, 0x0000, 0x6200, 0x6200, 0x6200, 0x6200, 0x6200, 0x6200, 0x6200, 0x6200, 0x6200, 0x6200, 0x6200, 0x6200, 0x6200,
    0x6200, 0x6200, 0x6200, 0x6200, 0x6200, 0x6200, 0x6200, 0x6200, 0x6200, 0x6200, 0x6200, 0x6200, 0x6200, 0x0000, 0x743C, 0x1B5E,
    0xFA55, 0x7855, 0x7444, 0x9444, 0x7444, 0x7444, 0x7444, 0x7444, 0x7444, 0x7444, 0x7444, 0x7444, 0x7444, 0x7444, 0x7444, 0x7444,
    0x7444, 0x7444, 0x7444, 0x7444, 0x7444, 0x7444, 0x7444, 0x7444, 0x7444, 0x7444, 0x7444, 0x7444, 0x9444, 0x7444, 0x7855, 0xFA55,
    0xDA55, 0xDA55, 0x1B5E, 0x1B5E, 0x1B5E, 0x1B5E, 0x1B5E, 0x1B5E, 0x1B5E, 0x1B5E, 0x1B5E, 0x1B5E, 0x1B5E, 0x1B5E, 0x1B5E, 0x1B5E,
    0x1B5E, 0x1B5E, 0x1B5E, 0x1B5E, 0x1B5E, 0x1B5E, 0x1B5E, 0x1B5E, 0x1B5E, 0x1B5E, 0x1B5E, 0x1B5E, 0x1B5E, 0x1B5E, 0xDA55, 0xDA55
};

const uint16_t icon_expendable_anti_tank_stratagem_icon_background[] PROGMEM = {
    0xDA55, 0xDA55, 0x1B5E, 0x1B5E, 0x1B5E, 0x1B5E, 0x1B5E, 0x1B5E, 0x1B5E, 0x1B5E, 0x1B5E, 0x1B5E, 0x1B5E, 0x1B5E, 0x1B5E, 0x1B5E,
    0x1B5E, 0x1B5E, 0x1B5E, 0x1B5E, 0x1B5E, 0x1B5E, 0x1B5E, 0x1B5E, 0x1B5E, 0x1B5E, 0x1B5E, 0x1B5E, 0x1B5E, 0x1B5E, 0xDA55, 0xDA55,
    0xFA55, 0x7855, 0x7444, 0x9444, 0x7444, 0x7444, 0x7444, 0x7444, 0x7444, 0x7444, 0x7444, 0x7444, 0x7444, 0x7444, 0x7444, 0x7444,
    0x7444, 0x7444, 0x7444, 0x7444, 0x7444, 0x7444, 0x7444, 0x7444, 0x7444, 0x7444, 0x7444, 0x7444, 0x9444, 0x7444, 0x7855, 0xFA55,
    0x1B5E, 0x743C, 0x0000, 0x6200, 0x6200, 0x6200, 0x6200, 0x6200, 0x6200, 0x6200, 0x6200, 0x6200, 0x6200, 0x6200, 0x6200, 0x6200,
    0x6200, 0x6200, 0x6200, 0x6200, 0x6200, 0x6200, 0x6200, 0x6200, 0x6200, 0x6200, 0x6200, 0x6200, 0x6200, 0x0000, 0x743C, 0x1B5E,
    0x1B5E, 0x7444, 0x6200, 0xC300, 0xA300, 0xA300, 0xA300, 0xA300, 0xA300, 0xA300, 0xA300, 0xA300, 0xA300, 0xA300, 0xA300, 0xA300,
    0xA300, 0xA300, 0xA300, 0xA300, 0xA300, 0xA300, 0xA300, 0xA300, 0xA300, 0xA300, 0xA300, 0xA300, 0xC300, 0x6200, 0x7444, 0x1B5E,
    0x1B5E, 0x7444, 0x6200, 0xA300, 0xA300, 0xA300, 0xA300, 0xA300, 0xA300, 0xA300, 0xA300, 0xA300, 0xA300, 0xA300, 0xA300, 0xA300,
    0xA300, 0xA300, 0xA300, 0xA300, 0xA300, 0xA300, 0xA300, 0xA300, 0xA300, 0xA300, 0xA300, 0xA300, 0xA300, 0x6200, 0x7444, 0x1B5E,
    0x1B5E, 0x7444, 0x6200, 0xA300, 0xA300, 0xA300, 0xA300, 0xA300, 0xA300, 0xA300, 0xA300, 0xA300, 0xA300, 0xA300, 0xA300, 0xA300,
    0xA300, 0xA300, 0xA300, 0xA300, 0xA300, 0xA300, 0xA300, 0xA300, 0xA300, 0xA300, 0xA300, 0xA300, 0xA300, 0x6200, 0x7444, 0x1B5E,
    0x1B5E, 0x7444, 0x6200, 0xA300, 0xA300, 0x8200, 0x8200, 0x8300, 0x8200, 0x8200, 0x8200, 0xA300, 0xA300, 0xA300, 0xA300, 0xA300,
    0xA300, 0xC300, 0xA300, 0x8300, 0x8200, 0xA300, 0xC300, 0xA300, 0xA300, 0xA300, 0xA300, 0xA300, 0xA300, 0x6200, 0x7444, 0x1B5E,
    0x1B5E, 0x7444, 0x6200, 0xA300, 0x8300, 0xE408, 0x0411, 0xC300, 0x2411, 0x0411, 0x0411, 0x8200, 0xC300, 0xA300, 0xA300, 0x6200,
    0x4100, 0x2100, 0x2100, 0xC300, 0xC300, 0x2100, 0x2100, 0x2100, 0x6200, 0xA300, 0xA300, 0xA300, 0xA300, 0x6200, 0x7444, 0x1B5E,
    0x1B5E, 0x7444, 0x6200, 0xC300, 0x2100, 0xCB4A, 0x9EF7, 0xCE6B, 0x95AD, 0x9DEF, 0x7CEF, 0x0C53, 0x0000, 0x4100, 0x8200, 0x4519,
    0x8942, 0xEF73, 0x74AD, 0xFADE, 0xFADE, 0x95AD, 0x0F7C, 0x8A42, 0x6519, 0x8200, 0x2100, 0x8300, 0xA300, 0x6200, 0x7444, 0x1B5E,
    0x1B5E, 0x7444, 0x6200, 0xA300, 0x8200, 0x0409, 0xDDFF, 0x57C6, 0x5084, 0xFFFF, 0xFEFF, 0x7BEF, 0x3084, 0x129D, 0x78CE, 0x9CF7,
    0xFEFF, 0xFFFF, 0xFFFF, 0xFEFF, 0xFEFF, 0xFFFF, 0xFFFF, 0xFEFF, 0xBCF7, 0x98CE, 0xD294, 0xC308, 0xA300, 0x6200, 0x7444, 0x1B5E,
    0x1B5E, 0x7444, 0x6200, 0xA300, 0xA300, 0x2100, 0x339D, 0xFFFF, 0xDDF7, 0xFDFF, 0xFDFF, 0xFDFF, 0xFFFF, 0xFFFF, 0xFEFF, 0xFDFF,
    0xFDFF, 0xDDFF, 0xFDFF, 0xFDFF, 0xFDFF, 0xFDFF, 0xDDFF, 0xFDFF, 0xFDFF, 0xFFFF, 0xFDFF, 0x2511, 0x8200, 0x6200, 0x7444, 0x1B5E,
    0x1B5E, 0x7444, 0x6200, 0xA300, 0xA300, 0x2100, 0xB5B5, 0xDEFF, 0xB9D6, 0xFDFF, 0xFDFF, 0xFEFF, 0xFEFF, 0xFEFF, 0xFFFF, 0xFFFF,
    0xFEFF, 0xFDFF, 0xFDFF, 0xFDFF, 0xFDFF, 0xDDFF, 0xFDFF, 0xFEFF, 0xFEFF, 0xFFFF, 0xDDFF, 0x0411, 0x8200, 0x6200, 0x7444, 0x1B5E,
    0x1B5E, 0x7444, 0x6200, 0xA300, 0x6200, 0x8621, 0xFFFF, 0xB5B5, 0x918C, 0xFFFF, 0xFFFF, 0x98D6, 0x4942, 0x2C5B, 0xD294, 0x37C6,
    0x7BEF, 0xFEFF, 0xFFFF, 0xFFFF, 0xFFFF, 0xFFFF, 0xFEFF, 0x7CEF, 0x57C6, 0xF294, 0x2C5B, 0xA300, 0xA300, 0x6200, 0x7444, 0x1B5E,
    0x1B5E, 0x7444, 0x6200, 0xC300, 0x4100, 0xAA42, 0x18BE, 0xEB52, 0xF294, 0x17BE, 0x17BE, 0x0832, 0x0000, 0x4100, 0x2100, 0x6200,
    0x2411, 0x493A, 0xAE6B, 0x54A5, 0x54A5, 0xCE6B, 0x493A, 0x2511, 0x6200, 0x2100, 0x2100, 0x8300, 0xA300, 0x6200, 0x7444, 0x1B5E,
    0x1B5E, 0x7444, 0x6200, 0xA300, 0xA300, 0x8200, 0x4100, 0x6200, 0x6200, 0x4100, 0x4100, 0x6200, 0xC300, 0xA300, 0xC300, 0xA300,
    0x8200, 0x4100, 0x2100, 0x2100, 0x2100, 0x2100, 0x4100, 0x8200, 0xA300, 0xC300, 0xA300, 0xA300, 0xA300, 0x6200, 0x7444, 0x1B5E,
    0x1B5E, 0x7444, 0x6200, 0xA300, 0xA300, 0xA300, 0xA300, 0xA300, 0xA300, 0xA300, 0xA300, 0xA300, 0xA300, 0xA300, 0xA300, 0xA300,
    0xA300, 0xA300, 0xC300, 0xA300, 0xA300, 0xC300, 0xA300, 0xA300, 0xA300, 0xA300, 0xA300, 0xA300, 0xA300, 0x6200, 0x7444, 0x1B5E,
    0x1B5E, 0x7444, 0x6200, 0xA300, 0xA300, 0xA300, 0xA300, 0xA300, 0xA300, 0xA300, 0xA300, 0xA300, 0xA300, 0xA300, 0xA300, 0xA300,
    0xA300, 0xA300, 0xA300, 0xA300, 0xA300, 0xA300, 0xA300, 0xA300, 0xA300, 0xA300, 0xA300, 0xA300, 0xA300, 0x6200, 0x7444, 0x1B5E,
    0x1B5E, 0x7444, 0x6200, 0xA300, 0xA300, 0x8300, 0xA300, 0x6200, 0x6200, 0xA300, 0xA300, 0xA300, 0xA300, 0xA300, 0xA300, 0xA300,
    0xA300, 0xA300, 0xA300, 0xA300, 0xA300, 0xA300, 0xA300, 0xA300, 0xA300, 0xA300, 0xA300, 0xA300, 0xA300, 0x6200, 0x7444, 0x1B5E,
    0x1B5E, 0x7444, 0x6200, 0xA300, 0xA300, 0xA300, 0x6200, 0x291A, 0x8B22, 0x0000, 0x6200, 0xA300, 0xA300, 0x8300, 0xA300, 0x8300,
    0x6200, 0x6200, 0x6200, 0x6200, 0x6200, 0x6200, 0x6200, 0x4100, 0xA300, 0xA300, 0xA300, 0xA300, 0xC300, 0x6200, 0x7444, 0x1B5E,
    0x1B5E, 0x7444, 0x6200, 0x4100, 0x6F2B, 0x374D, 0xD544, 0xFA55, 0x584D, 0x4F2B, 0xA711, 0xA300, 0xA300, 0xA300, 0xA300, 0x8200,
    0x8B22, 0xB544, 0x743C, 0x743C, 0x743C, 0x743C, 0x9544, 0xCC22, 0x6200, 0x4100, 0x4100, 0x4100, 0x6200, 0x6200, 0x7444, 0x1B5E,
    0x1B5E, 0x9444, 0x4100, 0x8C22, 0xDA55, 0x1B5E, 0xFB5D, 0xDA55, 0xDA55, 0x3C5E, 0xDA55, 0xF644, 0xF644, 0xF644, 0xF644, 0x164D,
    0xDA55, 0x1B5E, 0x1B5E, 0x1B5E, 0x1B5E, 0x1B5E, 0x1B5E, 0x1B5E, 0x4F2B, 0x6A1A, 0x8B22, 0x8C22, 0x2A1A, 0x6200, 0x7444, 0x1B5E,
    0x1B5E, 0x743C, 0xA300, 0xB955, 0xFA55, 0xB955, 0xDA55, 0xDA55, 0xDA55, 0xB955, 0xDA55, 0xFB5D, 0xFB5D, 0xFB5D, 0xFB5D, 0xFB5D,
    0xDA55, 0xBA55, 0xBA55, 0xBA55, 0xBA55, 0xBA55, 0xBA55, 0xBA55, 0x1B5E, 0x1B5E, 0x1B5E, 0x3C5E, 0xBA55, 0xA300, 0x743C, 0x1B5E,
    0x1B5E, 0x743C, 0xA300, 0x784D, 0xFA55, 0xDA55, 0xDA55, 0xDA55, 0xDA55, 0xDA55, 0xDA55, 0xDA55, 0xDA55, 0xDA55, 0xDA55, 0xDA55,
    0xDA55, 0xDA55, 0xDA55, 0xDA55, 0xDA55, 0xDA55, 0xDA55, 0xDA55, 0xBA55, 0xB955, 0xB955, 0xDA55, 0x784D, 0xA300, 0x743C, 0x1B5E,
    0x1B5E, 0x743C, 0xA300, 0x9955, 0xDA55, 0xB955, 0xBA55, 0xBA55, 0xB955, 0xB955, 0xB955, 0xB955, 0xB955, 0xB955, 0xBA55, 0xDA55,
    0xBA55, 0xBA55, 0xDA55, 0xBA55, 0xBA55, 0xDA55, 0xBA55, 0xB955, 0xBA55, 0xBA55, 0xB955, 0xDA55, 0x9955, 0xA300, 0x743C, 0x1B5E,
    0x1B5E, 0x743C, 0xA300, 0x9955, 0x3B5E, 0xFB5D, 0x1B5E, 0x1B5E, 0x3B5E, 0x3C5E, 0x3C5E, 0x3C5E, 0x3C5E, 0x3B5E, 0x1B5E, 0x1B5E,
    0x1B5E, 0x1B5E, 0x1B5E, 0x1B5E, 0x1B5E, 0x1B5E, 0x1B5E, 0x3B5E, 0x1B5E, 0x1B5E, 0xFB5D, 0x3B5E, 0x9955, 0xA300, 0x743C, 0x1B5E,
    0x1B5E, 0x7444, 0x6200, 0xA711, 0x091A, 0xE911, 0xE911, 0xE911, 0x0D2B, 0x4E2B, 0x2E2B, 0x2E2B, 0x4E2B, 0x0D2B, 0xE911, 0xC811,
    0x8B22, 0x8B22, 0xC811, 0xE911, 0xE911, 0xE811, 0x4A1A, 0xED22, 0xE811, 0xE911, 0xE911, 0x091A, 0xA711, 0x6200, 0x7444, 0x1B5E,
    0x1B5E, 0x7444, 0x6200, 0x6200, 0x4100, 0x4100, 0x4100, 0x4100, 0x4100, 0x2100, 0x4100, 0x4100, 0x2100, 0x4100, 0x4100, 0x4100,
    0x4100, 0x4100, 0x4100, 0x4100, 0x4100, 0x4100, 0x4100, 0x4100, 0x4100, 0x4100, 0x4100, 0x4100, 0x6200, 0x6200, 0x7444, 0x1B5E,
    0x1B5E, 0x7444, 0x6200, 0xC300, 0xA300, 0xA300, 0xA300, 0xA300, 0xA300, 0xA300, 0xA300, 0xA300, 0xA300, 0xA300, 0xA300, 0xA300,
    0xA300, 0xA300, 0xA300, 0xA300, 0xA300, 0xA300, 0xA300, 0xA300, 0xA300, 0xA300, 0xA300, 0xA300, 0xC300, 0x6200, 0x7444, 0x1B5E,
    0x1B5E, 0x7444, 0x6200, 0xC300, 0xA300, 0xA300, 0xA300, 0xA300, 0xA300, 0xA300, 0xA300, 0xA300, 0xA300, 0xA300, 0xA300, 0xA300,
    0xA300, 0xA300, 0xA300, 0xA300, 0xA300, 0xA300, 0xA300, 0xA300, 0xA300, 0xA300, 0xA300, 0xA300, 0xC300, 0x6200, 0x7444, 0x1B5E,
    0x1B5E, 0x743C, 0x0000, 0x6200, 0x6200, 0x6200, 0x6200, 0x6200, 0x6200, 0x6200, 0x6200, 0x6200, 0x6200, 0x6200, 0x6200, 0x6200,
    0x6200, 0x6200, 0x6200, 0x6200, 0x6200, 0x6200, 0x6200, 0x6200, 0x6200, 0x6200, 0x6200, 0x6200, 0x6200, 0x0000, 0x743C, 0x1B5E,
    0xFA55, 0x7855, 0x7444, 0x9444, 0x7444, 0x7444, 0x7444, 0x7444, 0x7444, 0x7444, 0x7444, 0x7444, 0x7444, 0x7444, 0x7444, 0x7444,
    0x7444, 0x7444, 0x7444, 0x7444, 0x7444, 0x7444, 0x7444, 0x7444, 0x7444, 0x7444, 0x7444, 0x7444, 0x9444, 0x7444, 0x7855, 0xFA55,
    0xDA55, 0xDA55, 0x1B5E, 0x1B5E, 0x1B5E, 0x1B5E, 0x1B5E, 0x1B5E, 0x1B5E, 0x1B5E, 0x1B5E, 0x1B5E, 0x1B5E, 0x1B5E, 0x1B5E, 0x1B5E,
    0x1B5E, 0x1B5E, 0x1B5E, 0x1B5E, 0x1B5E, 0x1B5E, 0x1B5E, 0x1B5E, 0x1B5E, 0x1B5E, 0x1B5E, 0x1B5E, 0x1B5E, 0x1B5E, 0xDA55, 0xDA55
};

const uint16_t icon_expendable_napalm_stratagem_icon_background[] PROGMEM = {
    0xDA55, 0xDA55, 0x1B5E, 0x1B5E, 0x1B5E, 0x1B5E, 0x1B5E, 0x1B5E, 0x1B5E, 0x1B5E, 0x1B5E, 0x1B5E, 0x1B5E, 0x1B5E, 0x1B5E, 0x1B5E,
    0x1B5E, 0x1B5E, 0x1B5E, 0x1B5E, 0x1B5E, 0x1B5E, 0x1B5E, 0x1B5E, 0x1B5E, 0x1B5E, 0x1B5E, 0x1B5E, 0x1B5E, 0x1B5E, 0xDA55, 0xDA55,
    0xFA55, 0x7855, 0x7444, 0x9444, 0x7444, 0x7444, 0x7444, 0x7444, 0x7444, 0x7444, 0x7444, 0x7444, 0x7444, 0x7444, 0x7444, 0x7444,
    0x7444, 0x7444, 0x7444, 0x7444, 0x7444, 0x7444, 0x7444, 0x7444, 0x7444, 0x7444, 0x7444, 0x7444, 0x9444, 0x7444, 0x7855, 0xFA55,
    0x1B5E, 0x743C, 0x0000, 0x6200, 0x6200, 0x6200, 0x6200, 0x6200, 0x6200, 0x6200, 0x6200, 0x6200, 0x6200, 0x6200, 0x6200, 0x6200,
    0x6200, 0x6200, 0x6200, 0x6200, 0x6200, 0x6200, 0x6200, 0x6200, 0x6200, 0x6200, 0x6200, 0x6200, 0x6200, 0x0000, 0x743C, 0x1B5E,
    0x1B5E, 0x7444, 0x6200, 0xC300, 0xA300, 0xA300, 0xA300, 0xA300, 0xA300, 0xA300, 0xA300, 0xA300, 0xA300, 0xA300, 0xA300, 0xA300,
    0xA300, 0xA300, 0xA300, 0xA300, 0xA300, 0xA300, 0xA300, 0xA300, 0xA300, 0xA300, 0xA300, 0xA300, 0xC300, 0x6200, 0x7444, 0x1B5E,
    0x1B5E, 0x7444, 0x6200, 0xA300, 0xA300, 0xA300, 0x6200, 0x8200, 0xA300, 0xA300, 0xA300, 0xA300, 0xA300, 0xA300, 0xA300, 0xA300,
    0xA300, 0xA300, 0xA300, 0xA300, 0xA300, 0xA300, 0xA300, 0xA300, 0xA300, 0xA300, 0xA300, 0xA300, 0xA300, 0x6200, 0x7444, 0x1B5E,
    0x1B5E, 0x7444, 0x6200, 0xA300, 0xA300, 0x8200, 0xEF73, 0x0409, 0x6200, 0xA300, 0xA300, 0xA300, 0xA300, 0xA300, 0xA300, 0xA300,
    0xA300, 0xA300, 0xA300, 0xA300, 0xA300, 0xA300, 0xA300, 0xA300, 0xA300, 0xA300, 0xA300, 0xA300, 0xA300, 0x6200, 0x7444, 0x1B5E,
    0x1B5E, 0x7444, 0x6200, 0xA300, 0xA300, 0x4100, 0xB8D6, 0x37C6, 0x8200, 0x8300, 0xA300, 0xA300, 0xA300, 0xA300, 0xA300, 0xA300,
    0xA300, 0xA300, 0xA300, 0xA300, 0xA300, 0xA300, 0xA300, 0xA300, 0xA300, 0xA300, 0xA300, 0xA300, 0xA300, 0x6200, 0x7444, 0x1B5E,
    0x1B5E, 0x7444, 0x6200, 0xA300, 0xC300, 0x0100, 0xF6BD, 0xFFFF, 0x74A5, 0x4100, 0xA300, 0xA300, 0xA300, 0x8200, 0x2100, 0x6200,
    0x2100, 0x4200, 0xC300, 0xC300, 0xA300, 0x8200, 0x6200, 0x2100, 0x4100, 0x8200, 0xA300, 0xC300, 0xA300, 0x6200, 0x7444, 0x1B5E,
    0x1B5E, 0x7444, 0x6200, 0xC300, 0x0100, 0xCA4A, 0x9CF7, 0xFFFF, 0xD9DE, 0x8621, 0xC308, 0xA300, 0x8200, 0x4519, 0xEB52, 0x2832,
    0x6E63, 0x493A, 0x0100, 0x2100, 0x4100, 0xC308, 0xC729, 0xEB52, 0x493A, 0x0411, 0x6200, 0x2100, 0x8200, 0x6200, 0x7444, 0x1B5E,
    0x1B5E, 0x7444, 0x6200, 0x6200, 0xAA4A, 0xDDFF, 0xFFFF, 0x3BE7, 0x57C6, 0xF6B5, 0x2832, 0x4200, 0x8200, 0x4519, 0x5BEF, 0x339D,
    0xFFFF, 0xDDFF, 0xAE6B, 0x0F7C, 0xD5B5, 0x1ADF, 0xFDFF, 0xFFFF, 0xFEFF, 0x7BEF, 0x37C6, 0xB28C, 0xC729, 0x2100, 0x9444, 0x1B5E,
    0x1B5E, 0x7444, 0x6200, 0x2100, 0x54A5, 0xFFFF, 0x54A5, 0xAA42, 0xFEFF, 0xFFFF, 0x0F7C, 0x2100, 0xC308, 0x2100, 0xB5AD, 0xDEFF,
    0xBCF7, 0xFDFF, 0xFFFF, 0xFFFF, 0xFFFF, 0xFEFF, 0xFDFF, 0xDDFF, 0xDDFF, 0xFEFF, 0xFFFF, 0xFFFF, 0xCE6B, 0x0000, 0xB444, 0x1B5E,
    0x1B5E, 0x7444, 0x6200, 0x2100, 0xB5B5, 0x37C6, 0x2100, 0xA300, 0x74A5, 0xFFFF, 0x37BE, 0x4200, 0xA300, 0xE408, 0x1AE7, 0xD6B5,
    0xFFFF, 0xFEFF, 0x74AD, 0xD6B5, 0x3BE7, 0xFDFF, 0xFFFF, 0xFFFF, 0xFFFF, 0xFEFF, 0x7BEF, 0x58C6, 0x6942, 0x2000, 0x9444, 0x1B5E,
    0x1B5E, 0x7444, 0x6200, 0x4100, 0x6D63, 0x3AE7, 0xC729, 0x0000, 0x4C5B, 0xBDF7, 0x283A, 0x6200, 0x6200, 0xA621, 0xB18C, 0x0B53,
    0x75A5, 0xEF73, 0x2100, 0x4200, 0x0409, 0x0832, 0x6D63, 0xD28C, 0xEF73, 0x6942, 0x4519, 0x6200, 0x8200, 0x6200, 0x7444, 0x1B5E,
    0x1B5E, 0x7444, 0x6200, 0xC300, 0x0000, 0x507C, 0x74A5, 0x4200, 0x98D6, 0x6942, 0x0100, 0xA300, 0xA300, 0x8200, 0x2100, 0x6200,
    0x2100, 0x4100, 0xA300, 0xA300, 0x8200, 0x4200, 0x2100, 0x2100, 0x2100, 0x4100, 0x6200, 0xA300, 0xA300, 0x6200, 0x7444, 0x1B5E,
    0x1B5E, 0x7444, 0x6200, 0xA300, 0xA300, 0x6200, 0x8619, 0xE408, 0x6619, 0x4100, 0xC300, 0xA300, 0xA300, 0xA300, 0xA300, 0xA300,
    0xA300, 0xA300, 0xA300, 0xA300, 0xA300, 0xA300, 0xA300, 0xC300, 0xC300, 0xA300, 0xA300, 0xA300, 0xA300, 0x6200, 0x7444, 0x1B5E,
    0x1B5E, 0x7444, 0x6200, 0xA300, 0xA300, 0xA300, 0x6200, 0x8300, 0x6200, 0xA300, 0xA300, 0xA300, 0xA300, 0xA300, 0xA300, 0xA300,
    0xA300, 0xA300, 0xA300, 0xA300, 0xA300, 0xA300, 0xA300, 0xA300, 0xA300, 0xA300, 0xA300, 0xA300, 0xA300, 0x6200, 0x7444, 0x1B5E,
    0x1B5E, 0x7444, 0x6200, 0xA300, 0xA300, 0xA300, 0xA300, 0xA300, 0xA300, 0xA300, 0xA300, 0xA300, 0xA300, 0xA300, 0xA300, 0xA300,
    0xA300, 0xA300, 0xA300, 0xA300, 0xA300, 0xA300, 0xA300, 0xA300, 0xA300, 0xA300, 0xA300, 0xA300, 0xA300, 0x6200, 0x7444, 0x1B5E,
    0x1B5E, 0x7444, 0x6200, 0xA300, 0xA300, 0xA300, 0xA300, 0xA300, 0xA300, 0xA300, 0xA300, 0xA300, 0xA300, 0xA300, 0xA300, 0xA300,
    0xA300, 0xA300, 0xA300, 0xA300, 0xA300, 0xA300, 0xA300, 0xA300, 0xA300, 0xA300, 0xA300, 0xA300, 0xC300, 0x6200, 0x7444, 0x1B5E,
    0x1B5E, 0x7444, 0x6200, 0x8200, 0x6200, 0x6200, 0x6200, 0x6200, 0x6200, 0x6200, 0x6200, 0x6200, 0x6200, 0x6200, 0x6200, 0x6200,
    0x6200, 0x6200, 0x6200, 0x6200, 0x6200, 0x6200, 0x6200, 0x6200, 0x6200, 0x6200, 0x6200, 0x6200, 0x6200, 0x6200, 0x7444, 0x1B5E,
    0x1B5E, 0x7444, 0x6200, 0x8711, 0xC811, 0x8711, 0x6609, 0x6609, 0xC811, 0x8711, 0x6609, 0x6609, 0x6609, 0xC811, 0x6609, 0x6609,
    0x6609, 0x6609, 0x6609, 0x8711, 0xC811, 0x6609, 0x6609, 0xA711, 0xC811, 0x6609, 0x6609, 0xA811, 0x4A1A, 0x6200, 0x7444, 0x1B5E,
    0x3B5E, 0x533C, 0x2509, 0xDA55, 0xFA55, 0xDA55, 0xB955, 0xB955, 0xFA55, 0xDA55, 0xB955, 0xB955, 0xDA55, 0xFB5D, 0xBA55, 0xB955,
    0xB955, 0xBA55, 0xB955, 0xDA55, 0xFB5D, 0xB955, 0xB955, 0xDA55, 0xFA55, 0xB955, 0xB955, 0xDA55, 0x1B5E, 0x2509, 0x533C, 0x3B5E,
    0x3B5E, 0x333C, 0xA711, 0x1B5E, 0xB955, 0xBA55, 0xDA55, 0xBA55, 0xB955, 0xB955, 0xBA55, 0xBA55, 0xBA55, 0xB955, 0xBA55, 0xBA55,
    0xDA55, 0xBA55, 0xBA55, 0xDA55, 0xBA55, 0xDA55, 0xDA55, 0xBA55, 0xDA55, 0xDA55, 0xDA55, 0xB955, 0xFB55, 0xA711, 0x333C, 0x3B5E,
    0x3B5E, 0x533C, 0x6609, 0x3C5E, 0x1B5E, 0x1B5E, 0x1B5E, 0x3B5E, 0x1B5E, 0x3B5E, 0x3C5E, 0x3C5E, 0x3B5E, 0x1B5E, 0x3B5E, 0x1B5E,
    0x1B5E, 0x1B5E, 0x3B5E, 0xDA55, 0xFA55, 0x1B5E, 0x1B5E, 0xFB5D, 0xDA55, 0x1B5E, 0x1B5E, 0x1B5E, 0x3C5E, 0x6609, 0x533C, 0x3B5E,
    0x1B5E, 0x743C, 0x8200, 0xCC22, 0xAC22, 0x8C22, 0xAC22, 0x2E2B, 0xAC22, 0xED22, 0x4E2B, 0x2E2B, 0x0E2B, 0xAC22, 0x0E2B, 0xCC22,
    0x8C22, 0xAC22, 0x6F2B, 0xB955, 0x174D, 0x323C, 0x9033, 0xD133, 0x9855, 0xAC22, 0x8B22, 0xED22, 0x9033, 0x8200, 0x743C, 0x1B5E,
    0x1B5E, 0x7444, 0x4100, 0x4100, 0x4100, 0x4100, 0x4100, 0x4100, 0x4100, 0x4100, 0x2100, 0x4100, 0x4100, 0x4100, 0x4100, 0x4100,
    0x6200, 0x0000, 0x6609, 0xFA55, 0xCC22, 0x4100, 0x0000, 0x091A, 0x784D, 0x6200, 0x2100, 0x4100, 0x6200, 0x4100, 0x7444, 0x1B5E,
    0x1B5E, 0x7444, 0x6200, 0xC300, 0xA300, 0xA300, 0xA300, 0xA300, 0xA300, 0xA300, 0xA300, 0xA300, 0xA300, 0xA300, 0xA300, 0xA300,
    0xA300, 0xC400, 0x784D, 0xB133, 0x6200, 0xC300, 0x6200, 0x091A, 0xB955, 0x0409, 0x8300, 0xA300, 0xC300, 0x6200, 0x7444, 0x1B5E,
    0x1B5E, 0x7444, 0x6200, 0xA300, 0xA300, 0xA300, 0xA300, 0xA300, 0xA300, 0xA300, 0xA300, 0xA300, 0xA300, 0xA300, 0xA300, 0xA300,
    0x4100, 0x091A, 0x374D, 0xC400, 0x8200, 0xA300, 0x6200, 0xC811, 0x1B5E, 0x4609, 0x6200, 0xA300, 0xA300, 0x6200, 0x7444, 0x1B5E,
    0x1B5E, 0x7444, 0x6200, 0xA300, 0xA300, 0xA300, 0xA300, 0xA300, 0xA300, 0xA300, 0xA300, 0xA300, 0xA300, 0xA300, 0xA300, 0xA300,
    0xA300, 0xA300, 0xE400, 0x8200, 0xA300, 0xA300, 0x8200, 0x0509, 0x9033, 0x0401, 0x8200, 0xA300, 0xA300, 0x6200, 0x7444, 0x1B5E,
    0x1B5E, 0x7444, 0x6200, 0xC300, 0xA300, 0xA300, 0xA300, 0xA300, 0xA300, 0xA300, 0xA300, 0xA300, 0xA300, 0xA300, 0xA300, 0xA300,
    0xA300, 0xA300, 0xA300, 0xA300, 0xA300, 0xA300, 0xA300, 0xA300, 0x4100, 0xA300, 0xA300, 0xA300, 0xC300, 0x6200, 0x7444, 0x1B5E,
    0x1B5E, 0x743C, 0x0000, 0x6200, 0x6200, 0x6200, 0x6200, 0x6200, 0x6200, 0x6200, 0x6200, 0x6200, 0x6200, 0x6200, 0x6200, 0x6200,
    0x6200, 0x6200, 0x6200, 0x6200, 0x6200, 0x6200, 0x6200, 0x6200, 0x6200, 0x6200, 0x6200, 0x6200, 0x6200, 0x0000, 0x743C, 0x1B5E,
    0xFA55, 0x7855, 0x7444, 0x9444, 0x7444, 0x7444, 0x7444, 0x7444, 0x7444, 0x7444, 0x7444, 0x7444, 0x7444, 0x7444, 0x7444, 0x7444,
    0x7444, 0x7444, 0x7444, 0x7444, 0x7444, 0x7444, 0x7444, 0x7444, 0x7444, 0x7444, 0x7444, 0x7444, 0x9444, 0x7444, 0x7855, 0xFA55,
    0xDA55, 0xDA55, 0x1B5E, 0x1B5E, 0x1B5E, 0x1B5E, 0x1B5E, 0x1B5E, 0x1B5E, 0x1B5E, 0x1B5E, 0x1B5E, 0x1B5E, 0x1B5E, 0x1B5E, 0x1B5E,
    0x1B5E, 0x1B5E, 0x1B5E, 0x1B5E, 0x1B5E, 0x1B5E, 0x1B5E, 0x1B5E, 0x1B5E, 0x1B5E, 0x1B5E, 0x1B5E, 0x1B5E, 0x1B5E, 0xDA55, 0xDA55
};

const uint16_t icon_fast_recon_vehicle_stratagem_icon_background[] PROGMEM = {
    0xDA55, 0xDA55, 0x1B5E, 0x1B5E, 0x1B5E, 0x1B5E, 0x1B5E, 0x1B5E, 0x1B5E, 0x1B5E, 0x1B5E, 0x1B5E, 0x1B5E, 0x1B5E, 0x1B5E, 0x1B5E,
    0x1B5E, 0x1B5E, 0x1B5E, 0x1B5E, 0x1B5E, 0x1B5E, 0x1B5E, 0x1B5E, 0x1B5E, 0x1B5E, 0x1B5E, 0x1B5E, 0x1B5E, 0x1B5E, 0xDA55, 0xDA55,
    0xFA55, 0x7855, 0x7444, 0x9444, 0x7444, 0x7444, 0x7444, 0x7444, 0x7444, 0x7444, 0x7444, 0x7444, 0x7444, 0x7444, 0x7444, 0x7444,
    0x7444, 0x7444, 0x7444, 0x7444, 0x7444, 0x7444, 0x7444, 0x7444, 0x7444, 0x7444, 0x7444, 0x7444, 0x9444, 0x7444, 0x7855, 0xFA55,
    0x1B5E, 0x743C, 0x0000, 0x6200, 0x6200, 0x6200, 0x6200, 0x6200, 0x6200, 0x6200, 0x6200, 0x6200, 0x6200, 0x6200, 0x6200, 0x6200,
    0x6200, 0x6200, 0x6200, 0x6200, 0x6200, 0x6200, 0x6200, 0x6200, 0x6200, 0x6200, 0x6200, 0x6200, 0x6200, 0x0000, 0x743C, 0x1B5E,
    0x1B5E, 0x7444, 0x6200, 0xC300, 0xA300, 0xA300, 0xA300, 0xA300, 0xA300, 0xA300, 0xA300, 0xA300, 0xA300, 0xA300, 0xA300, 0xA300,
    0xA300, 0xA300, 0xA300, 0xA300, 0xA300, 0xA300, 0xA300, 0xA300, 0xA300, 0xA300, 0xA300, 0xA300, 0xC300, 0x6200, 0x7444, 0x1B5E,
    0x1B5E, 0x7444, 0x6200, 0xA300, 0xA300, 0xA300, 0xA300, 0xA300, 0xA300, 0x8200, 0x8300, 0x8200, 0x8200, 0x8200, 0x8200, 0x8200,
    0x8200, 0x8200, 0x8200, 0xC300, 0xC300, 0xA300, 0xA300, 0xA300, 0xA300, 0xA300, 0xA300, 0xA300, 0xA300, 0x6200, 0x7444, 0x1B5E,
    0x1B5E, 0x7444, 0x6200, 0xA300, 0xA300, 0xA300, 0xA300, 0xA300, 0xA300, 0x0409, 0xA300, 0x0411, 0x0411, 0x0411, 0x0411, 0x0411,
    0x0411, 0x0511, 0xC308, 0x0100, 0x0100, 0x4100, 0xA300, 0xA300, 0xA300, 0xA300, 0xA300, 0xA300, 0xA300, 0x6200, 0x7444, 0x1B5E,
    0x1B5E, 0x7444, 0x6200, 0xA300, 0xA300, 0xA300, 0xA300, 0x6200, 0x2511, 0x78CE, 0xA621, 0xF9DE, 0x7CEF, 0x7BEF, 0x7BEF, 0x7BEF,
    0x7BEF, 0x7CEF, 0xFADE, 0x5084, 0x307C, 0x8A42, 0x8200, 0xA300, 0xA300, 0xA300, 0xA300, 0xA300, 0xA300, 0x6200, 0x7444, 0x1B5E,
    0x1B5E, 0x7444, 0x6200, 0xA300, 0xA300, 0xA300, 0xA300, 0x6200, 0x4519, 0x3AE7, 0xA721, 0x9CF7, 0xFFFF, 0xFEFF, 0xFEFF, 0xFEFF,
    0xFEFF, 0xFEFF, 0xFFFF, 0xFFFF, 0xFFFF, 0xFEFF, 0xE731, 0x6200, 0xA300, 0xA300, 0xA300, 0xA300, 0xA300, 0x6200, 0x7444, 0x1B5E,
    0x1B5E, 0x7444, 0x6200, 0xA300, 0xA300, 0xA300, 0xA300, 0x6200, 0x2511, 0x77C6, 0x8621, 0xD9D6, 0x5CEF, 0x5BEF, 0x5BEF, 0x5BEF,
    0x5BEF, 0x5BEF, 0xD9DE, 0x7084, 0x5084, 0x8A42, 0x8200, 0xA300, 0xA300, 0xA300, 0xA300, 0xA300, 0xA300, 0x6200, 0x7444, 0x1B5E,
    0x1B5E, 0x7444, 0x6200, 0xA300, 0xA300, 0xA300, 0xA300, 0x8300, 0xA300, 0x6619, 0xC300, 0x8619, 0x8621, 0x8621, 0x8621, 0x8621,
    0x8621, 0x8621, 0x0411, 0x0000, 0x0000, 0x0000, 0xA300, 0xA300, 0xA300, 0xA300, 0xA300, 0xA300, 0xA300, 0x6200, 0x7444, 0x1B5E,
    0x1B5E, 0x7444, 0x6200, 0xA300, 0xA300, 0xA300, 0xA300, 0x6200, 0x2511, 0x77C6, 0x8621, 0xD9D6, 0x5CEF, 0x5BEF, 0x5BEF, 0x5BEF,
    0x5BEF, 0x5BEF, 0xF9DE, 0x7184, 0x5084, 0x8A42, 0x8200, 0xA300, 0xA300, 0xA300, 0xA300, 0xA300, 0xA300, 0x6200, 0x7444, 0x1B5E,
    0x1B5E, 0x7444, 0x6200, 0xA300, 0xA300, 0xA300, 0xA300, 0x6200, 0x4519, 0x3AE7, 0xA721, 0x9CF7, 0xFFFF, 0xFEFF, 0xFEFF, 0xFEFF,
    0xFEFF, 0xFEFF, 0xFFFF, 0xFFFF, 0xFFFF, 0xFEFF, 0xE731, 0x6200, 0xA300, 0xA300, 0xA300, 0xA300, 0xA300, 0x6200, 0x7444, 0x1B5E,
    0x1B5E, 0x7444, 0x6200, 0xA300, 0xA300, 0xA300, 0xA300, 0x6200, 0x2511, 0x78CE, 0xA621, 0xF9DE, 0x7CEF, 0x7BEF, 0x7BEF, 0x7BEF,
    0x7BEF, 0x7CEF, 0xFADE, 0x5084, 0x307C, 0x8A42, 0x8200, 0xA300, 0xA300, 0xA300, 0xA300, 0xA300, 0xA300, 0x6200, 0x7444, 0x1B5E,
    0x1B5E, 0x7444, 0x6200, 0xA300, 0xA300, 0xA300, 0xA300, 0xA300, 0xA300, 0x0409, 0xA300, 0x0411, 0x0411, 0x0411, 0x0411, 0x0411,
    0x0411, 0x0511, 0xC308, 0x0100, 0x0100, 0x4100, 0xA300, 0xA300, 0xA300, 0xA300, 0xA300, 0xA300, 0xA300, 0x6200, 0x7444, 0x1B5E,
    0x1B5E, 0x7444, 0x6200, 0xA300, 0xA300, 0xA300, 0xA300, 0xA300, 0xA300, 0x8200, 0xA300, 0x8200, 0x8200, 0x8200, 0x8200, 0x8200,
    0x8200, 0x8200, 0x8200, 0xC300, 0xC300, 0xA300, 0xA300, 0xA300, 0xA300, 0xA300, 0xA300, 0xA300, 0xA300, 0x6200, 0x7444, 0x1B5E,
    0x1B5E, 0x7444, 0x6200, 0xA300, 0xA300, 0xA300, 0xA300, 0xA300, 0xA300, 0xA300, 0x8200, 0x8200, 0x8200, 0xA300, 0xC300, 0xC300,
    0xC300, 0xA300, 0xA300, 0xA300, 0xA300, 0xA300, 0xA300, 0xA300, 0xA300, 0xA300, 0xA300, 0xA300, 0xA300, 0x6200, 0x7444, 0x1B5E,
    0x1B5E, 0x7444, 0x6200, 0xA300, 0xA300, 0xA300, 0xA300, 0xA300, 0xA300, 0xA300, 0xE400, 0xE400, 0xE400, 0xA300, 0x2000, 0x2100,
    0x2000, 0x6200, 0xA300, 0xA300, 0xA300, 0xA300, 0xA300, 0xA300, 0xA300, 0xA300, 0xA300, 0xA300, 0xA300, 0x6200, 0x7444, 0x1B5E,
    0x1B5E, 0x7444, 0x6200, 0xA300, 0xA300, 0xA300, 0xA300, 0xA300, 0x8200, 0xE400, 0x374D, 0x9955, 0xB955, 0x174D, 0x9033, 0x9033,
    0xD133, 0x291A, 0x6200, 0xA300, 0xA300, 0xA300, 0xA300, 0xA300, 0xA300, 0xA300, 0xA300, 0xA300, 0xA300, 0x6200, 0x7444, 0x1B5E,
    0x1B5E, 0x7444, 0x6200, 0xA300, 0xA300, 0xA300, 0xA300, 0xA300, 0x8200, 0xE400, 0x374D, 0xB955, 0x9955, 0xF644, 0x6F33, 0x6F33,
    0xB133, 0x091A, 0x6200, 0xA300, 0xA300, 0xA300, 0xA300, 0xA300, 0xA300, 0xA300, 0xA300, 0xA300, 0xA300, 0x6200, 0x7444, 0x1B5E,
    0x1B5E, 0x7444, 0x6200, 0xA300, 0xA300, 0xA300, 0xA300, 0xA300, 0xA300, 0xA300, 0xE400, 0xC300, 0x4609, 0x0401, 0x6200, 0x8200,
    0x8200, 0x6200, 0x8200, 0xA300, 0xA300, 0xA300, 0xA300, 0xA300, 0xA300, 0xA300, 0xA300, 0xA300, 0xA300, 0x6200, 0x7444, 0x1B5E,
    0x1B5E, 0x7444, 0x6200, 0xA300, 0xA300, 0xA300, 0xA300, 0xA300, 0x8300, 0x8200, 0x2100, 0x2E2B, 0x9955, 0x784D, 0x9955, 0x9955,
    0xB955, 0x164D, 0x4609, 0x4100, 0x8300, 0x8200, 0x8200, 0x8200, 0xA300, 0xA300, 0xA300, 0xA300, 0xA300, 0x6200, 0x7444, 0x1B5E,
    0x1B5E, 0x7444, 0x6200, 0xA300, 0xA300, 0xA300, 0xA300, 0x8300, 0xC400, 0xC300, 0x4E2B, 0x3B5E, 0xFA55, 0xFA55, 0xFA55, 0xFA55,
    0xDA55, 0x1B5E, 0x374D, 0x6611, 0xE400, 0xE400, 0xE400, 0xC300, 0x8300, 0xA300, 0xA300, 0xA300, 0xA300, 0x6200, 0x7444, 0x1B5E,
    0x1B5E, 0x7444, 0x6200, 0xA300, 0xA300, 0xA300, 0xA300, 0x4100, 0x0D2B, 0xDA55, 0xDA55, 0xDA55, 0xBA55, 0xDA55, 0xDA55, 0xDA55,
    0xDA55, 0xB955, 0xFA55, 0xB955, 0x784D, 0x584D, 0xDA55, 0x0E2B, 0x4100, 0xA300, 0xA300, 0xA300, 0xA300, 0x6200, 0x7444, 0x1B5E,
    0x1B5E, 0x7444, 0x6200, 0xA300, 0xA300, 0xA300, 0xA300, 0x4100, 0x4F2B, 0x7D5E, 0xDA55, 0xFA55, 0xFA55, 0xFA55, 0xFA55, 0xFA55,
    0xFA55, 0xFA55, 0xDA55, 0xFA55, 0xFB5D, 0xFA55, 0x7D5E, 0x4F2B, 0x4100, 0xA300, 0xA300, 0xA300, 0xA300, 0x6200, 0x7444, 0x1B5E,
    0x1B5E, 0x7444, 0x6200, 0xA300, 0xA300, 0xA300, 0xA300, 0x4100, 0xED22, 0xB955, 0x584D, 0x784D, 0x7855, 0x7855, 0x7855, 0x7855,
    0x7855, 0x7855, 0x7855, 0x784D, 0x584D, 0x574D, 0xB955, 0xED22, 0x4100, 0xA300, 0xA300, 0xA300, 0xA300, 0x6200, 0x7444, 0x1B5E,
    0x1B5E, 0x7444, 0x6200, 0xA300, 0xA300, 0xA300, 0xA300, 0x8200, 0x0509, 0x4609, 0x4609, 0x2509, 0xE400, 0xE400, 0xE400, 0xE400,
    0xE400, 0xE400, 0xE400, 0xE400, 0x2509, 0x4609, 0x4609, 0x0509, 0x8200, 0xA300, 0xA300, 0xA300, 0xA300, 0x6200, 0x7444, 0x1B5E,
    0x1B5E, 0x7444, 0x6200, 0xA300, 0xA300, 0xA300, 0xA300, 0x4100, 0x4A1A, 0xDA55, 0xDA55, 0x4A1A, 0x4100, 0x8300, 0x8200, 0x8200,
    0x8200, 0x8200, 0x8300, 0x4100, 0x4A1A, 0xDA55, 0xDA55, 0x4A1A, 0x4100, 0xA300, 0xA300, 0xA300, 0xA300, 0x6200, 0x7444, 0x1B5E,
    0x1B5E, 0x7444, 0x6200, 0xA300, 0xA300, 0xA300, 0xA300, 0x8300, 0xA300, 0xCC22, 0xCC22, 0xA300, 0xA300, 0xA300, 0xA300, 0xA300,
    0xA300, 0xA300, 0xA300, 0xA300, 0xA300, 0xCC22, 0xCC22, 0xA300, 0x8300, 0xA300, 0xA300, 0xA300, 0xA300, 0x6200, 0x7444, 0x1B5E,
    0x1B5E, 0x7444, 0x6200, 0xC300, 0xA300, 0xA300, 0xA300, 0xA300, 0xA300, 0x4100, 0x4100, 0xA300, 0xA300, 0xA300, 0xA300, 0xA300,
    0xA300, 0xA300, 0xA300, 0xA300, 0xA300, 0x4100, 0x4100, 0xA300, 0xA300, 0xA300, 0xA300, 0xA300, 0xC300, 0x6200, 0x7444, 0x1B5E,
    0x1B5E, 0x743C, 0x0000, 0x6200, 0x6200, 0x6200, 0x6200, 0x6200, 0x6200, 0x6200, 0x6200, 0x6200, 0x6200, 0x6200, 0x6200, 0x6200,
    0x6200, 0x6200, 0x6200, 0x6200, 0x6200, 0x6200, 0x6200, 0x6200, 0x6200, 0x6200, 0x6200, 0x6200, 0x6200, 0x0000, 0x743C, 0x1B5E,
    0xFA55, 0x7855, 0x7444, 0x9444, 0x7444, 0x7444, 0x7444, 0x7444, 0x7444, 0x7444, 0x7444, 0x7444, 0x7444, 0x7444, 0x7444, 0x7444,
    0x7444, 0x7444, 0x7444, 0x7444, 0x7444, 0x7444, 0x7444, 0x7444, 0x7444, 0x7444, 0x7444, 0x7444, 0x9444, 0x7444, 0x7855, 0xFA55,
    0xDA55, 0xDA55, 0x1B5E, 0x1B5E, 0x1B5E, 0x1B5E, 0x1B5E, 0x1B5E, 0x1B5E, 0x1B5E, 0x1B5E, 0x1B5E, 0x1B5E, 0x1B5E, 0x1B5E, 0x1B5E,
    0x1B5E, 0x1B5E, 0x1B5E, 0x1B5E, 0x1B5E, 0x1B5E, 0x1B5E, 0x1B5E, 0x1B5E, 0x1B5E, 0x1B5E, 0x1B5E, 0x1B5E, 0x1B5E, 0xDA55, 0xDA55
};

const uint16_t icon_flame_sentry_stratagem_icon_background[] PROGMEM = {
    0xAA6C, 0xCA6C, 0xEB6C, 0xEB6C, 0xEB6C, 0xEB6C, 0xEB6C, 0xEB6C, 0xEB6C, 0xEB6C, 0xEB6C, 0xEB6C, 0xEB6C, 0xEB6C, 0xEB6C, 0xEB6C,
    0xEB6C, 0xEB6C, 0xEB6C, 0xEB6C, 0xEB6C, 0xEB6C, 0xEB6C, 0xEB6C, 0xEB6C, 0xEB6C, 0xEB6C, 0xEB6C, 0xEB6C, 0xEB6C, 0xCA6C, 0xAA6C,
    0xCA6C, 0x6A64, 0xA84B, 0xA853, 0xA853, 0xA853, 0xA853, 0xA853, 0xA853, 0xA853, 0xA853, 0xA853, 0xA853, 0xA853, 0xA853, 0xA853,
    0xA853, 0xA853, 0xA853, 0xA853, 0xA853, 0xA853, 0xA853, 0xA853, 0xA853, 0xA853, 0xA853, 0xA853, 0xA853, 0xA84B, 0x6A64, 0xCA6C,
    0xEB6C, 0xA753, 0x6000, 0xA000, 0x8000, 0x8000, 0x8000, 0x8000, 0x8000, 0x8000, 0x8000, 0x8000, 0x8000, 0x8000, 0x8000, 0x8000,
    0x8000, 0x8000, 0x8000, 0x8000, 0x8000, 0x8000, 0x8000, 0x8000, 0x8000, 0x8000, 0x8000, 0x8000, 0xA000, 0x6000, 0xA753, 0xEB6C,
    0xEB6C, 0xA853, 0xA000, 0xC008, 0xC008, 0xC008, 0xC008, 0xC008, 0xC008, 0xC008, 0xE008, 0xE008, 0xE008, 0xE008, 0xE008, 0xE008,
    0xC008, 0xC008, 0xC008, 0xE008, 0xE008, 0xE008, 0xE008, 0xE008, 0xE008, 0xE008, 0xE008, 0xE008, 0xC008, 0xA000, 0xA853, 0xEB6C,
    0xEB6C, 0xA853, 0x8000, 0xC008, 0xC008, 0xC008, 0xC008, 0xC008, 0xC008, 0x8000, 0x6000, 0x8000, 0x8000, 0x8000, 0x8000, 0x8000,
    0xA000, 0xC008, 0xA000, 0x6000, 0x6000, 0x8000, 0x8000, 0x8000, 0x8000, 0x8000, 0x8000, 0x8000, 0xC008, 0x8000, 0xA853, 0xEB6C,
    0xEB6C, 0xA853, 0x8000, 0xC008, 0xC008, 0xC008, 0xC008, 0xC008, 0x8000, 0x232A, 0xE63A, 0xA532, 0xC53A, 0xA53A, 0x8432, 0xE321,
    0x0111, 0x6000, 0xA219, 0x0643, 0xC53A, 0xA53A, 0xC53A, 0xA53A, 0xC53A, 0xA53A, 0xC53A, 0xA532, 0xE008, 0x8000, 0xA853, 0xEB6C,
    0xEB6C, 0xA853, 0x8000, 0xC008, 0xC008, 0xC008, 0xC008, 0xA000, 0x2211, 0x6219, 0x6964, 0x2C75, 0xEB6C, 0x0B75, 0xEB6C, 0xEB6C,
    0x6A64, 0x2643, 0x6219, 0x6432, 0x0B75, 0x0B75, 0xEB6C, 0xEB74, 0xEB74, 0xEB74, 0x0B75, 0xAA6C, 0x0009, 0x8000, 0xA853, 0xEB6C,
    0xEB6C, 0xA853, 0x8000, 0xC008, 0xC008, 0xC008, 0xE008, 0x4000, 0xE952, 0x32A5, 0xA000, 0x095C, 0xEB6C, 0x8A64, 0xAA6C, 0xAA6C,
    0xCA6C, 0xEB74, 0x8A64, 0xC221, 0x6111, 0x8A64, 0xCA6C, 0xAA6C, 0xAA6C, 0xAA6C, 0xCA6C, 0x6A64, 0x0009, 0x8000, 0xA853, 0xEB6C,
    0xEB6C, 0xA853, 0x8000, 0xC008, 0xC008, 0xC008, 0xE008, 0x6000, 0x8742, 0xFFFF, 0xF19C, 0xC000, 0x295C, 0xEB74, 0xAA64, 0xAA6C,
    0xAA6C, 0xAA64, 0xCA6C, 0x0B75, 0x0322, 0xA219, 0x8A64, 0x6964, 0x6A64, 0x6A64, 0x8A64, 0x295C, 0x0009, 0x8000, 0xA853, 0xEB6C,
    0xEB6C, 0xA853, 0x8000, 0xC008, 0xC008, 0xC008, 0xE008, 0x6000, 0x8742, 0xFEFF, 0xFFFF, 0xF19C, 0xC000, 0x295C, 0xEB6C, 0xAA64,
    0xAA6C, 0xAA6C, 0xAA6C, 0xAA6C, 0xEB6C, 0xA219, 0xC008, 0x0111, 0x0009, 0x0009, 0x0009, 0x0009, 0xC008, 0x8000, 0xA853, 0xEB6C,
    0xEB6C, 0xA853, 0x8000, 0xC008, 0xC008, 0xC008, 0xE008, 0x2000, 0xC84A, 0xFFFF, 0xDCFF, 0xFFFF, 0xB094, 0x2111, 0x8A6C, 0xCB6C,
    0xAA64, 0xAA6C, 0xAA6C, 0xAA6C, 0xCB6C, 0x085C, 0xA000, 0xA000, 0xA000, 0xA000, 0xA000, 0xA000, 0xC008, 0x8000, 0xA853, 0xEB6C,
    0xEB6C, 0xA853, 0x8000, 0xC008, 0xC008, 0xE008, 0x6000, 0xA321, 0xFADE, 0xFEFF, 0xDDFF, 0xFEFF, 0x3AE7, 0x8000, 0xC000, 0x295C,
    0xEB6C, 0xAA64, 0xAA6C, 0xAA6C, 0xAA64, 0xEB6C, 0x032A, 0x8000, 0xC008, 0xC008, 0xC008, 0xC008, 0xC008, 0x8000, 0xA853, 0xEB6C,
    0xEB6C, 0xA853, 0x8000, 0xC008, 0xE008, 0x6000, 0x8321, 0x1ADF, 0xFFFF, 0xFDFF, 0xFDFF, 0xFFFF, 0x77CE, 0xA74A, 0x908C, 0xE008,
    0x295C, 0xEB74, 0xAA64, 0xAA6C, 0xAA6C, 0xEB6C, 0x474B, 0x8000, 0xC008, 0xC008, 0xC008, 0xC008, 0xC008, 0x8000, 0xA853, 0xEB6C,
    0xEB6C, 0xA853, 0x8000, 0xE008, 0xA000, 0xA429, 0x1ADF, 0xFFFF, 0xDDFF, 0xFEFF, 0xBCF7, 0xDDFF, 0x7BEF, 0x7BEF, 0xFFFF, 0xF19C,
    0xA000, 0x295C, 0xEB74, 0xAA6C, 0xAA6C, 0xCB6C, 0x085C, 0xC008, 0xC008, 0xC008, 0xC008, 0xC008, 0xC008, 0x8000, 0xA853, 0xEB6C,
    0xEB6C, 0xA853, 0x8000, 0xE008, 0x6000, 0xF5BD, 0xFFFF, 0xDCFF, 0xFEFF, 0x9CEF, 0x4A5B, 0x9CF7, 0xFEFF, 0xFEFF, 0xDDFF, 0xFFFF,
    0x52A5, 0xE008, 0x095C, 0xCB6C, 0xAA6C, 0xCA6C, 0x6964, 0x0009, 0xA000, 0xC008, 0xC008, 0xC008, 0xC008, 0x8000, 0xA853, 0xEB6C,
    0xEB6C, 0xA853, 0x8000, 0xE008, 0x8000, 0x36C6, 0xFEFF, 0xFDFF, 0xFFFF, 0xA84A, 0x8321, 0xFFFF, 0xFDFF, 0xFDFF, 0xDDFF, 0xFFFF,
    0xB4AD, 0xE008, 0x085C, 0xCA6C, 0x8A64, 0xAA6C, 0x6964, 0x0009, 0xA000, 0xC008, 0xC008, 0xC008, 0xC008, 0x8000, 0xA853, 0xEB6C,
    0xEB6C, 0xA853, 0x8000, 0xE008, 0x6000, 0x56C6, 0xFFFF, 0xFEFF, 0xAC6B, 0x2000, 0x4219, 0x73AD, 0xDDFF, 0xDDFF, 0xFFFF, 0x16BE,
    0x0009, 0x495C, 0x4C7D, 0x0B75, 0x0B75, 0x0B75, 0xAA6C, 0x0009, 0xA000, 0xC008, 0xC008, 0xC008, 0xC008, 0x8000, 0xA853, 0xEB6C,
    0xEB6C, 0xA853, 0x8000, 0xE008, 0x8000, 0xC852, 0xDDFF, 0xFFFF, 0x2E7C, 0x8000, 0x6000, 0x8321, 0xBCF7, 0xFFFF, 0x98D6, 0x8000,
    0x6111, 0xC53A, 0x6432, 0x6432, 0x6432, 0xC53A, 0xA532, 0xE008, 0xC000, 0xC008, 0xC008, 0xC008, 0xC008, 0x8000, 0xA853, 0xEB6C,
    0xEB6C, 0xA853, 0x8000, 0xC008, 0xE008, 0x4000, 0xC84A, 0xDDF7, 0xFFFF, 0x8B63, 0x0000, 0x4E7C, 0xFFFF, 0xF9DE, 0x4219, 0x442A,
    0xC53A, 0x642A, 0x6432, 0x6432, 0x442A, 0x8000, 0x6000, 0xC008, 0xC008, 0xC008, 0xC008, 0xC008, 0xC008, 0x8000, 0xA853, 0xEB6C,
    0xEB6C, 0xA853, 0x8000, 0xC008, 0xC008, 0xE008, 0x4000, 0xA84A, 0xFFFF, 0xD094, 0x0000, 0xD094, 0xBDF7, 0x6321, 0xA432, 0x2C75,
    0xEB74, 0x0B75, 0x0B75, 0x0B75, 0xCA6C, 0x2111, 0xC000, 0xC008, 0xC008, 0xC008, 0xC008, 0xC008, 0xC008, 0x8000, 0xA853, 0xEB6C,
    0xEB6C, 0xA853, 0x8000, 0xC008, 0xC008, 0xC008, 0xE008, 0x2000, 0x6A63, 0x4E84, 0x0000, 0x4E7C, 0xC84A, 0x2322, 0x2C75, 0xAA6C,
    0xAA6C, 0xAA6C, 0xAA6C, 0xCA6C, 0x6A64, 0x0009, 0xC000, 0xC008, 0xC008, 0xC008, 0xC008, 0xC008, 0xC008, 0x8000, 0xA853, 0xEB6C,
    0xEB6C, 0xA853, 0x8000, 0xC008, 0xC008, 0xC008, 0xC008, 0xC008, 0x8000, 0xE008, 0xA000, 0xA008, 0xE221, 0xAA6C, 0x4964, 0x6964,
    0x6964, 0x6964, 0x4964, 0x6964, 0x295C, 0xE008, 0xA000, 0xC008, 0xC008, 0xC008, 0xC008, 0xC008, 0xC008, 0x8000, 0xA853, 0xEB6C,
    0xEB6C, 0xA853, 0x8000, 0xC008, 0xC008, 0xC008, 0xC008, 0xC008, 0xA000, 0xE008, 0x0009, 0xE008, 0x6119, 0x4111, 0x4111, 0x4111,
    0x4111, 0x4111, 0x4111, 0x4111, 0x4111, 0x0009, 0x0009, 0xA000, 0xC008, 0xC008, 0xC008, 0xC008, 0xC008, 0x8000, 0xA853, 0xEB6C,
    0xEB6C, 0xA853, 0x8000, 0xC008, 0xC008, 0xC008, 0xC008, 0x8000, 0x6432, 0xAA64, 0x6964, 0x6A64, 0x4964, 0x4964, 0x6964, 0x6964,
    0x6964, 0x6964, 0x6964, 0x6964, 0x6964, 0x6964, 0x8A64, 0x6432, 0x8000, 0xC008, 0xC008, 0xC008, 0xC008, 0x8000, 0xA853, 0xEB6C,
    0xEB6C, 0xA853, 0x8000, 0xC008, 0xC008, 0xC008, 0x6000, 0xE321, 0xCA6C, 0xAA6C, 0xAA6C, 0xAA6C, 0xAA6C, 0xAA6C, 0xAA6C, 0xAA6C,
    0xAA6C, 0xAA6C, 0xAA6C, 0xAA6C, 0xAA6C, 0xAA6C, 0xAA6C, 0xCA6C, 0xE321, 0x6000, 0xC008, 0xC008, 0xC008, 0x8000, 0xA853, 0xEB6C,
    0xEB6C, 0xA853, 0x8000, 0xC008, 0xC008, 0xA000, 0xC321, 0xEB6C, 0x0B75, 0xEB6C, 0xEB74, 0xEB74, 0xEB74, 0xEB74, 0xEB74, 0xEB74,
    0xEB74, 0xEB74, 0xEB74, 0xEB74, 0xEB74, 0xEB74, 0xEB6C, 0x0B75, 0xEB6C, 0xC321, 0xA000, 0xC008, 0xC008, 0x8000, 0xA853, 0xEB6C,
    0xEB6C, 0xA853, 0x8000, 0xC008, 0xC008, 0xA000, 0x442A, 0xE53A, 0xA532, 0xC53A, 0xA53A, 0xC53A, 0xC53A, 0xC53A, 0xC53A, 0xC53A,
    0xC53A, 0xC53A, 0xC53A, 0xC53A, 0xC53A, 0xA53A, 0xC53A, 0xA532, 0xE53A, 0x442A, 0xA000, 0xC008, 0xC008, 0x8000, 0xA853, 0xEB6C,
    0xEB6C, 0xA853, 0x8000, 0xC008, 0xC008, 0xC008, 0x8000, 0x6000, 0x8000, 0x8000, 0x8000, 0x8000, 0x8000, 0x8000, 0x8000, 0x8000,
    0x8000, 0x8000, 0x8000, 0x8000, 0x8000, 0x8000, 0x8000, 0x8000, 0x6000, 0x8000, 0xC008, 0xC008, 0xC008, 0x8000, 0xA853, 0xEB6C,
    0xEB6C, 0xA853, 0xA000, 0xC008, 0xC008, 0xC008, 0xE008, 0xE008, 0xE008, 0xE008, 0xE008, 0xE008, 0xE008, 0xE008, 0xE008, 0xE008,
    0xE008, 0xE008, 0xE008, 0xE008, 0xE008, 0xE008, 0xE008, 0xE008, 0xE008, 0xE008, 0xC008, 0xC008, 0xC008, 0xA000, 0xA853, 0xEB6C,
    0xEB6C, 0xA753, 0x6000, 0xA000, 0x8000, 0x8000, 0x8000, 0x8000, 0x8000, 0x8000, 0x8000, 0x8000, 0x8000, 0x8000, 0x8000, 0x8000,
    0x8000, 0x8000, 0x8000, 0x8000, 0x8000, 0x8000, 0x8000, 0x8000, 0x8000, 0x8000, 0x8000, 0x8000, 0xA000, 0x6000, 0xA753, 0xEB6C,
    0xCA6C, 0x6A64, 0xA84B, 0xA853, 0xA853, 0xA853, 0xA853, 0xA853, 0xA853, 0xA853, 0xA853, 0xA853, 0xA853, 0xA853, 0xA853, 0xA853,
    0xA853, 0xA853, 0xA853, 0xA853, 0xA853, 0xA853, 0xA853, 0xA853, 0xA853, 0xA853, 0xA853, 0xA853, 0xA853, 0xA84B, 0x6A64, 0xCA6C,
    0xAA6C, 0xCA6C, 0xEB6C, 0xEB6C, 0xEB6C, 0xEB6C, 0xEB6C, 0xEB6C, 0xEB6C, 0xEB6C, 0xEB6C, 0xEB6C, 0xEB6C, 0xEB6C, 0xEB6C, 0xEB6C,
    0xEB6C, 0xEB6C, 0xEB6C, 0xEB6C, 0xEB6C, 0xEB6C, 0xEB6C, 0xEB6C, 0xEB6C, 0xEB6C, 0xEB6C, 0xEB6C, 0xEB6C, 0xEB6C, 0xCA6C, 0xAA6C
};

const uint16_t icon_flamethrower_stratagem_icon_background[] PROGMEM = {
    0xDA55, 0xDA55, 0x1B5E, 0x1B5E, 0x1B5E, 0x1B5E, 0x1B5E, 0x1B5E, 0x1B5E, 0x1B5E, 0x1B5E, 0x1B5E, 0x1B5E, 0x1B5E, 0x1B5E, 0x1B5E,
    0x1B5E, 0x1B5E, 0x1B5E, 0x1B5E, 0x1B5E, 0x1B5E, 0x1B5E, 0x1B5E, 0x1B5E, 0x1B5E, 0x1B5E, 0x1B5E, 0x1B5E, 0x1B5E, 0xDA55, 0xDA55,
    0xFA55, 0x7855, 0x7444, 0x9444, 0x7444, 0x7444, 0x7444, 0x7444, 0x7444, 0x7444, 0x7444, 0x7444, 0x7444, 0x7444, 0x7444, 0x7444,
    0x7444, 0x7444, 0x7444, 0x7444, 0x7444, 0x7444, 0x7444, 0x7444, 0x7444, 0x7444, 0x7444, 0x7444, 0x9444, 0x7444, 0x7855, 0xFA55,
    0x1B5E, 0x743C, 0x0000, 0x6200, 0x6200, 0x6200, 0x6200, 0x6200, 0x6200, 0x6200, 0x6200, 0x6200, 0x6200, 0x6200, 0x6200, 0x6200,
    0x6200, 0x6200, 0x6200, 0x6200, 0x6200, 0x6200, 0x6200, 0x6200, 0x6200, 0x6200, 0x6200, 0x6200, 0x6200, 0x0000, 0x743C, 0x1B5E,
    0x1B5E, 0x7444, 0x6200, 0xC300, 0xA300, 0xA300, 0xA300, 0xA300, 0xA300, 0xA300, 0xA300, 0xA300, 0xA300, 0xA300, 0xA300, 0xC300,
    0xA300, 0xA300, 0xA300, 0xA300, 0xA300, 0xA300, 0xA300, 0xA300, 0xA300, 0xA300, 0xA300, 0xA300, 0xC300, 0x6200, 0x7444, 0x1B5E,
    0x1B5E, 0x7444, 0x6200, 0xA300, 0xA300, 0xA300, 0xA300, 0xA300, 0xA300, 0xA300, 0xA300, 0xA300, 0xA300, 0xA300, 0xA300, 0x4200,
    0x8300, 0xA300, 0xA300, 0xA300, 0xA300, 0xA300, 0xA300, 0xA300, 0xA300, 0xA300, 0xA300, 0xA300, 0xA300, 0x6200, 0x7444, 0x1B5E,
    0x1B5E, 0x7444, 0x6200, 0xA300, 0xA300, 0xA300, 0xA300, 0xA300, 0xA300, 0xA300, 0xA300, 0xA300, 0xA300, 0xA300, 0xA300, 0x4C5B,
    0xA300, 0x8200, 0xA300, 0xA300, 0xA300, 0xA300, 0xA300, 0xA300, 0xA300, 0xA300, 0xA300, 0xA300, 0xA300, 0x6200, 0x7444, 0x1B5E,
    0x1B5E, 0x7444, 0x6200, 0xA300, 0xA300, 0xA300, 0xA300, 0xA300, 0xA300, 0xA300, 0xA300, 0xA300, 0xA300, 0xA300, 0x4100, 0xB8D6,
    0x74AD, 0x2100, 0x8200, 0xA300, 0xA300, 0xA300, 0xA300, 0xA300, 0xA300, 0xA300, 0xA300, 0xA300, 0xA300, 0x6200, 0x7444, 0x1B5E,
    0x1B5E, 0x7444, 0x6200, 0xA300, 0xA300, 0xA300, 0xA300, 0xA300, 0xA300, 0xA300, 0xA300, 0xA300, 0xA300, 0xA300, 0x4100, 0xF6B5,
    0xFFFF, 0x139D, 0x8200, 0xA300, 0xA300, 0xA300, 0xA300, 0xA300, 0xA300, 0xA300, 0xA300, 0xA300, 0xA300, 0x6200, 0x7444, 0x1B5E,
    0x1B5E, 0x7444, 0x6200, 0xA300, 0xA300, 0xA300, 0xA300, 0xA300, 0xA300, 0xA300, 0xA300, 0xA300, 0xA300, 0x8300, 0x4200, 0x98CE,
    0xDEFF, 0xFFFF, 0x2C53, 0x0000, 0xC300, 0xA300, 0xA300, 0xA300, 0xA300, 0xA300, 0xA300, 0xA300, 0xA300, 0x6200, 0x7444, 0x1B5E,
    0x1B5E, 0x7444, 0x6200, 0xA300, 0xA300, 0xA300, 0xA300, 0xA300, 0xA300, 0xA300, 0xA300, 0xA300, 0x8300, 0x4100, 0x139D, 0xFEFF,
    0xFDFF, 0xFFFF, 0xAE6B, 0xE731, 0x8300, 0xA300, 0xA300, 0xA300, 0xA300, 0xA300, 0xA300, 0xA300, 0xA300, 0x6200, 0x7444, 0x1B5E,
    0x1B5E, 0x7444, 0x6200, 0xA300, 0xA300, 0xA300, 0xA300, 0xA300, 0xA300, 0xA300, 0xA300, 0xA300, 0x6200, 0x139D, 0xFFFF, 0xFEFF,
    0x5BE7, 0x9CEF, 0x54A5, 0xF6BD, 0x8200, 0xA300, 0xA300, 0xA300, 0xA300, 0xA300, 0xA300, 0xA300, 0xA300, 0x6200, 0x7444, 0x1B5E,
    0x1B5E, 0x7444, 0x6200, 0xA300, 0xA300, 0xA300, 0xA300, 0xA300, 0xA300, 0xA300, 0xA300, 0x8200, 0x2511, 0xBCF7, 0xFFFF, 0xFADE,
    0x0832, 0x9CEF, 0xBCF7, 0xDDFF, 0x8621, 0x6200, 0xA300, 0xA300, 0xA300, 0xA300, 0xA300, 0xA300, 0xA300, 0x6200, 0x7444, 0x1B5E,
    0x1B5E, 0x7444, 0x6200, 0xA300, 0xA300, 0xA300, 0xA300, 0xA300, 0xA300, 0xA300, 0xA300, 0x8200, 0x0411, 0xBCF7, 0xB9D6, 0x4519,
    0x2100, 0xD5B5, 0xFEFF, 0xFFFF, 0xEF73, 0x2100, 0xC300, 0xA300, 0xA300, 0xA300, 0xA300, 0xA300, 0xA300, 0x6200, 0x7444, 0x1B5E,
    0x1B5E, 0x7444, 0x6200, 0xA300, 0xA300, 0xA300, 0xA300, 0xA300, 0xA300, 0xA300, 0xA300, 0x8200, 0xC308, 0x9CEF, 0x17BE, 0x6200,
    0x8200, 0xA300, 0xD9D6, 0xFFFF, 0x2C5B, 0x4100, 0xA300, 0xA300, 0xA300, 0xA300, 0xA300, 0xA300, 0xA300, 0x6200, 0x7444, 0x1B5E,
    0x1B5E, 0x7444, 0x6200, 0xA300, 0xA300, 0xA300, 0xA300, 0xA300, 0xA300, 0xA300, 0xA300, 0xA300, 0x6200, 0xE831, 0xFEFF, 0x95AD,
    0x0000, 0x6D63, 0xFFFF, 0x6D63, 0x2100, 0xA300, 0xA300, 0xA300, 0xA300, 0xA300, 0xA300, 0xA300, 0xA300, 0x6200, 0x7444, 0x1B5E,
    0x1B5E, 0x7444, 0x6200, 0xA300, 0xA300, 0xA300, 0xA300, 0xA300, 0xA300, 0xA300, 0xA300, 0xA300, 0xA300, 0x0100, 0x6942, 0xF6BD,
    0x0000, 0xB18C, 0x307C, 0x0000, 0xA300, 0xA300, 0xA300, 0xA300, 0xA300, 0xA300, 0xA300, 0xA300, 0xA300, 0x6200, 0x7444, 0x1B5E,
    0x1B5E, 0x7444, 0x6200, 0xA300, 0xA300, 0xA300, 0xA300, 0xA300, 0xA300, 0xA300, 0xA300, 0xA300, 0xA300, 0xA300, 0x6200, 0x0411,
    0xA300, 0x2411, 0x6200, 0xA300, 0xA300, 0xA300, 0xA300, 0xA300, 0xA300, 0xA300, 0xA300, 0xA300, 0xA300, 0x6200, 0x7444, 0x1B5E,
    0x1B5E, 0x7444, 0x6200, 0xA300, 0xA300, 0xA300, 0xA300, 0xA300, 0xA300, 0xA300, 0xA300, 0xA300, 0xA300, 0xA300, 0xC300, 0x8300,
    0xA300, 0x8300, 0xA300, 0xA300, 0xA300, 0xA300, 0xA300, 0xA300, 0xA300, 0xA300, 0xA300, 0xA300, 0xA300, 0x6200, 0x7444, 0x1B5E,
    0x1B5E, 0x7444, 0x6200, 0xA300, 0xA300, 0xA300, 0xA300, 0x8200, 0x8200, 0x8200, 0x8200, 0x6200, 0x4100, 0x6200, 0x4100, 0x4100,
    0x4100, 0x4100, 0x4100, 0x8200, 0xA300, 0xA300, 0xA300, 0xA300, 0xA300, 0xA300, 0xA300, 0xA300, 0xA300, 0x6200, 0x7444, 0x1B5E,
    0x1B5E, 0x7444, 0x4100, 0x6200, 0x6200, 0x6200, 0x6200, 0xC400, 0xE400, 0xE400, 0xC300, 0xC811, 0xED22, 0x6709, 0xAC22, 0xAC22,
    0x8B22, 0xAC22, 0x2A1A, 0x0509, 0x8300, 0x2100, 0x4100, 0x2100, 0x2100, 0x2100, 0x4100, 0x4100, 0xA300, 0x6200, 0x7444, 0x1B5E,
    0x1B5E, 0x743C, 0x8300, 0x533C, 0x323C, 0x123C, 0xD133, 0x174D, 0x9955, 0xB955, 0x9955, 0xFA55, 0x3B5E, 0xFA55, 0x7C5E, 0x7D5E,
    0x3B5E, 0x1B5E, 0xFA55, 0x9955, 0xF64C, 0x123C, 0x323C, 0x123C, 0x123C, 0x123C, 0x323C, 0x2E2B, 0xA300, 0x4100, 0x9444, 0x1B5E,
    0x1B5E, 0x743C, 0xA300, 0x5C5E, 0x4F2B, 0x4609, 0x8711, 0x174D, 0xDA55, 0xF64C, 0x174D, 0x164D, 0xDA55, 0xF644, 0x533C, 0x7444,
    0xB955, 0xDA55, 0xBA55, 0xFA55, 0x7444, 0xD133, 0xF133, 0xF133, 0xF133, 0xD133, 0x533C, 0xD544, 0xED22, 0x8200, 0x743C, 0x1B5E,
    0x1B5E, 0x9444, 0x2100, 0x4F2B, 0xB033, 0xA811, 0x4A1A, 0xD544, 0xA711, 0x6200, 0xC300, 0x6200, 0xF133, 0x533C, 0x0000, 0x0000,
    0xED22, 0x1B5E, 0xB955, 0xFB5D, 0xED22, 0x0409, 0x6609, 0x4609, 0x4609, 0x2509, 0x8711, 0x4A1A, 0x6B1A, 0x6200, 0x7444, 0x1B5E,
    0x1B5E, 0x7444, 0x4100, 0x8200, 0x2509, 0x4609, 0x4609, 0xE400, 0x6200, 0xA300, 0xA300, 0x8200, 0xC300, 0x9955, 0xAC22, 0xE919,
    0xF64C, 0xDA55, 0xBA55, 0x1B5E, 0x8B1A, 0x4100, 0xA300, 0x8200, 0x8200, 0x8200, 0x8200, 0x4100, 0x6200, 0x4100, 0x7444, 0x1B5E,
    0x1B5E, 0x7444, 0x6200, 0xA300, 0x8200, 0x6200, 0x6200, 0x8200, 0xA300, 0xA300, 0xA300, 0xA300, 0x4100, 0xAC22, 0x1B5E, 0xDA55,
    0xFA5D, 0x1B5E, 0xB955, 0xC811, 0x8200, 0xA300, 0xA300, 0xA300, 0xA300, 0xA300, 0xA300, 0xA300, 0xC300, 0x6200, 0x7444, 0x1B5E,
    0x1B5E, 0x7444, 0x6200, 0xA300, 0xA300, 0xA300, 0xA300, 0xA300, 0xA300, 0xA300, 0xA300, 0xA300, 0x8200, 0x4609, 0xBA55, 0xFB5D,
    0x1B5E, 0x374D, 0xC811, 0x4100, 0xA300, 0xA300, 0xA300, 0xA300, 0xA300, 0xA300, 0xA300, 0xA300, 0xA300, 0x6200, 0x7444, 0x1B5E,
    0x1B5E, 0x7444, 0x6200, 0xA300, 0xA300, 0xA300, 0xA300, 0xA300, 0xA300, 0xA300, 0xA300, 0xA300, 0xA300, 0x4100, 0x8B22, 0x7855,
    0xB133, 0xC300, 0x4100, 0xA300, 0xA300, 0xA300, 0xA300, 0xA300, 0xA300, 0xA300, 0xA300, 0xA300, 0xA300, 0x6200, 0x7444, 0x1B5E,
    0x1B5E, 0x7444, 0x6200, 0xA300, 0xA300, 0xA300, 0xA300, 0xA300, 0xA300, 0xA300, 0xA300, 0xA300, 0xA300, 0xA300, 0x8200, 0xC300,
    0x6200, 0x8200, 0xA300, 0xA300, 0xA300, 0xA300, 0xA300, 0xA300, 0xA300, 0xA300, 0xA300, 0xA300, 0xA300, 0x6200, 0x7444, 0x1B5E,
    0x1B5E, 0x7444, 0x6200, 0xC300, 0xA300, 0xA300, 0xA300, 0xA300, 0xA300, 0xA300, 0xA300, 0xA300, 0xA300, 0xA300, 0xA300, 0xA300,
    0xA300, 0xA300, 0xA300, 0xA300, 0xA300, 0xA300, 0xA300, 0xA300, 0xA300, 0xA300, 0xA300, 0xA300, 0xC300, 0x6200, 0x7444, 0x1B5E,
    0x1B5E, 0x743C, 0x0000, 0x6200, 0x6200, 0x6200, 0x6200, 0x6200, 0x6200, 0x6200, 0x6200, 0x6200, 0x6200, 0x6200, 0x6200, 0x6200,
    0x6200, 0x6200, 0x6200, 0x6200, 0x6200, 0x6200, 0x6200, 0x6200, 0x6200, 0x6200, 0x6200, 0x6200, 0x6200, 0x0000, 0x743C, 0x1B5E,
    0xFA55, 0x7855, 0x7444, 0x9444, 0x7444, 0x7444, 0x7444, 0x7444, 0x7444, 0x7444, 0x7444, 0x7444, 0x7444, 0x7444, 0x7444, 0x7444,
    0x7444, 0x7444, 0x7444, 0x7444, 0x7444, 0x7444, 0x7444, 0x7444, 0x7444, 0x7444, 0x7444, 0x7444, 0x9444, 0x7444, 0x7855, 0xFA55,
    0xDA55, 0xDA55, 0x1B5E, 0x1B5E, 0x1B5E, 0x1B5E, 0x1B5E, 0x1B5E, 0x1B5E, 0x1B5E, 0x1B5E, 0x1B5E, 0x1B5E, 0x1B5E, 0x1B5E, 0x1B5E,
    0x1B5E, 0x1B5E, 0x1B5E, 0x1B5E, 0x1B5E, 0x1B5E, 0x1B5E, 0x1B5E, 0x1B5E, 0x1B5E, 0x1B5E, 0x1B5E, 0x1B5E, 0x1B5E, 0xDA55, 0xDA55
};

const uint16_t icon_gas_mines_stratagem_icon_background[] PROGMEM = {
    0xAA6C, 0xCA6C, 0xEB6C, 0xEB6C, 0xEB6C, 0xEB6C, 0xEB6C, 0xEB6C, 0xEB6C, 0xEB6C, 0xEB6C, 0xEB6C, 0xEB6C, 0xEB6C, 0xEB6C, 0xEB6C,
    0xEB6C, 0xEB6C, 0xEB6C, 0xEB6C, 0xEB6C, 0xEB6C, 0xEB6C, 0xEB6C, 0xEB6C, 0xEB6C, 0xEB6C, 0xEB6C, 0xEB6C, 0xEB6C, 0xCA6C, 0xAA6C,
    0xCA6C, 0x6A64, 0xA84B, 0xA853, 0xA853, 0xA853, 0xA853, 0xA853, 0xA853, 0xA853, 0xA853, 0xA853, 0xA853, 0xA853, 0xA853, 0xA853,
    0xA853, 0xA853, 0xA853, 0xA853, 0xA853, 0xA853, 0xA853, 0xA853, 0xA853, 0xA853, 0xA853, 0xA853, 0xA853, 0xA84B, 0x6A64, 0xCA6C,
    0xEB6C, 0xA753, 0x6000, 0xA000, 0x8000, 0x8000, 0x8000, 0x8000, 0x8000, 0x8000, 0x8000, 0x8000, 0x8000, 0x8000, 0xA000, 0xA000,
    0xA000, 0xA000, 0x8000, 0x8000, 0x8000, 0x8000, 0x8000, 0x8000, 0x8000, 0x8000, 0x8000, 0x8000, 0xA000, 0x6000, 0xA753, 0xEB6C,
    0xEB6C, 0xA853, 0xA000, 0xC008, 0xC008, 0xC008, 0xC008, 0xC008, 0xC008, 0xC008, 0xC008, 0xC008, 0xC008, 0xE008, 0xA000, 0x6000,
    0x6000, 0xA000, 0xE008, 0xC008, 0xC008, 0xC008, 0xC008, 0xC008, 0xC008, 0xC008, 0xC008, 0xC008, 0xC008, 0xA000, 0xA853, 0xEB6C,
    0xEB6C, 0xA853, 0x8000, 0xC008, 0xC008, 0xC008, 0xC008, 0xC008, 0xC008, 0xC008, 0xC008, 0xC008, 0xC008, 0x6000, 0x8321, 0x2A5B,
    0x2A5B, 0x8321, 0x6000, 0xC008, 0xC008, 0xC008, 0xC008, 0xC008, 0xC008, 0xC008, 0xC008, 0xC008, 0xC008, 0x8000, 0xA853, 0xEB6C,
    0xEB6C, 0xA853, 0x8000, 0xC008, 0xC008, 0xC008, 0xC008, 0xC008, 0xC008, 0xC008, 0xC008, 0xE008, 0x8000, 0xEC73, 0x9DF7, 0xFFFF,
    0xFFFF, 0x9DF7, 0xEC73, 0x8000, 0xE008, 0xC008, 0xC008, 0xC008, 0xC008, 0xC008, 0xC008, 0xC008, 0xC008, 0x8000, 0xA853, 0xEB6C,
    0xEB6C, 0xA853, 0x8000, 0xC008, 0xC008, 0xC008, 0xC008, 0xC008, 0xC008, 0xC008, 0xE008, 0x4000, 0x8742, 0xFFFF, 0xFFFF, 0xFEFF,
    0xFEFF, 0xFFFF, 0xFFFF, 0x8742, 0x4000, 0xE008, 0xC008, 0xC008, 0xC008, 0xC008, 0xC008, 0xC008, 0xC008, 0x8000, 0xA853, 0xEB6C,
    0xEB6C, 0xA853, 0x8000, 0xC008, 0xC008, 0xC008, 0xC008, 0xC008, 0xC008, 0xC008, 0xC008, 0xC110, 0x94AD, 0x1BE7, 0x98CE, 0xD9D6,
    0xD9D6, 0x98CE, 0x1BE7, 0x94AD, 0xC110, 0xC008, 0xC008, 0xC008, 0xC008, 0xC008, 0xC008, 0xC008, 0xC008, 0x8000, 0xA853, 0xEB6C,
    0xEB6C, 0xA853, 0x8000, 0xC008, 0xC008, 0xC008, 0xC008, 0xC008, 0xC008, 0xE008, 0x4000, 0x6A63, 0xFFFF, 0xA74A, 0x8000, 0xC008,
    0xC008, 0x8000, 0xA74A, 0xFFFF, 0x6A63, 0x4000, 0xE008, 0xC008, 0xC008, 0xC008, 0xC008, 0xC008, 0xC008, 0x8000, 0xA853, 0xEB6C,
    0xEB6C, 0xA853, 0x8000, 0xC008, 0xC008, 0xC008, 0xC008, 0xC008, 0xC008, 0xE008, 0x4000, 0x6B63, 0xFFFF, 0x263A, 0x0000, 0x0111,
    0x2111, 0x0000, 0x263A, 0xFFFF, 0x6B63, 0x4000, 0xE008, 0xC008, 0xC008, 0xC008, 0xC008, 0xC008, 0xC008, 0x8000, 0xA853, 0xEB6C,
    0xEB6C, 0xA853, 0x8000, 0xC008, 0xC008, 0xC008, 0xC008, 0xC008, 0xC008, 0xE008, 0x4000, 0x6A63, 0xFFFF, 0xD094, 0x684A, 0x53A5,
    0x73A5, 0x684A, 0xD094, 0xFFFF, 0x6A63, 0x4000, 0xE008, 0xC008, 0xC008, 0xC008, 0xC008, 0xC008, 0xC008, 0x8000, 0xA853, 0xEB6C,
    0xEB6C, 0xA853, 0x8000, 0xC008, 0xC008, 0xC008, 0xC008, 0xC008, 0xC008, 0xC008, 0xC000, 0xE110, 0xD4B5, 0xFFFF, 0x57C6, 0x15BE,
    0x15BE, 0x57C6, 0xFFFF, 0xD4B5, 0xE110, 0xC000, 0xC008, 0xC008, 0xC008, 0xC008, 0xC008, 0xC008, 0xC008, 0x8000, 0xA853, 0xEB6C,
    0xEB6C, 0xA853, 0x8000, 0xC008, 0xC008, 0xC008, 0xC008, 0xC008, 0xC008, 0xC008, 0xC008, 0x8000, 0x6000, 0x94AD, 0x78CE, 0xB4B5,
    0xB4B5, 0x78CE, 0x94AD, 0x6000, 0x8000, 0xC008, 0xC008, 0xC008, 0xC008, 0xC008, 0xC008, 0xC008, 0xC008, 0x8000, 0xA853, 0xEB6C,
    0xEB6C, 0xA853, 0x8000, 0xC008, 0xC008, 0xC008, 0xC008, 0xC008, 0xC008, 0xC008, 0xA000, 0x0111, 0x94AD, 0x2E7C, 0x78CE, 0x56C6,
    0x77CE, 0x77CE, 0x6F84, 0x32A5, 0xA000, 0xC008, 0xC008, 0xC008, 0xC008, 0xC008, 0xC008, 0xC008, 0xC008, 0x8000, 0xA853, 0xEB6C,
    0xEB6C, 0xA853, 0x8000, 0xC008, 0xC008, 0xC008, 0xC008, 0xC008, 0xC008, 0xC008, 0xC008, 0x8000, 0xED73, 0xFFFF, 0x4F84, 0xED73,
    0xED73, 0x32A5, 0xFFFF, 0x2A5B, 0x8000, 0xC008, 0xC008, 0xC008, 0xC008, 0xC008, 0xC008, 0xC008, 0xC008, 0x8000, 0xA853, 0xEB6C,
    0xEB6C, 0xA853, 0x8000, 0xC008, 0xC008, 0xC008, 0xC008, 0xC008, 0xC008, 0xC008, 0xC008, 0xC008, 0x0000, 0xCC73, 0x97CE, 0x4000,
    0xE008, 0xD9D6, 0x0953, 0x2000, 0xC008, 0xC008, 0xC008, 0xC008, 0xC008, 0xC008, 0xC008, 0xC008, 0xC008, 0x8000, 0xA853, 0xEB6C,
    0xEB6C, 0xA853, 0x8000, 0xC008, 0xC008, 0xC008, 0xC008, 0xC008, 0xC008, 0xC008, 0xC008, 0xC008, 0xC008, 0x8000, 0x6219, 0xA000,
    0xC008, 0x6219, 0x8000, 0xC008, 0xC008, 0xC008, 0xC008, 0xC008, 0xC008, 0xC008, 0xC008, 0xC008, 0xC008, 0x8000, 0xA853, 0xEB6C,
    0xEB6C, 0xA853, 0x8000, 0xC008, 0xC008, 0xC008, 0xC008, 0xC008, 0xC008, 0xC008, 0xC008, 0xC008, 0xC008, 0xC008, 0xA000, 0x6219,
    0x4219, 0xA000, 0xE008, 0xC008, 0xC008, 0xC008, 0xC008, 0xC008, 0xC008, 0xC008, 0xC008, 0xC008, 0xC008, 0x8000, 0xA853, 0xEB6C,
    0xEB6C, 0xA853, 0x8000, 0xC008, 0xC008, 0xC008, 0xC008, 0xC008, 0xC008, 0xC008, 0xC000, 0xA000, 0xA000, 0x8000, 0x0111, 0xB8D6,
    0xB8D6, 0x0111, 0x8000, 0xA000, 0xA000, 0xC000, 0xC008, 0xC008, 0xC008, 0xC008, 0xC008, 0xC008, 0xC008, 0x8000, 0xA853, 0xEB6C,
    0xEB6C, 0xA853, 0x8000, 0xC008, 0xC008, 0xC008, 0xC008, 0xC008, 0xC008, 0xC008, 0xC008, 0x2211, 0x2111, 0x2111, 0x4219, 0xC429,
    0xC429, 0x4219, 0x2111, 0x2111, 0x2211, 0xC008, 0xC008, 0xC008, 0xC008, 0xC008, 0xC008, 0xC008, 0xC008, 0x8000, 0xA853, 0xEB6C,
    0xEB6C, 0xA853, 0x8000, 0xC008, 0xC008, 0xC008, 0xC008, 0xC008, 0xE008, 0x4000, 0xED73, 0xBEF7, 0x9CF7, 0xBCF7, 0xBCF7, 0x9BEF,
    0x9BEF, 0xBCF7, 0xBCF7, 0x9CF7, 0xBEF7, 0xED73, 0x4000, 0xE008, 0xC008, 0xC008, 0xC008, 0xC008, 0xC008, 0x8000, 0xA853, 0xEB6C,
    0xEB6C, 0xA853, 0x8000, 0xC008, 0xC008, 0xC008, 0xC008, 0xC008, 0xC008, 0x2000, 0x2E7C, 0x9DEF, 0x7BEF, 0x9BEF, 0x9BEF, 0x9CF7,
    0x9CF7, 0x9BEF, 0x9BEF, 0x7BEF, 0x9DEF, 0x2E7C, 0x2000, 0xC008, 0xC008, 0xC008, 0xC008, 0xC008, 0xC008, 0x8000, 0xA853, 0xEB6C,
    0xEB6C, 0xA853, 0x8000, 0xC008, 0xC008, 0xC008, 0xC008, 0xC000, 0x0111, 0x2211, 0x6219, 0xA421, 0xA321, 0xA321, 0xA321, 0x8321,
    0x8321, 0xA321, 0xA321, 0xA321, 0xA421, 0x6219, 0x2211, 0xE008, 0xC000, 0xC008, 0xC008, 0xC008, 0xC008, 0x8000, 0xA853, 0xEB6C,
    0xEB6C, 0xA853, 0x8000, 0xC008, 0xC008, 0xC008, 0xE008, 0x4000, 0x2E7C, 0x7DEF, 0x5AEF, 0x7BEF, 0x5BEF, 0x5AE7, 0x7BEF, 0xFDFF,
    0xFDFF, 0x7BEF, 0x5AE7, 0x5BEF, 0x7BEF, 0x5BEF, 0x7DEF, 0x4A63, 0x6000, 0xE008, 0xC008, 0xC008, 0xC008, 0x8000, 0xA853, 0xEB6C,
    0xEB6C, 0xA853, 0x8000, 0xC008, 0xC008, 0xC008, 0xA000, 0x0000, 0x8F8C, 0xFFFF, 0xFEFF, 0xFEFF, 0xFFFF, 0xFFFF, 0xDDFF, 0x129D,
    0xF19C, 0xDDFF, 0xFFFF, 0xFFFF, 0xFEFF, 0xFEFF, 0xFFFF, 0xAB6B, 0x0000, 0xA000, 0xC008, 0xC008, 0xC008, 0x8000, 0xA853, 0xEB6C,
    0xEB6C, 0xA853, 0xA000, 0xC008, 0x8000, 0xA000, 0x0322, 0xE321, 0x6319, 0x0E7C, 0x1AE7, 0xFFFF, 0x3AE7, 0x2F7C, 0x8321, 0x8111,
    0x8111, 0x8321, 0x0E7C, 0x1AE7, 0xFFFF, 0x3AE7, 0x2F84, 0x4219, 0xE321, 0x032A, 0xA000, 0x8000, 0xC008, 0xA000, 0xA853, 0xEB6C,
    0xEB6C, 0xA853, 0x4000, 0xE008, 0x442A, 0xE853, 0xCB6C, 0xEB6C, 0xC853, 0xC219, 0x6219, 0xA84A, 0x6219, 0xC219, 0xC753, 0xEB74,
    0xEB74, 0xC853, 0xC219, 0x6219, 0xA84A, 0x6219, 0xC219, 0xC853, 0xEB6C, 0xEB6C, 0xE853, 0x442A, 0xE008, 0x4000, 0xA853, 0xEB6C,
    0xEB6C, 0xA853, 0x6432, 0x495C, 0xEB6C, 0xCB6C, 0xAA6C, 0xAA64, 0xEB6C, 0x0B75, 0x085C, 0xA432, 0x085C, 0x0B75, 0xEB6C, 0xAA6C,
    0xAA6C, 0xEB6C, 0x0B75, 0x085C, 0xA432, 0x085C, 0x0B75, 0xEB6C, 0xAA6C, 0xAA6C, 0xCB6C, 0xEB6C, 0x4964, 0x6432, 0xA853, 0xEB6C,
    0xCB6C, 0xE85B, 0x8A64, 0x0B75, 0xAA6C, 0xCA6C, 0xCA6C, 0xCA6C, 0xCA6C, 0xAA6C, 0xEB6C, 0x2C75, 0xEB6C, 0xAA6C, 0xCA6C, 0xCA6C,
    0xCA6C, 0xCA6C, 0xAA6C, 0xEB6C, 0x2C75, 0xEB6C, 0xAA6C, 0xCA6C, 0xCA6C, 0xCA6C, 0xCA6C, 0xAA6C, 0x0B75, 0x8A64, 0xE85B, 0xCB6C,
    0xCB6C, 0xE853, 0xC853, 0x4964, 0x495C, 0x495C, 0x495C, 0x495C, 0x495C, 0x495C, 0x295C, 0x295C, 0x295C, 0x495C, 0x495C, 0x495C,
    0x495C, 0x495C, 0x495C, 0x295C, 0x295C, 0x295C, 0x495C, 0x495C, 0x495C, 0x495C, 0x495C, 0x495C, 0x4964, 0xC853, 0xE853, 0xCB6C,
    0xCA6C, 0x6A64, 0xE853, 0xE853, 0xE853, 0xE853, 0xE853, 0xE853, 0xE853, 0xE853, 0xE853, 0xE853, 0xE853, 0xE853, 0xE853, 0xE853,
    0xE853, 0xE853, 0xE853, 0xE853, 0xE853, 0xE853, 0xE853, 0xE853, 0xE853, 0xE853, 0xE853, 0xE853, 0xE853, 0xE853, 0x6A64, 0xCA6C,
    0xAA6C, 0xCA6C, 0xCB6C, 0xCB6C, 0xCB6C, 0xCB6C, 0xCB6C, 0xCB6C, 0xCB6C, 0xCB6C, 0xCB6C, 0xCB6C, 0xCB6C, 0xCB6C, 0xCB6C, 0xCB6C,
    0xCB6C, 0xCB6C, 0xCB6C, 0xCB6C, 0xCB6C, 0xCB6C, 0xCB6C, 0xCB6C, 0xCB6C, 0xCB6C, 0xCB6C, 0xCB6C, 0xCB6C, 0xCB6C, 0xCA6C, 0xAA6C
};

const uint16_t icon_gas_mortar_sentry_stratagem_icon_background[] PROGMEM = {
    0xAA6C, 0xCA6C, 0xEB6C, 0xEB6C, 0xEB6C, 0xEB6C, 0xEB6C, 0xEB6C, 0xEB6C, 0xEB6C, 0xEB6C, 0xEB6C, 0xEB6C, 0xEB6C, 0xEB6C, 0xEB6C,
    0xEB6C, 0xEB6C, 0xEB6C, 0xEB6C, 0xEB6C, 0xEB6C, 0xEB6C, 0xEB6C, 0xEB6C, 0xEB6C, 0xEB6C, 0xEB6C, 0xEB6C, 0xEB6C, 0xCA6C, 0xAA6C,
    0xCA6C, 0x6A64, 0xA84B, 0xA853, 0xA853, 0xA853, 0xA853, 0xA853, 0xA853, 0xA853, 0xA853, 0xA853, 0xA853, 0xA853, 0xA853, 0xA853,
    0xA853, 0xA853, 0xA853, 0xA853, 0xA853, 0xA853, 0xA853, 0xA853, 0xA853, 0xA853, 0xA853, 0xA853, 0xA853, 0xA84B, 0x6A64, 0xCA6C,
    0xEB6C, 0xA753, 0x6000, 0xA000, 0x8000, 0x8000, 0x8000, 0x8000, 0x8000, 0x8000, 0x8000, 0x8000, 0x8000, 0x8000, 0x8000, 0x8000,
    0x8000, 0x8000, 0x8000, 0x8000, 0x8000, 0x8000, 0x8000, 0x8000, 0x8000, 0x8000, 0x8000, 0x8000, 0xA000, 0x6000, 0xA753, 0xEB6C,
    0xEB6C, 0xA853, 0xA000, 0xC008, 0xC008, 0xC008, 0xC008, 0xC008, 0xC008, 0xE008, 0xE008, 0xC008, 0xE008, 0xE008, 0xE008, 0xE008,
    0xC008, 0xC008, 0xC008, 0xE008, 0xE008, 0xE008, 0xE008, 0xE008, 0xE008, 0xE008, 0xE008, 0xE008, 0xC008, 0xA000, 0xA853, 0xEB6C,
    0xEB6C, 0xA853, 0x8000, 0xC008, 0xC008, 0xC008, 0xC008, 0xC008, 0xC008, 0x6000, 0x4000, 0xA000, 0x8000, 0x6000, 0x8000, 0x8000,
    0xA000, 0xC008, 0xA000, 0x6000, 0x6000, 0x8000, 0x8000, 0x8000, 0x8000, 0x8000, 0x8000, 0x8000, 0xC008, 0x8000, 0xA853, 0xEB6C,
    0xEB6C, 0xA853, 0x8000, 0xC008, 0xC008, 0xC008, 0xC008, 0xE008, 0x8000, 0xC84A, 0x6F84, 0x2111, 0x442A, 0xC53A, 0x8432, 0xE321,
    0x0111, 0x6000, 0xA219, 0x0643, 0xC53A, 0xA53A, 0xC53A, 0xA53A, 0xC53A, 0xA53A, 0xC53A, 0xA532, 0xE008, 0x8000, 0xA853, 0xEB6C,
    0xEB6C, 0xA853, 0x8000, 0xC008, 0xC008, 0xE008, 0xA000, 0x8000, 0xC008, 0x1AE7, 0xFFFF, 0xE952, 0x053B, 0x4C7D, 0xEB6C, 0xEB6C,
    0x6A64, 0x2643, 0x6219, 0x6432, 0x0B75, 0x0B75, 0xEB6C, 0xEB74, 0xEB74, 0xEB74, 0x0B75, 0xAA6C, 0x0009, 0x8000, 0xA853, 0xEB6C,
    0xEB6C, 0xA853, 0x8000, 0xC008, 0xC000, 0x6000, 0x6219, 0xA421, 0x2111, 0x36C6, 0xFFFF, 0x52A5, 0x6111, 0xEB6C, 0x8A64, 0xAA6C,
    0xCA6C, 0xEB74, 0x8A64, 0xC221, 0x6111, 0x8A64, 0xCA6C, 0xAA6C, 0xAA6C, 0xAA6C, 0xCA6C, 0x6A64, 0x0009, 0x8000, 0xA853, 0xEB6C,
    0xEB6C, 0xA853, 0x8000, 0xE008, 0xA000, 0x6F84, 0x5CEF, 0xBDF7, 0x37C6, 0x263A, 0xB8D6, 0xBDF7, 0x6219, 0x295C, 0xCB6C, 0xAA6C,
    0xAA6C, 0xAA64, 0xCA6C, 0x0B75, 0x0322, 0xA219, 0x8A64, 0x6964, 0x6A64, 0x6A64, 0x8A64, 0x295C, 0x0009, 0x8000, 0xA853, 0xEB6C,
    0xEB6C, 0xA853, 0xA000, 0x4000, 0x0953, 0xFFFF, 0xFFFF, 0xFFFF, 0xFFFF, 0x98CE, 0xE531, 0x5CE7, 0x095B, 0xA432, 0x0B75, 0xAA64,
    0xAA6C, 0xAA6C, 0xAA6C, 0xAA6C, 0xEB6C, 0xA219, 0xC008, 0x0111, 0x0009, 0x0009, 0x0009, 0x0009, 0xC008, 0x8000, 0xA853, 0xEB6C,
    0xEB6C, 0xA853, 0x6000, 0x4219, 0xB8D6, 0x6F84, 0x4B63, 0x8B6B, 0x4B63, 0xB8D6, 0x6B63, 0x119D, 0xF5BD, 0x6111, 0xEB6C, 0xAA6C,
    0xAA6C, 0xAA6C, 0xAA6C, 0xAA6C, 0xCB6C, 0x085C, 0xA000, 0xA000, 0xA000, 0xA000, 0xA000, 0xA000, 0xC008, 0x8000, 0xA853, 0xEB6C,
    0xEB6C, 0xC853, 0x4000, 0x2532, 0xFEFF, 0x2111, 0x0000, 0xA000, 0x0000, 0x52A5, 0xF5B5, 0xD094, 0xBCF7, 0x2111, 0x6964, 0xCA6C,
    0xAA6C, 0xAA6C, 0xAA6C, 0xAA6C, 0xAA64, 0xEB6C, 0x032A, 0x8000, 0xC008, 0xC008, 0xC008, 0xC008, 0xC008, 0x8000, 0xA853, 0xEB6C,
    0xEB6C, 0xC853, 0x6000, 0xA321, 0xFEFF, 0xB08C, 0x0D7C, 0x94AD, 0x2A63, 0x9CEF, 0x8F8C, 0xF19C, 0x15BE, 0x6111, 0xEB6C, 0xAA6C,
    0xAA6C, 0xAA6C, 0xAA6C, 0xAA6C, 0xAA6C, 0xEB6C, 0x474B, 0x8000, 0xC008, 0xC008, 0xC008, 0xC008, 0xC008, 0x8000, 0xA853, 0xEB6C,
    0xEB6C, 0xA853, 0xA000, 0x8000, 0x0953, 0xFEFF, 0x36C6, 0xD4B5, 0x3BE7, 0xF6BD, 0x463A, 0x9DF7, 0x095B, 0xA432, 0x0B75, 0xAA64,
    0xAA6C, 0xAA6C, 0xAA6C, 0xAA6C, 0xAA6C, 0xCB6C, 0x085C, 0xC008, 0xC008, 0xC008, 0xC008, 0xC008, 0xC008, 0x8000, 0xA853, 0xEB6C,
    0xEB6C, 0xA853, 0x8000, 0xC008, 0xE952, 0xF194, 0x97CE, 0x56C6, 0x16BE, 0xEC73, 0x8742, 0x77CE, 0xA321, 0x285C, 0xCB6C, 0xAA6C,
    0xAA6C, 0xAA6C, 0xAA6C, 0xAA6C, 0xAA6C, 0xCA6C, 0x6964, 0x0009, 0xA000, 0xC008, 0xC008, 0xC008, 0xC008, 0x8000, 0xA853, 0xEB6C,
    0xEB6C, 0xA853, 0xA000, 0x8000, 0x0D7C, 0x9CF7, 0x2E7C, 0xCD73, 0x77CE, 0x15BE, 0x0953, 0xB094, 0x8119, 0xEB6C, 0x8A64, 0xAA64,
    0xAA64, 0xAA64, 0xAA64, 0xAA64, 0x8A64, 0xAA6C, 0x6964, 0x0009, 0xA000, 0xC008, 0xC008, 0xC008, 0xC008, 0x8000, 0xA853, 0xEB6C,
    0xEB6C, 0xA853, 0x8000, 0xE008, 0x2000, 0xEC73, 0xA84A, 0x6000, 0x8F8C, 0x8742, 0x9DF7, 0x4A63, 0x053B, 0x6C7D, 0xEB74, 0x0B75,
    0x0B75, 0x0B75, 0x0B75, 0x0B75, 0x0B75, 0x0B75, 0xAA6C, 0x0009, 0xA000, 0xC008, 0xC008, 0xC008, 0xC008, 0x8000, 0xA853, 0xEB6C,
    0xEB6C, 0xA853, 0x8000, 0xC008, 0xC008, 0x6000, 0xA000, 0x0009, 0x0000, 0xF194, 0xFFFF, 0x4219, 0xE321, 0x8432, 0x6432, 0x6432,
    0x6432, 0x6432, 0x6432, 0x6432, 0x6432, 0xC53A, 0xA532, 0xE008, 0xC000, 0xC008, 0xC008, 0xC008, 0xC008, 0x8000, 0xA853, 0xEB6C,
    0xEB6C, 0xA853, 0x8000, 0xC008, 0xC008, 0xC008, 0xC008, 0xE008, 0x4000, 0x4E84, 0xFDFF, 0x0111, 0x6432, 0x6432, 0x6432, 0x6432,
    0x6432, 0x6432, 0x6432, 0x6432, 0x442A, 0x8000, 0x6000, 0xC008, 0xC008, 0xC008, 0xC008, 0xC008, 0xC008, 0x8000, 0xA853, 0xEB6C,
    0xEB6C, 0xA853, 0x8000, 0xC008, 0xC008, 0xC008, 0xC008, 0xC008, 0x2000, 0x52A5, 0xFFFF, 0xC429, 0xE53A, 0x4C7D, 0xEB74, 0x0B75,
    0x0B75, 0x0B75, 0x0B75, 0x0B75, 0xCA6C, 0x2111, 0xC000, 0xC008, 0xC008, 0xC008, 0xC008, 0xC008, 0xC008, 0x8000, 0xA853, 0xEB6C,
    0xEB6C, 0xA853, 0x8000, 0xC008, 0xC008, 0xC008, 0xC008, 0x8000, 0x6E84, 0xFEFF, 0xFEFF, 0x1ADF, 0x6321, 0x2643, 0xEB74, 0xAA6C,
    0xAA6C, 0xAA6C, 0xAA6C, 0xCA6C, 0x6A64, 0x0009, 0xC000, 0xC008, 0xC008, 0xC008, 0xC008, 0xC008, 0xC008, 0x8000, 0xA853, 0xEB6C,
    0xEB6C, 0xA853, 0x8000, 0xC008, 0xC008, 0xC008, 0xA000, 0x2111, 0xBCF7, 0xDDFF, 0xBCF7, 0xFFFF, 0x2E7C, 0xE219, 0xCB6C, 0x495C,
    0x6964, 0x6964, 0x4964, 0x6964, 0x295C, 0xE008, 0xA000, 0xC008, 0xC008, 0xC008, 0xC008, 0xC008, 0xC008, 0x8000, 0xA853, 0xEB6C,
    0xEB6C, 0xA853, 0x8000, 0xC008, 0xC008, 0xC008, 0xA000, 0x4219, 0xFDFF, 0xFFFF, 0xFFFF, 0xFFFF, 0xB08C, 0x8000, 0x6219, 0x4111,
    0x4111, 0x4111, 0x4111, 0x4111, 0x4111, 0x0009, 0x0009, 0xA000, 0xC008, 0xC008, 0xC008, 0xC008, 0xC008, 0x8000, 0xA853, 0xEB6C,
    0xEB6C, 0xA853, 0x8000, 0xC008, 0xC008, 0xC008, 0xC000, 0xC008, 0xCD73, 0x0E7C, 0x0D7C, 0x2F7C, 0x0632, 0x232A, 0xAA6C, 0x495C,
    0x6964, 0x6964, 0x6964, 0x6964, 0x6964, 0x6964, 0x8A64, 0x6432, 0x8000, 0xC008, 0xC008, 0xC008, 0xC008, 0x8000, 0xA853, 0xEB6C,
    0xEB6C, 0xA853, 0x8000, 0xC008, 0xC008, 0xC008, 0x8000, 0xA219, 0x432A, 0x0222, 0x2322, 0x2222, 0x442A, 0xC853, 0xCB6C, 0xAA6C,
    0xAA6C, 0xAA6C, 0xAA6C, 0xAA6C, 0xAA6C, 0xAA6C, 0xAA6C, 0xCA6C, 0xE321, 0x6000, 0xC008, 0xC008, 0xC008, 0x8000, 0xA853, 0xEB6C,
    0xEB6C, 0xA853, 0x8000, 0xC008, 0xC008, 0xA000, 0xC321, 0xEB74, 0x6C7D, 0x6C7D, 0x6C7D, 0x6C7D, 0x4C7D, 0x0B75, 0xEB6C, 0xEB74,
    0xEB74, 0xEB74, 0xEB74, 0xEB74, 0xEB74, 0xEB74, 0xEB6C, 0x0B75, 0xEB6C, 0xC321, 0xA000, 0xC008, 0xC008, 0x8000, 0xA853, 0xEB6C,
    0xEB6C, 0xA853, 0x8000, 0xC008, 0xC008, 0xA000, 0x442A, 0xE53A, 0xA532, 0xA532, 0xA532, 0xA532, 0xA532, 0xA53A, 0xC53A, 0xA53A,
    0xC53A, 0xC53A, 0xC53A, 0xC53A, 0xC53A, 0xA53A, 0xC53A, 0xA532, 0xE53A, 0x442A, 0xA000, 0xC008, 0xC008, 0x8000, 0xA853, 0xEB6C,
    0xEB6C, 0xA853, 0x8000, 0xC008, 0xC008, 0xC008, 0x8000, 0x6000, 0x8000, 0x8000, 0x8000, 0x8000, 0x8000, 0x8000, 0x8000, 0x8000,
    0x8000, 0x8000, 0x8000, 0x8000, 0x8000, 0x8000, 0x8000, 0x8000, 0x6000, 0x8000, 0xC008, 0xC008, 0xC008, 0x8000, 0xA853, 0xEB6C,
    0xEB6C, 0xA853, 0xA000, 0xC008, 0xC008, 0xC008, 0xE008, 0xE008, 0xE008, 0xE008, 0xE008, 0xE008, 0xE008, 0xE008, 0xE008, 0xE008,
    0xE008, 0xE008, 0xE008, 0xE008, 0xE008, 0xE008, 0xE008, 0xE008, 0xE008, 0xE008, 0xC008, 0xC008, 0xC008, 0xA000, 0xA853, 0xEB6C,
    0xEB6C, 0xA753, 0x6000, 0xA000, 0x8000, 0x8000, 0x8000, 0x8000, 0x8000, 0x8000, 0x8000, 0x8000, 0x8000, 0x8000, 0x8000, 0x8000,
    0x8000, 0x8000, 0x8000, 0x8000, 0x8000, 0x8000, 0x8000, 0x8000, 0x8000, 0x8000, 0x8000, 0x8000, 0xA000, 0x6000, 0xA753, 0xEB6C,
    0xCA6C, 0x6A64, 0xA84B, 0xA853, 0xA853, 0xA853, 0xA853, 0xA853, 0xA853, 0xA853, 0xA853, 0xA853, 0xA853, 0xA853, 0xA853, 0xA853,
    0xA853, 0xA853, 0xA853, 0xA853, 0xA853, 0xA853, 0xA853, 0xA853, 0xA853, 0xA853, 0xA853, 0xA853, 0xA853, 0xA84B, 0x6A64, 0xCA6C,
    0xAA6C, 0xCA6C, 0xEB6C, 0xEB6C, 0xEB6C, 0xEB6C, 0xEB6C, 0xEB6C, 0xEB6C, 0xEB6C, 0xEB6C, 0xEB6C, 0xEB6C, 0xEB6C, 0xEB6C, 0xEB6C,
    0xEB6C, 0xEB6C, 0xEB6C, 0xEB6C, 0xEB6C, 0xEB6C, 0xEB6C, 0xEB6C, 0xEB6C, 0xEB6C, 0xEB6C, 0xEB6C, 0xEB6C, 0xEB6C, 0xCA6C, 0xAA6C
};

const uint16_t icon_gatling_sentry_stratagem_icon_background[] PROGMEM = {
    0xAA6C, 0xCA6C, 0xEB6C, 0xEB6C, 0xEB6C, 0xEB6C, 0xEB6C, 0xEB6C, 0xEB6C, 0xEB6C, 0xEB6C, 0xEB6C, 0xEB6C, 0xEB6C, 0xEB6C, 0xEB6C,
    0xEB6C, 0xEB6C, 0xEB6C, 0xEB6C, 0xEB6C, 0xEB6C, 0xEB6C, 0xEB6C, 0xEB6C, 0xEB6C, 0xEB6C, 0xEB6C, 0xEB6C, 0xEB6C, 0xCA6C, 0xAA6C,
    0xCA6C, 0x6A64, 0xA84B, 0xA853, 0xA853, 0xA853, 0xA853, 0xA853, 0xA853, 0xA853, 0xA853, 0xA853, 0xA853, 0xA853, 0xA853, 0xA853,
    0xA853, 0xA853, 0xA853, 0xA853, 0xA853, 0xA853, 0xA853, 0xA853, 0xA853, 0xA853, 0xA853, 0xA853, 0xA853, 0xA84B, 0x6A64, 0xCA6C,
    0xEB6C, 0xA753, 0x6000, 0xA000, 0x8000, 0x8000, 0x8000, 0x8000, 0x8000, 0x8000, 0x8000, 0x8000, 0x8000, 0x8000, 0x8000, 0x8000,
    0x8000, 0x8000, 0x8000, 0x8000, 0x8000, 0x8000, 0x8000, 0x8000, 0x8000, 0x8000, 0x8000, 0x8000, 0xA000, 0x6000, 0xA753, 0xEB6C,
    0xEB6C, 0xA853, 0xA000, 0xC008, 0xC008, 0xC008, 0xC008, 0xC008, 0xC008, 0xE008, 0xE008, 0xE008, 0xE008, 0xE008, 0xE008, 0xE008,
    0xC008, 0xC008, 0xC008, 0xE008, 0xE008, 0xE008, 0xE008, 0xE008, 0xE008, 0xE008, 0xE008, 0xE008, 0xC008, 0xA000, 0xA853, 0xEB6C,
    0xEB6C, 0xA853, 0x8000, 0xC008, 0xC008, 0xC008, 0xC008, 0xC008, 0xC008, 0x8000, 0x6000, 0x8000, 0x8000, 0x8000, 0x8000, 0x8000,
    0xA000, 0xC008, 0xA000, 0x6000, 0x6000, 0x8000, 0x8000, 0x8000, 0x8000, 0x8000, 0x8000, 0x8000, 0xC008, 0x8000, 0xA853, 0xEB6C,
    0xEB6C, 0xA853, 0x8000, 0xC008, 0xC008, 0xC008, 0xC008, 0xC008, 0xE008, 0xA53A, 0xC53A, 0xA532, 0xA532, 0xA53A, 0x8432, 0xE321,
    0x0111, 0x6000, 0xA219, 0x0643, 0xC53A, 0xA53A, 0xC53A, 0xA53A, 0xC53A, 0xA53A, 0xC53A, 0xA532, 0xE008, 0x8000, 0xA853, 0xEB6C,
    0xEB6C, 0xA853, 0x8000, 0xC008, 0xA000, 0xA000, 0xA000, 0x8000, 0xE008, 0x495C, 0x2B75, 0x4C7D, 0x4C7D, 0x0B75, 0xEB6C, 0xEB6C,
    0x6A64, 0x2643, 0x6219, 0x6432, 0x0B75, 0x0B75, 0xEB6C, 0xEB74, 0xEB74, 0xEB74, 0x0B75, 0xAA6C, 0x0009, 0x8000, 0xA853, 0xEB6C,
    0xEB6C, 0xA853, 0x8000, 0xC008, 0x2111, 0x2211, 0x2111, 0x2111, 0x4219, 0x4211, 0x2009, 0xA119, 0x8432, 0xAA6C, 0xEB6C, 0xAA6C,
    0xCA6C, 0xEB74, 0x8A64, 0xC221, 0x6111, 0x8A64, 0xCA6C, 0xAA6C, 0xAA6C, 0xAA6C, 0xCA6C, 0x6A64, 0x0009, 0x8000, 0xA853, 0xEB6C,
    0xEB6C, 0xA853, 0x6000, 0x4219, 0x3AE7, 0xBDF7, 0xBCF7, 0xBCF7, 0xBCF7, 0x9CF7, 0xD4B5, 0x53A5, 0xE952, 0x0111, 0x474B, 0xCA6C,
    0xAA6C, 0xAA64, 0xCA6C, 0x0B75, 0x0322, 0xA219, 0x8A64, 0x6964, 0x6A64, 0x6A64, 0x8A64, 0x295C, 0x0009, 0x8000, 0xA853, 0xEB6C,
    0xEB6C, 0xA853, 0x6000, 0x4219, 0x1AE7, 0x9CEF, 0x7BEF, 0x9BEF, 0x9BEF, 0x7BEF, 0x36BE, 0xD5B5, 0x4A5B, 0x0111, 0x4743, 0xCA6C,
    0xAA6C, 0xAA6C, 0xAA6C, 0xAA6C, 0xEB6C, 0xA219, 0xC008, 0x0111, 0x0009, 0x0009, 0x0009, 0x0009, 0xC008, 0x8000, 0xA853, 0xEB6C,
    0xEB6C, 0xA853, 0x8000, 0xE008, 0x8321, 0xA321, 0xA321, 0xA321, 0xA321, 0x8321, 0x0000, 0x0000, 0xC000, 0xAA6C, 0x2C75, 0xAA6C,
    0xAA6C, 0xAA6C, 0xAA6C, 0xAA6C, 0xCB6C, 0x085C, 0xA000, 0xA000, 0xA000, 0xA000, 0xA000, 0xA000, 0xC008, 0x8000, 0xA853, 0xEB6C,
    0xEB6C, 0xA853, 0x6000, 0x4219, 0x1AE7, 0x9CF7, 0x9BEF, 0x9CF7, 0x9CF7, 0x7BEF, 0xF5BD, 0xB5AD, 0x2A5B, 0x0111, 0x4743, 0xCA6C,
    0xAA6C, 0xAA6C, 0xAA6C, 0xAA6C, 0xAA64, 0xEB6C, 0x032A, 0x8000, 0xC008, 0xC008, 0xC008, 0xC008, 0xC008, 0x8000, 0xA853, 0xEB6C,
    0xEB6C, 0xA853, 0x6000, 0x4219, 0x1AE7, 0x9CF7, 0x9BEF, 0x9CF7, 0x9CF7, 0x7BEF, 0x15BE, 0xD5B5, 0x2A5B, 0x0111, 0x4643, 0xCA6C,
    0xAA6C, 0xAA6C, 0xAA6C, 0xAA6C, 0xAA6C, 0xEB6C, 0x474B, 0x8000, 0xC008, 0xC008, 0xC008, 0xC008, 0xC008, 0x8000, 0xA853, 0xEB6C,
    0xEB6C, 0xA853, 0x8000, 0xE008, 0x8321, 0xA321, 0xA321, 0xA321, 0xA321, 0x8321, 0x0000, 0x0000, 0xC000, 0xCA6C, 0x2C75, 0xAA6C,
    0xAA6C, 0xAA6C, 0xAA6C, 0xAA6C, 0xAA6C, 0xCB6C, 0x085C, 0xC008, 0xC008, 0xC008, 0xC008, 0xC008, 0xC008, 0x8000, 0xA853, 0xEB6C,
    0xEB6C, 0xA853, 0x6000, 0x4219, 0x1AE7, 0x9CF7, 0x9BEF, 0x9CF7, 0x9CF7, 0x7BEF, 0xF5BD, 0xB5AD, 0x2A5B, 0x0111, 0x4643, 0xCA6C,
    0xAA6C, 0xAA6C, 0xAA6C, 0xAA6C, 0xAA6C, 0xCA6C, 0x6964, 0x0009, 0xA000, 0xC008, 0xC008, 0xC008, 0xC008, 0x8000, 0xA853, 0xEB6C,
    0xEB6C, 0xA853, 0x6000, 0x4219, 0x1AE7, 0x9CF7, 0x9BEF, 0x9CF7, 0x9CF7, 0x7BEF, 0x15BE, 0xD5B5, 0x2A5B, 0x0111, 0x4643, 0xAA6C,
    0x8A64, 0xAA64, 0xAA64, 0xAA64, 0x8A64, 0xAA6C, 0x6964, 0x0009, 0xA000, 0xC008, 0xC008, 0xC008, 0xC008, 0x8000, 0xA853, 0xEB6C,
    0xEB6C, 0xA853, 0x8000, 0xE008, 0x8321, 0xA321, 0xA321, 0xA321, 0xA321, 0x8321, 0x0000, 0x0000, 0xC000, 0xAA6C, 0x4C7D, 0x0B75,
    0x0B75, 0x0B75, 0x0B75, 0x0B75, 0x0B75, 0x0B75, 0xAA6C, 0x0009, 0xA000, 0xC008, 0xC008, 0xC008, 0xC008, 0x8000, 0xA853, 0xEB6C,
    0xEB6C, 0xA853, 0x6000, 0x4219, 0x1AE7, 0x9CF7, 0x9BEF, 0x9CF7, 0x9CF7, 0x7BEF, 0xF5BD, 0xB5AD, 0x2A5B, 0x2111, 0x6432, 0x6432,
    0x6432, 0x6432, 0x6432, 0x6432, 0x6432, 0xC53A, 0xA532, 0xE008, 0xC000, 0xC008, 0xC008, 0xC008, 0xC008, 0x8000, 0xA853, 0xEB6C,
    0xEB6C, 0xA853, 0x6000, 0x4219, 0x1AE7, 0x9CF7, 0x9BEF, 0x9CF7, 0x9CF7, 0x7BEF, 0x15BE, 0xD5B5, 0x2A5B, 0x2111, 0x6432, 0x6432,
    0x6432, 0x6432, 0x6432, 0x6432, 0x442A, 0x8000, 0x6000, 0xC008, 0xC008, 0xC008, 0xC008, 0xC008, 0xC008, 0x8000, 0xA853, 0xEB6C,
    0xEB6C, 0xA853, 0x8000, 0xE008, 0x8321, 0xA321, 0xA321, 0xA321, 0xA321, 0x8321, 0x0000, 0x0000, 0xC000, 0xAA6C, 0x4C7D, 0x0B75,
    0x0B75, 0x0B75, 0x0B75, 0x0B75, 0xCA6C, 0x2111, 0xC000, 0xC008, 0xC008, 0xC008, 0xC008, 0xC008, 0xC008, 0x8000, 0xA853, 0xEB6C,
    0xEB6C, 0xA853, 0x6000, 0x4219, 0x1AE7, 0x9CEF, 0x7BEF, 0x9BEF, 0x9BEF, 0x7BEF, 0x15BE, 0xB5AD, 0x4A5B, 0x2111, 0x474B, 0xCA6C,
    0xAA6C, 0xAA6C, 0xAA6C, 0xCA6C, 0x6A64, 0x0009, 0xC000, 0xC008, 0xC008, 0xC008, 0xC008, 0xC008, 0xC008, 0x8000, 0xA853, 0xEB6C,
    0xEB6C, 0xA853, 0x6000, 0x4219, 0x3AE7, 0xBDF7, 0xBCF7, 0xBCF7, 0xBCF7, 0x9CF7, 0xF5BD, 0x94AD, 0x0953, 0xC008, 0x0643, 0x6A64,
    0x4964, 0x6964, 0x4964, 0x6964, 0x295C, 0xE008, 0xA000, 0xC008, 0xC008, 0xC008, 0xC008, 0xC008, 0xC008, 0x8000, 0xA853, 0xEB6C,
    0xEB6C, 0xA853, 0x8000, 0xC008, 0x2111, 0x2211, 0x2111, 0x2211, 0x2111, 0x6219, 0x8000, 0x6000, 0x8000, 0x4111, 0x8219, 0x4111,
    0x4111, 0x4111, 0x4111, 0x4111, 0x4111, 0x0009, 0x0009, 0xA000, 0xC008, 0xC008, 0xC008, 0xC008, 0xC008, 0x8000, 0xA853, 0xEB6C,
    0xEB6C, 0xA853, 0x8000, 0xC008, 0xA000, 0xA000, 0xC000, 0x6000, 0x442A, 0x8964, 0x6A64, 0x8A64, 0x8A64, 0x6964, 0x4964, 0x6964,
    0x6964, 0x6964, 0x6964, 0x6964, 0x6964, 0x6964, 0x8A64, 0x6432, 0x8000, 0xC008, 0xC008, 0xC008, 0xC008, 0x8000, 0xA853, 0xEB6C,
    0xEB6C, 0xA853, 0x8000, 0xC008, 0xC008, 0xE008, 0x6000, 0xE321, 0xCB6C, 0xCA6C, 0xAA6C, 0xAA6C, 0xAA6C, 0xAA6C, 0xAA6C, 0xAA6C,
    0xAA6C, 0xAA6C, 0xAA6C, 0xAA6C, 0xAA6C, 0xAA6C, 0xAA6C, 0xCA6C, 0xE321, 0x6000, 0xC008, 0xC008, 0xC008, 0x8000, 0xA853, 0xEB6C,
    0xEB6C, 0xA853, 0x8000, 0xC008, 0xC008, 0xA000, 0xC321, 0xEB6C, 0x0B75, 0xEB6C, 0xEB74, 0xEB74, 0xEB74, 0xEB74, 0xEB74, 0xEB74,
    0xEB74, 0xEB74, 0xEB74, 0xEB74, 0xEB74, 0xEB74, 0xEB6C, 0x0B75, 0xEB6C, 0xC321, 0xA000, 0xC008, 0xC008, 0x8000, 0xA853, 0xEB6C,
    0xEB6C, 0xA853, 0x8000, 0xC008, 0xC008, 0xA000, 0x442A, 0xE53A, 0xA532, 0xC53A, 0xA53A, 0xC53A, 0xC53A, 0xC53A, 0xC53A, 0xC53A,
    0xC53A, 0xC53A, 0xC53A, 0xC53A, 0xC53A, 0xA53A, 0xC53A, 0xA532, 0xE53A, 0x442A, 0xA000, 0xC008, 0xC008, 0x8000, 0xA853, 0xEB6C,
    0xEB6C, 0xA853, 0x8000, 0xC008, 0xC008, 0xC008, 0x8000, 0x6000, 0x8000, 0x8000, 0x8000, 0x8000, 0x8000, 0x8000, 0x8000, 0x8000,
    0x8000, 0x8000, 0x8000, 0x8000, 0x8000, 0x8000, 0x8000, 0x8000, 0x6000, 0x8000, 0xC008, 0xC008, 0xC008, 0x8000, 0xA853, 0xEB6C,
    0xEB6C, 0xA853, 0xA000, 0xC008, 0xC008, 0xC008, 0xE008, 0xE008, 0xE008, 0xE008, 0xE008, 0xE008, 0xE008, 0xE008, 0xE008, 0xE008,
    0xE008, 0xE008, 0xE008, 0xE008, 0xE008, 0xE008, 0xE008, 0xE008, 0xE008, 0xE008, 0xC008, 0xC008, 0xC008, 0xA000, 0xA853, 0xEB6C,
    0xEB6C, 0xA753, 0x6000, 0xA000, 0x8000, 0x8000, 0x8000, 0x8000, 0x8000, 0x8000, 0x8000, 0x8000, 0x8000, 0x8000, 0x8000, 0x8000,
    0x8000, 0x8000, 0x8000, 0x8000, 0x8000, 0x8000, 0x8000, 0x8000, 0x8000, 0x8000, 0x8000, 0x8000, 0xA000, 0x6000, 0xA753, 0xEB6C,
    0xCA6C, 0x6A64, 0xA84B, 0xA853, 0xA853, 0xA853, 0xA853, 0xA853, 0xA853, 0xA853, 0xA853, 0xA853, 0xA853, 0xA853, 0xA853, 0xA853,
    0xA853, 0xA853, 0xA853, 0xA853, 0xA853, 0xA853, 0xA853, 0xA853, 0xA853, 0xA853, 0xA853, 0xA853, 0xA853, 0xA84B, 0x6A64, 0xCA6C,
    0xAA6C, 0xCA6C, 0xEB6C, 0xEB6C, 0xEB6C, 0xEB6C, 0xEB6C, 0xEB6C, 0xEB6C, 0xEB6C, 0xEB6C, 0xEB6C, 0xEB6C, 0xEB6C, 0xEB6C, 0xEB6C,
    0xEB6C, 0xEB6C, 0xEB6C, 0xEB6C, 0xEB6C, 0xEB6C, 0xEB6C, 0xEB6C, 0xEB6C, 0xEB6C, 0xEB6C, 0xEB6C, 0xEB6C, 0xEB6C, 0xCA6C, 0xAA6C
};

const uint16_t icon_grenade_launcher_stratagem_icon_background[] PROGMEM = {
    0xDA55, 0xDA55, 0x1B5E, 0x1B5E, 0x1B5E, 0x1B5E, 0x1B5E, 0x1B5E, 0x1B5E, 0x1B5E, 0x1B5E, 0x1B5E, 0x1B5E, 0x1B5E, 0x1B5E, 0x1B5E,
    0x1B5E, 0x1B5E, 0x1B5E, 0x1B5E, 0x1B5E, 0x1B5E, 0x1B5E, 0x1B5E, 0x1B5E, 0x1B5E, 0x1B5E, 0x1B5E, 0x1B5E, 0x1B5E, 0xDA55, 0xDA55,
    0xFA55, 0x7855, 0x7444, 0x9444, 0x7444, 0x7444, 0x7444, 0x7444, 0x7444, 0x7444, 0x7444, 0x7444, 0x7444, 0x7444, 0x7444, 0x7444,
    0x7444, 0x7444, 0x7444, 0x7444, 0x7444, 0x7444, 0x7444, 0x7444, 0x7444, 0x7444, 0x7444, 0x7444, 0x9444, 0x7444, 0x7855, 0xFA55,
    0x1B5E, 0x743C, 0x0000, 0x6200, 0x6200, 0x6200, 0x6200, 0x6200, 0x6200, 0x6200, 0x6200, 0x6200, 0x6200, 0x6200, 0x6200, 0x6200,
    0x6200, 0x6200, 0x6200, 0x6200, 0x6200, 0x6200, 0x6200, 0x6200, 0x6200, 0x6200, 0x6200, 0x6200, 0x6200, 0x0000, 0x743C, 0x1B5E,
    0x1B5E, 0x7444, 0x6200, 0xC300, 0xA300, 0xA300, 0xA300, 0xA300, 0xA300, 0xA300, 0xA300, 0xA300, 0xA300, 0xA300, 0xA300, 0xA300,
    0xA300, 0xA300, 0xA300, 0xA300, 0xA300, 0xA300, 0xA300, 0xA300, 0xA300, 0xA300, 0xA300, 0xA300, 0xC300, 0x6200, 0x7444, 0x1B5E,
    0x1B5E, 0x7444, 0x6200, 0xA300, 0xA300, 0xA300, 0xA300, 0xA300, 0xA300, 0xA300, 0xA300, 0xA300, 0xA300, 0xA300, 0xA300, 0xA300,
    0xA300, 0xA300, 0xA300, 0xA300, 0xA300, 0xA300, 0xA300, 0xA300, 0xA300, 0xA300, 0xA300, 0xA300, 0xA300, 0x6200, 0x7444, 0x1B5E,
    0x1B5E, 0x7444, 0x6200, 0xA300, 0xA300, 0xA300, 0xA300, 0xA300, 0xA300, 0xA300, 0xA300, 0xA300, 0xA300, 0xA300, 0xA300, 0xA300,
    0xA300, 0xA300, 0xA300, 0xA300, 0xA300, 0xA300, 0xA300, 0xA300, 0xA300, 0xA300, 0xA300, 0xA300, 0xA300, 0x6200, 0x7444, 0x1B5E,
    0x1B5E, 0x7444, 0x6200, 0xA300, 0xA300, 0xA300, 0xA300, 0xA300, 0xC300, 0xC300, 0xA300, 0xA300, 0xA300, 0xA300, 0xA300, 0xA300,
    0xA300, 0xA300, 0xA300, 0xA300, 0xA300, 0xA300, 0xA300, 0xA300, 0xA300, 0xA300, 0xA300, 0xA300, 0xA300, 0x6200, 0x7444, 0x1B5E,
    0x1B5E, 0x7444, 0x6200, 0xA300, 0xA300, 0xA300, 0xA300, 0x8300, 0x0100, 0x0100, 0x6200, 0x8200, 0x8200, 0x8200, 0x8200, 0x8300,
    0x8200, 0x8200, 0x8200, 0x8200, 0x8200, 0x8200, 0xA300, 0xA300, 0xA300, 0xA300, 0xA300, 0xA300, 0xA300, 0x6200, 0x7444, 0x1B5E,
    0x1B5E, 0x7444, 0x6200, 0xA300, 0xA300, 0xA300, 0x8200, 0xC408, 0x2F7C, 0x2F7C, 0x4519, 0x0411, 0x2411, 0x0411, 0x0411, 0xA300,
    0x0411, 0x0411, 0x0411, 0x0411, 0x0411, 0x0411, 0x6200, 0x6200, 0xA300, 0xA300, 0xA300, 0xA300, 0xA300, 0x6200, 0x7444, 0x1B5E,
    0x1B5E, 0x7444, 0x6200, 0xA300, 0xA300, 0xA300, 0x8200, 0x2511, 0xFEFF, 0xFFFF, 0x9CF7, 0x7CEF, 0x7BEF, 0x9CEF, 0xFADE, 0x8621,
    0xFADE, 0x9CEF, 0x7BEF, 0x9CEF, 0x7CEF, 0x7CEF, 0x17BE, 0x8621, 0x6200, 0xA300, 0xA300, 0xA300, 0xA300, 0x6200, 0x7444, 0x1B5E,
    0x1B5E, 0x7444, 0x6200, 0xA300, 0xA300, 0xA300, 0x8200, 0x0411, 0x7BEF, 0xDDFF, 0xFEFF, 0xFEFF, 0xFEFF, 0xFEFF, 0x9CEF, 0x8621,
    0x9CEF, 0xFEFF, 0xFEFF, 0xFEFF, 0xFEFF, 0xFDFF, 0xFFFF, 0x37BE, 0x6200, 0xA300, 0xA300, 0xA300, 0xA300, 0x6200, 0x7444, 0x1B5E,
    0x1B5E, 0x7444, 0x6200, 0xA300, 0xA300, 0xA300, 0x8200, 0x0411, 0x9CEF, 0xFEFF, 0xFDFF, 0xFDFF, 0xFDFF, 0xFEFF, 0x5BEF, 0x8621,
    0x5BEF, 0xFEFF, 0xFDFF, 0xFDFF, 0xFDFF, 0xFDFF, 0xDDFF, 0x9CF7, 0x0409, 0x8200, 0xA300, 0xA300, 0xA300, 0x6200, 0x7444, 0x1B5E,
    0x1B5E, 0x7444, 0x6200, 0xA300, 0xA300, 0xA300, 0x8200, 0x0411, 0x7BEF, 0xDDFF, 0xFEFF, 0xFEFF, 0xFEFF, 0xFEFF, 0x9CEF, 0x8621,
    0x9CEF, 0xFEFF, 0xFEFF, 0xFEFF, 0xFEFF, 0xFDFF, 0xFFFF, 0x37BE, 0x6200, 0xA300, 0xA300, 0xA300, 0xA300, 0x6200, 0x7444, 0x1B5E,
    0x1B5E, 0x7444, 0x6200, 0xA300, 0xA300, 0xA300, 0x8200, 0x2511, 0xFEFF, 0xFFFF, 0x9CF7, 0x7CEF, 0x7BEF, 0x9CEF, 0xFADE, 0x8621,
    0xFADE, 0x9CEF, 0x7BEF, 0x9CEF, 0x7CEF, 0x7CEF, 0x17BE, 0x8621, 0x6200, 0xA300, 0xA300, 0xA300, 0xA300, 0x6200, 0x7444, 0x1B5E,
    0x1B5E, 0x7444, 0x6200, 0xA300, 0xA300, 0xA300, 0x8200, 0xC408, 0x2F7C, 0x2F7C, 0x4519, 0x0411, 0x2411, 0x0411, 0x0411, 0xA300,
    0x0411, 0x0411, 0x0411, 0x0411, 0x0411, 0x0411, 0x6200, 0x6200, 0xA300, 0xA300, 0xA300, 0xA300, 0xA300, 0x6200, 0x7444, 0x1B5E,
    0x1B5E, 0x7444, 0x6200, 0xA300, 0xA300, 0xA300, 0xA300, 0x8300, 0x0100, 0x0100, 0x8200, 0x8200, 0x8200, 0x8200, 0x8200, 0xA300,
    0x8200, 0x8200, 0x8200, 0x8200, 0x8200, 0x8200, 0xA300, 0xA300, 0xA300, 0xA300, 0xA300, 0xA300, 0xA300, 0x6200, 0x7444, 0x1B5E,
    0x1B5E, 0x7444, 0x6200, 0xA300, 0xA300, 0xA300, 0xA300, 0xA300, 0xC300, 0xC300, 0x8200, 0xA300, 0xA300, 0xA300, 0xA300, 0xA300,
    0xA300, 0xA300, 0xA300, 0xA300, 0xA300, 0xA300, 0x8200, 0x8300, 0x8200, 0x8300, 0xA300, 0xA300, 0xA300, 0x6200, 0x7444, 0x1B5E,
    0x1B5E, 0x7444, 0x4100, 0xA300, 0xA300, 0x6200, 0x8200, 0x6200, 0x4100, 0x8200, 0xE400, 0xA300, 0xA300, 0xA300, 0x6200, 0x4100,
    0x6200, 0x6200, 0x6200, 0x6200, 0x6200, 0x6200, 0xE400, 0xC300, 0xE400, 0xC300, 0x4100, 0x6200, 0xA300, 0x6200, 0x7444, 0x1B5E,
    0x1B5E, 0x743C, 0x8200, 0x533C, 0x574D, 0xAC22, 0xA300, 0xA711, 0xC811, 0xF133, 0xB955, 0xF644, 0xF644, 0x164D, 0x9444, 0x123C,
    0x9444, 0x743C, 0x743C, 0x7444, 0x743C, 0x9544, 0x7855, 0x174D, 0x784D, 0x374D, 0xD133, 0xC811, 0xC300, 0x6200, 0x7444, 0x1B5E,
    0x1B5E, 0x743C, 0xC300, 0xB955, 0x3B5E, 0xDA55, 0x584D, 0xDA55, 0x1B5E, 0x1B5E, 0xFA55, 0xFB5D, 0xFB5D, 0xFB5D, 0x1B5E, 0x1B5E,
    0x1B5E, 0x1B5E, 0x1B5E, 0x1B5E, 0x1B5E, 0x1B5E, 0xFA55, 0xFB55, 0xFA55, 0xFA55, 0x5C5E, 0xF644, 0x8200, 0x6200, 0x9444, 0x1B5E,
    0x1B5E, 0x743C, 0xA300, 0x784D, 0xDA55, 0xDA55, 0x1B5E, 0x1B5E, 0x1B5E, 0xB955, 0xBA55, 0xB955, 0xBA55, 0xDA55, 0xBA55, 0xBA55,
    0xBA55, 0xB955, 0xB955, 0xB955, 0xB955, 0xBA55, 0xDA55, 0xDA55, 0xDA55, 0xB955, 0xFA55, 0x123C, 0xA300, 0x6200, 0x7444, 0x1B5E,
    0x1B5E, 0x743C, 0xA300, 0x7855, 0x1B5E, 0x374D, 0xC811, 0xED22, 0x733C, 0x1B5E, 0xFB5D, 0xFB5D, 0xFA55, 0xDA55, 0xDA55, 0xB955,
    0xBA55, 0xDA55, 0x1B5E, 0x1B5E, 0xFB5D, 0xDA55, 0xDA55, 0xDA55, 0xDA55, 0xDA55, 0x1B5E, 0x3B5E, 0x9955, 0xA300, 0x743C, 0x1B5E,
    0x1B5E, 0x743C, 0xA300, 0x7855, 0x1B5E, 0xB544, 0x4100, 0x4100, 0x8200, 0xB033, 0x174D, 0xF644, 0x7855, 0xDA55, 0xDA55, 0x3B5E,
    0x1B5E, 0x7855, 0x9444, 0x733C, 0x174D, 0xDA55, 0xDA55, 0xDA55, 0xDA55, 0x9955, 0x7444, 0x9444, 0xF133, 0x8200, 0x743C, 0x1B5E,
    0x1B5E, 0x743C, 0xA300, 0x784D, 0x1B5E, 0xD544, 0x8300, 0xA300, 0xA300, 0x6200, 0xC300, 0x6200, 0x4A1A, 0x3B5E, 0x9955, 0x9033,
    0xF64C, 0x784D, 0x6200, 0x6200, 0x8300, 0x2E2B, 0x1B5E, 0xDA55, 0x584D, 0x6609, 0x4100, 0x6200, 0x6200, 0x4100, 0x7444, 0x1B5E,
    0x1B5E, 0x743C, 0xA300, 0xBA55, 0x9D66, 0x123C, 0x4100, 0xA300, 0xA300, 0xA300, 0xA300, 0x2100, 0xB033, 0x3C5E, 0xB544, 0xE811,
    0x2E2B, 0xB033, 0xA300, 0xC300, 0x4100, 0x091A, 0x1B5E, 0x333C, 0x8B22, 0x6200, 0xA300, 0xA300, 0xC300, 0x6200, 0x7444, 0x1B5E,
    0x1B5E, 0x7444, 0x6200, 0xCC22, 0x2E2B, 0x0401, 0x8200, 0xA300, 0xA300, 0xA300, 0x6200, 0x291A, 0x3C5E, 0x7444, 0xC300, 0x6609,
    0xE400, 0x4100, 0xA300, 0xA300, 0x4100, 0xAC22, 0x5C5E, 0x1B5E, 0x174D, 0xC300, 0x8300, 0xA300, 0xA300, 0x6200, 0x7444, 0x1B5E,
    0x1B5E, 0x7444, 0x6200, 0x6100, 0x2100, 0x8200, 0xA300, 0xA300, 0xA300, 0xA300, 0x8200, 0xF644, 0x7D66, 0xC811, 0x4100, 0x8200,
    0x8200, 0xA300, 0xA300, 0xA300, 0x8200, 0x2509, 0x2A1A, 0x4A1A, 0x8711, 0x8300, 0xA300, 0xA300, 0xA300, 0x6200, 0x7444, 0x1B5E,
    0x1B5E, 0x7444, 0x6200, 0xC300, 0xA300, 0xA300, 0xA300, 0xA300, 0xA300, 0xA300, 0x8200, 0x8709, 0x8B22, 0xC300, 0xA300, 0xA300,
    0xA300, 0xA300, 0xA300, 0xA300, 0xA300, 0x8200, 0x4100, 0x4100, 0x6200, 0xA300, 0xA300, 0xA300, 0xA300, 0x6200, 0x7444, 0x1B5E,
    0x1B5E, 0x7444, 0x6200, 0xC300, 0xA300, 0xA300, 0xA300, 0xA300, 0xA300, 0xA300, 0xA300, 0x8200, 0x4100, 0xA300, 0xA300, 0xA300,
    0xA300, 0xA300, 0xA300, 0xA300, 0xA300, 0xA300, 0xC300, 0xC300, 0xA300, 0xA300, 0xA300, 0xA300, 0xC300, 0x6200, 0x7444, 0x1B5E,
    0x1B5E, 0x743C, 0x0000, 0x6200, 0x6200, 0x6200, 0x6200, 0x6200, 0x6200, 0x6200, 0x6200, 0x6200, 0x6200, 0x6200, 0x6200, 0x6200,
    0x6200, 0x6200, 0x6200, 0x6200, 0x6200, 0x6200, 0x6200, 0x6200, 0x6200, 0x6200, 0x6200, 0x6200, 0x6200, 0x0000, 0x743C, 0x1B5E,
    0xFA55, 0x7855, 0x7444, 0x9444, 0x7444, 0x7444, 0x7444, 0x7444, 0x7444, 0x7444, 0x7444, 0x7444, 0x7444, 0x7444, 0x7444, 0x7444,
    0x7444, 0x7444, 0x7444, 0x7444, 0x7444, 0x7444, 0x7444, 0x7444, 0x7444, 0x7444, 0x7444, 0x7444, 0x9444, 0x7444, 0x7855, 0xFA55,
    0xDA55, 0xDA55, 0x1B5E, 0x1B5E, 0x1B5E, 0x1B5E, 0x1B5E, 0x1B5E, 0x1B5E, 0x1B5E, 0x1B5E, 0x1B5E, 0x1B5E, 0x1B5E, 0x1B5E, 0x1B5E,
    0x1B5E, 0x1B5E, 0x1B5E, 0x1B5E, 0x1B5E, 0x1B5E, 0x1B5E, 0x1B5E, 0x1B5E, 0x1B5E, 0x1B5E, 0x1B5E, 0x1B5E, 0x1B5E, 0xDA55, 0xDA55
};

const uint16_t icon_grenadier_battlement_stratagem_icon_background[] PROGMEM = {
    0xAA6C, 0xCA6C, 0xEB6C, 0xEB6C, 0xEB6C, 0xEB6C, 0xEB6C, 0xEB6C, 0xEB6C, 0xEB6C, 0xEB6C, 0xEB6C, 0xEB6C, 0xEB6C, 0xEB6C, 0xEB6C,
    0xEB6C, 0xEB6C, 0xEB6C, 0xEB6C, 0xEB6C, 0xEB6C, 0xEB6C, 0xEB6C, 0xEB6C, 0xEB6C, 0xEB6C, 0xEB6C, 0xEB6C, 0xEB6C, 0xCA6C, 0xAA6C,
    0xCA6C, 0x6A64, 0xA84B, 0xA853, 0xA853, 0xA853, 0xA853, 0xA853, 0xA853, 0xA853, 0xA853, 0xA853, 0xA853, 0xA853, 0xA853, 0xA853,
    0xA853, 0xA853, 0xA853, 0xA853, 0xA853, 0xA853, 0xA853, 0xA853, 0xA853, 0xA853, 0xA853, 0xA853, 0xA853, 0xA84B, 0x6A64, 0xCA6C,
    0xEB6C, 0xA753, 0x6000, 0xA000, 0x8000, 0x8000, 0x8000, 0x8000, 0x8000, 0x8000, 0x8000, 0x8000, 0x8000, 0x8000, 0x8000, 0x8000,
    0x8000, 0x8000, 0x8000, 0x8000, 0x8000, 0x8000, 0x8000, 0x8000, 0x8000, 0x8000, 0x8000, 0x8000, 0xA000, 0x6000, 0xA753, 0xEB6C,
    0xEB6C, 0xA853, 0xA000, 0xC008, 0xC008, 0xC008, 0xC008, 0xC008, 0xC008, 0xC008, 0xC008, 0xC008, 0xC008, 0xC008, 0xC008, 0xC008,
    0xC008, 0xC008, 0xC008, 0xC008, 0xC008, 0xC008, 0xC008, 0xC008, 0xC008, 0xC008, 0xC008, 0xC008, 0xC008, 0xA000, 0xA853, 0xEB6C,
    0xEB6C, 0xA853, 0x8000, 0xC008, 0xC008, 0xC008, 0xC008, 0xC008, 0xC008, 0xC008, 0xC008, 0xC008, 0xC008, 0xC008, 0xC008, 0xC008,
    0xC008, 0xC008, 0xC008, 0xC008, 0xC008, 0xC008, 0xC008, 0xC008, 0xC008, 0xC008, 0xC008, 0xC008, 0xC008, 0x8000, 0xA853, 0xEB6C,
    0xEB6C, 0xA853, 0x8000, 0xC008, 0xC008, 0xC008, 0xC008, 0xC008, 0xC008, 0xC008, 0xC008, 0xC008, 0xC008, 0xC008, 0xC008, 0xC008,
    0xC008, 0xC008, 0xC008, 0xC008, 0xC008, 0xC008, 0xC008, 0xC008, 0xC008, 0xC008, 0xC008, 0xC008, 0xC008, 0x8000, 0xA853, 0xEB6C,
    0xEB6C, 0xA853, 0x8000, 0xC008, 0xC008, 0xC008, 0xC008, 0xC008, 0xC008, 0xC008, 0xC008, 0xC008, 0xC008, 0xC008, 0xC008, 0xC008,
    0xC008, 0xC008, 0xC008, 0xC008, 0xC008, 0xC008, 0xC008, 0xC008, 0xC008, 0xC008, 0xC008, 0xC008, 0xC008, 0x8000, 0xA853, 0xEB6C,
    0xEB6C, 0xA853, 0x8000, 0xC008, 0xC008, 0xC008, 0xC008, 0xC008, 0xC008, 0xC008, 0xC008, 0xC008, 0xC008, 0xC008, 0xC008, 0xC008,
    0xC008, 0xC008, 0xC008, 0xC008, 0xC008, 0xC008, 0xC008, 0xC008, 0xC008, 0xC008, 0xC008, 0xC008, 0xC008, 0x8000, 0xA853, 0xEB6C,
    0xEB6C, 0xA853, 0x8000, 0xC008, 0xC008, 0xC008, 0xC008, 0xC008, 0xE008, 0xE008, 0xE008, 0xE008, 0xC008, 0xC008, 0xE008, 0xE008,
    0xE008, 0xE008, 0xC008, 0xC008, 0xE008, 0xE008, 0xE008, 0xE008, 0xC008, 0xC008, 0xC008, 0xC008, 0xC008, 0x8000, 0xA853, 0xEB6C,
    0xEB6C, 0xA853, 0x8000, 0xC008, 0xC008, 0xC008, 0xC008, 0x8000, 0x4000, 0x4000, 0x4000, 0x4000, 0x8000, 0x8000, 0x4000, 0x4000,
    0x4000, 0x4000, 0x8000, 0x8000, 0x4000, 0x4000, 0x4000, 0x4000, 0x8000, 0xC008, 0xC008, 0xC008, 0xC008, 0x8000, 0xA853, 0xEB6C,
    0xEB6C, 0xA853, 0x8000, 0xC008, 0xC008, 0xC008, 0x8000, 0x8742, 0x4F84, 0x4E84, 0x4E84, 0x4F84, 0x463A, 0x463A, 0x4F84, 0x4E84,
    0x4E84, 0x4F84, 0x463A, 0x463A, 0x4F84, 0x4E84, 0x4E84, 0x4F84, 0x8742, 0x8000, 0xC008, 0xC008, 0xC008, 0x8000, 0xA853, 0xEB6C,
    0xEB6C, 0xA853, 0x8000, 0xC008, 0xC008, 0xE008, 0x2000, 0xB094, 0xFFFF, 0xFFFF, 0xFFFF, 0xFFFF, 0x2E7C, 0x2E7C, 0xFFFF, 0xFFFF,
    0xFFFF, 0xFFFF, 0x2E7C, 0x2E7C, 0xFFFF, 0xFFFF, 0xFFFF, 0xFFFF, 0xB094, 0x2000, 0xE008, 0xC008, 0xC008, 0x8000, 0xA853, 0xEB6C,
    0xEB6C, 0xA853, 0x8000, 0xC008, 0xC008, 0xE008, 0x4000, 0x0D7C, 0x5CE7, 0x3AE7, 0x3AE7, 0x5CE7, 0x6B63, 0x6B63, 0x5CE7, 0x3AE7,
    0x3AE7, 0x5CE7, 0x6B63, 0x6B63, 0x5CE7, 0x3AE7, 0x3AE7, 0x5CE7, 0x0D7C, 0x4000, 0xE008, 0xC008, 0xC008, 0x8000, 0xA853, 0xEB6C,
    0xEB6C, 0xA853, 0x8000, 0xC008, 0xC008, 0xC008, 0xA000, 0x4219, 0xA429, 0x6219, 0x6219, 0xA429, 0x6219, 0x6219, 0xA429, 0x6219,
    0x6219, 0xA429, 0x6219, 0x6219, 0xA429, 0x6219, 0x6219, 0xA429, 0x4219, 0xA000, 0xC008, 0xC008, 0xC008, 0x8000, 0xA853, 0xEB6C,
    0xEB6C, 0xA853, 0x8000, 0xC008, 0xC008, 0xE008, 0x4000, 0xED73, 0x5CE7, 0x4A63, 0x6B63, 0x5CE7, 0x3AE7, 0x3AE7, 0x5CE7, 0x6B63,
    0x6B63, 0x5CE7, 0x3AE7, 0x3AE7, 0x5CE7, 0x6B63, 0x4A63, 0x5CE7, 0xED73, 0x4000, 0xE008, 0xC008, 0xC008, 0x8000, 0xA853, 0xEB6C,
    0xEB6C, 0xA853, 0x8000, 0xC008, 0xC008, 0xE008, 0x2000, 0xB08C, 0xFFFF, 0x2E7C, 0x4E84, 0xFFFF, 0xFFFF, 0xFFFF, 0xFFFF, 0x4E84,
    0x4E84, 0xFFFF, 0xFFFF, 0xFFFF, 0xFFFF, 0x4E84, 0x2E7C, 0xFFFF, 0xB08C, 0x2000, 0xE008, 0xC008, 0xC008, 0x8000, 0xA853, 0xEB6C,
    0xEB6C, 0xA853, 0x8000, 0xC008, 0xC008, 0xC008, 0x8000, 0x263A, 0xCD73, 0xA429, 0xC429, 0xCD73, 0x0D7C, 0x0D7C, 0xCD73, 0xC429,
    0xC429, 0xCD73, 0x0D7C, 0x0D7C, 0xCD73, 0xC429, 0xA429, 0xCD73, 0x263A, 0x8000, 0xC008, 0xC008, 0xC008, 0x8000, 0xA853, 0xEB6C,
    0xEB6C, 0xA853, 0x8000, 0xC008, 0xC008, 0xC008, 0x8000, 0x463A, 0xCD73, 0x0D7C, 0x0D7C, 0xCD73, 0xC429, 0xC429, 0xCD73, 0x0D7C,
    0x0D7C, 0xCD73, 0xC429, 0xC429, 0xCD73, 0x0D7C, 0x0D7C, 0xCD73, 0x463A, 0x8000, 0xC008, 0xC008, 0xC008, 0x8000, 0xA853, 0xEB6C,
    0xEB6C, 0xA853, 0x8000, 0xC008, 0xC008, 0xE008, 0x2000, 0xD094, 0xFFFF, 0xFFFF, 0xFFFF, 0xFFFF, 0x4E84, 0x4E84, 0xFFFF, 0xFFFF,
    0xFFFF, 0xFFFF, 0x4E84, 0x4E84, 0xFFFF, 0xFFFF, 0xFFFF, 0xFFFF, 0xD094, 0x2000, 0xE008, 0xC008, 0xC008, 0x8000, 0xA853, 0xEB6C,
    0xEB6C, 0xA853, 0x8000, 0xC008, 0xC008, 0xE008, 0x4000, 0x0D7C, 0x5CE7, 0x3AE7, 0x3AE7, 0x5CE7, 0x6B63, 0x6B63, 0x5CE7, 0x3AE7,
    0x3AE7, 0x5CE7, 0x6B63, 0x6B63, 0x5CE7, 0x3AE7, 0x3AE7, 0x5CE7, 0x0D7C, 0x4000, 0xE008, 0xC008, 0xC008, 0x8000, 0xA853, 0xEB6C,
    0xEB6C, 0xA853, 0x8000, 0xC008, 0xC008, 0xC008, 0xA000, 0x2111, 0xA321, 0x6219, 0x6219, 0xA429, 0x6219, 0x6219, 0x8321, 0x6219,
    0x6219, 0x8321, 0x6219, 0x6219, 0xA429, 0x6219, 0x6219, 0xA321, 0x2111, 0xA000, 0xC008, 0xC008, 0xC008, 0x8000, 0xA853, 0xEB6C,
    0xEB6C, 0xA853, 0x8000, 0xC008, 0xC008, 0xE008, 0x4000, 0x0D7C, 0xFFFF, 0x8B63, 0x6B63, 0x5CEF, 0x3AE7, 0x7BEF, 0xFFFF, 0xAB6B,
    0xAB6B, 0xFFFF, 0x7BEF, 0x3AE7, 0x5CEF, 0x6B63, 0x8B63, 0xFFFF, 0x0D7C, 0x4000, 0xE008, 0xC008, 0xC008, 0x8000, 0xA853, 0xEB6C,
    0xEB6C, 0xA853, 0xA000, 0xE008, 0xC008, 0x8000, 0x8000, 0x8321, 0x33A5, 0x6B63, 0x4E84, 0xFFFF, 0xFFFF, 0x9CF7, 0xD194, 0x8321,
    0x8321, 0xB194, 0x9CEF, 0xFFFF, 0xFFFF, 0x4E7C, 0x6B63, 0x53A5, 0x8321, 0x8000, 0x8000, 0xC008, 0xE008, 0xA000, 0xA853, 0xEB6C,
    0xEB6C, 0xA853, 0x8000, 0x8000, 0xC008, 0x0322, 0xC853, 0xA74B, 0xC219, 0x8000, 0x874A, 0x37C6, 0xCD73, 0x4319, 0x8119, 0xA74B,
    0xA74B, 0x8119, 0x4319, 0xCD73, 0x37C6, 0xA84A, 0x8000, 0xC219, 0x874B, 0xE853, 0x032A, 0xC008, 0x8000, 0x8000, 0xA853, 0xEB6C,
    0xEB6C, 0xA753, 0xE008, 0x8432, 0x095C, 0xEB6C, 0xCB6C, 0xEB6C, 0x0B75, 0x295C, 0x432A, 0x0009, 0x0222, 0xE853, 0x0B75, 0xEB6C,
    0xEB6C, 0x0B75, 0xE853, 0x0222, 0x0009, 0x432A, 0x295C, 0xEB74, 0xEB6C, 0xCB6C, 0xEB6C, 0x295C, 0x8532, 0xE008, 0xA753, 0xEB6C,
    0xEB6C, 0xC853, 0xE853, 0x0B75, 0xCB6C, 0xAA6C, 0xAA6C, 0xAA6C, 0xAA6C, 0xCB6C, 0xEB74, 0xAA6C, 0x0B75, 0xEB6C, 0xAA6C, 0xAA6C,
    0xAA6C, 0xAA6C, 0xEB6C, 0x0B75, 0xAA6C, 0xEB74, 0xCB6C, 0xAA6C, 0xAA6C, 0xAA6C, 0xAA6C, 0xCB6C, 0x0B75, 0xE853, 0xC853, 0xEB6C,
    0xCB6C, 0xE85B, 0x4964, 0xAA6C, 0xAA6C, 0xAA6C, 0xAA6C, 0xAA6C, 0xAA6C, 0xAA6C, 0xAA6C, 0xAA6C, 0xAA6C, 0xAA6C, 0xAA6C, 0xAA6C,
    0xAA6C, 0xAA6C, 0xAA6C, 0xAA6C, 0xAA6C, 0xAA6C, 0xAA6C, 0xAA6C, 0xAA6C, 0xAA6C, 0xAA6C, 0xAA6C, 0xAA6C, 0x4964, 0xE85B, 0xCB6C,
    0xCB6C, 0xE853, 0x295C, 0xCA6C, 0xAA6C, 0xAA6C, 0xAA6C, 0xAA6C, 0xAA6C, 0xAA6C, 0xAA6C, 0xAA6C, 0xAA6C, 0xAA6C, 0xAA6C, 0xAA6C,
    0xAA6C, 0xAA6C, 0xAA6C, 0xAA6C, 0xAA6C, 0xAA6C, 0xAA6C, 0xAA6C, 0xAA6C, 0xAA6C, 0xAA6C, 0xAA6C, 0xCA6C, 0x295C, 0xE853, 0xCB6C,
    0xCB6C, 0xE853, 0x4964, 0xEB6C, 0xCA6C, 0xCA6C, 0xCA6C, 0xCA6C, 0xCA6C, 0xCA6C, 0xCA6C, 0xCA6C, 0xCA6C, 0xCA6C, 0xCA6C, 0xCA6C,
    0xCA6C, 0xCA6C, 0xCA6C, 0xCA6C, 0xCA6C, 0xCA6C, 0xCA6C, 0xCA6C, 0xCA6C, 0xCA6C, 0xCA6C, 0xCA6C, 0xEB6C, 0x4964, 0xE853, 0xCB6C,
    0xCB6C, 0xE853, 0xC853, 0x4964, 0x495C, 0x495C, 0x495C, 0x495C, 0x495C, 0x495C, 0x495C, 0x495C, 0x495C, 0x495C, 0x495C, 0x495C,
    0x495C, 0x495C, 0x495C, 0x495C, 0x495C, 0x495C, 0x495C, 0x495C, 0x495C, 0x495C, 0x495C, 0x495C, 0x4964, 0xC853, 0xE853, 0xCB6C,
    0xCA6C, 0x6A64, 0xE853, 0xE853, 0xE853, 0xE853, 0xE853, 0xE853, 0xE853, 0xE853, 0xE853, 0xE853, 0xE853, 0xE853, 0xE853, 0xE853,
    0xE853, 0xE853, 0xE853, 0xE853, 0xE853, 0xE853, 0xE853, 0xE853, 0xE853, 0xE853, 0xE853, 0xE853, 0xE853, 0xE853, 0x6A64, 0xCA6C,
    0xAA6C, 0xCA6C, 0xCB6C, 0xCB6C, 0xCB6C, 0xCB6C, 0xCB6C, 0xCB6C, 0xCB6C, 0xCB6C, 0xCB6C, 0xCB6C, 0xCB6C, 0xCB6C, 0xCB6C, 0xCB6C,
    0xCB6C, 0xCB6C, 0xCB6C, 0xCB6C, 0xCB6C, 0xCB6C, 0xCB6C, 0xCB6C, 0xCB6C, 0xCB6C, 0xCB6C, 0xCB6C, 0xCB6C, 0xCB6C, 0xCA6C, 0xAA6C
};

const uint16_t icon_guard_dog_stratagem_icon_background[] PROGMEM = {
    0xDA55, 0xDA55, 0x1B5E, 0x1B5E, 0x1B5E, 0x1B5E, 0x1B5E, 0x1B5E, 0x1B5E, 0x1B5E, 0x1B5E, 0x1B5E, 0x1B5E, 0x1B5E, 0x1B5E, 0x1B5E,
    0x1B5E, 0x1B5E, 0x1B5E, 0x1B5E, 0x1B5E, 0x1B5E, 0x1B5E, 0x1B5E, 0x1B5E, 0x1B5E, 0x1B5E, 0x1B5E, 0x1B5E, 0x1B5E, 0xDA55, 0xDA55,
    0xFA55, 0x7855, 0x7444, 0x9444, 0x7444, 0x7444, 0x7444, 0x7444, 0x7444, 0x7444, 0x7444, 0x7444, 0x7444, 0x7444, 0x7444, 0x7444,
    0x7444, 0x7444, 0x7444, 0x7444, 0x7444, 0x7444, 0x7444, 0x7444, 0x7444, 0x7444, 0x7444, 0x7444, 0x9444, 0x7444, 0x7855, 0xFA55,
    0x1B5E, 0x743C, 0x0000, 0x6200, 0x6200, 0x6200, 0x6200, 0x6200, 0x6200, 0x6200, 0x6200, 0x6200, 0x6200, 0x6200, 0x6200, 0x6200,
    0x6200, 0x6200, 0x6200, 0x6200, 0x6200, 0x6200, 0x6200, 0x6200, 0x6200, 0x6200, 0x6200, 0x6200, 0x6200, 0x0000, 0x743C, 0x1B5E,
    0x1B5E, 0x7444, 0x6200, 0xC300, 0xA300, 0xA300, 0xA300, 0xA300, 0xA300, 0xA300, 0xA300, 0xA300, 0xA300, 0xA300, 0xC300, 0xC300,
    0xC300, 0xC300, 0xC300, 0xC300, 0xC300, 0xC300, 0xC300, 0xC300, 0xC300, 0xC300, 0xC300, 0xA300, 0xA300, 0x6200, 0x7444, 0x1B5E,
    0x1B5E, 0x7444, 0x6200, 0xA300, 0xA300, 0xA300, 0xA300, 0xA300, 0xA300, 0xA300, 0xA300, 0xA300, 0xA300, 0x8300, 0x4100, 0x2100,
    0x4100, 0x4100, 0x4100, 0x4100, 0x4100, 0x4100, 0x4100, 0x4100, 0x4100, 0x2100, 0x4100, 0x8300, 0xA300, 0x6200, 0x7444, 0x1B5E,
    0x1B5E, 0x7444, 0x6200, 0xA300, 0xA300, 0xA300, 0xA300, 0xA300, 0xA300, 0xA300, 0xA300, 0xA300, 0x8300, 0xC300, 0x0D2B, 0x4E2B,
    0x2E2B, 0x2E2B, 0x2E2B, 0x2E2B, 0x2E2B, 0x2E2B, 0x2E2B, 0x2E2B, 0x2E2B, 0x4E2B, 0x0D2B, 0xC300, 0xA300, 0x6200, 0x7444, 0x1B5E,
    0x1B5E, 0x7444, 0x6200, 0xA300, 0xA300, 0xA300, 0xA300, 0xA300, 0xA300, 0xA300, 0xA300, 0xA300, 0x8200, 0x0501, 0xFA5D, 0x3C5E,
    0x3B5E, 0x3C5E, 0x3C5E, 0x3C5E, 0x3C5E, 0x3C5E, 0x3C5E, 0x3C5E, 0x3B5E, 0x3C5E, 0xFA5D, 0x0501, 0x8200, 0x6200, 0x7444, 0x1B5E,
    0x1B5E, 0x7444, 0x6200, 0xA300, 0xA300, 0xA300, 0xA300, 0xA300, 0xA300, 0xA300, 0xA300, 0xA300, 0x8300, 0xA300, 0xF644, 0x1B5E,
    0x9955, 0xB955, 0xB955, 0xB955, 0xB955, 0xB955, 0xB955, 0xB955, 0x9955, 0x1B5E, 0xF644, 0xA300, 0xA300, 0x6200, 0x7444, 0x1B5E,
    0x1B5E, 0x7444, 0x6200, 0xA300, 0xA300, 0xA300, 0xA300, 0xA300, 0xA300, 0xC300, 0xC300, 0xA300, 0xA300, 0x8200, 0x0509, 0x374D,
    0x3B5E, 0xDA55, 0xFA55, 0xFA55, 0xFA55, 0xFA55, 0xFA55, 0xDA55, 0x3B5E, 0x374D, 0x0509, 0x8200, 0xA300, 0x6200, 0x7444, 0x1B5E,
    0x1B5E, 0x7444, 0x6200, 0xA300, 0xA300, 0xA300, 0xA300, 0xA300, 0x8200, 0x0100, 0x0100, 0x8300, 0x8200, 0x4609, 0x4E2B, 0x0509,
    0xD544, 0x7855, 0x784D, 0x784D, 0x584D, 0x784D, 0x784D, 0x7855, 0xD644, 0x0509, 0x2E2B, 0x2509, 0x8200, 0x6200, 0x7444, 0x1B5E,
    0x1B5E, 0x7444, 0x6200, 0xA300, 0xA300, 0xA300, 0x8200, 0x8200, 0x0409, 0x307C, 0x307C, 0x0409, 0x8200, 0x8300, 0x9955, 0xD133,
    0xE400, 0x6609, 0x0509, 0x0509, 0x4609, 0x0509, 0x0509, 0x6609, 0xE408, 0xB033, 0xFA55, 0xE400, 0x8300, 0x6200, 0x7444, 0x1B5E,
    0x1B5E, 0x7444, 0x6200, 0xA300, 0xA300, 0x8300, 0x4519, 0x4100, 0x2C53, 0xFFFF, 0xFFFF, 0x2C53, 0x4200, 0x0411, 0x2A1A, 0x5C5E,
    0x584D, 0xDA55, 0x8C22, 0x8B22, 0x5C5E, 0x8B22, 0x8C22, 0xDA55, 0x584D, 0x1B5E, 0x784D, 0xE400, 0x8300, 0x6200, 0x7444, 0x1B5E,
    0x1B5E, 0x7444, 0x6200, 0xC300, 0x2100, 0x8A42, 0x0F74, 0x0000, 0x95AD, 0xDEFF, 0xDEFF, 0x95AD, 0x0000, 0x0F74, 0x283A, 0x902B,
    0x3C5E, 0x5C5E, 0xCD22, 0x8B22, 0x7D5E, 0x8B22, 0xCD22, 0x7C5E, 0xDA55, 0xDA55, 0x7855, 0xE400, 0x8300, 0x6200, 0x7444, 0x1B5E,
    0x1B5E, 0x7444, 0x6200, 0xA300, 0x6200, 0x98CE, 0x78CE, 0x3084, 0xDDF7, 0xFEFF, 0xFDFF, 0x9CF7, 0xEF7B, 0x78CE, 0x78CE, 0xC400,
    0x584D, 0x5C5E, 0x4F2B, 0xC308, 0x8609, 0xC308, 0x4F2B, 0x3B5E, 0xB955, 0xFA55, 0x7855, 0xE400, 0x8300, 0x6200, 0x7444, 0x1B5E,
    0x1B5E, 0x7444, 0x6200, 0x4100, 0xEF73, 0xFFFF, 0xFDFF, 0xFEFF, 0x9CF7, 0xDDFF, 0xFFFF, 0xFFFF, 0xFFFF, 0xFEFF, 0xFFFF, 0x8D6B,
    0x0A12, 0x3B5E, 0x9955, 0x784D, 0x584D, 0x784D, 0xB955, 0xDA55, 0xDA55, 0xFA55, 0x7855, 0xE400, 0x8300, 0x6200, 0x7444, 0x1B5E,
    0x1B5E, 0x9444, 0x4100, 0xE408, 0x5BE7, 0xFFFF, 0x5084, 0x4200, 0xE408, 0x4519, 0xEB52, 0xEB52, 0x4C63, 0x1AE7, 0xFFFF, 0x5BEF,
    0x2509, 0x584D, 0xFA5D, 0xDA55, 0xFA55, 0xFA55, 0xDA55, 0xDA55, 0xDA55, 0xFA55, 0x7855, 0xE400, 0x8300, 0x6200, 0x7444, 0x1B5E,
    0x1B5E, 0x9444, 0x4100, 0x2511, 0x7BEF, 0xFFFF, 0x9184, 0x8310, 0x2511, 0x6619, 0xCB4A, 0xAA4A, 0x4C63, 0x3AE7, 0xFEFF, 0x7BEF,
    0x8619, 0x584D, 0xFA5D, 0xBA55, 0xDA55, 0xDA55, 0xDA55, 0xDA55, 0xDA55, 0xFA55, 0x7855, 0xE400, 0x8300, 0x6200, 0x7444, 0x1B5E,
    0x1B5E, 0x9444, 0x4100, 0x2511, 0x7BEF, 0xFEFF, 0x9CEF, 0x1AE7, 0x1ADF, 0x9CF7, 0xFFFF, 0xFFFF, 0xFFFF, 0xFEFF, 0xFEFF, 0x7BEF,
    0x6611, 0x584D, 0xFA5D, 0xDA55, 0xDA55, 0xDA55, 0xDA55, 0xDA55, 0xDA55, 0xFA55, 0x7855, 0xE400, 0x8300, 0x6200, 0x7444, 0x1B5E,
    0x1B5E, 0x9444, 0x4100, 0x2511, 0x7BEF, 0xFFFF, 0x7184, 0x8208, 0x2511, 0x6619, 0xEB4A, 0xCB4A, 0x4D63, 0x3AE7, 0xFEFF, 0x7BEF,
    0x6611, 0x584D, 0xFA5D, 0xDA55, 0xDA55, 0xDA55, 0xDA55, 0xDA55, 0xDA55, 0xFA55, 0x7855, 0xE400, 0x8300, 0x6200, 0x7444, 0x1B5E,
    0x1B5E, 0x9444, 0x4100, 0x2511, 0x7BEF, 0xFFFF, 0x7184, 0x8208, 0x2511, 0x6619, 0xCB4A, 0xAA4A, 0x4C63, 0x3AE7, 0xFEFF, 0x7BEF,
    0x6611, 0x584D, 0xFA5D, 0xDA55, 0xDA55, 0xDA55, 0xDA55, 0xDA55, 0xDA55, 0xFA55, 0x7855, 0xE400, 0x8300, 0x6200, 0x7444, 0x1B5E,
    0x1B5E, 0x9444, 0x4100, 0x2511, 0x7BEF, 0xFEFF, 0x9CEF, 0x1AE7, 0x1ADF, 0x9CF7, 0xFFFF, 0xFFFF, 0xFFFF, 0xFEFF, 0xFEFF, 0x7BEF,
    0x6611, 0x584D, 0xFA5D, 0xDA55, 0xDA55, 0xDA55, 0xDA55, 0xDA55, 0xDA55, 0xDA55, 0x9955, 0x0401, 0x8300, 0x6200, 0x7444, 0x1B5E,
    0x1B5E, 0x9444, 0x4100, 0x2511, 0x7BEF, 0xFFFF, 0x9184, 0x8310, 0x2511, 0x6619, 0xEB4A, 0xCB4A, 0x4D63, 0x3AE7, 0xFEFF, 0x7BEF,
    0x6619, 0x374D, 0xDA55, 0xB955, 0xB955, 0xB955, 0xB955, 0xB955, 0xB955, 0x1B5E, 0xF644, 0xA300, 0xA300, 0x6200, 0x7444, 0x1B5E,
    0x1B5E, 0x9444, 0x4100, 0xE408, 0x5BE7, 0xFFFF, 0x5084, 0x4200, 0xE408, 0x4519, 0xEB4A, 0xCA4A, 0x4C63, 0x1AE7, 0xFFFF, 0x5BEF,
    0x4511, 0xBA55, 0x5C5E, 0x3B5E, 0x3C5E, 0x3C5E, 0x3C5E, 0x3B5E, 0x5C5E, 0x374D, 0x2509, 0x6200, 0xA300, 0x6200, 0x7444, 0x1B5E,
    0x1B5E, 0x7444, 0x6200, 0x4100, 0xEF73, 0xFFFF, 0xFDFF, 0xFEFF, 0x9CF7, 0xDDFF, 0xFFFF, 0xFFFF, 0xFFFF, 0xFEFF, 0xFFFF, 0xEE73,
    0x4200, 0x2E2B, 0x4E2B, 0x2E2B, 0x2E2B, 0x2E2B, 0x2E2B, 0x2E2B, 0x4F2B, 0x4609, 0x4100, 0xA300, 0xA300, 0x6200, 0x7444, 0x1B5E,
    0x1B5E, 0x7444, 0x6200, 0xA300, 0x6200, 0x98CE, 0x78CE, 0x3084, 0xDCF7, 0xFEFF, 0xFDFF, 0x9CF7, 0xEF7B, 0x78CE, 0x98CE, 0x6200,
    0x8300, 0x4100, 0x2100, 0x4100, 0x4100, 0x4100, 0x4100, 0x4100, 0x2100, 0x8200, 0xA300, 0xA300, 0xA300, 0x6200, 0x7444, 0x1B5E,
    0x1B5E, 0x7444, 0x6200, 0xC300, 0x2100, 0x8A42, 0x0F74, 0x0000, 0x95AD, 0xDEFF, 0xDEFF, 0x95AD, 0x0000, 0x0F74, 0x8A42, 0x2100,
    0xA300, 0xA300, 0xA300, 0xA300, 0xA300, 0xA300, 0xA300, 0xA300, 0xA300, 0xA300, 0xA300, 0xA300, 0xA300, 0x6200, 0x7444, 0x1B5E,
    0x1B5E, 0x7444, 0x6200, 0xA300, 0xA300, 0x8300, 0x4519, 0x4100, 0x0C53, 0xFFFF, 0xFFFF, 0x2C53, 0x4100, 0x4519, 0x8300, 0xA300,
    0xA300, 0xA300, 0xA300, 0xA300, 0xA300, 0xA300, 0xA300, 0xA300, 0xA300, 0xA300, 0xA300, 0xA300, 0xA300, 0x6200, 0x7444, 0x1B5E,
    0x1B5E, 0x7444, 0x6200, 0xA300, 0xA300, 0xA300, 0x8200, 0x8200, 0x0409, 0x307C, 0x307C, 0x0409, 0x8200, 0x8200, 0xA300, 0xA300,
    0xA300, 0xA300, 0xA300, 0xA300, 0xA300, 0xA300, 0xA300, 0xA300, 0xA300, 0xA300, 0xA300, 0xA300, 0xA300, 0x6200, 0x7444, 0x1B5E,
    0x1B5E, 0x7444, 0x6200, 0xC300, 0xA300, 0xA300, 0xA300, 0xA300, 0xA300, 0x2100, 0x2100, 0xA300, 0xA300, 0xA300, 0xA300, 0xA300,
    0xA300, 0xA300, 0xA300, 0xA300, 0xA300, 0xA300, 0xA300, 0xA300, 0xA300, 0xA300, 0xA300, 0xA300, 0xC300, 0x6200, 0x7444, 0x1B5E,
    0x1B5E, 0x743C, 0x0000, 0x6200, 0x6200, 0x6200, 0x6200, 0x6200, 0x6200, 0x8200, 0x8200, 0x6200, 0x6200, 0x6200, 0x6200, 0x6200,
    0x6200, 0x6200, 0x6200, 0x6200, 0x6200, 0x6200, 0x6200, 0x6200, 0x6200, 0x6200, 0x6200, 0x6200, 0x6200, 0x0000, 0x743C, 0x1B5E,
    0xFA55, 0x7855, 0x7444, 0x9444, 0x7444, 0x7444, 0x7444, 0x7444, 0x7444, 0x7444, 0x7444, 0x7444, 0x7444, 0x7444, 0x7444, 0x7444,
    0x7444, 0x7444, 0x7444, 0x7444, 0x7444, 0x7444, 0x7444, 0x7444, 0x7444, 0x7444, 0x7444, 0x7444, 0x9444, 0x7444, 0x7855, 0xFA55,
    0xDA55, 0xDA55, 0x1B5E, 0x1B5E, 0x1B5E, 0x1B5E, 0x1B5E, 0x1B5E, 0x1B5E, 0x1B5E, 0x1B5E, 0x1B5E, 0x1B5E, 0x1B5E, 0x1B5E, 0x1B5E,
    0x1B5E, 0x1B5E, 0x1B5E, 0x1B5E, 0x1B5E, 0x1B5E, 0x1B5E, 0x1B5E, 0x1B5E, 0x1B5E, 0x1B5E, 0x1B5E, 0x1B5E, 0x1B5E, 0xDA55, 0xDA55
};

const uint16_t icon_hmg_emplacement_stratagem_icon_background[] PROGMEM = {
    0xAA6C, 0xCA6C, 0xEB6C, 0xEB6C, 0xEB6C, 0xEB6C, 0xEB6C, 0xEB6C, 0xEB6C, 0xEB6C, 0xEB6C, 0xEB6C, 0xEB6C, 0xEB6C, 0xEB6C, 0xEB6C,
    0xEB6C, 0xEB6C, 0xEB6C, 0xEB6C, 0xEB6C, 0xEB6C, 0xEB6C, 0xEB6C, 0xEB6C, 0xEB6C, 0xEB6C, 0xEB6C, 0xEB6C, 0xEB6C, 0xCA6C, 0xAA6C,
    0xCA6C, 0x6A64, 0xA84B, 0xA853, 0xA853, 0xA853, 0xA853, 0xA853, 0xA853, 0xA853, 0xA853, 0xA853, 0xA853, 0xA853, 0xA853, 0xA853,
    0xA853, 0xA853, 0xA853, 0xA853, 0xA853, 0xA853, 0xA853, 0xA853, 0xA853, 0xA853, 0xA853, 0xA853, 0xA853, 0xA84B, 0x6A64, 0xCA6C,
    0xEB6C, 0xA753, 0x6000, 0xA000, 0x8000, 0x8000, 0x8000, 0x8000, 0x8000, 0x8000, 0x8000, 0x8000, 0x8000, 0x8000, 0x8000, 0x8000,
    0x8000, 0x8000, 0x8000, 0x8000, 0x8000, 0x8000, 0x8000, 0x8000, 0x8000, 0x8000, 0x8000, 0x8000, 0xA000, 0x6000, 0xA753, 0xEB6C,
    0xEB6C, 0xA853, 0xA000, 0xC008, 0xC008, 0xE008, 0xE008, 0xC008, 0xC008, 0xC008, 0xC008, 0xC008, 0xC008, 0xE008, 0xE008, 0xE008,
    0xE008, 0xE008, 0xC008, 0xC008, 0xC008, 0xE008, 0xE008, 0xE008, 0xE008, 0xE008, 0xE008, 0xE008, 0xE008, 0xA000, 0xA853, 0xEB6C,
    0xEB6C, 0xA853, 0x8000, 0xC008, 0xA000, 0x4000, 0x6000, 0xC008, 0xC008, 0xC008, 0xC008, 0xC008, 0xC008, 0x8000, 0x6000, 0x6000,
    0x8000, 0x8000, 0xA000, 0xC008, 0xA000, 0x6000, 0x6000, 0x8000, 0x8000, 0x8000, 0x8000, 0x8000, 0x8000, 0x8000, 0xA853, 0xEB6C,
    0xEB6C, 0xA853, 0xA000, 0xA000, 0x6219, 0x0E7C, 0xE952, 0x8000, 0xC008, 0xC008, 0xC008, 0xC008, 0xE008, 0xA53A, 0xE53A, 0xC53A,
    0x8432, 0xC321, 0x0009, 0x6000, 0xA219, 0x0643, 0xC53A, 0xA53A, 0xC53A, 0xA53A, 0xA53A, 0xC53A, 0xA532, 0xA000, 0xA753, 0xEB6C,
    0xEB6C, 0xA853, 0x8000, 0xC008, 0x56C6, 0xFFFF, 0xFFFF, 0xE952, 0x6000, 0xE008, 0xC000, 0x8000, 0xE008, 0x4964, 0xAA6C, 0x8A64,
    0x0B75, 0x4C7D, 0xEB6C, 0x4743, 0x4111, 0x6432, 0x0B75, 0x0B75, 0xEB6C, 0xEB74, 0xEB74, 0x0B75, 0xAA6C, 0xE008, 0xA74B, 0xEB6C,
    0xEB6C, 0xA853, 0x8000, 0x4211, 0xDCFF, 0xFEFF, 0xFFFF, 0x6E84, 0x4000, 0xE008, 0x0111, 0x4219, 0x4219, 0x6219, 0x6219, 0x4219,
    0x4111, 0x2322, 0x2322, 0x295C, 0xCB6C, 0xC221, 0x6111, 0x8A64, 0xCA6C, 0xAA6C, 0xAA6C, 0xCA6C, 0x6A64, 0xC008, 0xA74B, 0xEB6C,
    0xEB6C, 0xA853, 0xA000, 0x0000, 0x295B, 0xBAD6, 0xB4AD, 0xC008, 0x8000, 0x4000, 0x2E7C, 0x7DEF, 0x5BEF, 0x7BEF, 0x7BEF, 0x7CEF,
    0x73AD, 0xCD73, 0x8C6B, 0x4219, 0x2643, 0x0B75, 0x0322, 0xA219, 0x8A64, 0x6964, 0x6964, 0x8A64, 0x295C, 0xC008, 0xA74B, 0xEB6C,
    0xEB6C, 0xA753, 0xA000, 0xEC73, 0x0E7C, 0xB08C, 0x4E84, 0x2F7C, 0x663A, 0x0000, 0x8F8C, 0xFFFF, 0xFEFF, 0xFEFF, 0xFFFF, 0xFEFF,
    0xFFFF, 0xFFFF, 0xFFFF, 0x129D, 0x0000, 0x674B, 0x0B75, 0x8219, 0xC008, 0x0111, 0x0009, 0x0009, 0x0009, 0xA000, 0xA853, 0xEB6C,
    0xEB74, 0x874B, 0x0111, 0xFDFF, 0xFFFF, 0xFFFF, 0xFFFF, 0xFFFF, 0xB08C, 0x0000, 0x2E7C, 0x5DEF, 0x5AE7, 0x5BEF, 0x5BEF, 0x5BEF,
    0x93AD, 0x2F84, 0x0D74, 0x8321, 0x0643, 0xAA6C, 0xCB6C, 0x085C, 0xA000, 0xA000, 0xA000, 0xA000, 0xC000, 0x8000, 0xA853, 0xEB6C,
    0xEB74, 0x874B, 0x0111, 0x7BEF, 0xDDFF, 0xDDFF, 0xDCF7, 0xDFFF, 0x4E84, 0x2000, 0x6219, 0xA429, 0xA321, 0xA429, 0xA329, 0xA429,
    0x4000, 0x0000, 0x0000, 0x2643, 0x4C7D, 0xAA6C, 0xAA64, 0xEB6C, 0x032A, 0x8000, 0xC008, 0xC008, 0xC008, 0x8000, 0xA853, 0xEB6C,
    0xEB74, 0x874B, 0x0111, 0x9BF7, 0xFEFF, 0xFDFF, 0xDDFF, 0xFFFF, 0x8F8C, 0x0000, 0x2E7C, 0x5DEF, 0x5AE7, 0x5BEF, 0x5BEF, 0x5BEF,
    0xB4AD, 0x2F84, 0x0D74, 0x8321, 0x0643, 0xAA6C, 0xAA64, 0xEB6C, 0x474B, 0x8000, 0xC008, 0xC008, 0xC008, 0x8000, 0xA853, 0xEB6C,
    0xEB74, 0x874B, 0x0111, 0x9BF7, 0xFEFF, 0xFDFF, 0xDDFF, 0xFFFF, 0x8F8C, 0x0000, 0xB08C, 0xFFFF, 0xFEFF, 0xFEFF, 0xFFFF, 0xFEFF,
    0xFFFF, 0xFFFF, 0xFFFF, 0x129D, 0x0000, 0x674B, 0xCB6C, 0xCA6C, 0x085C, 0xC008, 0xC008, 0xC008, 0xC008, 0x8000, 0xA853, 0xEB6C,
    0xEB74, 0x874B, 0x0111, 0x9BF7, 0xFEFF, 0xFDFF, 0xDDFF, 0xFFFF, 0x8F8C, 0x0000, 0x4E7C, 0x7DEF, 0x5BEF, 0x7BEF, 0x7BEF, 0x7CEF,
    0x73AD, 0xCD73, 0x8C6B, 0x6219, 0x2643, 0xAA6C, 0xAA6C, 0xCA6C, 0x6964, 0x0009, 0xA000, 0xC008, 0xC008, 0x8000, 0xA853, 0xEB6C,
    0xEB74, 0x874B, 0x0111, 0x9BF7, 0xFEFF, 0xFDFF, 0xDDFF, 0xFFFF, 0x6F84, 0x2000, 0x2111, 0x4219, 0x4219, 0x6219, 0x6219, 0x4219,
    0x4111, 0x2322, 0x2322, 0xC853, 0xEB6C, 0xAA64, 0x8A64, 0xAA6C, 0x6964, 0x0009, 0xA000, 0xC008, 0xC008, 0x8000, 0xA853, 0xEB6C,
    0xEB74, 0x874B, 0x0111, 0x7BEF, 0xFEFF, 0xFDFF, 0xDDFF, 0xFFFF, 0x4E84, 0x4000, 0xC008, 0x8000, 0xE008, 0x4964, 0xAA6C, 0x8A64,
    0x0B75, 0x8D7D, 0x6C7D, 0x2C75, 0x0B75, 0x0B75, 0xEB74, 0x0B75, 0xAA6C, 0x0009, 0xA000, 0xC008, 0xC008, 0x8000, 0xA853, 0xEB6C,
    0xEB74, 0x874B, 0x0111, 0xFDFF, 0xFEFF, 0xFDFF, 0xDDFF, 0xFFFF, 0xAF8C, 0x2000, 0xE008, 0xC008, 0xE008, 0xA53A, 0xE53A, 0xA53A,
    0x6432, 0x6432, 0x6432, 0x6432, 0x6432, 0x6432, 0x8532, 0xC53A, 0x8532, 0xE008, 0xC000, 0xC008, 0xC008, 0x8000, 0xA853, 0xEB6C,
    0xEB6C, 0xA853, 0x8000, 0x0D7C, 0xDDF7, 0xFDFF, 0xFEFF, 0x37C6, 0xE531, 0x8000, 0xC008, 0xC008, 0xC008, 0x8000, 0x4000, 0x6119,
    0x8432, 0x6432, 0x6432, 0x6432, 0x6432, 0x8532, 0x6219, 0x4000, 0x8000, 0xC008, 0xC008, 0xC008, 0xC008, 0x8000, 0xA853, 0xEB6C,
    0xEB6C, 0xA853, 0x6000, 0xC008, 0x7BEF, 0xFDFF, 0xFFFF, 0x0D7C, 0x0000, 0xE008, 0xC008, 0xC008, 0xC008, 0xE008, 0x8000, 0xE53A,
    0x4C7D, 0xEB6C, 0x0B75, 0x0B75, 0xEB6C, 0x4C7D, 0xE53A, 0x8000, 0xE008, 0xC008, 0xC008, 0xC008, 0xC008, 0x8000, 0xA853, 0xEB6C,
    0xEB6C, 0xA853, 0x6000, 0x6219, 0x9BEF, 0xFDFF, 0xFFFF, 0x6F84, 0x4000, 0xE008, 0xC008, 0xC008, 0xC008, 0xE008, 0x8000, 0xC53A,
    0x0B75, 0xAA64, 0xAA6C, 0xAA6C, 0xAA64, 0x0B75, 0xC53A, 0x8000, 0xE008, 0xC008, 0xC008, 0xC008, 0xC008, 0x8000, 0xA853, 0xEB6C,
    0xEB6C, 0xA853, 0x6000, 0x4219, 0x9BEF, 0xFDFF, 0xFFFF, 0x6F84, 0x4000, 0xE008, 0xC008, 0xC008, 0xC008, 0xC008, 0x6000, 0x8432,
    0xAA6C, 0x495C, 0x6964, 0x6964, 0x495C, 0xAA6C, 0x8432, 0x6000, 0xC008, 0xC008, 0xC008, 0xC008, 0xC008, 0x8000, 0xA853, 0xEB6C,
    0xEB6C, 0xA853, 0x6000, 0x4219, 0x9BEF, 0xFDFF, 0xFFFF, 0x6F84, 0x4000, 0xE008, 0xC008, 0xC008, 0xA000, 0x0009, 0x0009, 0x2111,
    0x4111, 0x4111, 0x4111, 0x4111, 0x4111, 0x4111, 0x2111, 0x0009, 0x0009, 0xA000, 0xC008, 0xC008, 0xC008, 0x8000, 0xA853, 0xEB6C,
    0xEB6C, 0xA853, 0x6000, 0x4219, 0x9BEF, 0xFDFF, 0xFFFF, 0x6F84, 0x4000, 0xE008, 0xC008, 0x8000, 0x6432, 0x8A64, 0x6964, 0x6964,
    0x6964, 0x6964, 0x6964, 0x6964, 0x6964, 0x6964, 0x6964, 0x6964, 0x8A64, 0x6432, 0x8000, 0xC008, 0xC008, 0x8000, 0xA853, 0xEB6C,
    0xEB6C, 0xA853, 0x6000, 0x4219, 0x7BEF, 0xDDFF, 0xDFFF, 0x4E84, 0x4000, 0xE008, 0x6000, 0xE321, 0xCA6C, 0xAA6C, 0xAA6C, 0xAA6C,
    0xAA6C, 0xAA6C, 0xAA6C, 0xAA6C, 0xAA6C, 0xAA6C, 0xAA6C, 0xAA6C, 0xAA6C, 0xCA6C, 0xE321, 0x6000, 0xE008, 0x8000, 0xA853, 0xEB6C,
    0xEB6C, 0xA853, 0x6000, 0x4219, 0xFDFF, 0xFFFF, 0xFFFF, 0x8F8C, 0x4000, 0xC008, 0xC321, 0xEB6C, 0x0B75, 0xEB6C, 0xEB74, 0xEB74,
    0xEB74, 0xEB74, 0xEB74, 0xEB74, 0xEB74, 0xEB74, 0xEB74, 0xEB74, 0xEB6C, 0x0B75, 0xEB6C, 0xC321, 0xA000, 0xA000, 0xA853, 0xEB6C,
    0xEB6C, 0xA853, 0x8000, 0xE008, 0xCC73, 0x6F84, 0x6F84, 0x263A, 0x8000, 0xC008, 0x442A, 0xE53A, 0xA532, 0xC53A, 0xA53A, 0xC53A,
    0xC53A, 0xC53A, 0xC53A, 0xC53A, 0xC53A, 0xC53A, 0xC53A, 0xA53A, 0xC53A, 0xA532, 0xE53A, 0x442A, 0xC008, 0x8000, 0xA853, 0xEB6C,
    0xEB6C, 0xA853, 0x8000, 0xC008, 0x4000, 0x4000, 0x4000, 0x8000, 0xC008, 0xC008, 0x8000, 0x6000, 0x8000, 0x8000, 0x8000, 0x8000,
    0x8000, 0x8000, 0x8000, 0x8000, 0x8000, 0x8000, 0x8000, 0x8000, 0x8000, 0x8000, 0x6000, 0x8000, 0xC008, 0x8000, 0xA853, 0xEB6C,
    0xEB6C, 0xA853, 0xA000, 0xC008, 0xE008, 0xE008, 0xE008, 0xE008, 0xC008, 0xC008, 0xE008, 0xE008, 0xE008, 0xE008, 0xE008, 0xE008,
    0xE008, 0xE008, 0xE008, 0xE008, 0xE008, 0xE008, 0xE008, 0xE008, 0xE008, 0xE008, 0xE008, 0xE008, 0xC008, 0xA000, 0xA853, 0xEB6C,
    0xEB6C, 0xA753, 0x6000, 0xA000, 0x8000, 0x8000, 0x8000, 0x8000, 0x8000, 0x8000, 0x8000, 0x8000, 0x8000, 0x8000, 0x8000, 0x8000,
    0x8000, 0x8000, 0x8000, 0x8000, 0x8000, 0x8000, 0x8000, 0x8000, 0x8000, 0x8000, 0x8000, 0x8000, 0xA000, 0x6000, 0xA753, 0xEB6C,
    0xCA6C, 0x6A64, 0xA84B, 0xA853, 0xA853, 0xA853, 0xA853, 0xA853, 0xA853, 0xA853, 0xA853, 0xA853, 0xA853, 0xA853, 0xA853, 0xA853,
    0xA853, 0xA853, 0xA853, 0xA853, 0xA853, 0xA853, 0xA853, 0xA853, 0xA853, 0xA853, 0xA853, 0xA853, 0xA853, 0xA84B, 0x6A64, 0xCA6C,
    0xAA6C, 0xCA6C, 0xEB6C, 0xEB6C, 0xEB6C, 0xEB6C, 0xEB6C, 0xEB6C, 0xEB6C, 0xEB6C, 0xEB6C, 0xEB6C, 0xEB6C, 0xEB6C, 0xEB6C, 0xEB6C,
    0xEB6C, 0xEB6C, 0xEB6C, 0xEB6C, 0xEB6C, 0xEB6C, 0xEB6C, 0xEB6C, 0xEB6C, 0xEB6C, 0xEB6C, 0xEB6C, 0xEB6C, 0xEB6C, 0xCA6C, 0xAA6C
};

const uint16_t icon_heavy_machine_gun_stratagem_icon_background[] PROGMEM = {
    0xDA55, 0xDA55, 0x1B5E, 0x1B5E, 0x1B5E, 0x1B5E, 0x1B5E, 0x1B5E, 0x1B5E, 0x1B5E, 0x1B5E, 0x1B5E, 0x1B5E, 0x1B5E, 0x1B5E, 0x1B5E,
    0x1B5E, 0x1B5E, 0x1B5E, 0x1B5E, 0x1B5E, 0x1B5E, 0x1B5E, 0x1B5E, 0x1B5E, 0x1B5E, 0x1B5E, 0x1B5E, 0x1B5E, 0x1B5E, 0xDA55, 0xDA55,
    0xFA55, 0x7855, 0x7444, 0x9444, 0x7444, 0x7444, 0x7444, 0x7444, 0x7444, 0x7444, 0x7444, 0x7444, 0x7444, 0x7444, 0x7444, 0x7444,
    0x7444, 0x7444, 0x7444, 0x7444, 0x7444, 0x7444, 0x7444, 0x7444, 0x7444, 0x7444, 0x7444, 0x7444, 0x9444, 0x7444, 0x7855, 0xFA55,
    0x1B5E, 0x743C, 0x0000, 0x6200, 0x6200, 0x6200, 0x6200, 0x6200, 0x6200, 0x6200, 0x6200, 0x6200, 0x6200, 0x6200, 0x6200, 0x6200,
    0x6200, 0x6200, 0x6200, 0x6200, 0x6200, 0x6200, 0x6200, 0x6200, 0x6200, 0x6200, 0x6200, 0x6200, 0x6200, 0x0000, 0x743C, 0x1B5E,
    0x1B5E, 0x7444, 0x6200, 0xC300, 0xA300, 0xA300, 0xA300, 0xA300, 0xA300, 0xA300, 0xA300, 0xA300, 0xA300, 0xA300, 0xA300, 0xA300,
    0xA300, 0xA300, 0xA300, 0xA300, 0xA300, 0xA300, 0xA300, 0xA300, 0xA300, 0xA300, 0xA300, 0xA300, 0xC300, 0x6200, 0x7444, 0x1B5E,
    0x1B5E, 0x7444, 0x6200, 0xA300, 0xA300, 0xA300, 0xA300, 0xA300, 0xA300, 0xC300, 0xA300, 0xC300, 0xC300, 0xC300, 0xC300, 0xC300,
    0xC300, 0xC300, 0xC300, 0xA300, 0xA300, 0xA300, 0xA300, 0xA300, 0xA300, 0xA300, 0xA300, 0xA300, 0xA300, 0x6200, 0x7444, 0x1B5E,
    0x1B5E, 0x7444, 0x6200, 0xA300, 0xA300, 0xA300, 0xA300, 0xA300, 0x8300, 0x2100, 0x8200, 0x2100, 0x0100, 0x0100, 0x0100, 0x0100,
    0x0100, 0x0100, 0x0100, 0x4100, 0x8200, 0x8200, 0xA300, 0xA300, 0xA300, 0xA300, 0xA300, 0xA300, 0xA300, 0x6200, 0x7444, 0x1B5E,
    0x1B5E, 0x7444, 0x6200, 0xA300, 0xA300, 0xA300, 0xA300, 0x8200, 0xE408, 0xCE6B, 0x2511, 0xEF73, 0x507C, 0x507C, 0x507C, 0x507C,
    0x507C, 0x307C, 0x517C, 0x693A, 0xC308, 0xE408, 0x4200, 0xA300, 0xA300, 0xA300, 0xA300, 0xA300, 0xA300, 0x6200, 0x7444, 0x1B5E,
    0x1B5E, 0x7444, 0x6200, 0xA300, 0xA300, 0xA300, 0xA300, 0x6200, 0x4519, 0x9CEF, 0xC729, 0xFDFF, 0xFFFF, 0xFFFF, 0xFFFF, 0xFFFF,
    0xFFFF, 0xFFFF, 0xFFFF, 0xFFFF, 0xFDFF, 0xDEFF, 0xEF73, 0x6200, 0xA300, 0xA300, 0xA300, 0xA300, 0xA300, 0x6200, 0x7444, 0x1B5E,
    0x1B5E, 0x7444, 0x6200, 0xA300, 0xA300, 0xA300, 0xA300, 0x6200, 0x2511, 0x57C6, 0x8621, 0xB9D6, 0x5BE7, 0x3BE7, 0x5BE7, 0x5BE7,
    0x5BE7, 0x3BE7, 0x5BE7, 0xD5B5, 0x708C, 0x5084, 0xE729, 0x8200, 0xA300, 0xA300, 0xA300, 0xA300, 0xA300, 0x6200, 0x7444, 0x1B5E,
    0x1B5E, 0x7444, 0x6200, 0xA300, 0xA300, 0xA300, 0xA300, 0x8300, 0xA300, 0x6619, 0xC300, 0x8619, 0x8621, 0x8621, 0x8621, 0x8621,
    0x8621, 0x8621, 0x8721, 0x4100, 0x0000, 0x0000, 0x0100, 0xA300, 0xA300, 0xA300, 0xA300, 0xA300, 0xA300, 0x6200, 0x7444, 0x1B5E,
    0x1B5E, 0x7444, 0x6200, 0xA300, 0xA300, 0xA300, 0xA300, 0x6200, 0x2511, 0x57C6, 0x8621, 0xB9D6, 0x5BE7, 0x3BE7, 0x5BE7, 0x5BE7,
    0x5BE7, 0x3BE7, 0x5BE7, 0xD6B5, 0x708C, 0x5084, 0xE729, 0x8200, 0xA300, 0xA300, 0xA300, 0xA300, 0xA300, 0x6200, 0x7444, 0x1B5E,
    0x1B5E, 0x7444, 0x6200, 0xA300, 0xA300, 0xA300, 0xA300, 0x6200, 0x4519, 0xBCF7, 0xC729, 0xFEFF, 0xFFFF, 0xFFFF, 0xFFFF, 0xFFFF,
    0xFFFF, 0xFFFF, 0xFFFF, 0xFFFF, 0xFEFF, 0xDEFF, 0xEF73, 0x6200, 0xA300, 0xA300, 0xA300, 0xA300, 0xA300, 0x6200, 0x7444, 0x1B5E,
    0x1B5E, 0x7444, 0x6200, 0xA300, 0xA300, 0xA300, 0xA300, 0x8200, 0xE408, 0x4C5B, 0x0411, 0x6D63, 0xAE6B, 0xAE6B, 0xAE6B, 0xAE6B,
    0xAE6B, 0xAE6B, 0xAE6B, 0x0832, 0xA308, 0xC300, 0x6200, 0xA300, 0xA300, 0xA300, 0xA300, 0xA300, 0xA300, 0x6200, 0x7444, 0x1B5E,
    0x1B5E, 0x7444, 0x6200, 0xA300, 0xA300, 0xA300, 0xA300, 0x8200, 0xE408, 0x4C5B, 0x0411, 0x6D63, 0xAE6B, 0xAE6B, 0xAE6B, 0xAE6B,
    0xAE6B, 0xAE6B, 0xAE6B, 0x0832, 0xA308, 0xC300, 0x6200, 0xA300, 0xA300, 0xA300, 0xA300, 0xA300, 0xA300, 0x6200, 0x7444, 0x1B5E,
    0x1B5E, 0x7444, 0x6200, 0xA300, 0xA300, 0xA300, 0xA300, 0x6200, 0x4519, 0x9CF7, 0xC729, 0xFEFF, 0xFFFF, 0xFFFF, 0xFFFF, 0xFFFF,
    0xFFFF, 0xFFFF, 0xFFFF, 0xFFFF, 0xFEFF, 0xDEFF, 0xEF73, 0x6200, 0xA300, 0xA300, 0xA300, 0xA300, 0xA300, 0x6200, 0x7444, 0x1B5E,
    0x1B5E, 0x7444, 0x6200, 0xA300, 0xA300, 0xA300, 0xA300, 0x6200, 0x2511, 0x78CE, 0x8621, 0xD9D6, 0x7CEF, 0x5BEF, 0x7BEF, 0x7BEF,
    0x7BEF, 0x5BEF, 0x7CEF, 0xD5B5, 0x3084, 0x307C, 0xC729, 0x8200, 0xA300, 0xA300, 0xA300, 0xA300, 0xA300, 0x6200, 0x7444, 0x1B5E,
    0x1B5E, 0x7444, 0x6200, 0xA300, 0xA300, 0xA300, 0xA300, 0xA300, 0xA300, 0x0409, 0xA300, 0x0411, 0x0411, 0x0411, 0x0411, 0x0411,
    0x0411, 0x0411, 0x0511, 0x6200, 0x0000, 0x0100, 0x4200, 0xA300, 0xA300, 0xA300, 0xA300, 0xA300, 0xA300, 0x6200, 0x7444, 0x1B5E,
    0x1B5E, 0x7444, 0x6200, 0xA300, 0xA300, 0xA300, 0xA300, 0xA300, 0xA300, 0x8200, 0xA300, 0x8200, 0x8200, 0x8300, 0x8300, 0x8300,
    0x8200, 0x8200, 0x8200, 0xA300, 0xC300, 0xC300, 0xA300, 0xA300, 0xA300, 0xA300, 0xA300, 0xA300, 0xA300, 0x6200, 0x7444, 0x1B5E,
    0x1B5E, 0x7444, 0x6200, 0xC300, 0xA300, 0xA300, 0xA300, 0xA300, 0xA300, 0x6200, 0x6200, 0x8200, 0x6200, 0x4100, 0x4100, 0x4100,
    0x6200, 0xA300, 0xA300, 0x8300, 0xA300, 0xA300, 0xA300, 0xA300, 0xA300, 0xA300, 0xA300, 0xA300, 0xA300, 0x6200, 0x7444, 0x1B5E,
    0x1B5E, 0x7444, 0x4100, 0x6200, 0x4100, 0x6200, 0x6200, 0x4100, 0x8300, 0x6609, 0x6609, 0x4609, 0xE811, 0x8C22, 0x8B22, 0xAC22,
    0x8711, 0x8200, 0xA300, 0xA300, 0xA300, 0x8200, 0x8300, 0x8200, 0x8300, 0x8300, 0x8300, 0x8300, 0x8300, 0x4100, 0x7444, 0x1B5E,
    0x3B5E, 0x743C, 0xC300, 0x123C, 0xB544, 0x743C, 0x7444, 0x733C, 0xB544, 0xDA55, 0xB955, 0xB955, 0xFA55, 0x3B5E, 0x1B5E, 0x3C5E,
    0x784D, 0x123C, 0x123C, 0x123C, 0x123C, 0x0509, 0xA300, 0xC300, 0xA300, 0xA300, 0xA300, 0xA300, 0x0401, 0x8200, 0x7444, 0x1B5E,
    0x1B5E, 0x533C, 0x0401, 0x374D, 0x374D, 0x1B5E, 0xFB5D, 0x5C5E, 0x3C5E, 0xBA55, 0xDA55, 0xDA55, 0xFA55, 0xB955, 0xBA55, 0xB955,
    0xDA55, 0xFA55, 0xDA55, 0xDA55, 0x3C5E, 0x584D, 0x9955, 0xB133, 0x4A1A, 0x8C22, 0x8B22, 0x8B22, 0xD133, 0xE811, 0x533C, 0x3B5E,
    0x1B5E, 0x743C, 0x8300, 0x743C, 0x584D, 0x3C5E, 0x3B5E, 0x743C, 0xB544, 0x3B5E, 0xB955, 0xDA55, 0xF644, 0xFA55, 0xDA55, 0xDA55,
    0xDA55, 0xDA55, 0xBA55, 0xFA55, 0x9444, 0x174D, 0x333C, 0x2A1A, 0x6200, 0xA300, 0x8300, 0x8300, 0xA300, 0x4100, 0x7444, 0x1B5E,
    0x1B5E, 0x9444, 0x4100, 0x8711, 0x8B1A, 0xED2A, 0xD544, 0x9444, 0x9444, 0xD133, 0x4F2B, 0x091A, 0x6F2B, 0x1B5E, 0xB955, 0xDA55,
    0xDA55, 0xBA55, 0xDA55, 0x1B5E, 0x4609, 0x333C, 0x8711, 0x2100, 0xA300, 0xA300, 0xA300, 0xA300, 0xA300, 0x6200, 0x7444, 0x1B5E,
    0x1B5E, 0x7444, 0x6200, 0x8200, 0x4100, 0x2100, 0x8300, 0x2E2B, 0xB544, 0x0D2B, 0x4A1A, 0x0000, 0x2E2B, 0x1B5E, 0x9955, 0xB955,
    0xBA55, 0xFA55, 0x3B5E, 0xCC22, 0x0000, 0x333C, 0xAC22, 0x4100, 0xA300, 0xA300, 0xA300, 0xA300, 0xA300, 0x6200, 0x7444, 0x1B5E,
    0x1B5E, 0x7444, 0x6200, 0xA300, 0xA300, 0xA300, 0xA300, 0x4100, 0x6200, 0x2509, 0xC400, 0x4100, 0x4F2B, 0x9D66, 0x1B5E, 0x3C5E,
    0x1B5E, 0x584D, 0x0E2B, 0x6200, 0x4100, 0x333C, 0x6F2B, 0x2100, 0xA300, 0xA300, 0xA300, 0xA300, 0xA300, 0x6200, 0x7444, 0x1B5E,
    0x1B5E, 0x7444, 0x6200, 0xA300, 0xA300, 0xA300, 0xA300, 0xA300, 0xA300, 0x8200, 0xA300, 0x8200, 0x4609, 0x0E2B, 0x2E2B, 0x4F2B,
    0x4A1A, 0xC300, 0x6200, 0xA300, 0x8200, 0xE811, 0xB033, 0x8200, 0xA300, 0xA300, 0xA300, 0xA300, 0xA300, 0x6200, 0x7444, 0x1B5E,
    0x1B5E, 0x7444, 0x6200, 0xA300, 0xA300, 0xA300, 0xA300, 0xA300, 0xA300, 0xA300, 0xA300, 0xA300, 0x8200, 0x4100, 0x4100, 0x2100,
    0x4100, 0x8200, 0xA300, 0xA300, 0x8300, 0x8300, 0x4E2B, 0x4609, 0x6200, 0xA300, 0xA300, 0xA300, 0xA300, 0x6200, 0x7444, 0x1B5E,
    0x1B5E, 0x7444, 0x6200, 0xC300, 0xA300, 0xA300, 0xA300, 0xA300, 0xA300, 0xA300, 0xA300, 0xA300, 0xA300, 0xC300, 0xC300, 0xC300,
    0xC300, 0xA300, 0xA300, 0xA300, 0xA300, 0xA300, 0x6200, 0xA300, 0xA300, 0xA300, 0xA300, 0xA300, 0xC300, 0x6200, 0x7444, 0x1B5E,
    0x1B5E, 0x743C, 0x0000, 0x6200, 0x6200, 0x6200, 0x6200, 0x6200, 0x6200, 0x6200, 0x6200, 0x6200, 0x6200, 0x6200, 0x6200, 0x6200,
    0x6200, 0x6200, 0x6200, 0x6200, 0x6200, 0x6200, 0x6200, 0x6200, 0x6200, 0x6200, 0x6200, 0x6200, 0x6200, 0x0000, 0x743C, 0x1B5E,
    0xFA55, 0x7855, 0x7444, 0x9444, 0x7444, 0x7444, 0x7444, 0x7444, 0x7444, 0x7444, 0x7444, 0x7444, 0x7444, 0x7444, 0x7444, 0x7444,
    0x7444, 0x7444, 0x7444, 0x7444, 0x7444, 0x7444, 0x7444, 0x7444, 0x7444, 0x7444, 0x7444, 0x7444, 0x9444, 0x7444, 0x7855, 0xFA55,
    0xDA55, 0xDA55, 0x1B5E, 0x1B5E, 0x1B5E, 0x1B5E, 0x1B5E, 0x1B5E, 0x1B5E, 0x1B5E, 0x1B5E, 0x1B5E, 0x1B5E, 0x1B5E, 0x1B5E, 0x1B5E,
    0x1B5E, 0x1B5E, 0x1B5E, 0x1B5E, 0x1B5E, 0x1B5E, 0x1B5E, 0x1B5E, 0x1B5E, 0x1B5E, 0x1B5E, 0x1B5E, 0x1B5E, 0x1B5E, 0xDA55, 0xDA55
};

const uint16_t icon_hellbomb_stratagem_icon_background[] PROGMEM = {
    0x8DCD, 0xADCD, 0xCDD5, 0xCDD5, 0xCDD5, 0xCDD5, 0xCDD5, 0xCDD5, 0xCDD5, 0xCDD5, 0xCDD5, 0xCDD5, 0xCDD5, 0xCDD5, 0xCDD5, 0xCDD5,
    0xCDD5, 0xCDD5, 0xCDD5, 0xCDD5, 0xCDD5, 0xCDD5, 0xCDD5, 0xCDD5, 0xCDD5, 0xCDD5, 0xCDD5, 0xCDD5, 0xCDD5, 0xCDD5, 0xADCD, 0x8DCD,
    0xADCD, 0x4CC5, 0x8AA4, 0x8AA4, 0x8AA4, 0x8AA4, 0x6AA4, 0x8BA4, 0x8BA4, 0x8BA4, 0x8BA4, 0x8BA4, 0x8BA4, 0x8BA4, 0x8BA4, 0x8BA4,
    0x8BA4, 0x8BA4, 0x8BA4, 0x8BA4, 0x8BA4, 0x8BA4, 0x8BA4, 0x8BA4, 0x8BA4, 0x6AA4, 0x8AA4, 0x8AA4, 0x8AA4, 0x8AA4, 0x4CC5, 0xADCD,
    0xCDD5, 0x8AA4, 0x4429, 0xA539, 0xA439, 0xA439, 0xC539, 0x6429, 0x6429, 0x6429, 0x6429, 0x6429, 0x6429, 0x6429, 0x6429, 0x6429,
    0x6429, 0x6429, 0x6429, 0x6429, 0x6429, 0x6429, 0x6429, 0x6429, 0x6429, 0xC539, 0xA439, 0xA439, 0xA539, 0x4429, 0x8AA4, 0xCDD5,
    0xCDD5, 0x8AA4, 0xA439, 0x2CBD, 0x6CC5, 0x8DCD, 0x6873, 0x8431, 0xA439, 0xA431, 0xA431, 0xA431, 0xA431, 0xA431, 0xA431, 0xA439,
    0xA439, 0xA431, 0xA431, 0xA431, 0xA431, 0xA431, 0xA431, 0xA439, 0x8431, 0x4873, 0x8DCD, 0x6CC5, 0x2CBD, 0xA439, 0x8AA4, 0xCDD5,
    0xCDD5, 0x8AA4, 0xA439, 0x6CC5, 0xEEDD, 0xA983, 0x6429, 0xA431, 0xA431, 0xA431, 0xA431, 0xA431, 0xA431, 0xA431, 0xA539, 0x8431,
    0x8431, 0xA539, 0xA431, 0xA431, 0xA431, 0xA431, 0xA431, 0xA431, 0xA431, 0x6429, 0xA983, 0xEEDD, 0x6CC5, 0xA439, 0x8AA4, 0xCDD5,
    0xCDD5, 0x8AA4, 0xA439, 0x8DCD, 0xA983, 0x4429, 0xA431, 0xA431, 0xA431, 0xA431, 0xA431, 0xA431, 0xA431, 0xC539, 0x6329, 0xC539,
    0xC539, 0x6329, 0xC539, 0xA431, 0xA431, 0xA431, 0xA431, 0xA431, 0xA431, 0xA431, 0x4429, 0xA983, 0x8DCD, 0xA439, 0x8AA4, 0xCDD5,
    0xCDD5, 0x6AA4, 0xC539, 0x687B, 0x6429, 0xA431, 0xA431, 0xA431, 0xA431, 0xA431, 0xA431, 0xC539, 0x8431, 0x0221, 0x0A63, 0x1AE7,
    0x1AE7, 0x0A63, 0x0221, 0x8431, 0xC539, 0xA431, 0xA431, 0xA431, 0xA431, 0xA431, 0xA431, 0x6429, 0x4873, 0xC539, 0x6AA4, 0xCDD5,
    0xCDD5, 0x8BA4, 0x6429, 0x8431, 0xA431, 0xA431, 0xA431, 0xA431, 0xA431, 0xA431, 0xA539, 0x0221, 0xA852, 0xD5BD, 0x7BF7, 0xFEFF,
    0xFEFF, 0x9BF7, 0xB5BD, 0xA852, 0x0221, 0xA539, 0xA431, 0xA431, 0xA431, 0xA431, 0xA431, 0xA431, 0x8431, 0x6429, 0x8BA4, 0xCDD5,
    0xCDD5, 0x8BA4, 0x6429, 0xA539, 0xA431, 0xA431, 0xA431, 0xA431, 0xA431, 0xA431, 0x8431, 0x4B6B, 0x1AE7, 0xFFFF, 0xFEFF, 0xFDFF,
    0xFDFF, 0xFEFF, 0xFFFF, 0x1AE7, 0x4B6B, 0x8431, 0xA431, 0xA431, 0xA431, 0xA431, 0xA431, 0xA431, 0xA539, 0x6429, 0x8BA4, 0xCDD5,
    0xCDD5, 0x8BA4, 0x6429, 0xA431, 0xA431, 0xA431, 0xA431, 0xA431, 0xA539, 0x4329, 0x8C73, 0xFFFF, 0xFEFF, 0xDDFF, 0xFDFF, 0xFDFF,
    0xFDFF, 0xFDFF, 0xDDFF, 0xFEFF, 0xFFFF, 0x8C73, 0x4329, 0xA539, 0xA431, 0xA431, 0xA431, 0xA431, 0xA431, 0x6429, 0x8BA4, 0xCDD5,
    0xCDD5, 0x8BA4, 0x6429, 0xA431, 0xA431, 0xA431, 0xA431, 0xA431, 0xA539, 0x2221, 0xB094, 0xFFFF, 0xFDFF, 0xFEFF, 0xFDFF, 0xFDFF,
    0xFDFF, 0xFDFF, 0xFEFF, 0xFDFF, 0xFFFF, 0xB094, 0x2221, 0xA539, 0xA431, 0xA431, 0xA431, 0xA431, 0xA431, 0x6429, 0x8BA4, 0xCDD5,
    0xCDD5, 0x8BA4, 0x6429, 0xA431, 0xA431, 0xA431, 0xA431, 0xA431, 0xA431, 0x8431, 0x2642, 0x77CE, 0x9CF7, 0x9BF7, 0xFDFF, 0xFDFF,
    0xFDFF, 0xFDFF, 0x9BF7, 0x9CF7, 0x77CE, 0x2642, 0x8431, 0xA431, 0xA431, 0xA431, 0xA431, 0xA431, 0xA431, 0x6429, 0x8BA4, 0xCDD5,
    0xCDD5, 0x8BA4, 0x6429, 0xA431, 0xA431, 0xA431, 0xA431, 0xA431, 0xA431, 0xA431, 0x8431, 0xA431, 0x2742, 0xA431, 0x0E84, 0xFEFF,
    0xFEFF, 0x0E84, 0xA431, 0x2742, 0xA431, 0x8431, 0xA431, 0xA431, 0xA431, 0xA431, 0xA431, 0xA431, 0xA431, 0x6429, 0x8BA4, 0xCDD5,
    0xCDD5, 0x8BA4, 0x6429, 0xA431, 0xA431, 0xA431, 0xA431, 0xA431, 0xA431, 0x8431, 0x4329, 0x2329, 0x4329, 0x8431, 0x274A, 0x9CF7,
    0x9CF7, 0x274A, 0x8431, 0x4329, 0x2329, 0x4329, 0x8431, 0xA431, 0xA431, 0xA431, 0xA431, 0xA431, 0xA431, 0x6429, 0x8BA4, 0xCDD5,
    0xCDD5, 0x8BA4, 0x6429, 0xA431, 0xA431, 0xA431, 0xA431, 0xA431, 0x8431, 0xC539, 0x6B6B, 0x32A5, 0x36C6, 0xB8D6, 0xD9DE, 0xBCF7,
    0xBCF7, 0xD9DE, 0xB8D6, 0x36C6, 0x32A5, 0x6B6B, 0xC539, 0x8431, 0xA431, 0xA431, 0xA431, 0xA431, 0xA431, 0x6429, 0x8BA4, 0xCDD5,
    0xCDD5, 0x8BA4, 0x6429, 0xA431, 0xA431, 0xA431, 0xA431, 0xA539, 0x4329, 0xCD7B, 0xFFFF, 0xDDFF, 0xF1A4, 0xED7B, 0xA852, 0x36C6,
    0x36C6, 0xA852, 0xED7B, 0xF1A4, 0xDDFF, 0xFFFF, 0xCD7B, 0x4329, 0xA539, 0xA431, 0xA431, 0xA431, 0xA431, 0x6429, 0x8BA4, 0xCDD5,
    0xCDD5, 0x8BA4, 0x6429, 0xA431, 0xA431, 0xA431, 0xA431, 0xA431, 0x8431, 0xC539, 0x6B6B, 0x32A5, 0x36C6, 0x98D6, 0xD9DE, 0x9CF7,
    0x9CF7, 0xD9DE, 0x98D6, 0x36C6, 0x32A5, 0x6B6B, 0xC539, 0x8431, 0xA431, 0xA431, 0xA431, 0xA431, 0xA431, 0x6429, 0x8BA4, 0xCDD5,
    0xCDD5, 0x8BA4, 0x6429, 0xA431, 0xA431, 0xA431, 0xA431, 0xA431, 0xA431, 0x8431, 0x4329, 0x2329, 0x6431, 0xE539, 0x8431, 0x94B5,
    0x94B5, 0x8431, 0xE539, 0x6431, 0x2329, 0x4329, 0x8431, 0xA431, 0xA431, 0xA431, 0xA431, 0xA431, 0xA431, 0x6429, 0x8BA4, 0xCDD5,
    0xCDD5, 0x8BA4, 0x6429, 0xA431, 0xA431, 0xA431, 0xA431, 0xA431, 0xA431, 0xA431, 0xA539, 0xC539, 0x6431, 0xA539, 0xE220, 0x73AD,
    0x73AD, 0xE220, 0xA539, 0x6431, 0xA539, 0xA539, 0xA431, 0xA431, 0xA431, 0xA431, 0xA431, 0xA431, 0xA431, 0x6429, 0x8BA4, 0xCDD5,
    0xCDD5, 0x8BA4, 0x6429, 0xA431, 0xA431, 0xA431, 0xA431, 0xA431, 0xA431, 0xA431, 0x8431, 0x274A, 0x6F8C, 0x6329, 0x2329, 0xF5BD,
    0xF5BD, 0x2329, 0x6329, 0x6F8C, 0x274A, 0x8431, 0xA431, 0xA431, 0xA431, 0xA431, 0xA431, 0xA431, 0xA431, 0x6429, 0x8BA4, 0xCDD5,
    0xCDD5, 0x8BA4, 0x6429, 0xA431, 0xA431, 0xA431, 0xA431, 0xA431, 0xA431, 0x8431, 0x4329, 0x0642, 0xFDFF, 0x12A5, 0xC118, 0x77CE,
    0x77CE, 0xC118, 0x12A5, 0xFDFF, 0x0642, 0x4329, 0x8431, 0xA431, 0xA431, 0xA431, 0xA431, 0xA431, 0xA431, 0x6429, 0x8BA4, 0xCDD5,
    0xCDD5, 0x8BA4, 0x6429, 0xA431, 0xA431, 0xA431, 0xA431, 0xC539, 0x6329, 0x0E84, 0xC95A, 0x8431, 0x9CF7, 0xFFFF, 0xD19C, 0x1AE7,
    0x1AE7, 0xD19C, 0xFFFF, 0x9CF7, 0x8431, 0xC95A, 0x0E84, 0x6329, 0xC539, 0xA431, 0xA431, 0xA431, 0xA431, 0x6429, 0x8BA4, 0xCDD5,
    0xCDD5, 0x8BA4, 0x6429, 0xA431, 0xA431, 0xA431, 0xA431, 0x6329, 0x8010, 0xF19C, 0x7CEF, 0xA95A, 0x5BEF, 0xFEFF, 0xFEFF, 0xFDFF,
    0xFDFF, 0xFEFF, 0xFEFF, 0x7BEF, 0xA852, 0x5CEF, 0xF19C, 0x8010, 0x6329, 0xA431, 0xA431, 0xA431, 0xA431, 0x6429, 0x8BA4, 0xCDD5,
    0xCDD5, 0x8BA4, 0x6429, 0xA539, 0xA431, 0xA431, 0x8431, 0x0E84, 0xB19C, 0x36C6, 0xFFFF, 0x5BEF, 0xBCF7, 0xFDFF, 0xFDFF, 0xFDFF,
    0xFDFF, 0xFDFF, 0xFDFF, 0xBCF7, 0x5BEF, 0xFFFF, 0x36C6, 0xB19C, 0x0E84, 0x8431, 0xA431, 0xA431, 0xA539, 0x6429, 0x8BA4, 0xCDD5,
    0xCDD5, 0x8BA4, 0x6429, 0x8431, 0xA431, 0xA539, 0x6431, 0xC95A, 0xBCF7, 0xFFFF, 0xFDFF, 0xFEFF, 0xFEFF, 0xFEFF, 0xFEFF, 0xFEFF,
    0xFEFF, 0xFEFF, 0xFEFF, 0xFEFF, 0xFEFF, 0xFDFF, 0xFFFF, 0xBDF7, 0xC95A, 0x6431, 0xA539, 0xA431, 0x8431, 0x6429, 0x8BA4, 0xCDD5,
    0xCDD5, 0x6AA4, 0xC539, 0x687B, 0x6429, 0xA431, 0xA539, 0x2329, 0x474A, 0xD9DE, 0x9CF7, 0x7BF7, 0x9CF7, 0x9CF7, 0x9CF7, 0x9CF7,
    0x9CF7, 0x9CF7, 0x9CF7, 0x9CF7, 0x9BF7, 0x9CF7, 0xD9DE, 0x474A, 0x2329, 0xA539, 0xA431, 0x6429, 0x687B, 0xC539, 0x6AA4, 0xCDD5,
    0xCDD5, 0x8AA4, 0xA439, 0x8DCD, 0xA983, 0x4429, 0xA431, 0xA539, 0x6431, 0xC539, 0x0642, 0x0642, 0x0642, 0x0642, 0x0642, 0x0642,
    0x0642, 0x0642, 0x0642, 0x0642, 0x0642, 0x0642, 0xC539, 0x6431, 0xA539, 0xA431, 0x4429, 0xA983, 0x8DCD, 0xA439, 0x8AA4, 0xCDD5,
    0xCDD5, 0x8AA4, 0xA439, 0x6CC5, 0xEEDD, 0xA983, 0x6429, 0xA431, 0xA539, 0x8431, 0x8431, 0x8431, 0x8431, 0x8431, 0x8431, 0x8431,
    0x8431, 0x8431, 0x8431, 0x8431, 0x8431, 0x8431, 0x8431, 0xA539, 0xA431, 0x6429, 0xA983, 0xEEDD, 0x6CC5, 0xA439, 0x8AA4, 0xCDD5,
    0xCDD5, 0x8AA4, 0xA439, 0x2CBD, 0x6CC5, 0x8DCD, 0x687B, 0x8431, 0xA439, 0xA439, 0xA539, 0xA439, 0xA539, 0xA539, 0xA539, 0xA539,
    0xA539, 0xA539, 0xA539, 0xA539, 0xA439, 0xA539, 0xA439, 0xA439, 0x8431, 0x687B, 0x8DCD, 0x6CC5, 0x2CBD, 0xA439, 0x8AA4, 0xCDD5,
    0xCDD5, 0x8AA4, 0x4429, 0xA539, 0xA439, 0xA439, 0xC539, 0x6429, 0x6429, 0x6429, 0x6429, 0x6429, 0x6429, 0x6429, 0x6429, 0x6429,
    0x6429, 0x6429, 0x6429, 0x6429, 0x6429, 0x6429, 0x6429, 0x6429, 0x6429, 0xC539, 0xA439, 0xA439, 0xA539, 0x4429, 0x8AA4, 0xCDD5,
    0xADCD, 0x4CC5, 0x8AA4, 0x8AA4, 0x8AA4, 0x8AA4, 0x6AA4, 0x8BA4, 0x8BA4, 0x8BA4, 0x8BA4, 0x8BA4, 0x8BA4, 0x8BA4, 0x8BA4, 0x8BA4,
    0x8BA4, 0x8BA4, 0x8BA4, 0x8BA4, 0x8BA4, 0x8BA4, 0x8BA4, 0x8BA4, 0x8BA4, 0x6AA4, 0x8AA4, 0x8AA4, 0x8AA4, 0x8AA4, 0x4CC5, 0xADCD,
    0x8DCD, 0xADCD, 0xCDD5, 0xCDD5, 0xCDD5, 0xCDD5, 0xCDD5, 0xCDD5, 0xCDD5, 0xCDD5, 0xCDD5, 0xCDD5, 0xCDD5, 0xCDD5, 0xCDD5, 0xCDD5,
    0xCDD5, 0xCDD5, 0xCDD5, 0xCDD5, 0xCDD5, 0xCDD5, 0xCDD5, 0xCDD5, 0xCDD5, 0xCDD5, 0xCDD5, 0xCDD5, 0xCDD5, 0xCDD5, 0xADCD, 0x8DCD
};

const uint16_t icon_hot_dog_stratagem_icon_background[] PROGMEM = {
    0xDA55, 0xDA55, 0x1B5E, 0x1B5E, 0x1B5E, 0x1B5E, 0x1B5E, 0x1B5E, 0x1B5E, 0x1B5E, 0x1B5E, 0x1B5E, 0x1B5E, 0x1B5E, 0x1B5E, 0x1B5E,
    0x1B5E, 0x1B5E, 0x1B5E, 0x1B5E, 0x1B5E, 0x1B5E, 0x1B5E, 0x1B5E, 0x1B5E, 0x1B5E, 0x1B5E, 0x1B5E, 0x1B5E, 0x1B5E, 0xDA55, 0xDA55,
    0xFA55, 0x7855, 0x7444, 0x9444, 0x7444, 0x7444, 0x7444, 0x7444, 0x7444, 0x7444, 0x7444, 0x7444, 0x7444, 0x7444, 0x7444, 0x7444,
    0x7444, 0x7444, 0x7444, 0x7444, 0x7444, 0x7444, 0x7444, 0x7444, 0x7444, 0x7444, 0x7444, 0x7444, 0x9444, 0x7444, 0x7855, 0xFA55,
    0x1B5E, 0x743C, 0x0000, 0x6200, 0x6200, 0x6200, 0x6200, 0x6200, 0x6200, 0x6200, 0x6200, 0x6200, 0x6200, 0x6200, 0x6200, 0x6200,
    0x6200, 0x6200, 0x6200, 0x6200, 0x6200, 0x6200, 0x6200, 0x6200, 0x6200, 0x6200, 0x6200, 0x6200, 0x6200, 0x0000, 0x743C, 0x1B5E,
    0x1B5E, 0x7444, 0x6200, 0xC300, 0xA300, 0xA300, 0xA300, 0xA300, 0xA300, 0xA300, 0xA300, 0xA300, 0xA300, 0xA300, 0xC300, 0xC300,
    0xC300, 0xC300, 0xC300, 0xC300, 0xC300, 0xC300, 0xC300, 0xC300, 0xC300, 0xC300, 0xC300, 0xA300, 0xA300, 0x6200, 0x7444, 0x1B5E,
    0x1B5E, 0x7444, 0x6200, 0xA300, 0xA300, 0xA300, 0xA300, 0xA300, 0xA300, 0xA300, 0xA300, 0xA300, 0xA300, 0x8300, 0x4100, 0x2100,
    0x4100, 0x4100, 0x4100, 0x4100, 0x4100, 0x4100, 0x4100, 0x4100, 0x4100, 0x2100, 0x4100, 0x8300, 0xA300, 0x6200, 0x7444, 0x1B5E,
    0x1B5E, 0x7444, 0x6200, 0xA300, 0xA300, 0xA300, 0xA300, 0xA300, 0xA300, 0xA300, 0xA300, 0xA300, 0x8300, 0xC300, 0x0D2B, 0x4E2B,
    0x2E2B, 0x2E2B, 0x2E2B, 0x2E2B, 0x2E2B, 0x2E2B, 0x2E2B, 0x2E2B, 0x2E2B, 0x4E2B, 0x0D2B, 0xC300, 0xA300, 0x6200, 0x7444, 0x1B5E,
    0x1B5E, 0x7444, 0x6200, 0xA300, 0xA300, 0xA300, 0xA300, 0xA300, 0xA300, 0xA300, 0xA300, 0xA300, 0x8200, 0x0501, 0xFA5D, 0x3C5E,
    0x3B5E, 0x3C5E, 0x3C5E, 0x3C5E, 0x3C5E, 0x3C5E, 0x3C5E, 0x3C5E, 0x3B5E, 0x3C5E, 0xFA5D, 0x0501, 0x8200, 0x6200, 0x7444, 0x1B5E,
    0x1B5E, 0x7444, 0x6200, 0xA300, 0xA300, 0xA300, 0xA300, 0xA300, 0xA300, 0xA300, 0xA300, 0xA300, 0x8300, 0xA300, 0xF644, 0x1B5E,
    0x9955, 0xB955, 0xB955, 0xB955, 0xB955, 0xB955, 0xB955, 0xB955, 0x9955, 0x1B5E, 0xF644, 0xA300, 0xA300, 0x6200, 0x7444, 0x1B5E,
    0x1B5E, 0x7444, 0x6200, 0xA300, 0xA300, 0xA300, 0xA300, 0xA300, 0xA300, 0xC300, 0xC300, 0xA300, 0xA300, 0x8200, 0x0509, 0x374D,
    0x3B5E, 0xDA55, 0xFA55, 0xFA55, 0xFA55, 0xFA55, 0xFA55, 0xDA55, 0x3B5E, 0x374D, 0x0509, 0x8200, 0xA300, 0x6200, 0x7444, 0x1B5E,
    0x1B5E, 0x7444, 0x6200, 0xA300, 0xA300, 0xA300, 0xA300, 0xA300, 0x8200, 0x0100, 0x0100, 0x8300, 0x8200, 0x4609, 0x4E2B, 0x0509,
    0xD544, 0x7855, 0x784D, 0x784D, 0x584D, 0x784D, 0x784D, 0x7855, 0xD644, 0x0509, 0x2E2B, 0x2509, 0x8200, 0x6200, 0x7444, 0x1B5E,
    0x1B5E, 0x7444, 0x6200, 0xA300, 0xA300, 0xA300, 0x8200, 0x8200, 0x0409, 0x307C, 0x307C, 0x0409, 0x8200, 0x8300, 0x9955, 0xD133,
    0xE400, 0x6609, 0x0509, 0x0509, 0x4609, 0x0509, 0x0509, 0x6609, 0xE408, 0xB033, 0xFA55, 0xE400, 0x8300, 0x6200, 0x7444, 0x1B5E,
    0x1B5E, 0x7444, 0x6200, 0xA300, 0xA300, 0x8300, 0x4519, 0x4100, 0x2C53, 0xFFFF, 0xFFFF, 0x2C53, 0x4200, 0x0411, 0x2A1A, 0x5C5E,
    0x584D, 0xDA55, 0x8C22, 0x8B22, 0x5C5E, 0x8B22, 0x8C22, 0xDA55, 0x584D, 0x1B5E, 0x784D, 0xE400, 0x8300, 0x6200, 0x7444, 0x1B5E,
    0x1B5E, 0x7444, 0x6200, 0xC300, 0x2100, 0x8A42, 0x0F74, 0x0000, 0x95AD, 0xDEFF, 0xDEFF, 0x95AD, 0x0000, 0x0F74, 0x283A, 0x902B,
    0x3C5E, 0x5C5E, 0xCD22, 0x8B22, 0x7D5E, 0x8B22, 0xCD22, 0x7C5E, 0xDA55, 0xDA55, 0x7855, 0xE400, 0x8300, 0x6200, 0x7444, 0x1B5E,
    0x1B5E, 0x7444, 0x6200, 0xA300, 0x6200, 0x98CE, 0x78CE, 0x0F7C, 0xBCF7, 0xFFFF, 0xFDFF, 0xBCF7, 0x0F7C, 0x78CE, 0x78CE, 0xC400,
    0x584D, 0x5C5E, 0x4F2B, 0xC308, 0x8609, 0xC308, 0x4F2B, 0x3B5E, 0xB955, 0xFA55, 0x7855, 0xE400, 0x8300, 0x6200, 0x7444, 0x1B5E,
    0x1B5E, 0x7444, 0x6200, 0x4100, 0xEF73, 0xFFFF, 0xFEFF, 0xFFFF, 0x57C6, 0x74A5, 0xFFFF, 0xFDFF, 0xFFFF, 0xFEFF, 0xFFFF, 0x8D6B,
    0x0A12, 0x3B5E, 0x9955, 0x784D, 0x584D, 0x784D, 0xB955, 0xDA55, 0xDA55, 0xFA55, 0x7855, 0xE400, 0x8300, 0x6200, 0x7444, 0x1B5E,
    0x1B5E, 0x9444, 0x4100, 0xE408, 0x7BEF, 0xFEFF, 0xDDFF, 0xDEFF, 0xF6B5, 0x4100, 0xD6B5, 0xFFFF, 0xDCFF, 0xFDFF, 0xFEFF, 0x5BEF,
    0x2509, 0x584D, 0xFA5D, 0xDA55, 0xFA55, 0xFA55, 0xDA55, 0xDA55, 0xDA55, 0xFA55, 0x7855, 0xE400, 0x8300, 0x6200, 0x7444, 0x1B5E,
    0x1B5E, 0x9444, 0x4100, 0x2511, 0x9CF7, 0xFEFF, 0xDDFF, 0xFFFF, 0x78CE, 0x2100, 0xA300, 0xD6B5, 0xFFFF, 0xFDFF, 0xFEFF, 0x7BEF,
    0x8619, 0x584D, 0xFA5D, 0xBA55, 0xDA55, 0xDA55, 0xDA55, 0xDA55, 0xDA55, 0xFA55, 0x7855, 0xE400, 0x8300, 0x6200, 0x7444, 0x1B5E,
    0x1B5E, 0x9444, 0x4100, 0x2511, 0x9CEF, 0xFEFF, 0xFDFF, 0xFFFF, 0x0F74, 0x6200, 0x2100, 0x2C5B, 0xDEFF, 0xDDFF, 0xFEFF, 0x7BEF,
    0x6611, 0x584D, 0xFA5D, 0xDA55, 0xDA55, 0xDA55, 0xDA55, 0xDA55, 0xDA55, 0xFA55, 0x7855, 0xE400, 0x8300, 0x6200, 0x7444, 0x1B5E,
    0x1B5E, 0x9444, 0x4100, 0x2511, 0x9CEF, 0xFEFF, 0xFEFF, 0x5084, 0x4100, 0x6200, 0x8200, 0x693A, 0x307C, 0xFEFF, 0xFEFF, 0x7BEF,
    0x6611, 0x584D, 0xFA5D, 0xDA55, 0xDA55, 0xDA55, 0xDA55, 0xDA55, 0xDA55, 0xFA55, 0x7855, 0xE400, 0x8300, 0x6200, 0x7444, 0x1B5E,
    0x1B5E, 0x9444, 0x4100, 0x2511, 0x7BEF, 0xFEFF, 0x9CEF, 0xE408, 0x0000, 0x4C5B, 0x0B53, 0x2100, 0x4511, 0x7BEF, 0xFEFF, 0x7BEF,
    0x6611, 0x584D, 0xFA5D, 0xDA55, 0xDA55, 0xDA55, 0xDA55, 0xDA55, 0xDA55, 0xFA55, 0x7855, 0xE400, 0x8300, 0x6200, 0x7444, 0x1B5E,
    0x1B5E, 0x9444, 0x4100, 0x2511, 0x7BEF, 0xFEFF, 0x9BEF, 0xA300, 0xCB52, 0xFFFF, 0x139D, 0x8208, 0x0100, 0x53A5, 0xFFFF, 0x5BEF,
    0x6611, 0x584D, 0xFA5D, 0xDA55, 0xDA55, 0xDA55, 0xDA55, 0xDA55, 0xDA55, 0xDA55, 0x9955, 0x0401, 0x8300, 0x6200, 0x7444, 0x1B5E,
    0x1B5E, 0x9444, 0x4100, 0x2511, 0x9CEF, 0xFEFF, 0xDDFF, 0x8621, 0x8A4A, 0xDDF7, 0xDDFF, 0x6621, 0x4521, 0xDADE, 0xFEFF, 0x7BEF,
    0x6619, 0x374D, 0xDA55, 0xB955, 0xB955, 0xB955, 0xB955, 0xB955, 0xB955, 0x1B5E, 0xF644, 0xA300, 0xA300, 0x6200, 0x7444, 0x1B5E,
    0x1B5E, 0x9444, 0x4100, 0xE408, 0x7BEF, 0xFEFF, 0xFEFF, 0xFADE, 0xA308, 0x74AD, 0x74AD, 0xE310, 0xFADE, 0xFEFF, 0xFEFF, 0x5BEF,
    0x4511, 0xBA55, 0x5C5E, 0x3B5E, 0x3C5E, 0x3C5E, 0x3C5E, 0x3B5E, 0x5C5E, 0x374D, 0x2509, 0x6200, 0xA300, 0x6200, 0x7444, 0x1B5E,
    0x1B5E, 0x7444, 0x6200, 0x4100, 0xEF73, 0xFFFF, 0xFEFF, 0xFFFF, 0xD9D6, 0x57C6, 0x57C6, 0xB9D6, 0xFFFF, 0xFDFF, 0xFFFF, 0xCE73,
    0x4200, 0x2E2B, 0x4E2B, 0x2E2B, 0x2E2B, 0x2E2B, 0x2E2B, 0x2E2B, 0x4F2B, 0x4609, 0x4100, 0xA300, 0xA300, 0x6200, 0x7444, 0x1B5E,
    0x1B5E, 0x7444, 0x6200, 0xA300, 0x6200, 0x98CE, 0x78CE, 0x0F7C, 0xDDFF, 0xFEFF, 0xFEFF, 0xDDFF, 0x0F7C, 0x78CE, 0x98CE, 0x6200,
    0x8300, 0x4100, 0x2100, 0x4100, 0x4100, 0x4100, 0x4100, 0x4100, 0x2100, 0x8200, 0xA300, 0xA300, 0xA300, 0x6200, 0x7444, 0x1B5E,
    0x1B5E, 0x7444, 0x6200, 0xC300, 0x2100, 0x8A42, 0x0F74, 0x0000, 0x94AD, 0xDEFF, 0xDEFF, 0x95AD, 0x0000, 0x0F74, 0x8A42, 0x2100,
    0xA300, 0xA300, 0xA300, 0xA300, 0xA300, 0xA300, 0xA300, 0xA300, 0xA300, 0xA300, 0xA300, 0xA300, 0xA300, 0x6200, 0x7444, 0x1B5E,
    0x1B5E, 0x7444, 0x6200, 0xA300, 0xA300, 0x8300, 0x4519, 0x4100, 0x0C53, 0xFFFF, 0xFFFF, 0x2C53, 0x4100, 0x4519, 0x8300, 0xA300,
    0xA300, 0xA300, 0xA300, 0xA300, 0xA300, 0xA300, 0xA300, 0xA300, 0xA300, 0xA300, 0xA300, 0xA300, 0xA300, 0x6200, 0x7444, 0x1B5E,
    0x1B5E, 0x7444, 0x6200, 0xA300, 0xA300, 0xA300, 0x8200, 0x8200, 0x0409, 0x307C, 0x307C, 0x0409, 0x8200, 0x8200, 0xA300, 0xA300,
    0xA300, 0xA300, 0xA300, 0xA300, 0xA300, 0xA300, 0xA300, 0xA300, 0xA300, 0xA300, 0xA300, 0xA300, 0xA300, 0x6200, 0x7444, 0x1B5E,
    0x1B5E, 0x7444, 0x6200, 0xC300, 0xA300, 0xA300, 0xA300, 0xA300, 0xA300, 0x2100, 0x2100, 0xA300, 0xA300, 0xA300, 0xA300, 0xA300,
    0xA300, 0xA300, 0xA300, 0xA300, 0xA300, 0xA300, 0xA300, 0xA300, 0xA300, 0xA300, 0xA300, 0xA300, 0xC300, 0x6200, 0x7444, 0x1B5E,
    0x1B5E, 0x743C, 0x0000, 0x6200, 0x6200, 0x6200, 0x6200, 0x6200, 0x6200, 0x8200, 0x8200, 0x6200, 0x6200, 0x6200, 0x6200, 0x6200,
    0x6200, 0x6200, 0x6200, 0x6200, 0x6200, 0x6200, 0x6200, 0x6200, 0x6200, 0x6200, 0x6200, 0x6200, 0x6200, 0x0000, 0x743C, 0x1B5E,
    0xFA55, 0x7855, 0x7444, 0x9444, 0x7444, 0x7444, 0x7444, 0x7444, 0x7444, 0x7444, 0x7444, 0x7444, 0x7444, 0x7444, 0x7444, 0x7444,
    0x7444, 0x7444, 0x7444, 0x7444, 0x7444, 0x7444, 0x7444, 0x7444, 0x7444, 0x7444, 0x7444, 0x7444, 0x9444, 0x7444, 0x7855, 0xFA55,
    0xDA55, 0xDA55, 0x1B5E, 0x1B5E, 0x1B5E, 0x1B5E, 0x1B5E, 0x1B5E, 0x1B5E, 0x1B5E, 0x1B5E, 0x1B5E, 0x1B5E, 0x1B5E, 0x1B5E, 0x1B5E,
    0x1B5E, 0x1B5E, 0x1B5E, 0x1B5E, 0x1B5E, 0x1B5E, 0x1B5E, 0x1B5E, 0x1B5E, 0x1B5E, 0x1B5E, 0x1B5E, 0x1B5E, 0x1B5E, 0xDA55, 0xDA55
};

const uint16_t icon_hover_pack_stratagem_icon_background[] PROGMEM = {
    0xDA55, 0xDA55, 0x1B5E, 0x1B5E, 0x1B5E, 0x1B5E, 0x1B5E, 0x1B5E, 0x1B5E, 0x1B5E, 0x1B5E, 0x1B5E, 0x1B5E, 0x1B5E, 0x1B5E, 0x1B5E,
    0x1B5E, 0x1B5E, 0x1B5E, 0x1B5E, 0x1B5E, 0x1B5E, 0x1B5E, 0x1B5E, 0x1B5E, 0x1B5E, 0x1B5E, 0x1B5E, 0x1B5E, 0x1B5E, 0xDA55, 0xDA55,
    0xFA55, 0x7855, 0x7444, 0x9444, 0x7444, 0x7444, 0x7444, 0x7444, 0x7444, 0x7444, 0x7444, 0x7444, 0x7444, 0x7444, 0x7444, 0x7444,
    0x7444, 0x7444, 0x7444, 0x7444, 0x7444, 0x7444, 0x7444, 0x7444, 0x7444, 0x7444, 0x7444, 0x7444, 0x9444, 0x7444, 0x7855, 0xFA55,
    0x1B5E, 0x743C, 0x0000, 0x6200, 0x6200, 0x6200, 0x6200, 0x6200, 0x6200, 0x6200, 0x6200, 0x6200, 0x6200, 0x6200, 0x6200, 0x6200,
    0x6200, 0x6200, 0x6200, 0x6200, 0x6200, 0x6200, 0x6200, 0x6200, 0x6200, 0x6200, 0x6200, 0x6200, 0x6200, 0x0000, 0x743C, 0x1B5E,
    0x1B5E, 0x7444, 0x6200, 0xC300, 0xA300, 0xA300, 0xA300, 0xA300, 0xA300, 0xA300, 0xC300, 0xC300, 0xC300, 0xA300, 0xC300, 0xC300,
    0xC300, 0xC300, 0xA300, 0xC300, 0xC300, 0xC300, 0xA300, 0xA300, 0xA300, 0xA300, 0xA300, 0xA300, 0xC300, 0x6200, 0x7444, 0x1B5E,
    0x1B5E, 0x7444, 0x6200, 0xA300, 0xA300, 0xA300, 0xA300, 0xA300, 0xA300, 0x6200, 0x2100, 0x4100, 0x2100, 0x8200, 0x4200, 0x0100,
    0x0100, 0x4200, 0x8200, 0x2100, 0x4100, 0x2100, 0x6200, 0xA300, 0xA300, 0xA300, 0xA300, 0xA300, 0xA300, 0x6200, 0x7444, 0x1B5E,
    0x1B5E, 0x7444, 0x6200, 0xA300, 0xA300, 0xA300, 0xA300, 0xA300, 0x6200, 0xE911, 0x6F2B, 0x2E2B, 0x6F2B, 0x0501, 0xCA4A, 0x5184,
    0x5184, 0xCA4A, 0x0501, 0x6F2B, 0x2E2B, 0x6F2B, 0xE911, 0x6200, 0xA300, 0xA300, 0xA300, 0xA300, 0xA300, 0x6200, 0x7444, 0x1B5E,
    0x1B5E, 0x7444, 0x6200, 0xA300, 0xA300, 0xA300, 0xA300, 0xA300, 0x2100, 0x6F2B, 0x9D66, 0x1B5E, 0x9D66, 0x8701, 0x33A5, 0xFFFF,
    0xFFFF, 0x33A5, 0x8701, 0x9D66, 0x1B5E, 0x9D66, 0x6F2B, 0x2100, 0xA300, 0xA300, 0xA300, 0xA300, 0xA300, 0x6200, 0x7444, 0x1B5E,
    0x1B5E, 0x7444, 0x6200, 0xA300, 0xA300, 0xA300, 0xA300, 0xA300, 0x4100, 0x2E2B, 0x1B5E, 0x9955, 0x1B5E, 0x8701, 0xD294, 0xDEFF,
    0xDEFF, 0xD294, 0x8701, 0x1B5E, 0x9955, 0x1B5E, 0x2E2B, 0x4100, 0xA300, 0xA300, 0xA300, 0xA300, 0xA300, 0x6200, 0x7444, 0x1B5E,
    0x1B5E, 0x7444, 0x6200, 0xA300, 0xA300, 0xA300, 0xA300, 0xA300, 0x4100, 0x2E2B, 0x3C5E, 0xB955, 0x3B5E, 0x8701, 0xF29C, 0xFFFF,
    0xFFFF, 0xF29C, 0x8701, 0x3B5E, 0xB955, 0x3C5E, 0x2E2B, 0x4100, 0xA300, 0xA300, 0xA300, 0xA300, 0xA300, 0x6200, 0x7444, 0x1B5E,
    0x1B5E, 0x7444, 0x6200, 0xA300, 0xA300, 0xA300, 0xA300, 0xA300, 0x4100, 0x2E2B, 0x3C5E, 0xB955, 0x3B5E, 0x8701, 0xF29C, 0xFFFF,
    0xFFFF, 0xF29C, 0x8701, 0x3B5E, 0xB955, 0x3C5E, 0x2E2B, 0x4100, 0xA300, 0xA300, 0xA300, 0xA300, 0xA300, 0x6200, 0x7444, 0x1B5E,
    0x1B5E, 0x7444, 0x6200, 0xA300, 0xA300, 0xA300, 0xA300, 0xA300, 0x4100, 0x2E2B, 0x3C5E, 0xB955, 0x3B5E, 0x8701, 0xF29C, 0xFFFF,
    0xFFFF, 0xF29C, 0x8701, 0x3B5E, 0xB955, 0x3C5E, 0x2E2B, 0x4100, 0xA300, 0xA300, 0xA300, 0xA300, 0xA300, 0x6200, 0x7444, 0x1B5E,
    0x1B5E, 0x7444, 0x6200, 0xA300, 0xA300, 0xA300, 0xA300, 0xA300, 0x4100, 0x2E2B, 0x1B5E, 0x9955, 0x1B5E, 0x6701, 0xF29C, 0xFFFF,
    0xFFFF, 0xF29C, 0x6701, 0x1B5E, 0x9955, 0x1B5E, 0x2E2B, 0x4100, 0xA300, 0xA300, 0xA300, 0xA300, 0xA300, 0x6200, 0x7444, 0x1B5E,
    0x1B5E, 0x7444, 0x6200, 0xA300, 0xA300, 0xA300, 0xA300, 0xC300, 0x4100, 0x6F33, 0x9D66, 0x1B5E, 0x9D66, 0xA809, 0xF29C, 0xFFFF,
    0xFFFF, 0xF29C, 0xA809, 0x9D66, 0x1B5E, 0x9D66, 0x6F33, 0x4100, 0xC300, 0xA300, 0xA300, 0xA300, 0xA300, 0x6200, 0x7444, 0x1B5E,
    0x1B5E, 0x7444, 0x6200, 0xA300, 0xA300, 0xA300, 0xA300, 0xA300, 0x0000, 0x2A12, 0x5434, 0xF233, 0x543C, 0xC400, 0xD294, 0xFFFF,
    0xFFFF, 0xD294, 0xC400, 0x543C, 0xF233, 0x5434, 0x2A12, 0x0000, 0xA300, 0xA300, 0xA300, 0xA300, 0xA300, 0x6200, 0x7444, 0x1B5E,
    0x1B5E, 0x7444, 0x6200, 0xA300, 0xA300, 0xA300, 0x8200, 0xE408, 0x8A42, 0x6942, 0x483A, 0x493A, 0x4942, 0x2842, 0xF6BD, 0xFEFF,
    0xFEFF, 0xF6BD, 0x2842, 0x4942, 0x493A, 0x483A, 0x6942, 0x8A42, 0xE408, 0x8200, 0xA300, 0xA300, 0xA300, 0x6200, 0x7444, 0x1B5E,
    0x1B5E, 0x7444, 0x6200, 0xA300, 0xA300, 0xA300, 0x6200, 0xE729, 0xFEFF, 0xFFFF, 0xFFFF, 0xFFFF, 0xFFFF, 0xFFFF, 0xFEFF, 0xFDFF,
    0xFDFF, 0xFEFF, 0xFFFF, 0xFFFF, 0xFFFF, 0xFFFF, 0xFFFF, 0xFEFF, 0xE729, 0x6200, 0xA300, 0xA300, 0xA300, 0x6200, 0x7444, 0x1B5E,
    0x1B5E, 0x7444, 0x6200, 0xA300, 0xA300, 0xA300, 0x6200, 0xC729, 0xDDFF, 0xFDFF, 0xFDFF, 0xFDFF, 0xFEFF, 0xFEFF, 0xFEFF, 0xFEFF,
    0xFEFF, 0xFEFF, 0xFEFF, 0xFEFF, 0xFDFF, 0xFDFF, 0xFDFF, 0xDDFF, 0xC729, 0x6200, 0xA300, 0xA300, 0xA300, 0x6200, 0x7444, 0x1B5E,
    0x1B5E, 0x7444, 0x6200, 0xA300, 0xA300, 0xA300, 0x6200, 0xC729, 0xFDFF, 0xFDFF, 0xFDFF, 0x9CF7, 0x7BEF, 0x7BEF, 0x7BEF, 0x7BEF,
    0x7BEF, 0x7BEF, 0x7BEF, 0x7BEF, 0x9CF7, 0xFDFF, 0xFDFF, 0xFDFF, 0xC729, 0x6200, 0xA300, 0xA300, 0xA300, 0x6200, 0x7444, 0x1B5E,
    0x1B5E, 0x7444, 0x6200, 0xA300, 0xA300, 0xA300, 0x6200, 0xC729, 0xDCFF, 0xDDFF, 0xDDFF, 0x2832, 0x0411, 0x6611, 0x4611, 0x4611,
    0x4611, 0x4611, 0x6611, 0x0411, 0x2832, 0xDDFF, 0xDDFF, 0xDCFF, 0xC729, 0x6200, 0xA300, 0xA300, 0xA300, 0x6200, 0x7444, 0x1B5E,
    0x1B5E, 0x7444, 0x6200, 0xA300, 0xA300, 0xA300, 0x4200, 0xE729, 0xFFFF, 0xFFFF, 0xFFFF, 0xE729, 0x953C, 0xFB55, 0xDA55, 0xDA55,
    0xDA55, 0xDA55, 0xFB55, 0x953C, 0xE729, 0xFFFF, 0xFFFF, 0xFFFF, 0xE729, 0x4200, 0xA300, 0xA300, 0xA300, 0x6200, 0x7444, 0x1B5E,
    0x1B5E, 0x7444, 0x6200, 0xA300, 0xA300, 0xA300, 0x8200, 0x2511, 0xAE6B, 0x2F7C, 0xAE6B, 0x2511, 0xCC22, 0x6F2B, 0xCD1A, 0x0E23,
    0x0E23, 0xCD1A, 0x6F2B, 0xCC22, 0x2511, 0xAE6B, 0x2F7C, 0xAE6B, 0x2511, 0x8200, 0xA300, 0xA300, 0xA300, 0x6200, 0x7444, 0x1B5E,
    0x1B5E, 0x7444, 0x6200, 0xA300, 0xA300, 0xA300, 0x8200, 0x0411, 0x6D63, 0x4519, 0x6D63, 0x0411, 0x2100, 0x6100, 0xEE7B, 0xC731,
    0xC731, 0xEE7B, 0x6100, 0x2100, 0x0411, 0x6D63, 0x4519, 0x6D63, 0x0411, 0x8200, 0xA300, 0xA300, 0xA300, 0x6200, 0x7444, 0x1B5E,
    0x1B5E, 0x7444, 0x6200, 0xA300, 0xA300, 0xA300, 0x6200, 0x4511, 0xBCF7, 0xAE6B, 0xBCF7, 0x4511, 0x8200, 0xC300, 0xFEFF, 0x507C,
    0x507C, 0xFEFF, 0xC300, 0x8200, 0x4511, 0xBCF7, 0xAE6B, 0xBCF7, 0x4511, 0x6200, 0xA300, 0xA300, 0xA300, 0x6200, 0x7444, 0x1B5E,
    0x1B5E, 0x7444, 0x6200, 0xA300, 0xA300, 0xA300, 0xA300, 0x8300, 0xB5AD, 0x6D63, 0xB5AD, 0x8300, 0xA300, 0x4200, 0xF9DE, 0xEF73,
    0xEF73, 0xF9DE, 0x4200, 0xA300, 0x8300, 0xB5AD, 0x6D63, 0xB5AD, 0x8300, 0xA300, 0xA300, 0xA300, 0xA300, 0x6200, 0x7444, 0x1B5E,
    0x1B5E, 0x7444, 0x6200, 0xA300, 0xA300, 0xA300, 0xA300, 0x8300, 0xE408, 0xC308, 0xE408, 0x8300, 0xA300, 0x2100, 0x57C6, 0x0F74,
    0x0F74, 0x57C6, 0x2100, 0xA300, 0x8300, 0xE408, 0xC308, 0xE408, 0x8300, 0xA300, 0xA300, 0xA300, 0xA300, 0x6200, 0x7444, 0x1B5E,
    0x1B5E, 0x7444, 0x6200, 0xA300, 0xA300, 0xA300, 0xA300, 0xA300, 0x8200, 0x8200, 0x8200, 0xA300, 0xC300, 0x0000, 0x16BE, 0x7084,
    0x7084, 0x16BE, 0x0000, 0xC300, 0xA300, 0x8200, 0x8200, 0x8200, 0xA300, 0xA300, 0xA300, 0xA300, 0xA300, 0x6200, 0x7444, 0x1B5E,
    0x1B5E, 0x7444, 0x6200, 0xA300, 0xA300, 0xA300, 0xA300, 0xA300, 0xA300, 0xA300, 0xA300, 0xA300, 0xA300, 0x4100, 0xEB4A, 0x693A,
    0x693A, 0xEB4A, 0x4100, 0xA300, 0xA300, 0xA300, 0xA300, 0xA300, 0xA300, 0xA300, 0xA300, 0xA300, 0xA300, 0x6200, 0x7444, 0x1B5E,
    0x1B5E, 0x7444, 0x6200, 0xA300, 0xA300, 0xA300, 0xA300, 0xA300, 0xA300, 0xA300, 0xA300, 0xA300, 0xA300, 0xA300, 0x4100, 0x6200,
    0x6200, 0x4100, 0xA300, 0xA300, 0xA300, 0xA300, 0xA300, 0xA300, 0xA300, 0xA300, 0xA300, 0xA300, 0xA300, 0x6200, 0x7444, 0x1B5E,
    0x1B5E, 0x7444, 0x6200, 0xC300, 0xA300, 0xA300, 0xA300, 0xA300, 0xA300, 0xA300, 0xA300, 0xA300, 0xA300, 0xA300, 0xC300, 0xA300,
    0xA300, 0xC300, 0xA300, 0xA300, 0xA300, 0xA300, 0xA300, 0xA300, 0xA300, 0xA300, 0xA300, 0xA300, 0xC300, 0x6200, 0x7444, 0x1B5E,
    0x1B5E, 0x743C, 0x0000, 0x6200, 0x6200, 0x6200, 0x6200, 0x6200, 0x6200, 0x6200, 0x6200, 0x6200, 0x6200, 0x6200, 0x6200, 0x6200,
    0x6200, 0x6200, 0x6200, 0x6200, 0x6200, 0x6200, 0x6200, 0x6200, 0x6200, 0x6200, 0x6200, 0x6200, 0x6200, 0x0000, 0x743C, 0x1B5E,
    0xFA55, 0x7855, 0x7444, 0x9444, 0x7444, 0x7444, 0x7444, 0x7444, 0x7444, 0x7444, 0x7444, 0x7444, 0x7444, 0x7444, 0x7444, 0x7444,
    0x7444, 0x7444, 0x7444, 0x7444, 0x7444, 0x7444, 0x7444, 0x7444, 0x7444, 0x7444, 0x7444, 0x7444, 0x9444, 0x7444, 0x7855, 0xFA55,
    0xDA55, 0xDA55, 0x1B5E, 0x1B5E, 0x1B5E, 0x1B5E, 0x1B5E, 0x1B5E, 0x1B5E, 0x1B5E, 0x1B5E, 0x1B5E, 0x1B5E, 0x1B5E, 0x1B5E, 0x1B5E,
    0x1B5E, 0x1B5E, 0x1B5E, 0x1B5E, 0x1B5E, 0x1B5E, 0x1B5E, 0x1B5E, 0x1B5E, 0x1B5E, 0x1B5E, 0x1B5E, 0x1B5E, 0x1B5E, 0xDA55, 0xDA55
};

const uint16_t icon_incendiary_mines_stratagem_icon_background[] PROGMEM = {
    0xAA6C, 0xCA6C, 0xEB6C, 0xEB6C, 0xEB6C, 0xEB6C, 0xEB6C, 0xEB6C, 0xEB6C, 0xEB6C, 0xEB6C, 0xEB6C, 0xEB6C, 0xEB6C, 0xEB6C, 0xEB6C,
    0xEB6C, 0xEB6C, 0xEB6C, 0xEB6C, 0xEB6C, 0xEB6C, 0xEB6C, 0xEB6C, 0xEB6C, 0xEB6C, 0xEB6C, 0xEB6C, 0xEB6C, 0xEB6C, 0xCA6C, 0xAA6C,
    0xCA6C, 0x6A64, 0xA84B, 0xA853, 0xA853, 0xA853, 0xA853, 0xA853, 0xA853, 0xA853, 0xA853, 0xA853, 0xA853, 0xA853, 0xA853, 0xA853,
    0xA853, 0xA853, 0xA853, 0xA853, 0xA853, 0xA853, 0xA853, 0xA853, 0xA853, 0xA853, 0xA853, 0xA853, 0xA853, 0xA84B, 0x6A64, 0xCA6C,
    0xEB6C, 0xA753, 0x6000, 0xA000, 0x8000, 0x8000, 0x8000, 0x8000, 0x8000, 0x8000, 0x8000, 0x8000, 0x8000, 0x8000, 0x8000, 0x8000,
    0x8000, 0x8000, 0x8000, 0x8000, 0x8000, 0x8000, 0x8000, 0x8000, 0x8000, 0x8000, 0x8000, 0x8000, 0xA000, 0x6000, 0xA753, 0xEB6C,
    0xEB6C, 0xA853, 0xA000, 0xC008, 0xC008, 0xC008, 0xC008, 0xC008, 0xC008, 0xC008, 0xC008, 0xC008, 0xC008, 0xC008, 0xC008, 0xC008,
    0xC008, 0xC008, 0xC008, 0xC008, 0xC008, 0xC008, 0xC008, 0xC008, 0xC008, 0xC008, 0xC008, 0xC008, 0xC008, 0xA000, 0xA853, 0xEB6C,
    0xEB6C, 0xA853, 0x8000, 0xC008, 0xC008, 0xC008, 0xC008, 0xC008, 0xC008, 0xC008, 0xC008, 0xC008, 0xC008, 0xC008, 0xC008, 0xC008,
    0xC008, 0xC008, 0xC008, 0xC008, 0xC008, 0xC008, 0xC008, 0xC008, 0xC008, 0xC008, 0xC008, 0xC008, 0xC008, 0x8000, 0xA853, 0xEB6C,
    0xEB6C, 0xA853, 0x8000, 0xC008, 0xC008, 0xC008, 0xC008, 0xC008, 0xC008, 0xC008, 0xC008, 0xC008, 0xC008, 0xC008, 0xC008, 0xC008,
    0xC008, 0xC008, 0xC008, 0xC008, 0xC008, 0xC008, 0xC008, 0xC008, 0xC008, 0xC008, 0xC008, 0xC008, 0xC008, 0x8000, 0xA853, 0xEB6C,
    0xEB6C, 0xA853, 0x8000, 0xC008, 0xC008, 0xC008, 0xC008, 0xC008, 0xC008, 0xC008, 0xC008, 0xC008, 0xC008, 0xC008, 0xC008, 0xC008,
    0xC008, 0xC008, 0xC008, 0xC008, 0xC008, 0xC008, 0xC008, 0xC008, 0xC008, 0xC008, 0xC008, 0xC008, 0xC008, 0x8000, 0xA853, 0xEB6C,
    0xEB6C, 0xA853, 0x8000, 0xC008, 0xC008, 0xC008, 0xC008, 0xC008, 0xC008, 0xC008, 0xC008, 0xC008, 0xC008, 0xC008, 0xC008, 0xC008,
    0xC008, 0xC008, 0xC008, 0xC008, 0xC008, 0xC008, 0xC008, 0xC008, 0xC008, 0xC008, 0xC008, 0xC008, 0xC008, 0x8000, 0xA853, 0xEB6C,
    0xEB6C, 0xA853, 0x8000, 0xC008, 0xC008, 0xC008, 0xC008, 0xC008, 0xC008, 0xC008, 0xC008, 0xC008, 0xC008, 0xC008, 0xC008, 0xC008,
    0xC008, 0xC008, 0xC008, 0xC008, 0xC008, 0xC008, 0xC008, 0xC008, 0xC008, 0xC008, 0xC008, 0xC008, 0xC008, 0x8000, 0xA853, 0xEB6C,
    0xEB6C, 0xA853, 0x8000, 0xC008, 0xC008, 0xC008, 0xC008, 0xC008, 0xC008, 0xC008, 0xC008, 0xC008, 0xC008, 0xC008, 0xC008, 0xC008,
    0xC008, 0xC008, 0xC008, 0xC008, 0xC008, 0xC008, 0xC008, 0xC008, 0xC008, 0xC008, 0xC008, 0xC008, 0xC008, 0x8000, 0xA853, 0xEB6C,
    0xEB6C, 0xA853, 0x8000, 0xC008, 0xC008, 0xC008, 0xC008, 0xC008, 0xC008, 0xC008, 0xC008, 0xC008, 0xC008, 0xC008, 0xA000, 0xA000,
    0xC008, 0xC008, 0xC008, 0xC008, 0xC008, 0xC008, 0xC008, 0xC008, 0xC008, 0xC008, 0xC008, 0xC008, 0xC008, 0x8000, 0xA853, 0xEB6C,
    0xEB6C, 0xA853, 0x8000, 0xC008, 0xC008, 0xC008, 0xC008, 0xC008, 0xC008, 0xC008, 0xC008, 0xC008, 0xC008, 0xA000, 0x2111, 0x4219,
    0x8000, 0xC008, 0xC008, 0xC008, 0xC008, 0xC008, 0xC008, 0xC008, 0xC008, 0xC008, 0xC008, 0xC008, 0xC008, 0x8000, 0xA853, 0xEB6C,
    0xEB6C, 0xA853, 0x8000, 0xC008, 0xC008, 0xC008, 0xC008, 0xC008, 0xC008, 0xC008, 0xC008, 0xC008, 0xC008, 0x8000, 0x8321, 0x15BE,
    0xE108, 0xA000, 0xC008, 0xC008, 0xC008, 0xC008, 0xC008, 0xC008, 0xC008, 0xC008, 0xC008, 0xC008, 0xC008, 0x8000, 0xA853, 0xEB6C,
    0xEB6C, 0xA853, 0x8000, 0xC008, 0xC008, 0xC008, 0xC008, 0xC008, 0xC008, 0xC008, 0xC008, 0xC008, 0xC008, 0xC000, 0x0111, 0xFDFF,
    0x93AD, 0x8000, 0xE008, 0xC008, 0xC008, 0xC008, 0xC008, 0xC008, 0xC008, 0xC008, 0xC008, 0xC008, 0xC008, 0x8000, 0xA853, 0xEB6C,
    0xEB6C, 0xA853, 0x8000, 0xC008, 0xC008, 0xC008, 0xC008, 0xC008, 0xC008, 0xC008, 0xC008, 0xC008, 0xE008, 0x4000, 0xE431, 0x9CF7,
    0xFFFF, 0xAB6B, 0x0000, 0xE008, 0xC008, 0xC008, 0xC008, 0xC008, 0xC008, 0xC008, 0xC008, 0xC008, 0xC008, 0x8000, 0xA853, 0xEB6C,
    0xEB6C, 0xA853, 0x8000, 0xC008, 0xC008, 0xC008, 0xC008, 0xC008, 0xC008, 0xC008, 0xC008, 0xE008, 0x6000, 0x8321, 0xFADE, 0xFEFF,
    0xFFFF, 0x8F8C, 0x063A, 0xC000, 0xA000, 0xC008, 0xC008, 0xC008, 0xC008, 0xC008, 0xC008, 0xC008, 0xC008, 0x8000, 0xA853, 0xEB6C,
    0xEB6C, 0xA853, 0x8000, 0xC008, 0xC008, 0xC008, 0xC008, 0xC008, 0xC008, 0xC008, 0xC008, 0xA000, 0xA429, 0x1ADF, 0xFFFF, 0x9CF7,
    0xBCF7, 0x1ADF, 0xFEFF, 0x6F84, 0x8000, 0xC008, 0xC008, 0xC008, 0xC008, 0xC008, 0xC008, 0xC008, 0xC008, 0x8000, 0xA853, 0xEB6C,
    0xEB6C, 0xA853, 0x8000, 0xC008, 0xC008, 0xC008, 0xC008, 0xC008, 0xC008, 0xC008, 0xE008, 0x4000, 0x8F84, 0xFFFF, 0xFEFF, 0x4E7C,
    0x7BEF, 0xFFFF, 0xDDFF, 0xFFFF, 0xC84A, 0x6000, 0xC008, 0xC008, 0xC008, 0xC008, 0xC008, 0xC008, 0xC008, 0x8000, 0xA853, 0xEB6C,
    0xEB6C, 0xA853, 0x8000, 0xC008, 0xC008, 0xC008, 0xC008, 0xC008, 0xC008, 0xC008, 0xE008, 0x0000, 0x6F84, 0xFFFF, 0x15BE, 0x8008,
    0xB4B5, 0xDDFF, 0xFFFF, 0x119D, 0x8000, 0xC008, 0xC008, 0xC008, 0xC008, 0xC008, 0xC008, 0xC008, 0xC008, 0x8000, 0xA853, 0xEB6C,
    0xEB6C, 0xA853, 0x8000, 0xC008, 0xC008, 0xC008, 0xC008, 0xC008, 0xC008, 0xC008, 0xE008, 0x0211, 0x6319, 0x1ADF, 0xFADE, 0x2219,
    0x463A, 0xFFFF, 0xB4AD, 0x8000, 0x2211, 0xC008, 0xC000, 0xC008, 0xC008, 0xC008, 0xC008, 0xC008, 0xC008, 0x8000, 0xA853, 0xEB6C,
    0xEB6C, 0xA853, 0x8000, 0xC008, 0xC008, 0xC008, 0xC008, 0xC008, 0xE008, 0x4000, 0xCC73, 0xBEF7, 0x8F8C, 0x4219, 0x9DF7, 0x4E84,
    0x6F84, 0xD9D6, 0xE108, 0x16BE, 0xBEF7, 0xEC73, 0x4000, 0xE008, 0xC008, 0xC008, 0xC008, 0xC008, 0xC008, 0x8000, 0xA853, 0xEB6C,
    0xEB6C, 0xA853, 0x8000, 0xC008, 0xC008, 0xC008, 0xC008, 0xC008, 0xC008, 0x2000, 0x2E7C, 0x9DEF, 0xBDF7, 0xCC73, 0xE429, 0x0953,
    0xE852, 0xA329, 0xD094, 0xBDF7, 0x9DEF, 0x2E7C, 0x2000, 0xC008, 0xC008, 0xC008, 0xC008, 0xC008, 0xC008, 0x8000, 0xA853, 0xEB6C,
    0xEB6C, 0xA853, 0x8000, 0xC008, 0xC008, 0xC008, 0xC008, 0xC000, 0x0111, 0x2211, 0x6219, 0xA421, 0xA321, 0x0532, 0x0111, 0x0111,
    0x0111, 0x2111, 0x0532, 0xA321, 0xA421, 0x6219, 0x2211, 0xE008, 0xC000, 0xC008, 0xC008, 0xC008, 0xC008, 0x8000, 0xA853, 0xEB6C,
    0xEB6C, 0xA853, 0x8000, 0xC008, 0xC008, 0xC008, 0xE008, 0x4000, 0x2E7C, 0x7DEF, 0x5AEF, 0x7BEF, 0x5BEF, 0x3AE7, 0xBCF7, 0xFDFF,
    0xFEFF, 0xBCF7, 0x3AE7, 0x5BEF, 0x7BEF, 0x5BEF, 0x7DEF, 0x4A63, 0x6000, 0xE008, 0xC008, 0xC008, 0xC008, 0x8000, 0xA853, 0xEB6C,
    0xEB6C, 0xA853, 0x8000, 0xC008, 0xC008, 0xC008, 0xA000, 0x0000, 0x8F8C, 0xFFFF, 0xFEFF, 0xFEFF, 0xFFFF, 0xFFFF, 0xDDFF, 0x129D,
    0xF19C, 0xDDF7, 0xFFFF, 0xFFFF, 0xFEFF, 0xFEFF, 0xFFFF, 0xAB6B, 0x0000, 0xA000, 0xC008, 0xC008, 0xC008, 0x8000, 0xA853, 0xEB6C,
    0xEB6C, 0xA853, 0xA000, 0xC008, 0x8000, 0xA000, 0x0322, 0xE321, 0x6319, 0x0E7C, 0x1AE7, 0xFFFF, 0x3AE7, 0x2F7C, 0x8321, 0x8111,
    0x8111, 0x8321, 0x0E7C, 0x1AE7, 0xFFFF, 0x3AE7, 0x2F84, 0x4219, 0xE321, 0x032A, 0xA000, 0x8000, 0xC008, 0xA000, 0xA853, 0xEB6C,
    0xEB6C, 0xA853, 0x4000, 0xE008, 0x442A, 0xE853, 0xCB6C, 0xEB6C, 0xC853, 0xC219, 0x6219, 0xA84A, 0x6219, 0xC219, 0xC753, 0xEB74,
    0xEB74, 0xC853, 0xC219, 0x6219, 0xA84A, 0x6219, 0xC219, 0xC853, 0xEB6C, 0xEB6C, 0xE853, 0x442A, 0xE008, 0x4000, 0xA853, 0xEB6C,
    0xEB6C, 0xA853, 0x6432, 0x495C, 0xEB6C, 0xCB6C, 0xAA6C, 0xAA64, 0xEB6C, 0x0B75, 0x085C, 0xA432, 0x085C, 0x0B75, 0xEB6C, 0xAA6C,
    0xAA6C, 0xEB6C, 0x0B75, 0x085C, 0xA432, 0x085C, 0x0B75, 0xEB6C, 0xAA6C, 0xAA6C, 0xCB6C, 0xEB6C, 0x4964, 0x6432, 0xA853, 0xEB6C,
    0xCB6C, 0xE85B, 0x8A64, 0x0B75, 0xAA6C, 0xCA6C, 0xCA6C, 0xCA6C, 0xCA6C, 0xAA6C, 0xEB6C, 0x2C75, 0xEB6C, 0xAA6C, 0xCA6C, 0xCA6C,
    0xCA6C, 0xCA6C, 0xAA6C, 0xEB6C, 0x2C75, 0xEB6C, 0xAA6C, 0xCA6C, 0xCA6C, 0xCA6C, 0xCA6C, 0xAA6C, 0x0B75, 0x8A64, 0xE85B, 0xCB6C,
    0xCB6C, 0xE853, 0xC853, 0x4964, 0x495C, 0x495C, 0x495C, 0x495C, 0x495C, 0x495C, 0x295C, 0x295C, 0x295C, 0x495C, 0x495C, 0x495C,
    0x495C, 0x495C, 0x495C, 0x295C, 0x295C, 0x295C, 0x495C, 0x495C, 0x495C, 0x495C, 0x495C, 0x495C, 0x4964, 0xC853, 0xE853, 0xCB6C,
    0xCA6C, 0x6A64, 0xE853, 0xE853, 0xE853, 0xE853, 0xE853, 0xE853, 0xE853, 0xE853, 0xE853, 0xE853, 0xE853, 0xE853, 0xE853, 0xE853,
    0xE853, 0xE853, 0xE853, 0xE853, 0xE853, 0xE853, 0xE853, 0xE853, 0xE853, 0xE853, 0xE853, 0xE853, 0xE853, 0xE853, 0x6A64, 0xCA6C,
    0xAA6C, 0xCA6C, 0xCB6C, 0xCB6C, 0xCB6C, 0xCB6C, 0xCB6C, 0xCB6C, 0xCB6C, 0xCB6C, 0xCB6C, 0xCB6C, 0xCB6C, 0xCB6C, 0xCB6C, 0xCB6C,
    0xCB6C, 0xCB6C, 0xCB6C, 0xCB6C, 0xCB6C, 0xCB6C, 0xCB6C, 0xCB6C, 0xCB6C, 0xCB6C, 0xCB6C, 0xCB6C, 0xCB6C, 0xCB6C, 0xCA6C, 0xAA6C
};

const uint16_t icon_incinerator_frv_stratagem_icon_background[] PROGMEM = {
    0xDA55, 0xDA55, 0x1B5E, 0x1B5E, 0x1B5E, 0x1B5E, 0x1B5E, 0x1B5E, 0x1B5E, 0x1B5E, 0x1B5E, 0x1B5E, 0x1B5E, 0x1B5E, 0x1B5E, 0x1B5E,
    0x1B5E, 0x1B5E, 0x1B5E, 0x1B5E, 0x1B5E, 0x1B5E, 0x1B5E, 0x1B5E, 0x1B5E, 0x1B5E, 0x1B5E, 0x1B5E, 0x1B5E, 0x1B5E, 0xDA55, 0xDA55,
    0xFA55, 0x7855, 0x7444, 0x9444, 0x7444, 0x7444, 0x7444, 0x7444, 0x7444, 0x7444, 0x7444, 0x7444, 0x7444, 0x9444, 0x9444, 0x7444,
    0x7444, 0x7444, 0x7444, 0x7444, 0x7444, 0x7444, 0x7444, 0x7444, 0x7444, 0x7444, 0x7444, 0x7444, 0x9444, 0x7444, 0x7855, 0xFA55,
    0x1B5E, 0x743C, 0x0000, 0x6200, 0x6200, 0x6200, 0x6200, 0x6200, 0x6200, 0x6200, 0x6200, 0x6200, 0x6200, 0x4100, 0x6200, 0x6200,
    0x6200, 0x6200, 0x6200, 0x6200, 0x6200, 0x6200, 0x6200, 0x6200, 0x6200, 0x6200, 0x6200, 0x6200, 0x6200, 0x0000, 0x743C, 0x1B5E,
    0x1B5E, 0x7444, 0x6200, 0xC300, 0xA300, 0xA300, 0xA300, 0xA300, 0xA300, 0xA300, 0xA300, 0xA300, 0xA300, 0xC300, 0x8200, 0x8300,
    0xC300, 0xA300, 0xA300, 0xA300, 0xA300, 0xA300, 0xA300, 0xA300, 0xA300, 0xA300, 0xA300, 0xA300, 0xC300, 0x6200, 0x7444, 0x1B5E,
    0x1B5E, 0x7444, 0x6200, 0xA300, 0xA300, 0xA300, 0xA300, 0xA300, 0xA300, 0xA300, 0xA300, 0xA300, 0x8200, 0xE408, 0xB18C, 0xC308,
    0x6200, 0xA300, 0xA300, 0xA300, 0xA300, 0xA300, 0xA300, 0xA300, 0xA300, 0xA300, 0xA300, 0xA300, 0xA300, 0x6200, 0x7444, 0x1B5E,
    0x1B5E, 0x7444, 0x6200, 0xA300, 0xA300, 0xA300, 0xA300, 0xA300, 0xA300, 0xA300, 0xA300, 0xA300, 0x8300, 0xA300, 0x5BEF, 0x17BE,
    0x8200, 0x6200, 0xA300, 0xA300, 0xA300, 0xA300, 0xA300, 0xA300, 0xA300, 0xA300, 0xA300, 0xA300, 0xA300, 0x6200, 0x7444, 0x1B5E,
    0x1B5E, 0x7444, 0x6200, 0xA300, 0xA300, 0xA300, 0xA300, 0xA300, 0xA300, 0xA300, 0xA300, 0xA300, 0xA300, 0x8200, 0x98CE, 0xFFFF,
    0xD6B5, 0xC308, 0x8300, 0xA300, 0xA300, 0xA300, 0xA300, 0xA300, 0xA300, 0xA300, 0xA300, 0xA300, 0xA300, 0x6200, 0x7444, 0x1B5E,
    0x1B5E, 0x7444, 0x6200, 0xA300, 0xA300, 0xA300, 0xA300, 0xA300, 0xA300, 0xA300, 0xA300, 0xC300, 0x2100, 0xA621, 0x7CEF, 0xDDFF,
    0xFFFF, 0x8A42, 0x2100, 0xA300, 0xA300, 0xA300, 0xA300, 0xA300, 0xA300, 0xA300, 0xA300, 0xA300, 0xA300, 0x6200, 0x7444, 0x1B5E,
    0x1B5E, 0x7444, 0x6200, 0xA300, 0xA300, 0xA300, 0xA300, 0xA300, 0xA300, 0xA300, 0xA300, 0x6200, 0x6621, 0x1ADF, 0xFEFF, 0xFEFF,
    0xFEFF, 0x6D63, 0xCB4A, 0x4200, 0xA300, 0xA300, 0xA300, 0xA300, 0xA300, 0xA300, 0xA300, 0xA300, 0xA300, 0x6200, 0x7444, 0x1B5E,
    0x1B5E, 0x7444, 0x6200, 0xA300, 0xA300, 0xA300, 0xA300, 0xA300, 0xA300, 0xA300, 0x8200, 0x0411, 0xFADE, 0xFFFF, 0xFEFF, 0x37BE,
    0x5BEF, 0x16BE, 0x37BE, 0x4100, 0xA300, 0xA300, 0xA300, 0xA300, 0xA300, 0xA300, 0xA300, 0xA300, 0xA300, 0x6200, 0x7444, 0x1B5E,
    0x1B5E, 0x7444, 0x6200, 0xA300, 0xA300, 0xA300, 0xA300, 0xA300, 0xA300, 0xA300, 0x4200, 0xE729, 0xFDFF, 0xFFFF, 0xF294, 0x8619,
    0xFEFF, 0xFDFF, 0x9CF7, 0x4519, 0x6200, 0xA300, 0xA300, 0xA300, 0xA300, 0xA300, 0xA300, 0xA300, 0xA300, 0x6200, 0x7444, 0x1B5E,
    0x1B5E, 0x7444, 0x6200, 0xA300, 0xA300, 0xA300, 0xA300, 0xA300, 0xA300, 0xA300, 0x4200, 0xC729, 0xFFFF, 0x139D, 0x0100, 0x8300,
    0xF294, 0xDDFF, 0xFFFF, 0x6D63, 0x2100, 0xA300, 0xA300, 0xA300, 0xA300, 0xA300, 0xA300, 0xA300, 0xA300, 0x6200, 0x7444, 0x1B5E,
    0x1B5E, 0x7444, 0x6200, 0xA300, 0xA300, 0xA300, 0xA300, 0xA300, 0xA300, 0xA300, 0x8200, 0xE410, 0x1BDF, 0x58C6, 0x0411, 0x6200,
    0x0411, 0x9CEF, 0x1BDF, 0x8621, 0x6200, 0xA300, 0xA300, 0xA300, 0xA300, 0xA300, 0xA300, 0xA300, 0xA300, 0x6200, 0x7444, 0x1B5E,
    0x1B5E, 0x7444, 0x6200, 0xA300, 0xA300, 0xA300, 0xA300, 0xA300, 0xA300, 0xA300, 0xA300, 0x6200, 0x6521, 0x9DF7, 0x94AD, 0x0000,
    0x74AD, 0x5CEF, 0x4521, 0x4100, 0xA300, 0xA300, 0xA300, 0xA300, 0xA300, 0xA300, 0xA300, 0xA300, 0xA300, 0x6200, 0x7444, 0x1B5E,
    0x1B5E, 0x7444, 0x6200, 0xA300, 0xA300, 0xA300, 0xA300, 0xA300, 0xA300, 0xA300, 0xA300, 0xA300, 0x0000, 0xE729, 0x5084, 0x4100,
    0x5084, 0xE731, 0x2100, 0xC300, 0xA300, 0xA300, 0xA300, 0xA300, 0xA300, 0xA300, 0xA300, 0xA300, 0xA300, 0x6200, 0x7444, 0x1B5E,
    0x1B5E, 0x7444, 0x6200, 0xA300, 0xA300, 0xA300, 0xA300, 0xA300, 0xA300, 0x8200, 0x8200, 0xA300, 0x6A1A, 0xA300, 0x8300, 0xC300,
    0x8300, 0x6200, 0xA300, 0xA300, 0xA300, 0xA300, 0xA300, 0xA300, 0xA300, 0xA300, 0xA300, 0xA300, 0xA300, 0x6200, 0x7444, 0x1B5E,
    0x1B5E, 0x7444, 0x6200, 0xA300, 0xA300, 0xA300, 0xA300, 0xA300, 0xA300, 0xE400, 0xC400, 0x4609, 0x584D, 0xA300, 0x0000, 0x2100,
    0x6200, 0xA300, 0xA300, 0xA300, 0xA300, 0xA300, 0xA300, 0xA300, 0xA300, 0xA300, 0xA300, 0xA300, 0xA300, 0x6200, 0x7444, 0x1B5E,
    0x1B5E, 0x7444, 0x6200, 0xA300, 0xA300, 0xA300, 0xA300, 0x6200, 0x6609, 0x9955, 0x9955, 0x9955, 0xB955, 0xD133, 0x9033, 0xD133,
    0xC811, 0x6200, 0xA300, 0xA300, 0xA300, 0xA300, 0xA300, 0xA300, 0xA300, 0xA300, 0xA300, 0xA300, 0xA300, 0x6200, 0x7444, 0x1B5E,
    0x1B5E, 0x7444, 0x6200, 0xA300, 0xA300, 0xA300, 0xA300, 0x6200, 0x4609, 0x784D, 0x7855, 0x7855, 0x574D, 0xB033, 0x6F2B, 0xB033,
    0xC811, 0x6200, 0xA300, 0xA300, 0xA300, 0xA300, 0xA300, 0xA300, 0xA300, 0xA300, 0xA300, 0xA300, 0xA300, 0x6200, 0x7444, 0x1B5E,
    0x1B5E, 0x7444, 0x6200, 0xA300, 0xA300, 0xA300, 0x8300, 0xC400, 0x0509, 0x4609, 0x4609, 0x4609, 0x4509, 0x8200, 0x6200, 0x8200,
    0x6200, 0x8200, 0xA300, 0xA300, 0xA300, 0xA300, 0xA300, 0xA300, 0xA300, 0xA300, 0xA300, 0xA300, 0xA300, 0x6200, 0x7444, 0x1B5E,
    0x1B5E, 0x7444, 0x6200, 0xA300, 0xA300, 0xA300, 0x4100, 0xB033, 0xDA55, 0x584D, 0x784D, 0x584D, 0x784D, 0x9955, 0x9955, 0xB955,
    0xB544, 0xE400, 0x6200, 0x8200, 0x8200, 0x8200, 0x8300, 0x8200, 0xA300, 0xA300, 0xA300, 0xA300, 0xA300, 0x6200, 0x7444, 0x1B5E,
    0x1B5E, 0x7444, 0x6200, 0xA300, 0xA300, 0xA300, 0x4100, 0xF133, 0x3C5E, 0xDA55, 0xFA55, 0xFA55, 0xFA55, 0xFA55, 0xFA55, 0xDA55,
    0x3B5E, 0xD544, 0x2509, 0xE400, 0xE400, 0xE400, 0xC300, 0xE400, 0xA300, 0xA300, 0xA300, 0xA300, 0xA300, 0x6200, 0x7444, 0x1B5E,
    0x1B5E, 0x7444, 0x6200, 0xA300, 0xA300, 0xA300, 0x4100, 0xD133, 0x1B5E, 0xB955, 0xDA55, 0xDA55, 0xDA55, 0xDA55, 0xDA55, 0xDA55,
    0xB955, 0xFB5D, 0xB955, 0x784D, 0x784D, 0xB955, 0x6B1A, 0x7444, 0xE811, 0x6100, 0xA300, 0xA300, 0xA300, 0x6200, 0x7444, 0x1B5E,
    0x1B5E, 0x7444, 0x6200, 0xA300, 0xA300, 0xA300, 0x4100, 0xF133, 0x5C5E, 0xDA55, 0xFA55, 0xFA55, 0xFA55, 0xFA55, 0xFA55, 0xFA55,
    0xFA55, 0xDA55, 0xFA55, 0xFB5D, 0xFA55, 0x5C5E, 0xAC22, 0xF644, 0x8C22, 0x4100, 0xA300, 0xA300, 0xA300, 0x6200, 0x7444, 0x1B5E,
    0x1B5E, 0x7444, 0x6200, 0xA300, 0xA300, 0xA300, 0x4100, 0x9033, 0xB955, 0x584D, 0x784D, 0x7855, 0x7855, 0x7855, 0x7855, 0x7855,
    0x7855, 0x7855, 0x784D, 0x584D, 0x584D, 0x9955, 0x6A1A, 0x584D, 0xB033, 0x2100, 0xA300, 0xA300, 0xA300, 0x6200, 0x7444, 0x1B5E,
    0x1B5E, 0x7444, 0x6200, 0xA300, 0xA300, 0xA300, 0x8300, 0x2509, 0x4609, 0x4609, 0x2509, 0xE400, 0xE400, 0xE400, 0xE400, 0xE400,
    0xE400, 0xE400, 0xE400, 0x4609, 0x2509, 0x4609, 0xE400, 0xED22, 0x4A1A, 0x6200, 0xA300, 0xA300, 0xA300, 0x6200, 0x7444, 0x1B5E,
    0x1B5E, 0x7444, 0x6200, 0xA300, 0xA300, 0xA300, 0x4100, 0xED22, 0xFB5D, 0xB955, 0xA811, 0x4100, 0x8300, 0x8200, 0x8200, 0x8200,
    0x8200, 0x8300, 0x2100, 0xCD22, 0x1B5E, 0xB955, 0xC811, 0x0000, 0x6200, 0xA300, 0xA300, 0xA300, 0xA300, 0x6200, 0x7444, 0x1B5E,
    0x1B5E, 0x7444, 0x6200, 0xA300, 0xA300, 0xA300, 0x8200, 0xC400, 0x0D2B, 0x6B1A, 0x8200, 0xA300, 0xA300, 0xA300, 0xA300, 0xA300,
    0xA300, 0xA300, 0x8300, 0xC400, 0x0D2B, 0x6B1A, 0x8200, 0xA300, 0xA300, 0xA300, 0xA300, 0xA300, 0xA300, 0x6200, 0x7444, 0x1B5E,
    0x1B5E, 0x7444, 0x6200, 0xC300, 0xA300, 0xA300, 0xA300, 0xA300, 0x4100, 0x6100, 0xA300, 0xA300, 0xA300, 0xA300, 0xA300, 0xA300,
    0xA300, 0xA300, 0xA300, 0xA300, 0x4100, 0x6100, 0xA300, 0xA300, 0xA300, 0xA300, 0xA300, 0xA300, 0xC300, 0x6200, 0x7444, 0x1B5E,
    0x1B5E, 0x743C, 0x0000, 0x6200, 0x6200, 0x6200, 0x6200, 0x6200, 0x6200, 0x6200, 0x6200, 0x6200, 0x6200, 0x6200, 0x6200, 0x6200,
    0x6200, 0x6200, 0x6200, 0x6200, 0x6200, 0x6200, 0x6200, 0x6200, 0x6200, 0x6200, 0x6200, 0x6200, 0x6200, 0x0000, 0x743C, 0x1B5E,
    0xFA55, 0x7855, 0x7444, 0x9444, 0x7444, 0x7444, 0x7444, 0x7444, 0x7444, 0x7444, 0x7444, 0x7444, 0x7444, 0x7444, 0x7444, 0x7444,
    0x7444, 0x7444, 0x7444, 0x7444, 0x7444, 0x7444, 0x7444, 0x7444, 0x7444, 0x7444, 0x7444, 0x7444, 0x9444, 0x7444, 0x7855, 0xFA55,
    0xDA55, 0xDA55, 0x1B5E, 0x1B5E, 0x1B5E, 0x1B5E, 0x1B5E, 0x1B5E, 0x1B5E, 0x1B5E, 0x1B5E, 0x1B5E, 0x1B5E, 0x1B5E, 0x1B5E, 0x1B5E,
    0x1B5E, 0x1B5E, 0x1B5E, 0x1B5E, 0x1B5E, 0x1B5E, 0x1B5E, 0x1B5E, 0x1B5E, 0x1B5E, 0x1B5E, 0x1B5E, 0x1B5E, 0x1B5E, 0xDA55, 0xDA55
};

const uint16_t icon_jump_pack_stratagem_icon_background[] PROGMEM = {
    0xDA55, 0xDA55, 0x1B5E, 0x1B5E, 0x1B5E, 0x1B5E, 0x1B5E, 0x1B5E, 0x1B5E, 0x1B5E, 0x1B5E, 0x1B5E, 0x1B5E, 0x1B5E, 0x1B5E, 0x1B5E,
    0x1B5E, 0x1B5E, 0x1B5E, 0x1B5E, 0x1B5E, 0x1B5E, 0x1B5E, 0x1B5E, 0x1B5E, 0x1B5E, 0x1B5E, 0x1B5E, 0x1B5E, 0x1B5E, 0xDA55, 0xDA55,
    0xFA55, 0x7855, 0x7444, 0x9444, 0x7444, 0x7444, 0x7444, 0x7444, 0x7444, 0x7444, 0x7444, 0x7444, 0x7444, 0x7444, 0x7444, 0x7444,
    0x7444, 0x7444, 0x7444, 0x7444, 0x7444, 0x7444, 0x7444, 0x7444, 0x7444, 0x7444, 0x7444, 0x7444, 0x9444, 0x7444, 0x7855, 0xFA55,
    0x1B5E, 0x743C, 0x0000, 0x6200, 0x6200, 0x6200, 0x6200, 0x6200, 0x6200, 0x6200, 0x6200, 0x6200, 0x6200, 0x6200, 0x6200, 0x6200,
    0x6200, 0x6200, 0x6200, 0x6200, 0x6200, 0x6200, 0x6200, 0x6200, 0x6200, 0x6200, 0x6200, 0x6200, 0x6200, 0x0000, 0x743C, 0x1B5E,
    0x1B5E, 0x7444, 0x6200, 0xC300, 0xA300, 0xA300, 0xA300, 0xA300, 0xA300, 0xA300, 0xC300, 0xC300, 0xC300, 0xC300, 0xC300, 0xC300,
    0xC300, 0xC300, 0xC300, 0xC300, 0xC300, 0xC300, 0xA300, 0xA300, 0xA300, 0xA300, 0xA300, 0xA300, 0xC300, 0x6200, 0x7444, 0x1B5E,
    0x1B5E, 0x7444, 0x6200, 0xA300, 0xA300, 0xA300, 0xA300, 0xA300, 0xA300, 0x6200, 0x2100, 0x4100, 0x4100, 0x4100, 0x4100, 0x4100,
    0x4100, 0x4100, 0x4100, 0x4100, 0x4100, 0x2100, 0x6200, 0xA300, 0xA300, 0xA300, 0xA300, 0xA300, 0xA300, 0x6200, 0x7444, 0x1B5E,
    0x1B5E, 0x7444, 0x6200, 0xA300, 0xA300, 0xA300, 0xA300, 0xA300, 0x6200, 0xE911, 0x6F2B, 0x2E2B, 0x2E2B, 0x2E2B, 0x2E2B, 0x2E2B,
    0x2E2B, 0x2E2B, 0x2E2B, 0x2E2B, 0x2E2B, 0x6F2B, 0xE911, 0x6200, 0xA300, 0xA300, 0xA300, 0xA300, 0xA300, 0x6200, 0x7444, 0x1B5E,
    0x1B5E, 0x7444, 0x6200, 0xA300, 0xA300, 0xA300, 0xA300, 0xA300, 0x2100, 0x6F2B, 0x7D66, 0xFB5D, 0x1B5E, 0x1B5E, 0x3B5E, 0x3C5E,
    0x3C5E, 0x3B5E, 0x1B5E, 0x1B5E, 0xFB5D, 0x7D66, 0x6F2B, 0x2100, 0xA300, 0xA300, 0xA300, 0xA300, 0xA300, 0x6200, 0x7444, 0x1B5E,
    0x1B5E, 0x7444, 0x6200, 0xA300, 0xA300, 0xA300, 0xA300, 0xA300, 0x2100, 0x6F33, 0x9D66, 0x1B5E, 0x3C5E, 0x3C5E, 0xFA55, 0xB955,
    0xB955, 0xFA55, 0x3C5E, 0x3C5E, 0x1B5E, 0x9D66, 0x6F33, 0x2100, 0xA300, 0xA300, 0xA300, 0xA300, 0xA300, 0x6200, 0x7444, 0x1B5E,
    0x1B5E, 0x7444, 0x6200, 0xA300, 0xA300, 0xA300, 0xA300, 0xA300, 0x6200, 0xA709, 0xCD1A, 0xAC1A, 0xAC1A, 0xCC22, 0x9444, 0xFA55,
    0xFA55, 0x9444, 0xCC22, 0xAC1A, 0xAC1A, 0xCD1A, 0xA709, 0x6200, 0xA300, 0xA300, 0xA300, 0xA300, 0xA300, 0x6200, 0x7444, 0x1B5E,
    0x1B5E, 0x7444, 0x6200, 0xA300, 0xA300, 0xA300, 0xA300, 0xA300, 0x6200, 0x493A, 0xEF7B, 0xCE73, 0xF07B, 0xA631, 0xCC1A, 0x3B5E,
    0x3B5E, 0xCC1A, 0xA631, 0xF07B, 0xCE73, 0xEF7B, 0x493A, 0x6200, 0xA300, 0xA300, 0xA300, 0xA300, 0xA300, 0x6200, 0x7444, 0x1B5E,
    0x1B5E, 0x7444, 0x6200, 0xA300, 0xA300, 0xA300, 0xA300, 0xC300, 0x0100, 0xB18C, 0xFFFF, 0xFFFF, 0xFFFF, 0x5084, 0xAC12, 0x3C5E,
    0x3C5E, 0xAC12, 0x5084, 0xFFFF, 0xFFFF, 0xFFFF, 0xB18C, 0x0100, 0xC300, 0xA300, 0xA300, 0xA300, 0xA300, 0x6200, 0x7444, 0x1B5E,
    0x1B5E, 0x7444, 0x6200, 0xA300, 0xA300, 0xA300, 0xA300, 0xC300, 0x0100, 0x507C, 0xDFFF, 0x9CF7, 0xDFFF, 0xCE7B, 0xAC1A, 0x3C5E,
    0x3C5E, 0xAC1A, 0xCE7B, 0xDFFF, 0x9CF7, 0xDFFF, 0x507C, 0x0100, 0xC300, 0xA300, 0xA300, 0xA300, 0xA300, 0x6200, 0x7444, 0x1B5E,
    0x1B5E, 0x7444, 0x6200, 0xA300, 0xA300, 0xA300, 0xA300, 0xC300, 0x0100, 0x5084, 0xFFFF, 0xBCF7, 0xFFFF, 0xEE7B, 0xAC1A, 0x3C5E,
    0x3C5E, 0xAC1A, 0xEE7B, 0xFFFF, 0xBCF7, 0xFFFF, 0x5084, 0x0100, 0xC300, 0xA300, 0xA300, 0xA300, 0xA300, 0x6200, 0x7444, 0x1B5E,
    0x1B5E, 0x7444, 0x6200, 0xA300, 0xA300, 0xA300, 0xA300, 0xC300, 0x0100, 0x5084, 0xFFFF, 0xBCF7, 0xFFFF, 0xEE7B, 0xAC1A, 0x3C5E,
    0x3C5E, 0xAC1A, 0xEE7B, 0xFFFF, 0xBCF7, 0xFFFF, 0x5084, 0x0100, 0xC300, 0xA300, 0xA300, 0xA300, 0xA300, 0x6200, 0x7444, 0x1B5E,
    0x1B5E, 0x7444, 0x6200, 0xA300, 0xA300, 0xA300, 0xA300, 0xA300, 0x0000, 0x5084, 0xFFFF, 0xBCF7, 0xFFFF, 0xEE7B, 0xAC1A, 0x3C5E,
    0x3C5E, 0xAC1A, 0xEE7B, 0xFFFF, 0xBCF7, 0xFFFF, 0x5084, 0x0000, 0xA300, 0xA300, 0xA300, 0xA300, 0xA300, 0x6200, 0x7444, 0x1B5E,
    0x1B5E, 0x7444, 0x6200, 0xA300, 0xA300, 0xA300, 0x8200, 0xE408, 0x4601, 0x2F7C, 0xFFFF, 0xBCF7, 0xFFFF, 0xEE7B, 0xAC1A, 0x3C5E,
    0x3C5E, 0xAC1A, 0xEE7B, 0xFFFF, 0xBCF7, 0xFFFF, 0x2F7C, 0x4601, 0xE408, 0x8200, 0xA300, 0xA300, 0xA300, 0x6200, 0x7444, 0x1B5E,
    0x1B5E, 0x7444, 0x6200, 0xA300, 0xA300, 0xA300, 0x2100, 0xCC22, 0xEE1A, 0xCE7B, 0xFFFF, 0xBCF7, 0xFFFF, 0xEE7B, 0xAC1A, 0x3C5E,
    0x3C5E, 0xAC1A, 0xEE7B, 0xFFFF, 0xBCF7, 0xFFFF, 0xCE7B, 0xEE1A, 0xCC22, 0x2100, 0xA300, 0xA300, 0xA300, 0x6200, 0x7444, 0x1B5E,
    0x1B5E, 0x7444, 0x6200, 0xA300, 0xA300, 0xA300, 0x8200, 0x7855, 0xCD1A, 0xEE7B, 0xFFFF, 0xBCF7, 0xFFFF, 0xEE7B, 0xAC1A, 0x3C5E,
    0x3C5E, 0xAC1A, 0xEE7B, 0xFFFF, 0xBCF7, 0xFFFF, 0xEE7B, 0xCD1A, 0x7855, 0x8200, 0xA300, 0xA300, 0xA300, 0x6200, 0x7444, 0x1B5E,
    0x1B5E, 0x7444, 0x6200, 0xA300, 0xA300, 0x2100, 0x8B22, 0x9D66, 0x8C12, 0xCE7B, 0xDFFF, 0x9CF7, 0xDFFF, 0xCE7B, 0xAC1A, 0x3B5E,
    0x3B5E, 0xAC1A, 0xCE7B, 0xDFFF, 0x9CF7, 0xDFFF, 0xCE7B, 0x8C12, 0x9D66, 0x8B22, 0x2100, 0xA300, 0xA300, 0x6200, 0x7444, 0x1B5E,
    0x1B5E, 0x7444, 0x6200, 0xA300, 0x8200, 0x2509, 0x9955, 0xDE6E, 0xCD1A, 0x2F84, 0xFFFF, 0xFEFF, 0xFFFF, 0x2F84, 0xCD1A, 0xBD66,
    0xBD66, 0xCD1A, 0x2F84, 0xFFFF, 0xFEFF, 0xFFFF, 0x2F84, 0xCD1A, 0xDE6E, 0x9955, 0x2509, 0x8200, 0xA300, 0x6200, 0x7444, 0x1B5E,
    0x1B5E, 0x7444, 0x6200, 0xA300, 0x6200, 0x8711, 0x4F2B, 0x6F2B, 0xA809, 0x0732, 0xCF6B, 0x2F7C, 0xCF6B, 0x0732, 0xA809, 0x6F2B,
    0x6F2B, 0xA809, 0x0732, 0xCF6B, 0x2F7C, 0xCF6B, 0x0732, 0xA809, 0x6F2B, 0x4F2B, 0x8711, 0x6200, 0xA300, 0x6200, 0x7444, 0x1B5E,
    0x1B5E, 0x7444, 0x6200, 0xA300, 0xA300, 0x8200, 0x2100, 0x4100, 0x2100, 0x2832, 0xAE6B, 0x6200, 0xAE6B, 0x2832, 0x2100, 0x4100,
    0x4100, 0x2100, 0x2832, 0xAE6B, 0x6200, 0xAE6B, 0x2832, 0x2100, 0x4100, 0x2100, 0x8200, 0xA300, 0xA300, 0x6200, 0x7444, 0x1B5E,
    0x1B5E, 0x7444, 0x6200, 0xA300, 0xA300, 0xA300, 0xA300, 0xC400, 0x0100, 0x0F7C, 0xFFFF, 0x8621, 0xFFFF, 0x0F7C, 0x0100, 0xC400,
    0xC400, 0x0100, 0x0F7C, 0xFFFF, 0x8621, 0xFFFF, 0x0F7C, 0x0100, 0xC400, 0xA300, 0xA300, 0xA300, 0xA300, 0x6200, 0x7444, 0x1B5E,
    0x1B5E, 0x7444, 0x6200, 0xA300, 0xA300, 0xA300, 0xA300, 0xA300, 0x2100, 0xEB52, 0xBCF7, 0x6519, 0xBCF7, 0xEB52, 0x2100, 0xA300,
    0xA300, 0x2100, 0xEB52, 0xBCF7, 0x6519, 0xBCF7, 0xEB52, 0x2100, 0xA300, 0xA300, 0xA300, 0xA300, 0xA300, 0x6200, 0x7444, 0x1B5E,
    0x1B5E, 0x7444, 0x6200, 0xA300, 0xA300, 0xA300, 0xA300, 0xA300, 0x4100, 0x693A, 0x7BEF, 0x8619, 0x7BEF, 0x693A, 0x4100, 0xA300,
    0xA300, 0x4100, 0x693A, 0x7BEF, 0x8619, 0x7BEF, 0x693A, 0x4100, 0xA300, 0xA300, 0xA300, 0xA300, 0xA300, 0x6200, 0x7444, 0x1B5E,
    0x1B5E, 0x7444, 0x6200, 0xA300, 0xA300, 0xA300, 0xA300, 0xA300, 0x4200, 0xE729, 0xBCF7, 0xC729, 0xBCF7, 0xC729, 0x4200, 0xA300,
    0xA300, 0x4200, 0xE729, 0xBCF7, 0xC729, 0xBCF7, 0xC729, 0x4200, 0xA300, 0xA300, 0xA300, 0xA300, 0xA300, 0x6200, 0x7444, 0x1B5E,
    0x1B5E, 0x7444, 0x6200, 0xA300, 0xA300, 0xA300, 0xA300, 0xA300, 0x8200, 0x0409, 0xCE6B, 0x2511, 0xCE6B, 0x0409, 0x8200, 0xA300,
    0xA300, 0x8200, 0x0409, 0xCE6B, 0x2511, 0xCE6B, 0x0409, 0x8200, 0xA300, 0xA300, 0xA300, 0xA300, 0xA300, 0x6200, 0x7444, 0x1B5E,
    0x1B5E, 0x7444, 0x6200, 0xA300, 0xA300, 0xA300, 0xA300, 0xA300, 0xA300, 0x8200, 0x2100, 0x8200, 0x2100, 0x8200, 0xA300, 0xA300,
    0xA300, 0xA300, 0x8200, 0x2100, 0x8200, 0x2100, 0x8200, 0xA300, 0xA300, 0xA300, 0xA300, 0xA300, 0xA300, 0x6200, 0x7444, 0x1B5E,
    0x1B5E, 0x7444, 0x6200, 0xC300, 0xA300, 0xA300, 0xA300, 0xA300, 0xA300, 0xA300, 0xC300, 0xA300, 0xC300, 0xA300, 0xA300, 0xA300,
    0xA300, 0xA300, 0xA300, 0xC300, 0xA300, 0xC300, 0xA300, 0xA300, 0xA300, 0xA300, 0xA300, 0xA300, 0xC300, 0x6200, 0x7444, 0x1B5E,
    0x1B5E, 0x743C, 0x0000, 0x6200, 0x6200, 0x6200, 0x6200, 0x6200, 0x6200, 0x6200, 0x6200, 0x6200, 0x6200, 0x6200, 0x6200, 0x6200,
    0x6200, 0x6200, 0x6200, 0x6200, 0x6200, 0x6200, 0x6200, 0x6200, 0x6200, 0x6200, 0x6200, 0x6200, 0x6200, 0x0000, 0x743C, 0x1B5E,
    0xFA55, 0x7855, 0x7444, 0x9444, 0x7444, 0x7444, 0x7444, 0x7444, 0x7444, 0x7444, 0x7444, 0x7444, 0x7444, 0x7444, 0x7444, 0x7444,
    0x7444, 0x7444, 0x7444, 0x7444, 0x7444, 0x7444, 0x7444, 0x7444, 0x7444, 0x7444, 0x7444, 0x7444, 0x9444, 0x7444, 0x7855, 0xFA55,
    0xDA55, 0xDA55, 0x1B5E, 0x1B5E, 0x1B5E, 0x1B5E, 0x1B5E, 0x1B5E, 0x1B5E, 0x1B5E, 0x1B5E, 0x1B5E, 0x1B5E, 0x1B5E, 0x1B5E, 0x1B5E,
    0x1B5E, 0x1B5E, 0x1B5E, 0x1B5E, 0x1B5E, 0x1B5E, 0x1B5E, 0x1B5E, 0x1B5E, 0x1B5E, 0x1B5E, 0x1B5E, 0x1B5E, 0x1B5E, 0xDA55, 0xDA55
};

const uint16_t icon_k_9_stratagem_icon_background[] PROGMEM = {
    0xDA55, 0xDA55, 0x1B5E, 0x1B5E, 0x1B5E, 0x1B5E, 0x1B5E, 0x1B5E, 0x1B5E, 0x1B5E, 0x1B5E, 0x1B5E, 0x1B5E, 0x1B5E, 0x1B5E, 0x1B5E,
    0x1B5E, 0x1B5E, 0x1B5E, 0x1B5E, 0x1B5E, 0x1B5E, 0x1B5E, 0x1B5E, 0x1B5E, 0x1B5E, 0x1B5E, 0x1B5E, 0x1B5E, 0x1B5E, 0xDA55, 0xDA55,
    0xFA55, 0x7855, 0x7444, 0x9444, 0x7444, 0x7444, 0x7444, 0x7444, 0x7444, 0x7444, 0x7444, 0x7444, 0x7444, 0x7444, 0x7444, 0x7444,
    0x7444, 0x7444, 0x7444, 0x7444, 0x7444, 0x7444, 0x7444, 0x7444, 0x7444, 0x7444, 0x7444, 0x7444, 0x9444, 0x7444, 0x7855, 0xFA55,
    0x1B5E, 0x743C, 0x0000, 0x6200, 0x6200, 0x6200, 0x6200, 0x6200, 0x6200, 0x6200, 0x6200, 0x6200, 0x6200, 0x6200, 0x6200, 0x6200,
    0x6200, 0x6200, 0x6200, 0x6200, 0x6200, 0x6200, 0x6200, 0x6200, 0x6200, 0x6200, 0x6200, 0x6200, 0x6200, 0x0000, 0x743C, 0x1B5E,
    0x1B5E, 0x7444, 0x6200, 0xC300, 0xA300, 0xA300, 0xA300, 0xA300, 0xA300, 0xA300, 0xA300, 0xA300, 0xA300, 0xA300, 0xC300, 0xC300,
    0xC300, 0xC300, 0xC300, 0xC300, 0xC300, 0xC300, 0xC300, 0xC300, 0xC300, 0xC300, 0xC300, 0xA300, 0xA300, 0x6200, 0x7444, 0x1B5E,
    0x1B5E, 0x7444, 0x6200, 0xA300, 0xA300, 0xA300, 0xA300, 0xA300, 0xA300, 0xA300, 0xA300, 0xA300, 0xA300, 0x8300, 0x4100, 0x2100,
    0x4100, 0x4100, 0x4100, 0x4100, 0x4100, 0x4100, 0x4100, 0x4100, 0x4100, 0x2100, 0x4100, 0x8300, 0xA300, 0x6200, 0x7444, 0x1B5E,
    0x1B5E, 0x7444, 0x6200, 0xA300, 0xA300, 0xA300, 0xA300, 0xA300, 0xA300, 0xA300, 0xA300, 0xA300, 0x8300, 0xC300, 0x0D2B, 0x4E2B,
    0x2E2B, 0x2E2B, 0x2E2B, 0x2E2B, 0x2E2B, 0x2E2B, 0x2E2B, 0x2E2B, 0x2E2B, 0x4E2B, 0x0D2B, 0xC300, 0xA300, 0x6200, 0x7444, 0x1B5E,
    0x1B5E, 0x7444, 0x6200, 0xA300, 0xA300, 0xA300, 0xA300, 0xA300, 0xA300, 0xA300, 0xA300, 0xA300, 0x8200, 0x0501, 0xFA5D, 0x3C5E,
    0x3B5E, 0x3C5E, 0x3C5E, 0x3C5E, 0x3C5E, 0x3C5E, 0x3C5E, 0x3C5E, 0x3B5E, 0x3C5E, 0xFA5D, 0x0501, 0x8200, 0x6200, 0x7444, 0x1B5E,
    0x1B5E, 0x7444, 0x6200, 0xA300, 0xA300, 0xA300, 0xA300, 0xA300, 0xA300, 0xA300, 0xA300, 0xA300, 0x8300, 0xA300, 0xF644, 0x1B5E,
    0x9955, 0xB955, 0xB955, 0xB955, 0xB955, 0xB955, 0xB955, 0xB955, 0x9955, 0x1B5E, 0xF644, 0xA300, 0xA300, 0x6200, 0x7444, 0x1B5E,
    0x1B5E, 0x7444, 0x6200, 0xA300, 0xA300, 0xA300, 0xA300, 0xA300, 0xA300, 0xC300, 0xC300, 0xA300, 0xA300, 0x8200, 0x0509, 0x374D,
    0x3B5E, 0xDA55, 0xFA55, 0xFA55, 0xFA55, 0xFA55, 0xFA55, 0xDA55, 0x3B5E, 0x374D, 0x0509, 0x8200, 0xA300, 0x6200, 0x7444, 0x1B5E,
    0x1B5E, 0x7444, 0x6200, 0xA300, 0xA300, 0xA300, 0xA300, 0xA300, 0x8200, 0x0100, 0x0100, 0x8300, 0x8200, 0x4609, 0x4E2B, 0x0509,
    0xD544, 0x7855, 0x784D, 0x784D, 0x584D, 0x784D, 0x784D, 0x7855, 0xD644, 0x0509, 0x2E2B, 0x2509, 0x8200, 0x6200, 0x7444, 0x1B5E,
    0x1B5E, 0x7444, 0x6200, 0xA300, 0xA300, 0xA300, 0x8200, 0x8200, 0x0409, 0x307C, 0x307C, 0x0409, 0x8200, 0x8300, 0x9955, 0xD133,
    0xE400, 0x6609, 0x0509, 0x0509, 0x4609, 0x0509, 0x0509, 0x6609, 0xE408, 0xB033, 0xFA55, 0xE400, 0x8300, 0x6200, 0x7444, 0x1B5E,
    0x1B5E, 0x7444, 0x6200, 0xA300, 0xA300, 0x8300, 0x4519, 0x4100, 0x2C53, 0xFFFF, 0xFFFF, 0x2C53, 0x4200, 0x0411, 0x2A1A, 0x5C5E,
    0x584D, 0xDA55, 0x8C22, 0x8B22, 0x5C5E, 0x8B22, 0x8C22, 0xDA55, 0x584D, 0x1B5E, 0x784D, 0xE400, 0x8300, 0x6200, 0x7444, 0x1B5E,
    0x1B5E, 0x7444, 0x6200, 0xC300, 0x2100, 0x8A42, 0x0F74, 0x0000, 0x95AD, 0xDEFF, 0xDEFF, 0x95AD, 0x0000, 0x0F74, 0x283A, 0x902B,
    0x3C5E, 0x5C5E, 0xCD22, 0x8B22, 0x7D5E, 0x8B22, 0xCD22, 0x7C5E, 0xDA55, 0xDA55, 0x7855, 0xE400, 0x8300, 0x6200, 0x7444, 0x1B5E,
    0x1B5E, 0x7444, 0x6200, 0xA300, 0x6200, 0x98CE, 0x78CE, 0x0F7C, 0xBCF7, 0xFDFF, 0xFEFF, 0xBCF7, 0x0F7C, 0x78CE, 0x78CE, 0xC400,
    0x584D, 0x5C5E, 0x4F2B, 0xC308, 0x8609, 0xC308, 0x4F2B, 0x3B5E, 0xB955, 0xFA55, 0x7855, 0xE400, 0x8300, 0x6200, 0x7444, 0x1B5E,
    0x1B5E, 0x7444, 0x6200, 0x4100, 0xEF73, 0xFFFF, 0xFEFF, 0xFFFF, 0xFDFF, 0xFEFF, 0xBCF7, 0x7BEF, 0xFFFF, 0xFEFF, 0xFFFF, 0x8D6B,
    0x0A12, 0x3B5E, 0x9955, 0x784D, 0x584D, 0x784D, 0xB955, 0xDA55, 0xDA55, 0xFA55, 0x7855, 0xE400, 0x8300, 0x6200, 0x7444, 0x1B5E,
    0x1B5E, 0x9444, 0x4100, 0xE408, 0x7BEF, 0xFEFF, 0xFDFF, 0xDDFF, 0xDDFF, 0xFEFF, 0x0F74, 0x1ADF, 0xDDFF, 0xDDFF, 0xFEFF, 0x5BEF,
    0x2509, 0x584D, 0xFA5D, 0xDA55, 0xFA55, 0xFA55, 0xDA55, 0xDA55, 0xDA55, 0xFA55, 0x7855, 0xE400, 0x8300, 0x6200, 0x7444, 0x1B5E,
    0x1B5E, 0x9444, 0x4100, 0x2511, 0x9CF7, 0xFEFF, 0xFDFF, 0xDDFF, 0xFFFF, 0x9184, 0x693A, 0xFFFF, 0xFEFF, 0xFEFF, 0xFEFF, 0x7BEF,
    0x8619, 0x584D, 0xFA5D, 0xBA55, 0xDA55, 0xDA55, 0xDA55, 0xDA55, 0xDA55, 0xFA55, 0x7855, 0xE400, 0x8300, 0x6200, 0x7444, 0x1B5E,
    0x1B5E, 0x9444, 0x4100, 0x2511, 0x7CEF, 0xFEFF, 0xDDFF, 0xFFFF, 0x78CE, 0x2100, 0xCE6B, 0xFBDE, 0x98CE, 0x9CF7, 0xFEFF, 0x7BEF,
    0x6611, 0x584D, 0xFA5D, 0xDA55, 0xDA55, 0xDA55, 0xDA55, 0xDA55, 0xDA55, 0xFA55, 0x7855, 0xE400, 0x8300, 0x6200, 0x7444, 0x1B5E,
    0x1B5E, 0x9444, 0x4100, 0x2511, 0x9CEF, 0xFEFF, 0xFEFF, 0x5BEF, 0x4519, 0x6200, 0xE408, 0x6200, 0xE729, 0x7CEF, 0xFEFF, 0x7BEF,
    0x6611, 0x584D, 0xFA5D, 0xDA55, 0xDA55, 0xDA55, 0xDA55, 0xDA55, 0xDA55, 0xFA55, 0x7855, 0xE400, 0x8300, 0x6200, 0x7444, 0x1B5E,
    0x1B5E, 0x9444, 0x4100, 0x2511, 0x7CEF, 0xFEFF, 0xBDF7, 0xAA42, 0x4100, 0xE408, 0x8200, 0xC308, 0xD9D6, 0xFEFF, 0xFEFF, 0x7BEF,
    0x6611, 0x584D, 0xFA5D, 0xDA55, 0xDA55, 0xDA55, 0xDA55, 0xDA55, 0xDA55, 0xFA55, 0x7855, 0xE400, 0x8300, 0x6200, 0x7444, 0x1B5E,
    0x1B5E, 0x9444, 0x4100, 0x2511, 0x7BEF, 0xFEFF, 0xBCF7, 0x78CE, 0xDBD6, 0x918C, 0x0000, 0xB5AD, 0xFFFF, 0xDDFF, 0xFEFF, 0x7BEF,
    0x6611, 0x584D, 0xFA5D, 0xDA55, 0xDA55, 0xDA55, 0xDA55, 0xDA55, 0xDA55, 0xDA55, 0x9955, 0x0401, 0x8300, 0x6200, 0x7444, 0x1B5E,
    0x1B5E, 0x9444, 0x4100, 0x2511, 0x9CF7, 0xFEFF, 0xFDFF, 0xFEFF, 0xFFFF, 0x4C5B, 0x8D63, 0xFFFF, 0xDDFF, 0xFDFF, 0xFEFF, 0x7BEF,
    0x6619, 0x374D, 0xDA55, 0xB955, 0xB955, 0xB955, 0xB955, 0xB955, 0xB955, 0x1B5E, 0xF644, 0xA300, 0xA300, 0x6200, 0x7444, 0x1B5E,
    0x1B5E, 0x9444, 0x4100, 0xE408, 0x7BEF, 0xFEFF, 0xDDFF, 0xDDFF, 0x7CEF, 0xEE73, 0xDDFF, 0xFDFF, 0xDDFF, 0xFDFF, 0xFEFF, 0x5BEF,
    0x4511, 0xBA55, 0x5C5E, 0x3B5E, 0x3C5E, 0x3C5E, 0x3C5E, 0x3B5E, 0x5C5E, 0x374D, 0x2509, 0x6200, 0xA300, 0x6200, 0x7444, 0x1B5E,
    0x1B5E, 0x7444, 0x6200, 0x4100, 0xEF73, 0xFFFF, 0xFEFF, 0xFFFF, 0xBCF7, 0x9CEF, 0xFEFF, 0xFDFF, 0xFFFF, 0xFEFF, 0xFFFF, 0xEE73,
    0x4200, 0x2E2B, 0x4E2B, 0x2E2B, 0x2E2B, 0x2E2B, 0x2E2B, 0x2E2B, 0x4F2B, 0x4609, 0x4100, 0xA300, 0xA300, 0x6200, 0x7444, 0x1B5E,
    0x1B5E, 0x7444, 0x6200, 0xA300, 0x6200, 0x98CE, 0x78CE, 0x0F7C, 0xBCF7, 0xFEFF, 0xFDFF, 0xBCF7, 0x0F7C, 0x78CE, 0x98CE, 0x6200,
    0x8300, 0x4100, 0x2100, 0x4100, 0x4100, 0x4100, 0x4100, 0x4100, 0x2100, 0x8200, 0xA300, 0xA300, 0xA300, 0x6200, 0x7444, 0x1B5E,
    0x1B5E, 0x7444, 0x6200, 0xC300, 0x2100, 0x8A42, 0x0F74, 0x0000, 0x95AD, 0xDEFF, 0xDEFF, 0x95AD, 0x0000, 0x0F74, 0x8A42, 0x2100,
    0xA300, 0xA300, 0xA300, 0xA300, 0xA300, 0xA300, 0xA300, 0xA300, 0xA300, 0xA300, 0xA300, 0xA300, 0xA300, 0x6200, 0x7444, 0x1B5E,
    0x1B5E, 0x7444, 0x6200, 0xA300, 0xA300, 0x8300, 0x4519, 0x4100, 0x0C53, 0xFFFF, 0xFFFF, 0x2C53, 0x4100, 0x4519, 0x8300, 0xA300,
    0xA300, 0xA300, 0xA300, 0xA300, 0xA300, 0xA300, 0xA300, 0xA300, 0xA300, 0xA300, 0xA300, 0xA300, 0xA300, 0x6200, 0x7444, 0x1B5E,
    0x1B5E, 0x7444, 0x6200, 0xA300, 0xA300, 0xA300, 0x8200, 0x8200, 0x0409, 0x307C, 0x307C, 0x0409, 0x8200, 0x8200, 0xA300, 0xA300,
    0xA300, 0xA300, 0xA300, 0xA300, 0xA300, 0xA300, 0xA300, 0xA300, 0xA300, 0xA300, 0xA300, 0xA300, 0xA300, 0x6200, 0x7444, 0x1B5E,
    0x1B5E, 0x7444, 0x6200, 0xC300, 0xA300, 0xA300, 0xA300, 0xA300, 0xA300, 0x2100, 0x2100, 0xA300, 0xA300, 0xA300, 0xA300, 0xA300,
    0xA300, 0xA300, 0xA300, 0xA300, 0xA300, 0xA300, 0xA300, 0xA300, 0xA300, 0xA300, 0xA300, 0xA300, 0xC300, 0x6200, 0x7444, 0x1B5E,
    0x1B5E, 0x743C, 0x0000, 0x6200, 0x6200, 0x6200, 0x6200, 0x6200, 0x6200, 0x8200, 0x8200, 0x6200, 0x6200, 0x6200, 0x6200, 0x6200,
    0x6200, 0x6200, 0x6200, 0x6200, 0x6200, 0x6200, 0x6200, 0x6200, 0x6200, 0x6200, 0x6200, 0x6200, 0x6200, 0x0000, 0x743C, 0x1B5E,
    0xFA55, 0x7855, 0x7444, 0x9444, 0x7444, 0x7444, 0x7444, 0x7444, 0x7444, 0x7444, 0x7444, 0x7444, 0x7444, 0x7444, 0x7444, 0x7444,
    0x7444, 0x7444, 0x7444, 0x7444, 0x7444, 0x7444, 0x7444, 0x7444, 0x7444, 0x7444, 0x7444, 0x7444, 0x9444, 0x7444, 0x7855, 0xFA55,
    0xDA55, 0xDA55, 0x1B5E, 0x1B5E, 0x1B5E, 0x1B5E, 0x1B5E, 0x1B5E, 0x1B5E, 0x1B5E, 0x1B5E, 0x1B5E, 0x1B5E, 0x1B5E, 0x1B5E, 0x1B5E,
    0x1B5E, 0x1B5E, 0x1B5E, 0x1B5E, 0x1B5E, 0x1B5E, 0x1B5E, 0x1B5E, 0x1B5E, 0x1B5E, 0x1B5E, 0x1B5E, 0x1B5E, 0x1B5E, 0xDA55, 0xDA55
};

const uint16_t icon_laser_cannon_stratagem_icon_background[] PROGMEM = {
    0xDA55, 0xDA55, 0x1B5E, 0x1B5E, 0x1B5E, 0x1B5E, 0x1B5E, 0x1B5E, 0x1B5E, 0x1B5E, 0x1B5E, 0x1B5E, 0x1B5E, 0x1B5E, 0x1B5E, 0x1B5E,
    0x1B5E, 0x1B5E, 0x1B5E, 0x1B5E, 0x1B5E, 0x1B5E, 0x1B5E, 0x1B5E, 0x1B5E, 0x1B5E, 0x1B5E, 0x1B5E, 0x1B5E, 0x1B5E, 0xDA55, 0xDA55,
    0xFA55, 0x7855, 0x7444, 0x9444, 0x7444, 0x7444, 0x7444, 0x7444, 0x7444, 0x7444, 0x7444, 0x7444, 0x7444, 0x7444, 0x7444, 0x7444,
    0x7444, 0x7444, 0x7444, 0x7444, 0x7444, 0x7444, 0x7444, 0x7444, 0x7444, 0x7444, 0x7444, 0x7444, 0x9444, 0x7444, 0x7855, 0xFA55,
    0x1B5E, 0x743C, 0x0000, 0x6200, 0x6200, 0x6200, 0x6200, 0x6200, 0x6200, 0x6200, 0x6200, 0x6200, 0x6200, 0x6200, 0x6200, 0x6200,
    0x6200, 0x6200, 0x6200, 0x6200, 0x6200, 0x6200, 0x6200, 0x6200, 0x6200, 0x6200, 0x6200, 0x6200, 0x6200, 0x0000, 0x743C, 0x1B5E,
    0x1B5E, 0x7444, 0x6200, 0xC300, 0xA300, 0xA300, 0xA300, 0xA300, 0xA300, 0xA300, 0xA300, 0xA300, 0xA300, 0xA300, 0xA300, 0xA300,
    0xA300, 0xA300, 0xA300, 0x8300, 0x8300, 0xA300, 0xA300, 0xA300, 0xA300, 0xA300, 0xA300, 0xA300, 0xC300, 0x6200, 0x7444, 0x1B5E,
    0x1B5E, 0x7444, 0x6200, 0xA300, 0xA300, 0xA300, 0xA300, 0xA300, 0xA300, 0xA300, 0xA300, 0xA300, 0xA300, 0xA300, 0xA300, 0xA300,
    0xA300, 0xA300, 0x8300, 0xE408, 0xE408, 0x8300, 0xA300, 0xA300, 0xA300, 0xA300, 0xA300, 0xA300, 0xA300, 0x6200, 0x7444, 0x1B5E,
    0x1B5E, 0x7444, 0x6200, 0xA300, 0xA300, 0xA300, 0xA300, 0xA300, 0xA300, 0xA300, 0xA300, 0xA300, 0xA300, 0xA300, 0xA300, 0xA300,
    0x4100, 0x6200, 0x0000, 0xB18C, 0xB18C, 0x0000, 0x6200, 0x4100, 0xA300, 0xA300, 0xA300, 0xA300, 0xA300, 0x6200, 0x7444, 0x1B5E,
    0x1B5E, 0x7444, 0x6200, 0xA300, 0xA300, 0xA300, 0xA300, 0xA300, 0xA300, 0xA300, 0xA300, 0xA300, 0xA300, 0xA300, 0xA300, 0x4100,
    0x918C, 0x4C5B, 0x0000, 0xB18C, 0xB18C, 0x0000, 0x4C5B, 0x918C, 0x4100, 0xA300, 0xA300, 0xA300, 0xA300, 0x6200, 0x7444, 0x1B5E,
    0x1B5E, 0x7444, 0x6200, 0xA300, 0xA300, 0xA300, 0xA300, 0xC300, 0xC300, 0xC300, 0xC300, 0xC300, 0xC300, 0xC300, 0xC300, 0x6200,
    0x4C5B, 0x3BE7, 0xC308, 0xE410, 0x0411, 0xC308, 0x1ADF, 0x4C5B, 0x6200, 0xA300, 0xA300, 0xA300, 0xA300, 0x6200, 0x7444, 0x1B5E,
    0x1B5E, 0x7444, 0x6200, 0xA300, 0xA300, 0xA300, 0x8300, 0x0000, 0x0000, 0x0000, 0x0000, 0x0000, 0x0000, 0x0000, 0x0000, 0x0000,
    0x0000, 0x2100, 0xEB52, 0xFADE, 0xFADE, 0xEB52, 0xC310, 0x0000, 0x0000, 0x8300, 0xA300, 0xA300, 0xA300, 0x6200, 0x7444, 0x1B5E,
    0x1B5E, 0x7444, 0x6200, 0xA300, 0xA300, 0x8200, 0xE408, 0x918C, 0xD294, 0xD294, 0xD294, 0xD294, 0xD294, 0xD294, 0xD294, 0xD294,
    0xF294, 0xB294, 0x9CF7, 0xFEFF, 0xFFFF, 0x3AE7, 0xE408, 0xB18C, 0xB18C, 0xE408, 0x8200, 0xA300, 0xA300, 0x6200, 0x7444, 0x1B5E,
    0x1B5E, 0x7444, 0x6200, 0xA300, 0xA300, 0x8200, 0xE408, 0x918C, 0xD294, 0xD294, 0xD294, 0xD294, 0xD294, 0xD294, 0xD294, 0xD294,
    0xF294, 0xB294, 0x9CF7, 0xFEFF, 0xFFFF, 0x3AE7, 0xE408, 0xB18C, 0xB18C, 0xE408, 0x8200, 0xA300, 0xA300, 0x6200, 0x7444, 0x1B5E,
    0x1B5E, 0x7444, 0x6200, 0xA300, 0xA300, 0xA300, 0x8300, 0x0000, 0x0000, 0x0000, 0x0000, 0x0000, 0x0000, 0x0000, 0x0000, 0x0000,
    0x0000, 0x2100, 0xEB52, 0xFADE, 0xFADE, 0xEB52, 0xC308, 0x0000, 0x0000, 0x8300, 0xA300, 0xA300, 0xA300, 0x6200, 0x7444, 0x1B5E,
    0x1B5E, 0x7444, 0x6200, 0xA300, 0xA300, 0xA300, 0xA300, 0xC300, 0xC300, 0xC300, 0xC300, 0xC300, 0xC300, 0xC300, 0xC300, 0x6200,
    0x4C5B, 0x3BE7, 0xC308, 0xE410, 0x0411, 0xC308, 0x1ADF, 0x4C5B, 0x6200, 0xA300, 0xA300, 0xA300, 0xA300, 0x6200, 0x7444, 0x1B5E,
    0x1B5E, 0x7444, 0x6200, 0xA300, 0xA300, 0xA300, 0xA300, 0xA300, 0xA300, 0xA300, 0xA300, 0xA300, 0xA300, 0xA300, 0xA300, 0x4100,
    0x918C, 0x4C5B, 0x0000, 0xB18C, 0xB18C, 0x0000, 0x4C5B, 0x918C, 0x4100, 0xA300, 0xA300, 0xA300, 0xA300, 0x6200, 0x7444, 0x1B5E,
    0x1B5E, 0x7444, 0x6200, 0xA300, 0xA300, 0xA300, 0xA300, 0xA300, 0xA300, 0xA300, 0xA300, 0xA300, 0xA300, 0xA300, 0xA300, 0xA300,
    0x4200, 0x6200, 0x0000, 0xB18C, 0xB18C, 0x0000, 0x6200, 0x4100, 0xA300, 0xA300, 0xA300, 0xA300, 0xA300, 0x6200, 0x7444, 0x1B5E,
    0x1B5E, 0x7444, 0x6200, 0xA300, 0xA300, 0xA300, 0xA300, 0xA300, 0xA300, 0xA300, 0xA300, 0xA300, 0x8200, 0x8200, 0xA300, 0x8200,
    0xA300, 0xA300, 0x8300, 0xE408, 0xE408, 0x8300, 0xA300, 0xA300, 0xA300, 0xA300, 0xA300, 0xA300, 0xA300, 0x6200, 0x7444, 0x1B5E,
    0x1B5E, 0x7444, 0x6200, 0xA300, 0xA300, 0xA300, 0xA300, 0xA300, 0xA300, 0xA300, 0x8300, 0x8200, 0x0401, 0x0509, 0xA300, 0x2509,
    0xC300, 0xA300, 0xA300, 0x8200, 0x8200, 0xA300, 0xA300, 0xA300, 0xA300, 0xA300, 0xA300, 0xA300, 0xA300, 0x6200, 0x7444, 0x1B5E,
    0x1B5E, 0x7444, 0x6200, 0xA300, 0xA300, 0xA300, 0xA300, 0xA300, 0xA300, 0x6200, 0xC811, 0xD644, 0x584D, 0x7855, 0xF644, 0x9955,
    0xF64C, 0x6609, 0x8200, 0xA300, 0xA300, 0xA300, 0xA300, 0xA300, 0xA300, 0xA300, 0xA300, 0xA300, 0xC300, 0x6200, 0x7444, 0x1B5E,
    0x1B5E, 0x7444, 0x4100, 0x8200, 0x8300, 0x4100, 0x2100, 0x4100, 0xA300, 0x0000, 0xA711, 0x5C5E, 0xDA55, 0xDA55, 0xFB5D, 0xFA55,
    0xFA55, 0x4509, 0x0000, 0x6200, 0x6200, 0x6200, 0x6200, 0x6200, 0x6200, 0x6200, 0x6200, 0x6200, 0x6200, 0x4100, 0x7444, 0x1B5E,
    0x1B5E, 0x9444, 0x4100, 0xB033, 0xD544, 0x2E2B, 0x2E2B, 0x2E2B, 0xD544, 0xD133, 0xB133, 0xFA55, 0xBA55, 0xDA55, 0xDA55, 0xDA55,
    0xB955, 0x333C, 0x4F2B, 0x091A, 0x6609, 0x6609, 0x6609, 0x6609, 0x8711, 0xD133, 0x123C, 0x323C, 0xAC22, 0x6200, 0x743C, 0x1B5E,
    0x1B5E, 0x743C, 0xC300, 0xDA55, 0x1B5E, 0x3B5E, 0x3B5E, 0x3B5E, 0xFB5D, 0x1B5E, 0x1B5E, 0xDA55, 0xDA55, 0xDA55, 0xDA55, 0xDA55,
    0xDA55, 0x1B5E, 0x3B5E, 0xFB5D, 0xB955, 0xBA55, 0xBA55, 0xB955, 0xDA55, 0x1B5E, 0x1B5E, 0x3B5E, 0xDA55, 0xC300, 0x743C, 0x1B5E,
    0x1B5E, 0x743C, 0xC300, 0x7855, 0xDA55, 0xDA55, 0xDA55, 0xDA55, 0xB955, 0xB955, 0xB955, 0xDA55, 0xDA55, 0xDA55, 0xDA55, 0xBA55,
    0xDA55, 0xBA55, 0xB955, 0xDA55, 0xDA55, 0xDA55, 0xDA55, 0xDA55, 0xDA55, 0xB955, 0xBA55, 0xDA55, 0x9955, 0xA300, 0x743C, 0x1B5E,
    0x1B5E, 0x743C, 0x8300, 0x784D, 0x3B5E, 0x784D, 0x784D, 0x7855, 0x1B5E, 0xFA55, 0xFA55, 0xDA55, 0xDA55, 0xDA55, 0xDA55, 0xFB5D,
    0xB955, 0xB955, 0xBA55, 0xDA55, 0xDA55, 0xBA55, 0xDA55, 0xDA55, 0xFA55, 0xFA55, 0xB955, 0xDA55, 0xF644, 0xA300, 0x743C, 0x1B5E,
    0x1B5E, 0x9444, 0x4100, 0xA711, 0x6B1A, 0xE400, 0xE400, 0xE400, 0x4A1A, 0x291A, 0xF64C, 0x1B5E, 0xDA55, 0xDA55, 0x9955, 0xB544,
    0x3C5E, 0x3C5E, 0x1B5E, 0xB955, 0xFA55, 0x1B5E, 0xB955, 0xB955, 0x784D, 0xAC22, 0x4609, 0x8709, 0xE400, 0x4100, 0x7444, 0x1B5E,
    0x1B5E, 0x7444, 0x6200, 0x8200, 0x4100, 0x8200, 0x8200, 0x8200, 0x4100, 0x6200, 0xA300, 0x6B1A, 0xDA55, 0x9955, 0x6F2B, 0xA300,
    0x0E2B, 0x0E2B, 0x123C, 0x5C5E, 0x164D, 0x7444, 0xFA55, 0x9955, 0x8B22, 0x0000, 0x8200, 0x6200, 0xA300, 0x6200, 0x7444, 0x1B5E,
    0x1B5E, 0x7444, 0x6200, 0xA300, 0xA300, 0xA300, 0xA300, 0xA300, 0xA300, 0xA300, 0xA300, 0x0000, 0xB133, 0xDA55, 0xAC22, 0x6200,
    0x6200, 0x0000, 0xED22, 0x784D, 0x6F2B, 0x374D, 0x123C, 0xB544, 0x8B22, 0x4100, 0xA300, 0xA300, 0xA300, 0x6200, 0x7444, 0x1B5E,
    0x1B5E, 0x7444, 0x6200, 0xA300, 0xA300, 0xA300, 0xA300, 0xA300, 0xA300, 0xA300, 0xA300, 0x4100, 0x2A1A, 0xDA55, 0xE811, 0x6200,
    0xA300, 0x0409, 0xBA55, 0x9033, 0xAC22, 0x6B1A, 0x0000, 0xB033, 0x2A1A, 0x4100, 0xA300, 0xA300, 0xA300, 0x6200, 0x7444, 0x1B5E,
    0x1B5E, 0x7444, 0x6200, 0xA300, 0xA300, 0xA300, 0xA300, 0xA300, 0xA300, 0xA300, 0xA300, 0x8300, 0xC400, 0xA711, 0x0401, 0x8200,
    0xA300, 0xA300, 0x2509, 0x2A1A, 0xED22, 0xC400, 0x8200, 0xE400, 0xA300, 0x8300, 0xA300, 0xA300, 0xA300, 0x6200, 0x7444, 0x1B5E,
    0x1B5E, 0x7444, 0x6200, 0xC300, 0xA300, 0xA300, 0xA300, 0xA300, 0xA300, 0xA300, 0xA300, 0xA300, 0xA300, 0x6200, 0x8300, 0xA300,
    0xA300, 0xA300, 0x8200, 0x6200, 0x4100, 0xA300, 0xA300, 0xA300, 0xA300, 0xA300, 0xA300, 0xA300, 0xC300, 0x6200, 0x7444, 0x1B5E,
    0x1B5E, 0x743C, 0x0000, 0x6200, 0x6200, 0x6200, 0x6200, 0x6200, 0x6200, 0x6200, 0x6200, 0x6200, 0x6200, 0x6200, 0x6200, 0x6200,
    0x6200, 0x6200, 0x6200, 0x6200, 0x6200, 0x6200, 0x6200, 0x6200, 0x6200, 0x6200, 0x6200, 0x6200, 0x6200, 0x0000, 0x743C, 0x1B5E,
    0xFA55, 0x7855, 0x7444, 0x9444, 0x7444, 0x7444, 0x7444, 0x7444, 0x7444, 0x7444, 0x7444, 0x7444, 0x7444, 0x7444, 0x7444, 0x7444,
    0x7444, 0x7444, 0x7444, 0x7444, 0x7444, 0x7444, 0x7444, 0x7444, 0x7444, 0x7444, 0x7444, 0x7444, 0x9444, 0x7444, 0x7855, 0xFA55,
    0xDA55, 0xDA55, 0x1B5E, 0x1B5E, 0x1B5E, 0x1B5E, 0x1B5E, 0x1B5E, 0x1B5E, 0x1B5E, 0x1B5E, 0x1B5E, 0x1B5E, 0x1B5E, 0x1B5E, 0x1B5E,
    0x1B5E, 0x1B5E, 0x1B5E, 0x1B5E, 0x1B5E, 0x1B5E, 0x1B5E, 0x1B5E, 0x1B5E, 0x1B5E, 0x1B5E, 0x1B5E, 0x1B5E, 0x1B5E, 0xDA55, 0xDA55
};

const uint16_t icon_laser_sentry_stratagem_icon_background[] PROGMEM = {
    0xAA6C, 0xCA6C, 0xEB6C, 0xEB6C, 0xEB6C, 0xEB6C, 0xEB6C, 0xEB6C, 0xEB6C, 0xEB6C, 0xEB6C, 0xEB6C, 0xEB6C, 0xEB6C, 0xEB6C, 0xEB6C,
    0xEB6C, 0xEB6C, 0xEB6C, 0xEB6C, 0xEB6C, 0xEB6C, 0xEB6C, 0xEB6C, 0xEB6C, 0xEB6C, 0xEB6C, 0xEB6C, 0xEB6C, 0xEB6C, 0xCA6C, 0xAA6C,
    0xCA6C, 0x6A64, 0xA84B, 0xA853, 0xA853, 0xA853, 0xA853, 0xA853, 0xA853, 0xA853, 0xA853, 0xA853, 0xA853, 0xA853, 0xA853, 0xA853,
    0xA853, 0xA853, 0xA853, 0xA853, 0xA853, 0xA853, 0xA853, 0xA853, 0xA853, 0xA853, 0xA853, 0xA853, 0xA853, 0xA84B, 0x6A64, 0xCA6C,
    0xEB6C, 0xA753, 0x6000, 0xA000, 0x8000, 0x8000, 0x8000, 0x8000, 0x8000, 0x8000, 0x8000, 0x8000, 0x8000, 0x8000, 0x8000, 0x8000,
    0x8000, 0x8000, 0x8000, 0x8000, 0x8000, 0x8000, 0x8000, 0x8000, 0x8000, 0x8000, 0x8000, 0x8000, 0xA000, 0x6000, 0xA753, 0xEB6C,
    0xEB6C, 0xA853, 0xA000, 0xC008, 0xC008, 0xC008, 0xC008, 0xC008, 0xC008, 0xE008, 0xE008, 0xE008, 0xE008, 0xE008, 0xE008, 0xE008,
    0xC008, 0xC008, 0xC008, 0xE008, 0xE008, 0xE008, 0xE008, 0xE008, 0xE008, 0xE008, 0xE008, 0xE008, 0xC008, 0xA000, 0xA853, 0xEB6C,
    0xEB6C, 0xA853, 0x8000, 0xC008, 0xC008, 0xC008, 0xC008, 0xC008, 0xC008, 0x8000, 0x6000, 0x8000, 0x6000, 0x6000, 0x6000, 0x8000,
    0xA000, 0xC008, 0xA000, 0x6000, 0x6000, 0x8000, 0x8000, 0x8000, 0x8000, 0x8000, 0x8000, 0x8000, 0xC008, 0x8000, 0xA853, 0xEB6C,
    0xEB6C, 0xA853, 0x8000, 0xC008, 0xC008, 0xC008, 0xC008, 0xC000, 0xE008, 0xA532, 0xC53A, 0xA532, 0xC53A, 0xE53A, 0xA532, 0xE321,
    0x0009, 0x6000, 0xA219, 0x0643, 0xC53A, 0xA53A, 0xC53A, 0xA53A, 0xC53A, 0xA53A, 0xC53A, 0xA532, 0xE008, 0x8000, 0xA853, 0xEB6C,
    0xEB6C, 0xA853, 0x8000, 0xC008, 0xC008, 0xC008, 0xC008, 0xA000, 0x0009, 0xAA6C, 0x2B75, 0x2C75, 0x8A64, 0x295C, 0x495C, 0xCB6C,
    0xAA6C, 0x2643, 0x6219, 0x6432, 0x0B75, 0x0B75, 0xEB6C, 0xEB74, 0xEB74, 0xEB74, 0x0B75, 0xAA6C, 0x0009, 0x8000, 0xA853, 0xEB6C,
    0xEB6C, 0xA853, 0x8000, 0xC008, 0xC008, 0xC008, 0xC008, 0xA000, 0xE008, 0xAA6C, 0x0854, 0x874B, 0x642A, 0x0211, 0x2111, 0xA74B,
    0x6643, 0x2B75, 0x8A64, 0xC221, 0x6111, 0x8A64, 0xCA6C, 0xAA6C, 0xAA6C, 0xAA6C, 0xCA6C, 0x6A64, 0x0009, 0x8000, 0xA853, 0xEB6C,
    0xEB6C, 0xA853, 0x8000, 0xC008, 0xC008, 0xC008, 0xC008, 0xA000, 0x2111, 0xC853, 0xA321, 0x2211, 0xC008, 0x73AD, 0xA74A, 0xC000,
    0x2219, 0xA532, 0xCA6C, 0x0B75, 0x0322, 0xA219, 0x8A64, 0x6964, 0x6A64, 0x6A64, 0x8A64, 0x295C, 0x0009, 0x8000, 0xA853, 0xEB6C,
    0xEB6C, 0xA853, 0x8000, 0xE008, 0xE008, 0xE008, 0xE008, 0xC008, 0x6219, 0xC53A, 0xC429, 0x56C6, 0xE210, 0x0532, 0x8000, 0xCC73,
    0xD094, 0x0109, 0xAA6C, 0xCA6C, 0xCB6C, 0xA219, 0xC008, 0x0111, 0x0009, 0x0009, 0x0009, 0x0009, 0xC008, 0x8000, 0xA853, 0xEB6C,
    0xEB6C, 0xA853, 0xA000, 0x6000, 0x2000, 0x2000, 0x2000, 0x2000, 0x4000, 0x0222, 0x6000, 0x0211, 0xE429, 0x908C, 0x4A5B, 0xE531,
    0xA000, 0x6111, 0x674B, 0xAA6C, 0xCB6C, 0x085C, 0xA000, 0xA000, 0xA000, 0xA000, 0xA000, 0xA000, 0xC008, 0x8000, 0xA853, 0xEB6C,
    0xEB6C, 0xC853, 0x6000, 0xAC6B, 0xB18C, 0xB08C, 0xB08C, 0xB08C, 0xB08C, 0x6F8C, 0xD094, 0x4F84, 0xD8D6, 0xFFFF, 0xFFFF, 0xC429,
    0xAC6B, 0x8C6B, 0x4111, 0xEB6C, 0x8A64, 0xEB6C, 0x032A, 0x8000, 0xC008, 0xC008, 0xC008, 0xC008, 0xC008, 0x8000, 0xA853, 0xEB6C,
    0xEB6C, 0xA853, 0x6000, 0x8742, 0x2A5B, 0x295B, 0x2A5B, 0x2A5B, 0x295B, 0x295B, 0x4A5B, 0x6842, 0x73A5, 0xFFFF, 0x9CF7, 0x4219,
    0x463A, 0x884A, 0x8219, 0xEB6C, 0x8A64, 0xEB6C, 0x474B, 0x8000, 0xC008, 0xC008, 0xC008, 0xC008, 0xC008, 0x8000, 0xA853, 0xEB6C,
    0xEB6C, 0xA853, 0xA000, 0x6000, 0x4000, 0x4000, 0x4000, 0x2000, 0x8000, 0xA432, 0xA000, 0xC84A, 0x8219, 0xC94A, 0xA429, 0xE952,
    0xA321, 0x8111, 0x295C, 0xAA6C, 0xAA6C, 0xCB6C, 0x085C, 0xC008, 0xC008, 0xC008, 0xC008, 0xC008, 0xC008, 0x8000, 0xA853, 0xEB6C,
    0xEB6C, 0xA853, 0x8000, 0xE008, 0xE008, 0xE008, 0xE008, 0xC008, 0x6219, 0x8432, 0xC429, 0x73A5, 0xA108, 0x4A5B, 0x4219, 0xE952,
    0x8F8C, 0xE008, 0xAA6C, 0xCA6C, 0xAA6C, 0xCA6C, 0x6964, 0x0009, 0xA000, 0xC008, 0xC008, 0xC008, 0xC008, 0x8000, 0xA853, 0xEB6C,
    0xEB6C, 0xA853, 0x8000, 0xC008, 0xC008, 0xC008, 0xC008, 0xA000, 0x0009, 0x4964, 0x0322, 0xE008, 0x2109, 0x908C, 0x663A, 0x2009,
    0xC000, 0xA74B, 0xAA6C, 0x8A64, 0x8A64, 0xAA6C, 0x6964, 0x0009, 0xA000, 0xC008, 0xC008, 0xC008, 0xC008, 0x8000, 0xA853, 0xEB6C,
    0xEB6C, 0xA853, 0x8000, 0xC008, 0xC008, 0xC008, 0xC008, 0xA000, 0x0009, 0xCB6C, 0xEB6C, 0xCB6C, 0x2643, 0x6219, 0xE321, 0x8A64,
    0xAA64, 0x2C75, 0x0B75, 0x0B75, 0x0B75, 0x0B75, 0xAA6C, 0x0009, 0xA000, 0xC008, 0xC008, 0xC008, 0xC008, 0x8000, 0xA853, 0xEB6C,
    0xEB6C, 0xA853, 0x8000, 0xC008, 0xC008, 0xC008, 0xC008, 0xC000, 0xE008, 0x8532, 0xC53A, 0x8432, 0x642A, 0x642A, 0x642A, 0x6432,
    0x8432, 0x6432, 0x6432, 0x6432, 0x6432, 0xC53A, 0xA532, 0xE008, 0xC000, 0xC008, 0xC008, 0xC008, 0xC008, 0x8000, 0xA853, 0xEB6C,
    0xEB6C, 0xA853, 0x8000, 0xC008, 0xC008, 0xC008, 0xC008, 0xC008, 0xC008, 0x6000, 0x8000, 0x442A, 0x8432, 0x6432, 0x6432, 0x6432,
    0x6432, 0x6432, 0x6432, 0x6432, 0x442A, 0x8000, 0x6000, 0xC008, 0xC008, 0xC008, 0xC008, 0xC008, 0xC008, 0x8000, 0xA853, 0xEB6C,
    0xEB6C, 0xA853, 0x8000, 0xC008, 0xC008, 0xC008, 0xC008, 0xC008, 0xC008, 0xC000, 0x2111, 0xCA6C, 0x0B75, 0x0B75, 0x0B75, 0x0B75,
    0x0B75, 0x0B75, 0x0B75, 0x0B75, 0xCA6C, 0x2111, 0xC000, 0xC008, 0xC008, 0xC008, 0xC008, 0xC008, 0xC008, 0x8000, 0xA853, 0xEB6C,
    0xEB6C, 0xA853, 0x8000, 0xC008, 0xC008, 0xC008, 0xC008, 0xC008, 0xC008, 0xC000, 0x0009, 0x6A64, 0xCA6C, 0xAA6C, 0xAA6C, 0xAA6C,
    0xAA6C, 0xAA6C, 0xAA6C, 0xCA6C, 0x6A64, 0x0009, 0xC000, 0xC008, 0xC008, 0xC008, 0xC008, 0xC008, 0xC008, 0x8000, 0xA853, 0xEB6C,
    0xEB6C, 0xA853, 0x8000, 0xC008, 0xC008, 0xC008, 0xC008, 0xC008, 0xC008, 0xA000, 0xE008, 0x295C, 0x6964, 0x4964, 0x6964, 0x6964,
    0x6964, 0x6964, 0x4964, 0x6964, 0x295C, 0xE008, 0xA000, 0xC008, 0xC008, 0xC008, 0xC008, 0xC008, 0xC008, 0x8000, 0xA853, 0xEB6C,
    0xEB6C, 0xA853, 0x8000, 0xC008, 0xC008, 0xC008, 0xC008, 0xC008, 0xA000, 0x0009, 0x0009, 0x4111, 0x4111, 0x4111, 0x4111, 0x4111,
    0x4111, 0x4111, 0x4111, 0x4111, 0x4111, 0x0009, 0x0009, 0xA000, 0xC008, 0xC008, 0xC008, 0xC008, 0xC008, 0x8000, 0xA853, 0xEB6C,
    0xEB6C, 0xA853, 0x8000, 0xC008, 0xC008, 0xC008, 0xC008, 0x8000, 0x6432, 0x8A64, 0x6964, 0x6964, 0x6964, 0x6964, 0x6964, 0x6964,
    0x6964, 0x6964, 0x6964, 0x6964, 0x6964, 0x6964, 0x8A64, 0x6432, 0x8000, 0xC008, 0xC008, 0xC008, 0xC008, 0x8000, 0xA853, 0xEB6C,
    0xEB6C, 0xA853, 0x8000, 0xC008, 0xC008, 0xC008, 0x6000, 0xE321, 0xCA6C, 0xAA6C, 0xAA6C, 0xAA6C, 0xAA6C, 0xAA6C, 0xAA6C, 0xAA6C,
    0xAA6C, 0xAA6C, 0xAA6C, 0xAA6C, 0xAA6C, 0xAA6C, 0xAA6C, 0xCA6C, 0xE321, 0x6000, 0xC008, 0xC008, 0xC008, 0x8000, 0xA853, 0xEB6C,
    0xEB6C, 0xA853, 0x8000, 0xC008, 0xC008, 0xA000, 0xC321, 0xEB6C, 0x0B75, 0xEB6C, 0xEB74, 0xEB74, 0xEB74, 0xEB74, 0xEB74, 0xEB74,
    0xEB74, 0xEB74, 0xEB74, 0xEB74, 0xEB74, 0xEB74, 0xEB6C, 0x0B75, 0xEB6C, 0xC321, 0xA000, 0xC008, 0xC008, 0x8000, 0xA853, 0xEB6C,
    0xEB6C, 0xA853, 0x8000, 0xC008, 0xC008, 0xA000, 0x442A, 0xE53A, 0xA532, 0xC53A, 0xA53A, 0xC53A, 0xC53A, 0xC53A, 0xC53A, 0xC53A,
    0xC53A, 0xC53A, 0xC53A, 0xC53A, 0xC53A, 0xA53A, 0xC53A, 0xA532, 0xE53A, 0x442A, 0xA000, 0xC008, 0xC008, 0x8000, 0xA853, 0xEB6C,
    0xEB6C, 0xA853, 0x8000, 0xC008, 0xC008, 0xC008, 0x8000, 0x6000, 0x8000, 0x8000, 0x8000, 0x8000, 0x8000, 0x8000, 0x8000, 0x8000,
    0x8000, 0x8000, 0x8000, 0x8000, 0x8000, 0x8000, 0x8000, 0x8000, 0x6000, 0x8000, 0xC008, 0xC008, 0xC008, 0x8000, 0xA853, 0xEB6C,
    0xEB6C, 0xA853, 0xA000, 0xC008, 0xC008, 0xC008, 0xE008, 0xE008, 0xE008, 0xE008, 0xE008, 0xE008, 0xE008, 0xE008, 0xE008, 0xE008,
    0xE008, 0xE008, 0xE008, 0xE008, 0xE008, 0xE008, 0xE008, 0xE008, 0xE008, 0xE008, 0xC008, 0xC008, 0xC008, 0xA000, 0xA853, 0xEB6C,
    0xEB6C, 0xA753, 0x6000, 0xA000, 0x8000, 0x8000, 0x8000, 0x8000, 0x8000, 0x8000, 0x8000, 0x8000, 0x8000, 0x8000, 0x8000, 0x8000,
    0x8000, 0x8000, 0x8000, 0x8000, 0x8000, 0x8000, 0x8000, 0x8000, 0x8000, 0x8000, 0x8000, 0x8000, 0xA000, 0x6000, 0xA753, 0xEB6C,
    0xCA6C, 0x6A64, 0xA84B, 0xA853, 0xA853, 0xA853, 0xA853, 0xA853, 0xA853, 0xA853, 0xA853, 0xA853, 0xA853, 0xA853, 0xA853, 0xA853,
    0xA853, 0xA853, 0xA853, 0xA853, 0xA853, 0xA853, 0xA853, 0xA853, 0xA853, 0xA853, 0xA853, 0xA853, 0xA853, 0xA84B, 0x6A64, 0xCA6C,
    0xAA6C, 0xCA6C, 0xEB6C, 0xEB6C, 0xEB6C, 0xEB6C, 0xEB6C, 0xEB6C, 0xEB6C, 0xEB6C, 0xEB6C, 0xEB6C, 0xEB6C, 0xEB6C, 0xEB6C, 0xEB6C,
    0xEB6C, 0xEB6C, 0xEB6C, 0xEB6C, 0xEB6C, 0xEB6C, 0xEB6C, 0xEB6C, 0xEB6C, 0xEB6C, 0xEB6C, 0xEB6C, 0xEB6C, 0xEB6C, 0xCA6C, 0xAA6C
};

const uint16_t icon_leveller_stratagem_icon_background[] PROGMEM = {
    0xDA55, 0xDA55, 0x1B5E, 0x1B5E, 0x1B5E, 0x1B5E, 0x1B5E, 0x1B5E, 0x1B5E, 0x1B5E, 0x1B5E, 0x1B5E, 0x1B5E, 0x1B5E, 0x1B5E, 0x1B5E,
    0x1B5E, 0x1B5E, 0x1B5E, 0x1B5E, 0x1B5E, 0x1B5E, 0x1B5E, 0x1B5E, 0x1B5E, 0x1B5E, 0x1B5E, 0x1B5E, 0x1B5E, 0x1B5E, 0xDA55, 0xDA55,
    0xFA55, 0x7855, 0x7444, 0x9444, 0x7444, 0x7444, 0x7444, 0x7444, 0x7444, 0x7444, 0x7444, 0x7444, 0x7444, 0x7444, 0x7444, 0x7444,
    0x7444, 0x7444, 0x7444, 0x7444, 0x7444, 0x7444, 0x7444, 0x7444, 0x7444, 0x7444, 0x7444, 0x7444, 0x9444, 0x7444, 0x7855, 0xFA55,
    0x1B5E, 0x743C, 0x0000, 0x6200, 0x6200, 0x6200, 0x6200, 0x6200, 0x6200, 0x6200, 0x6200, 0x6200, 0x6200, 0x6200, 0x6200, 0x6200,
    0x6200, 0x6200, 0x6200, 0x6200, 0x6200, 0x6200, 0x6200, 0x6200, 0x6200, 0x6200, 0x6200, 0x6200, 0x6200, 0x0000, 0x743C, 0x1B5E,
    0x1B5E, 0x7444, 0x6200, 0xC300, 0xA300, 0xA300, 0xA300, 0xA300, 0xA300, 0xA300, 0xA300, 0xA300, 0xA300, 0xA300, 0xA300, 0xA300,
    0xA300, 0xA300, 0xA300, 0xA300, 0xA300, 0xA300, 0xA300, 0xA300, 0xA300, 0xA300, 0xA300, 0xA300, 0xC300, 0x6200, 0x7444, 0x1B5E,
    0x1B5E, 0x7444, 0x6200, 0xA300, 0xA300, 0xA300, 0xA300, 0xA300, 0xA300, 0xA300, 0xA300, 0xA300, 0xA300, 0xA300, 0xA300, 0xA300,
    0xA300, 0xA300, 0xA300, 0xA300, 0xA300, 0xA300, 0xA300, 0xA300, 0xA300, 0xA300, 0xA300, 0xA300, 0xA300, 0x6200, 0x7444, 0x1B5E,
    0x1B5E, 0x7444, 0x6200, 0xA300, 0xA300, 0xA300, 0xA300, 0xA300, 0xA300, 0xA300, 0xA300, 0xA300, 0xA300, 0xA300, 0xA300, 0xA300,
    0xA300, 0xA300, 0xA300, 0xA300, 0xA300, 0xA300, 0xA300, 0xA300, 0xA300, 0xA300, 0xA300, 0xA300, 0xA300, 0x6200, 0x7444, 0x1B5E,
    0x1B5E, 0x7444, 0x6200, 0xA300, 0xA300, 0xA300, 0xA300, 0x8200, 0xA300, 0xA300, 0xA300, 0xA300, 0xA300, 0xA300, 0xA300, 0xA300,
    0xA300, 0xA300, 0xA300, 0xA300, 0xA300, 0xA300, 0xA300, 0xA300, 0xA300, 0xA300, 0xA300, 0xA300, 0xA300, 0x6200, 0x7444, 0x1B5E,
    0x1B5E, 0x7444, 0x6200, 0xA300, 0xA300, 0x8200, 0xA300, 0x0411, 0xA300, 0x8200, 0xA300, 0xA300, 0xA300, 0x8200, 0x2100, 0x6200,
    0x2100, 0x4200, 0xC300, 0xC300, 0xA300, 0x8200, 0x6200, 0x2100, 0x4100, 0x8200, 0xA300, 0xC300, 0xA300, 0x6200, 0x7444, 0x1B5E,
    0x1B5E, 0x7444, 0x6200, 0xA300, 0x8200, 0x4511, 0x4100, 0x4C5B, 0xC300, 0x0411, 0xA300, 0x8300, 0x8200, 0x4519, 0xEB52, 0x2832,
    0x6E63, 0x493A, 0x0100, 0x2100, 0x4100, 0xC308, 0xC729, 0xEB52, 0x493A, 0x0411, 0x6200, 0x2100, 0x8200, 0x6200, 0x7444, 0x1B5E,
    0x1B5E, 0x9444, 0x4100, 0xC300, 0x0100, 0x507C, 0x0F74, 0xD294, 0x8D63, 0x54A5, 0x4200, 0xC308, 0x4100, 0x4519, 0x5BEF, 0x339D,
    0xFFFF, 0xDDFF, 0xAE6B, 0x0F7C, 0xD5B5, 0x1ADF, 0xFDFF, 0xFFFF, 0xFEFF, 0x7BEF, 0x37C6, 0xB28C, 0xC729, 0x2100, 0x9444, 0x1B5E,
    0x1B5E, 0x743C, 0x8208, 0x2932, 0xB18C, 0x918C, 0xFFFF, 0x5BE7, 0xFEFF, 0xF6B5, 0x0F7C, 0x2C5B, 0xE410, 0x2100, 0xB5AD, 0xDEFF,
    0xBCF7, 0xFDFF, 0xFFFF, 0xFFFF, 0xFFFF, 0xFEFF, 0xFDFF, 0xDDFF, 0xDDFF, 0xFEFF, 0xFFFF, 0xFFFF, 0xCE6B, 0x0000, 0xB444, 0x1B5E,
    0x3B5E, 0x543C, 0x0419, 0x99CE, 0xFFFF, 0xFEFF, 0xFFFF, 0xFFFF, 0xFFFF, 0xFEFF, 0xFFFF, 0x9DF7, 0x493A, 0xA308, 0x3AE7, 0xD6B5,
    0xFFFF, 0xFEFF, 0x74AD, 0xD6B5, 0x3BE7, 0xFDFF, 0xFFFF, 0xFFFF, 0xFFFF, 0xFEFF, 0x7BEF, 0x58CE, 0x6942, 0x2000, 0x9444, 0x1B5E,
    0x1B5E, 0x9444, 0x0000, 0xA721, 0x307C, 0x5084, 0x5084, 0x507C, 0x5084, 0x5084, 0x517C, 0xAA42, 0x0100, 0xA721, 0xB18C, 0x0B53,
    0x75A5, 0xEF73, 0x2100, 0x4200, 0x0409, 0x0832, 0x6D63, 0xD28C, 0xEF73, 0x6942, 0x4519, 0x8200, 0x8200, 0x6200, 0x7444, 0x1B5E,
    0x1B5E, 0x7444, 0x6200, 0x8200, 0x0100, 0x0100, 0x0100, 0x0100, 0x0100, 0x0100, 0x0100, 0x4100, 0xA300, 0x8200, 0x2100, 0x6200,
    0x2100, 0x4100, 0xA300, 0xA300, 0x8200, 0x4200, 0x2100, 0x2100, 0x2100, 0x4100, 0x6200, 0xA300, 0xA300, 0x6200, 0x7444, 0x1B5E,
    0x1B5E, 0x7444, 0x6200, 0xA300, 0xC300, 0xC300, 0xC300, 0xC300, 0xC300, 0xC300, 0xC300, 0xA300, 0xA300, 0xA300, 0xA300, 0xA300,
    0xA300, 0xA300, 0xA300, 0xA300, 0xA300, 0xA300, 0xA300, 0xC300, 0xC300, 0xA300, 0xA300, 0xA300, 0xA300, 0x6200, 0x7444, 0x1B5E,
    0x1B5E, 0x7444, 0x6200, 0xA300, 0xA300, 0xA300, 0xA300, 0xA300, 0xA300, 0xA300, 0xA300, 0xA300, 0xA300, 0xA300, 0xA300, 0xA300,
    0xA300, 0xA300, 0xA300, 0xA300, 0xA300, 0xA300, 0xA300, 0xA300, 0xA300, 0xA300, 0xA300, 0xA300, 0xA300, 0x6200, 0x7444, 0x1B5E,
    0x1B5E, 0x7444, 0x6200, 0xA300, 0xA300, 0xA300, 0xA300, 0xA300, 0xA300, 0xA300, 0xA300, 0xA300, 0xA300, 0xA300, 0xA300, 0xA300,
    0xA300, 0xA300, 0xA300, 0xA300, 0xA300, 0xA300, 0xA300, 0xA300, 0xA300, 0xA300, 0xA300, 0xA300, 0xA300, 0x6200, 0x7444, 0x1B5E,
    0x1B5E, 0x7444, 0x6200, 0xA300, 0xA300, 0xA300, 0xA300, 0xA300, 0xA300, 0xA300, 0xA300, 0xA300, 0xA300, 0xA300, 0xA300, 0xA300,
    0xA300, 0xA300, 0xA300, 0xA300, 0xA300, 0xA300, 0xA300, 0xA300, 0xA300, 0xA300, 0xA300, 0xA300, 0xA300, 0x6200, 0x7444, 0x1B5E,
    0x1B5E, 0x7444, 0x6200, 0xA300, 0xA300, 0xA300, 0xA300, 0xA300, 0xA300, 0xA300, 0xA300, 0xA300, 0xA300, 0xA300, 0xA300, 0xA300,
    0xA300, 0xA300, 0xA300, 0xA300, 0xA300, 0xA300, 0xA300, 0xA300, 0xA300, 0xA300, 0xA300, 0xA300, 0xC300, 0x6200, 0x7444, 0x1B5E,
    0x1B5E, 0x7444, 0x6200, 0xC300, 0xA300, 0xA300, 0xA300, 0xA300, 0xA300, 0xA300, 0xA300, 0xA300, 0xA300, 0xA300, 0xA300, 0xA300,
    0xA300, 0xA300, 0xA300, 0xA300, 0xA300, 0xA300, 0xA300, 0xA300, 0x4100, 0x4100, 0x4100, 0x4100, 0x6200, 0x4100, 0x9444, 0x1B5E,
    0x1B5E, 0x743C, 0x0000, 0x4100, 0x4100, 0x4100, 0x4100, 0x4100, 0x4100, 0x4100, 0x4100, 0x4100, 0x4100, 0x4100, 0x4100, 0x2100,
    0x4100, 0x4100, 0x4100, 0x4100, 0x4100, 0x4100, 0x4100, 0x8200, 0x4F2B, 0x091A, 0xE811, 0xE911, 0x091A, 0xC300, 0x533C, 0x3B5E,
    0xDA55, 0x9955, 0xF133, 0x0E2B, 0x2E2B, 0x2E2B, 0x2E2B, 0x2E2B, 0x2E2B, 0x2E2B, 0x2E2B, 0x2E2B, 0x2E2B, 0x2E2B, 0x2E2B, 0x2E2B,
    0x4E2B, 0xD133, 0xD133, 0xB133, 0xD133, 0xF133, 0x533C, 0x7444, 0x1B5E, 0xFB5D, 0x1B5E, 0x1B5E, 0x3B5E, 0x374D, 0x374D, 0xFA55,
    0xDA55, 0xDA55, 0x5C5E, 0x7D5E, 0x7C5E, 0x7D5E, 0x7D5E, 0x5C5E, 0x7D5E, 0x7D66, 0x7D66, 0x7D66, 0x7D66, 0x7D66, 0x7D66, 0x7D66,
    0x7D5E, 0x1B5E, 0x3C5E, 0x7D5E, 0x3C5E, 0x5C5E, 0x3C5E, 0x3B5E, 0xB955, 0xB955, 0xB955, 0xB955, 0xB955, 0xFA55, 0xFA55, 0xDA55,
    0xDA55, 0xDA55, 0xF64C, 0xB544, 0xD544, 0x9544, 0xB544, 0xF644, 0xB544, 0x533C, 0x743C, 0x733C, 0x733C, 0x733C, 0x743C, 0x533C,
    0x9444, 0xFA55, 0x784D, 0x533C, 0x584D, 0xF64C, 0x374D, 0x784D, 0x1B5E, 0x3B5E, 0x3C5E, 0x3B5E, 0x3C5E, 0xDA55, 0x9955, 0xDA55,
    0x1B5E, 0x9444, 0x8200, 0xA300, 0xA300, 0x8200, 0x8200, 0xA300, 0x8200, 0x6200, 0x6200, 0x6200, 0x6200, 0x6200, 0x6200, 0x0000,
    0x4E2B, 0x1B5E, 0x4A1A, 0x0000, 0xD644, 0x4A1A, 0x6200, 0x4509, 0x9444, 0x4F2B, 0x2E2B, 0x2E2B, 0x4F2B, 0xA811, 0x743C, 0x3B5E,
    0x1B5E, 0x743C, 0x4100, 0xA300, 0xA300, 0xA300, 0xA300, 0x8300, 0xA300, 0xA300, 0xA300, 0xA300, 0xA300, 0xA300, 0x6200, 0x6609,
    0x3B5E, 0x6B1A, 0x2100, 0x8200, 0xD133, 0xE811, 0x4100, 0x8200, 0x8200, 0x4100, 0x2100, 0x4100, 0x4100, 0x2000, 0x7444, 0x1B5E,
    0x1B5E, 0x7444, 0x6200, 0xA300, 0xA300, 0xA300, 0xA300, 0xA300, 0xA300, 0xA300, 0xA300, 0xA300, 0xA300, 0xA300, 0x8200, 0x164D,
    0xD644, 0x6200, 0xA300, 0xA300, 0x8300, 0x8300, 0xA300, 0xA300, 0xA300, 0xA300, 0xA300, 0xA300, 0xC300, 0x6200, 0x7444, 0x1B5E,
    0x1B5E, 0x7444, 0x6200, 0xA300, 0xA300, 0xA300, 0xA300, 0xA300, 0xA300, 0xA300, 0xA300, 0xA300, 0xA300, 0xA300, 0xA300, 0x9033,
    0xC811, 0x6200, 0xA300, 0xA300, 0xA300, 0xA300, 0xA300, 0xA300, 0xA300, 0xA300, 0xA300, 0xA300, 0xA300, 0x6200, 0x7444, 0x1B5E,
    0x1B5E, 0x7444, 0x6200, 0xC300, 0xA300, 0xA300, 0xA300, 0xA300, 0xA300, 0xA300, 0xA300, 0xA300, 0xA300, 0xA300, 0xA300, 0x4100,
    0x8300, 0xA300, 0xA300, 0xA300, 0xA300, 0xA300, 0xA300, 0xA300, 0xA300, 0xA300, 0xA300, 0xA300, 0xC300, 0x6200, 0x7444, 0x1B5E,
    0x1B5E, 0x743C, 0x0000, 0x6200, 0x6200, 0x6200, 0x6200, 0x6200, 0x6200, 0x6200, 0x6200, 0x6200, 0x6200, 0x6200, 0x6200, 0x6200,
    0x6200, 0x6200, 0x6200, 0x6200, 0x6200, 0x6200, 0x6200, 0x6200, 0x6200, 0x6200, 0x6200, 0x6200, 0x6200, 0x0000, 0x743C, 0x1B5E,
    0xFA55, 0x7855, 0x7444, 0x9444, 0x7444, 0x7444, 0x7444, 0x7444, 0x7444, 0x7444, 0x7444, 0x7444, 0x7444, 0x7444, 0x7444, 0x7444,
    0x7444, 0x7444, 0x7444, 0x7444, 0x7444, 0x7444, 0x7444, 0x7444, 0x7444, 0x7444, 0x7444, 0x7444, 0x9444, 0x7444, 0x7855, 0xFA55,
    0xDA55, 0xDA55, 0x1B5E, 0x1B5E, 0x1B5E, 0x1B5E, 0x1B5E, 0x1B5E, 0x1B5E, 0x1B5E, 0x1B5E, 0x1B5E, 0x1B5E, 0x1B5E, 0x1B5E, 0x1B5E,
    0x1B5E, 0x1B5E, 0x1B5E, 0x1B5E, 0x1B5E, 0x1B5E, 0x1B5E, 0x1B5E, 0x1B5E, 0x1B5E, 0x1B5E, 0x1B5E, 0x1B5E, 0x1B5E, 0xDA55, 0xDA55
};

const uint16_t icon_lumberer_exosuit_stratagem_icon_background[] PROGMEM = {
    0xDA55, 0xDA55, 0x1B5E, 0x1B5E, 0x1B5E, 0x1B5E, 0x1B5E, 0x1B5E, 0x1B5E, 0x1B5E, 0x1B5E, 0x1B5E, 0x1B5E, 0x1B5E, 0x1B5E, 0x1B5E,
    0x1B5E, 0x1B5E, 0x1B5E, 0x1B5E, 0x1B5E, 0x1B5E, 0x1B5E, 0x1B5E, 0x1B5E, 0x1B5E, 0x1B5E, 0x1B5E, 0x1B5E, 0x1B5E, 0xDA55, 0xDA55,
    0xFA55, 0x7855, 0x7444, 0x9444, 0x7444, 0x7444, 0x7444, 0x7444, 0x7444, 0x7444, 0x7444, 0x7444, 0x7444, 0x7444, 0x7444, 0x7444,
    0x7444, 0x7444, 0x7444, 0x7444, 0x7444, 0x7444, 0x9444, 0x9444, 0x7444, 0x7444, 0x7444, 0x7444, 0x9444, 0x7444, 0x7855, 0xFA55,
    0x1B5E, 0x743C, 0x0000, 0x6200, 0x6200, 0x6200, 0x6200, 0x6200, 0x6200, 0x6200, 0x6200, 0x6200, 0x6200, 0x6200, 0x6200, 0x6200,
    0x6200, 0x6200, 0x6200, 0x6200, 0x6200, 0x6200, 0x4100, 0x2100, 0x6200, 0x4200, 0x6200, 0x6200, 0x6200, 0x0000, 0x743C, 0x1B5E,
    0x1B5E, 0x7444, 0x6200, 0xC300, 0xC300, 0xC300, 0xC300, 0xC300, 0xA300, 0xA300, 0xA300, 0xA300, 0xA300, 0xA300, 0xA300, 0xA300,
    0xA300, 0xA300, 0xA300, 0xA300, 0xA300, 0x8200, 0x2511, 0xE729, 0x4100, 0xC300, 0xA300, 0xA300, 0xC300, 0x6200, 0x7444, 0x1B5E,
    0x1B5E, 0x7444, 0x6200, 0x6200, 0x2100, 0x2100, 0x2100, 0x4100, 0xA300, 0xA300, 0xA300, 0xA300, 0xA300, 0xA300, 0xA300, 0xA300,
    0xA300, 0xA300, 0xA300, 0xA300, 0xA300, 0x6200, 0x4519, 0x3AE7, 0x283A, 0x4100, 0xC300, 0xA300, 0xA300, 0x6200, 0x7444, 0x1B5E,
    0x1B5E, 0x9444, 0x2100, 0x0832, 0x6D63, 0x4C5B, 0x6D63, 0x8A42, 0x2100, 0x2100, 0x2100, 0x4200, 0xA300, 0xA300, 0xA300, 0xA300,
    0xA300, 0xA300, 0xA300, 0xA300, 0xA300, 0x8200, 0xC300, 0xBCF7, 0x9CEF, 0x6621, 0x4200, 0xA300, 0xA300, 0x6200, 0x7444, 0x1B5E,
    0x1B5E, 0x9444, 0x0000, 0x918C, 0xFFFF, 0xFEFF, 0xFFFF, 0xFEFF, 0x307C, 0x0B5B, 0x4D5B, 0x2832, 0x8200, 0xA300, 0xA300, 0xA300,
    0xA300, 0xA300, 0xA300, 0xA300, 0xA300, 0x4100, 0x5084, 0xFEFF, 0xFFFF, 0x2C5B, 0xC308, 0x8300, 0xA300, 0x6200, 0x7444, 0x1B5E,
    0x1B5E, 0x9444, 0x0000, 0x507C, 0xDFFF, 0xBCF7, 0xDCFF, 0xFDFF, 0xFFFF, 0xFFFF, 0xFFFF, 0xDDFF, 0xC729, 0x6200, 0xA300, 0xA300,
    0xA300, 0xA300, 0xA300, 0xA300, 0x4100, 0xAE6B, 0xFFFF, 0x9CF7, 0xB8D6, 0x78CE, 0x6D63, 0x0100, 0xC300, 0x6200, 0x7444, 0x1B5E,
    0x1B5E, 0x9444, 0x0000, 0x918C, 0xFFFF, 0xFEFF, 0xFFFF, 0xFEFF, 0x5084, 0x2C5B, 0x6D63, 0x283A, 0x8200, 0xA300, 0xA300, 0xA300,
    0xA300, 0xA300, 0xA300, 0xA300, 0x2100, 0x95AD, 0x7DEF, 0x283A, 0x0F7C, 0xFFFF, 0x37C6, 0x6200, 0xA300, 0x6200, 0x7444, 0x1B5E,
    0x1B5E, 0x9444, 0x2100, 0x0832, 0x8E63, 0x6D63, 0x8E63, 0xAA42, 0x2100, 0x2100, 0x2100, 0x4200, 0xA300, 0xA300, 0xA300, 0xA300,
    0xA300, 0xA300, 0xA300, 0xA300, 0x0100, 0x139D, 0x37BE, 0x0000, 0xE408, 0x7BEF, 0xF6B5, 0x6200, 0xA300, 0x6200, 0x7444, 0x1B5E,
    0x1B5E, 0x7444, 0x6200, 0x6200, 0x2100, 0x2100, 0x2100, 0x4100, 0xA300, 0xA300, 0xA300, 0xA300, 0xA300, 0xA300, 0xA300, 0xA300,
    0xA300, 0xA300, 0xA300, 0xA300, 0x8300, 0xA308, 0x37C6, 0xEB4A, 0xAA4A, 0x16BE, 0x8200, 0x8200, 0xA300, 0x6200, 0x7444, 0x1B5E,
    0x1B5E, 0x7444, 0x6200, 0xC300, 0xA300, 0xA300, 0xA300, 0xA300, 0xA300, 0xA300, 0xA300, 0xA300, 0xA300, 0xA300, 0x8300, 0x8200,
    0x8200, 0x8300, 0xA300, 0xA300, 0xA300, 0x6200, 0x0411, 0xA721, 0xC729, 0x2411, 0x6200, 0xA300, 0xA300, 0x6200, 0x7444, 0x1B5E,
    0x1B5E, 0x7444, 0x6200, 0xA300, 0xA300, 0xA300, 0xA300, 0xA300, 0xA300, 0xA300, 0xA300, 0x8300, 0x8200, 0x6200, 0xA300, 0xE400,
    0xE400, 0xA300, 0x6200, 0x8200, 0x8300, 0xA300, 0x8200, 0x6200, 0x6200, 0x8200, 0xA300, 0xA300, 0xA300, 0x6200, 0x7444, 0x1B5E,
    0x1B5E, 0x7444, 0x6200, 0xA300, 0xA300, 0xA300, 0xA300, 0xA300, 0xA300, 0xA300, 0x6200, 0xA300, 0xE400, 0x6611, 0xF64C, 0xB955,
    0x9955, 0x164D, 0x8711, 0xE400, 0xA300, 0x6200, 0xA300, 0xA300, 0xA300, 0xA300, 0xA300, 0xA300, 0xA300, 0x6200, 0x7444, 0x1B5E,
    0x1B5E, 0x7444, 0x6200, 0xA300, 0xA300, 0xA300, 0xA300, 0xA300, 0xA300, 0x8200, 0x4609, 0xF64C, 0x9955, 0xB955, 0xDA55, 0x9955,
    0x9955, 0xDA55, 0xB955, 0x9855, 0xF64C, 0x4609, 0x8200, 0xA300, 0xA300, 0xA300, 0xA300, 0xA300, 0xA300, 0x6200, 0x7444, 0x1B5E,
    0x1B5E, 0x7444, 0x6200, 0xA300, 0xA300, 0xA300, 0xA300, 0xA300, 0xA300, 0x2100, 0x4F2B, 0x5C5E, 0xB955, 0x3C5E, 0x6F2B, 0xC300,
    0xC300, 0x6F2B, 0x3C5E, 0xB955, 0x5C5E, 0x4F2B, 0x2100, 0xA300, 0xA300, 0xA300, 0xA300, 0xA300, 0xA300, 0x6200, 0x7444, 0x1B5E,
    0x1B5E, 0x7444, 0x6200, 0xA300, 0xA300, 0xA300, 0xA300, 0xA300, 0xA300, 0x4100, 0x2E2B, 0x1B5E, 0x7955, 0x3B5E, 0x0D23, 0x0000,
    0x0000, 0x0D23, 0x3B5E, 0x7955, 0x1B5E, 0x2E2B, 0x4100, 0xA300, 0xA300, 0xA300, 0xA300, 0xA300, 0xA300, 0x6200, 0x7444, 0x1B5E,
    0x1B5E, 0x7444, 0x6200, 0xA300, 0xA300, 0xA300, 0xA300, 0xA300, 0xA300, 0x2100, 0x6F2B, 0xBE66, 0x1B5E, 0x3C5E, 0x9444, 0x0E2B,
    0x0E2B, 0x9444, 0x3C5E, 0x1B5E, 0xBE66, 0x6F2B, 0x2100, 0xA300, 0xA300, 0xA300, 0xA300, 0xA300, 0xA300, 0x6200, 0x7444, 0x1B5E,
    0x1B5E, 0x7444, 0x6200, 0xA300, 0xA300, 0xA300, 0xA300, 0xA300, 0xA300, 0x6200, 0xA811, 0x0D23, 0xCC2A, 0x9444, 0x3C5E, 0x3B5E,
    0x3B5E, 0x3C5E, 0x9444, 0xCC2A, 0x0D23, 0xA811, 0x6200, 0xA300, 0xA300, 0xA300, 0xA300, 0xA300, 0xA300, 0x6200, 0x7444, 0x1B5E,
    0x1B5E, 0x7444, 0x6200, 0xA300, 0xA300, 0xA300, 0xA300, 0xA300, 0xA300, 0x6200, 0xA711, 0x4F2B, 0x0509, 0xCC22, 0x3C5E, 0x9955,
    0x9955, 0x3C5E, 0xCC22, 0x0509, 0x4F2B, 0xA711, 0x6200, 0xA300, 0xA300, 0xA300, 0xA300, 0xA300, 0xA300, 0x6200, 0x7444, 0x1B5E,
    0x1B5E, 0x7444, 0x6200, 0xA300, 0xA300, 0xA300, 0xA300, 0xA300, 0xA300, 0x2100, 0x4F2B, 0x3F6F, 0x0D23, 0xED22, 0x5C5E, 0xB955,
    0xB955, 0x5C5E, 0xED22, 0x0D23, 0x3F6F, 0x4F2B, 0x2100, 0xA300, 0xA300, 0xA300, 0xA300, 0xA300, 0xA300, 0x6200, 0x7444, 0x1B5E,
    0x1B5E, 0x7444, 0x6200, 0xA300, 0xA300, 0xA300, 0xA300, 0xA300, 0xA300, 0x4100, 0x0D2B, 0x9D66, 0xAC22, 0x2A1A, 0x5C5E, 0xDA55,
    0xDA55, 0x5C5E, 0x2A1A, 0xAC22, 0x9D66, 0x0D2B, 0x4100, 0xA300, 0xA300, 0xA300, 0xA300, 0xA300, 0xA300, 0x6200, 0x7444, 0x1B5E,
    0x1B5E, 0x7444, 0x6200, 0xA300, 0xA300, 0xA300, 0xA300, 0xA300, 0xA300, 0x4100, 0x4E2B, 0x9D66, 0x4F2B, 0x0000, 0x2E2B, 0x9955,
    0x9955, 0x4F2B, 0x0000, 0x4F2B, 0x9D66, 0x4E2B, 0x4100, 0xA300, 0xA300, 0xA300, 0xA300, 0xA300, 0xA300, 0x6200, 0x7444, 0x1B5E,
    0x1B5E, 0x7444, 0x6200, 0xA300, 0xA300, 0xA300, 0xA300, 0xA300, 0xA300, 0x4100, 0x8B22, 0x3C5E, 0xB955, 0x2A1A, 0x4100, 0x0401,
    0x0401, 0x4100, 0x291A, 0xB955, 0x3C5E, 0x8B22, 0x4100, 0xA300, 0xA300, 0xA300, 0xA300, 0xA300, 0xA300, 0x6200, 0x7444, 0x1B5E,
    0x1B5E, 0x7444, 0x6200, 0xA300, 0xA300, 0xA300, 0xA300, 0xA300, 0xA300, 0xA300, 0x6200, 0x2E2B, 0x3B5E, 0x784D, 0xE400, 0x8200,
    0x8200, 0xE400, 0x784D, 0x3B5E, 0x2E2B, 0x6200, 0xA300, 0xA300, 0xA300, 0xA300, 0xA300, 0xA300, 0xA300, 0x6200, 0x7444, 0x1B5E,
    0x1B5E, 0x7444, 0x6200, 0xA300, 0xA300, 0xA300, 0xA300, 0xA300, 0xA300, 0xA300, 0x6200, 0x6200, 0x784D, 0x7855, 0xA300, 0x8200,
    0x8200, 0xA300, 0x7855, 0x784D, 0x8200, 0x6200, 0xA300, 0xA300, 0xA300, 0xA300, 0xA300, 0xA300, 0xA300, 0x6200, 0x7444, 0x1B5E,
    0x1B5E, 0x7444, 0x6200, 0xA300, 0xA300, 0xA300, 0xA300, 0xA300, 0xA300, 0xA300, 0x8300, 0xB033, 0x5C5E, 0x5C5E, 0xB033, 0x8300,
    0x8300, 0xB033, 0x5C5E, 0x5C5E, 0xB033, 0x8300, 0xA300, 0xA300, 0xA300, 0xA300, 0xA300, 0xA300, 0xA300, 0x6200, 0x7444, 0x1B5E,
    0x1B5E, 0x7444, 0x6200, 0xA300, 0xA300, 0xA300, 0xA300, 0xA300, 0xA300, 0x8200, 0x4609, 0x6F2B, 0x2E2B, 0x2E2B, 0x6F2B, 0x2509,
    0x2509, 0x6F2B, 0x2E2B, 0x2E2B, 0x6F2B, 0x4609, 0x8200, 0xA300, 0xA300, 0xA300, 0xA300, 0xA300, 0xA300, 0x6200, 0x7444, 0x1B5E,
    0x1B5E, 0x7444, 0x6200, 0xC300, 0xA300, 0xA300, 0xA300, 0xA300, 0xA300, 0xA300, 0x8300, 0x4100, 0x4100, 0x4100, 0x4100, 0xA300,
    0xA300, 0x4100, 0x4100, 0x4100, 0x4100, 0x8300, 0xA300, 0xA300, 0xA300, 0xA300, 0xA300, 0xA300, 0xC300, 0x6200, 0x7444, 0x1B5E,
    0x1B5E, 0x743C, 0x0000, 0x6200, 0x6200, 0x6200, 0x6200, 0x6200, 0x6200, 0x6200, 0x6200, 0x6200, 0x6200, 0x6200, 0x6200, 0x6200,
    0x6200, 0x6200, 0x6200, 0x6200, 0x6200, 0x6200, 0x6200, 0x6200, 0x6200, 0x6200, 0x6200, 0x6200, 0x6200, 0x0000, 0x743C, 0x1B5E,
    0xFA55, 0x7855, 0x7444, 0x9444, 0x7444, 0x7444, 0x7444, 0x7444, 0x7444, 0x7444, 0x7444, 0x7444, 0x7444, 0x7444, 0x7444, 0x7444,
    0x7444, 0x7444, 0x7444, 0x7444, 0x7444, 0x7444, 0x7444, 0x7444, 0x7444, 0x7444, 0x7444, 0x7444, 0x9444, 0x7444, 0x7855, 0xFA55,
    0xDA55, 0xDA55, 0x1B5E, 0x1B5E, 0x1B5E, 0x1B5E, 0x1B5E, 0x1B5E, 0x1B5E, 0x1B5E, 0x1B5E, 0x1B5E, 0x1B5E, 0x1B5E, 0x1B5E, 0x1B5E,
    0x1B5E, 0x1B5E, 0x1B5E, 0x1B5E, 0x1B5E, 0x1B5E, 0x1B5E, 0x1B5E, 0x1B5E, 0x1B5E, 0x1B5E, 0x1B5E, 0x1B5E, 0x1B5E, 0xDA55, 0xDA55
};

const uint16_t icon_machine_gun_sentry_stratagem_icon_background[] PROGMEM = {
    0xAA6C, 0xCA6C, 0xEB6C, 0xEB6C, 0xEB6C, 0xEB6C, 0xEB6C, 0xEB6C, 0xEB6C, 0xEB6C, 0xEB6C, 0xEB6C, 0xEB6C, 0xEB6C, 0xEB6C, 0xEB6C,
    0xEB6C, 0xEB6C, 0xEB6C, 0xEB6C, 0xEB6C, 0xEB6C, 0xEB6C, 0xEB6C, 0xEB6C, 0xEB6C, 0xEB6C, 0xEB6C, 0xEB6C, 0xEB6C, 0xCA6C, 0xAA6C,
    0xCA6C, 0x6A64, 0xA84B, 0xA853, 0xA853, 0xA853, 0xA853, 0xA853, 0xA853, 0xA853, 0xA853, 0xA853, 0xA853, 0xA853, 0xA853, 0xA853,
    0xA853, 0xA853, 0xA853, 0xA853, 0xA853, 0xA853, 0xA853, 0xA853, 0xA853, 0xA853, 0xA853, 0xA853, 0xA853, 0xA84B, 0x6A64, 0xCA6C,
    0xEB6C, 0xA753, 0x6000, 0xA000, 0x8000, 0x8000, 0x8000, 0x8000, 0x8000, 0x8000, 0x8000, 0x8000, 0x8000, 0x8000, 0x8000, 0x8000,
    0x8000, 0x8000, 0x8000, 0x8000, 0x8000, 0x8000, 0x8000, 0x8000, 0x8000, 0x8000, 0x8000, 0x8000, 0xA000, 0x6000, 0xA753, 0xEB6C,
    0xEB6C, 0xA853, 0xA000, 0xC008, 0xC008, 0xC008, 0xC008, 0xC008, 0xC008, 0xE008, 0xE008, 0xE008, 0xE008, 0xE008, 0xE008, 0xE008,
    0xC008, 0xC008, 0xC008, 0xE008, 0xE008, 0xE008, 0xE008, 0xE008, 0xE008, 0xE008, 0xE008, 0xE008, 0xC008, 0xA000, 0xA853, 0xEB6C,
    0xEB6C, 0xA853, 0x8000, 0xC008, 0xC008, 0xC008, 0xC008, 0xC008, 0xC008, 0x6000, 0x6000, 0x6000, 0x6000, 0x8000, 0x8000, 0x8000,
    0xA000, 0xC008, 0xA000, 0x6000, 0x6000, 0x8000, 0x8000, 0x8000, 0x8000, 0x8000, 0x8000, 0x8000, 0xC008, 0x8000, 0xA853, 0xEB6C,
    0xEB6C, 0xA853, 0x8000, 0xC008, 0xE008, 0xE008, 0xE008, 0xE008, 0x0111, 0x0643, 0x0643, 0xE63A, 0xC53A, 0xA532, 0x8432, 0xE321,
    0x0111, 0x6000, 0xA219, 0x0643, 0xC53A, 0xA53A, 0xC53A, 0xA53A, 0xC53A, 0xA53A, 0xC53A, 0xA532, 0xE008, 0x8000, 0xA853, 0xEB6C,
    0xEB6C, 0xA853, 0x8000, 0xC008, 0x4000, 0x4000, 0x4000, 0x2000, 0x6000, 0x432A, 0x864B, 0x285C, 0xCA6C, 0x4C75, 0xEB74, 0xCB6C,
    0x6A64, 0x2643, 0x6219, 0x6432, 0x0B75, 0x0B75, 0xEB6C, 0xEB74, 0xEB74, 0xEB74, 0x0B75, 0xAA6C, 0x0009, 0x8000, 0xA853, 0xEB6C,
    0xEB6C, 0xA853, 0x8000, 0x0111, 0x0D7C, 0x4E7C, 0x2E7C, 0x4E7C, 0x2E7C, 0xCD73, 0x0532, 0xC429, 0x8219, 0x2643, 0x8A64, 0xAA6C,
    0xCA6C, 0xEB74, 0x8A64, 0xC221, 0x6111, 0x8A64, 0xCA6C, 0xAA6C, 0xAA6C, 0xAA6C, 0xCA6C, 0x6A64, 0x0009, 0x8000, 0xA853, 0xEB6C,
    0xEB6C, 0xA853, 0x6000, 0x6219, 0xFFFF, 0xFFFF, 0xFFFF, 0xFFFF, 0xFFFF, 0xFFFF, 0xFEFF, 0xDEFF, 0x2E84, 0x0000, 0x8532, 0xCA6C,
    0xAA6C, 0xAA64, 0xCA6C, 0x0B75, 0x0322, 0xA219, 0x8A64, 0x6964, 0x6A64, 0x6A64, 0x8A64, 0x295C, 0x0009, 0x8000, 0xA853, 0xEB6C,
    0xEB6C, 0xA853, 0x8000, 0x0111, 0x8B63, 0xAC6B, 0xAC6B, 0xAC6B, 0xAC6B, 0x8B6B, 0x0532, 0x8321, 0x8219, 0x874B, 0xAA6C, 0xAA6C,
    0xAA6C, 0xAA6C, 0xAA6C, 0xAA6C, 0xEB6C, 0xA219, 0xC008, 0x0111, 0x0009, 0x0009, 0x0009, 0x0009, 0xC008, 0x8000, 0xA853, 0xEB6C,
    0xEB6C, 0xA853, 0x8000, 0x0111, 0x8B63, 0xAC6B, 0xAC6B, 0xAC6B, 0xAC6B, 0x8B6B, 0xE429, 0x6321, 0x8219, 0x874B, 0xAA64, 0xAA6C,
    0xAA6C, 0xAA6C, 0xAA6C, 0xAA6C, 0xCB6C, 0x085C, 0xA000, 0xA000, 0xA000, 0xA000, 0xA000, 0xA000, 0xC008, 0x8000, 0xA853, 0xEB6C,
    0xEB6C, 0xA853, 0x6000, 0x6219, 0xFFFF, 0xFFFF, 0xFFFF, 0xFFFF, 0xFFFF, 0xFFFF, 0xFEFF, 0xFEFF, 0x4E84, 0x0000, 0x8532, 0xCA6C,
    0xAA6C, 0xAA6C, 0xAA6C, 0xAA6C, 0xAA64, 0xEB6C, 0x032A, 0x8000, 0xC008, 0xC008, 0xC008, 0xC008, 0xC008, 0x8000, 0xA853, 0xEB6C,
    0xEB6C, 0xA853, 0x8000, 0x0111, 0x8B63, 0xAC6B, 0xAC6B, 0xAC6B, 0xAC6B, 0x8B6B, 0x0532, 0x8321, 0x8219, 0x874B, 0xAA6C, 0xAA6C,
    0xAA6C, 0xAA6C, 0xAA6C, 0xAA6C, 0xAA6C, 0xEB6C, 0x474B, 0x8000, 0xC008, 0xC008, 0xC008, 0xC008, 0xC008, 0x8000, 0xA853, 0xEB6C,
    0xEB6C, 0xA853, 0x8000, 0x0111, 0x8B63, 0xAC6B, 0xAC6B, 0xAC6B, 0xAC6B, 0x8B6B, 0xE429, 0x6321, 0x8219, 0x874B, 0xAA6C, 0xAA6C,
    0xAA6C, 0xAA6C, 0xAA6C, 0xAA6C, 0xAA6C, 0xCB6C, 0x085C, 0xC008, 0xC008, 0xC008, 0xC008, 0xC008, 0xC008, 0x8000, 0xA853, 0xEB6C,
    0xEB6C, 0xA853, 0x6000, 0x6219, 0xFFFF, 0xFFFF, 0xFFFF, 0xFFFF, 0xFFFF, 0xFFFF, 0xFEFF, 0xDEFF, 0x2E84, 0x0000, 0x8532, 0xCA6C,
    0xAA6C, 0xAA6C, 0xAA6C, 0xAA6C, 0xAA6C, 0xCA6C, 0x6964, 0x0009, 0xA000, 0xC008, 0xC008, 0xC008, 0xC008, 0x8000, 0xA853, 0xEB6C,
    0xEB6C, 0xA853, 0x8000, 0x0111, 0x0D7C, 0x4E7C, 0x2E7C, 0x4E7C, 0x2E7C, 0xCD73, 0x0532, 0xC429, 0x8219, 0x2643, 0x8A64, 0xAA64,
    0xAA64, 0xAA64, 0xAA64, 0xAA64, 0x8A64, 0xAA6C, 0x6964, 0x0009, 0xA000, 0xC008, 0xC008, 0xC008, 0xC008, 0x8000, 0xA853, 0xEB6C,
    0xEB6C, 0xA853, 0x8000, 0xC008, 0x4000, 0x4000, 0x4000, 0x2000, 0x6000, 0x432A, 0x664B, 0x285C, 0xCA6C, 0x4C7D, 0x0B75, 0x0B75,
    0x0B75, 0x0B75, 0x0B75, 0x0B75, 0x0B75, 0x0B75, 0xAA6C, 0x0009, 0xA000, 0xC008, 0xC008, 0xC008, 0xC008, 0x8000, 0xA853, 0xEB6C,
    0xEB6C, 0xA853, 0x8000, 0xC008, 0xE008, 0xE008, 0xE008, 0xE008, 0x0111, 0x0643, 0x0643, 0xA532, 0x8432, 0x6432, 0x6432, 0x6432,
    0x6432, 0x6432, 0x6432, 0x6432, 0x6432, 0xC53A, 0xA532, 0xE008, 0xC000, 0xC008, 0xC008, 0xC008, 0xC008, 0x8000, 0xA853, 0xEB6C,
    0xEB6C, 0xA853, 0x8000, 0xC008, 0xC008, 0xC008, 0xC008, 0xC008, 0xC000, 0x6000, 0x8000, 0x442A, 0x6432, 0x6432, 0x6432, 0x6432,
    0x6432, 0x6432, 0x6432, 0x6432, 0x442A, 0x8000, 0x6000, 0xC008, 0xC008, 0xC008, 0xC008, 0xC008, 0xC008, 0x8000, 0xA853, 0xEB6C,
    0xEB6C, 0xA853, 0x8000, 0xC008, 0xC008, 0xC008, 0xC008, 0xC008, 0xC008, 0xC000, 0x2111, 0xCA6C, 0x0B75, 0x0B75, 0x0B75, 0x0B75,
    0x0B75, 0x0B75, 0x0B75, 0x0B75, 0xCA6C, 0x2111, 0xC000, 0xC008, 0xC008, 0xC008, 0xC008, 0xC008, 0xC008, 0x8000, 0xA853, 0xEB6C,
    0xEB6C, 0xA853, 0x8000, 0xC008, 0xC008, 0xC008, 0xC008, 0xC008, 0xC008, 0xC000, 0x0009, 0x6A64, 0xCA6C, 0xAA6C, 0xAA6C, 0xAA6C,
    0xAA6C, 0xAA6C, 0xAA6C, 0xCA6C, 0x6A64, 0x0009, 0xC000, 0xC008, 0xC008, 0xC008, 0xC008, 0xC008, 0xC008, 0x8000, 0xA853, 0xEB6C,
    0xEB6C, 0xA853, 0x8000, 0xC008, 0xC008, 0xC008, 0xC008, 0xC008, 0xC008, 0xA000, 0xE008, 0x295C, 0x6964, 0x4964, 0x6964, 0x6964,
    0x6964, 0x6964, 0x4964, 0x6964, 0x295C, 0xE008, 0xA000, 0xC008, 0xC008, 0xC008, 0xC008, 0xC008, 0xC008, 0x8000, 0xA853, 0xEB6C,
    0xEB6C, 0xA853, 0x8000, 0xC008, 0xC008, 0xC008, 0xC008, 0xC008, 0xA000, 0x0009, 0x0009, 0x4111, 0x4111, 0x4111, 0x4111, 0x4111,
    0x4111, 0x4111, 0x4111, 0x4111, 0x4111, 0x0009, 0x0009, 0xA000, 0xC008, 0xC008, 0xC008, 0xC008, 0xC008, 0x8000, 0xA853, 0xEB6C,
    0xEB6C, 0xA853, 0x8000, 0xC008, 0xC008, 0xC008, 0xC008, 0x8000, 0x6432, 0x8A64, 0x6964, 0x6964, 0x6964, 0x6964, 0x6964, 0x6964,
    0x6964, 0x6964, 0x6964, 0x6964, 0x6964, 0x6964, 0x8A64, 0x6432, 0x8000, 0xC008, 0xC008, 0xC008, 0xC008, 0x8000, 0xA853, 0xEB6C,
    0xEB6C, 0xA853, 0x8000, 0xC008, 0xC008, 0xC008, 0x6000, 0xE321, 0xCA6C, 0xAA6C, 0xAA6C, 0xAA6C, 0xAA6C, 0xAA6C, 0xAA6C, 0xAA6C,
    0xAA6C, 0xAA6C, 0xAA6C, 0xAA6C, 0xAA6C, 0xAA6C, 0xAA6C, 0xCA6C, 0xE321, 0x6000, 0xC008, 0xC008, 0xC008, 0x8000, 0xA853, 0xEB6C,
    0xEB6C, 0xA853, 0x8000, 0xC008, 0xC008, 0xA000, 0xC321, 0xEB6C, 0x0B75, 0xEB6C, 0xEB74, 0xEB74, 0xEB74, 0xEB74, 0xEB74, 0xEB74,
    0xEB74, 0xEB74, 0xEB74, 0xEB74, 0xEB74, 0xEB74, 0xEB6C, 0x0B75, 0xEB6C, 0xC321, 0xA000, 0xC008, 0xC008, 0x8000, 0xA853, 0xEB6C,
    0xEB6C, 0xA853, 0x8000, 0xC008, 0xC008, 0xA000, 0x442A, 0xE53A, 0xA532, 0xC53A, 0xA53A, 0xC53A, 0xC53A, 0xC53A, 0xC53A, 0xC53A,
    0xC53A, 0xC53A, 0xC53A, 0xC53A, 0xC53A, 0xA53A, 0xC53A, 0xA532, 0xE53A, 0x442A, 0xA000, 0xC008, 0xC008, 0x8000, 0xA853, 0xEB6C,
    0xEB6C, 0xA853, 0x8000, 0xC008, 0xC008, 0xC008, 0x8000, 0x6000, 0x8000, 0x8000, 0x8000, 0x8000, 0x8000, 0x8000, 0x8000, 0x8000,
    0x8000, 0x8000, 0x8000, 0x8000, 0x8000, 0x8000, 0x8000, 0x8000, 0x6000, 0x8000, 0xC008, 0xC008, 0xC008, 0x8000, 0xA853, 0xEB6C,
    0xEB6C, 0xA853, 0xA000, 0xC008, 0xC008, 0xC008, 0xE008, 0xE008, 0xE008, 0xE008, 0xE008, 0xE008, 0xE008, 0xE008, 0xE008, 0xE008,
    0xE008, 0xE008, 0xE008, 0xE008, 0xE008, 0xE008, 0xE008, 0xE008, 0xE008, 0xE008, 0xC008, 0xC008, 0xC008, 0xA000, 0xA853, 0xEB6C,
    0xEB6C, 0xA753, 0x6000, 0xA000, 0x8000, 0x8000, 0x8000, 0x8000, 0x8000, 0x8000, 0x8000, 0x8000, 0x8000, 0x8000, 0x8000, 0x8000,
    0x8000, 0x8000, 0x8000, 0x8000, 0x8000, 0x8000, 0x8000, 0x8000, 0x8000, 0x8000, 0x8000, 0x8000, 0xA000, 0x6000, 0xA753, 0xEB6C,
    0xCA6C, 0x6A64, 0xA84B, 0xA853, 0xA853, 0xA853, 0xA853, 0xA853, 0xA853, 0xA853, 0xA853, 0xA853, 0xA853, 0xA853, 0xA853, 0xA853,
    0xA853, 0xA853, 0xA853, 0xA853, 0xA853, 0xA853, 0xA853, 0xA853, 0xA853, 0xA853, 0xA853, 0xA853, 0xA853, 0xA84B, 0x6A64, 0xCA6C,
    0xAA6C, 0xCA6C, 0xEB6C, 0xEB6C, 0xEB6C, 0xEB6C, 0xEB6C, 0xEB6C, 0xEB6C, 0xEB6C, 0xEB6C, 0xEB6C, 0xEB6C, 0xEB6C, 0xEB6C, 0xEB6C,
    0xEB6C, 0xEB6C, 0xEB6C, 0xEB6C, 0xEB6C, 0xEB6C, 0xEB6C, 0xEB6C, 0xEB6C, 0xEB6C, 0xEB6C, 0xEB6C, 0xEB6C, 0xEB6C, 0xCA6C, 0xAA6C
};

const uint16_t icon_machine_gun_stratagem_icon_background[] PROGMEM = {
    0xDA55, 0xDA55, 0x1B5E, 0x1B5E, 0x1B5E, 0x1B5E, 0x1B5E, 0x1B5E, 0x1B5E, 0x1B5E, 0x1B5E, 0x1B5E, 0x1B5E, 0x1B5E, 0x1B5E, 0x1B5E,
    0x1B5E, 0x1B5E, 0x1B5E, 0x1B5E, 0x1B5E, 0x1B5E, 0x1B5E, 0x1B5E, 0x1B5E, 0x1B5E, 0x1B5E, 0x1B5E, 0x1B5E, 0x1B5E, 0xDA55, 0xDA55,
    0xFA55, 0x7855, 0x7444, 0x9444, 0x7444, 0x7444, 0x7444, 0x7444, 0x7444, 0x7444, 0x7444, 0x7444, 0x7444, 0x7444, 0x7444, 0x7444,
    0x7444, 0x7444, 0x7444, 0x7444, 0x7444, 0x7444, 0x7444, 0x7444, 0x7444, 0x7444, 0x7444, 0x7444, 0x9444, 0x7444, 0x7855, 0xFA55,
    0x1B5E, 0x743C, 0x0000, 0x6200, 0x6200, 0x6200, 0x6200, 0x6200, 0x6200, 0x6200, 0x6200, 0x6200, 0x6200, 0x6200, 0x6200, 0x6200,
    0x6200, 0x6200, 0x6200, 0x6200, 0x6200, 0x6200, 0x6200, 0x6200, 0x6200, 0x6200, 0x6200, 0x6200, 0x6200, 0x0000, 0x743C, 0x1B5E,
    0x1B5E, 0x7444, 0x6200, 0xC300, 0xA300, 0xA300, 0xA300, 0xA300, 0xA300, 0xA300, 0xA300, 0xA300, 0xA300, 0xA300, 0xA300, 0xA300,
    0xA300, 0xA300, 0xA300, 0xA300, 0xA300, 0xA300, 0xA300, 0xA300, 0xA300, 0xA300, 0xA300, 0xA300, 0xC300, 0x6200, 0x7444, 0x1B5E,
    0x1B5E, 0x7444, 0x6200, 0xA300, 0xA300, 0xA300, 0xA300, 0xA300, 0xA300, 0xC300, 0xA300, 0xC300, 0xC300, 0xC300, 0xC300, 0xC300,
    0xC300, 0xC300, 0xC300, 0xA300, 0xA300, 0xA300, 0xA300, 0xA300, 0xA300, 0xA300, 0xA300, 0xA300, 0xA300, 0x6200, 0x7444, 0x1B5E,
    0x1B5E, 0x7444, 0x6200, 0xA300, 0xA300, 0xA300, 0xA300, 0xA300, 0x8300, 0x2100, 0x8200, 0x2100, 0x0100, 0x0100, 0x0100, 0x0100,
    0x0100, 0x0100, 0x0100, 0x4100, 0x8200, 0x8200, 0xA300, 0xA300, 0xA300, 0xA300, 0xA300, 0xA300, 0xA300, 0x6200, 0x7444, 0x1B5E,
    0x1B5E, 0x7444, 0x6200, 0xA300, 0xA300, 0xA300, 0xA300, 0x8200, 0xE408, 0xCE6B, 0x2511, 0xEF73, 0x507C, 0x507C, 0x507C, 0x507C,
    0x507C, 0x307C, 0x517C, 0x693A, 0xC308, 0xE408, 0x4200, 0xA300, 0xA300, 0xA300, 0xA300, 0xA300, 0xA300, 0x6200, 0x7444, 0x1B5E,
    0x1B5E, 0x7444, 0x6200, 0xA300, 0xA300, 0xA300, 0xA300, 0x6200, 0x4519, 0x9CEF, 0xC729, 0xFDFF, 0xFFFF, 0xFFFF, 0xFFFF, 0xFFFF,
    0xFFFF, 0xFFFF, 0xFFFF, 0xFFFF, 0xFDFF, 0xDEFF, 0xEF73, 0x6200, 0xA300, 0xA300, 0xA300, 0xA300, 0xA300, 0x6200, 0x7444, 0x1B5E,
    0x1B5E, 0x7444, 0x6200, 0xA300, 0xA300, 0xA300, 0xA300, 0x6200, 0x2511, 0x57C6, 0x8621, 0xB9D6, 0x5BE7, 0x3BE7, 0x5BE7, 0x5BE7,
    0x5BE7, 0x3BE7, 0x5BE7, 0xD5B5, 0x708C, 0x5084, 0xE729, 0x8200, 0xA300, 0xA300, 0xA300, 0xA300, 0xA300, 0x6200, 0x7444, 0x1B5E,
    0x1B5E, 0x7444, 0x6200, 0xA300, 0xA300, 0xA300, 0xA300, 0x8300, 0xA300, 0x6619, 0xC300, 0x8619, 0x8621, 0x8621, 0x8621, 0x8621,
    0x8621, 0x8621, 0x8721, 0x4100, 0x0000, 0x0000, 0x0100, 0xA300, 0xA300, 0xA300, 0xA300, 0xA300, 0xA300, 0x6200, 0x7444, 0x1B5E,
    0x1B5E, 0x7444, 0x6200, 0xA300, 0xA300, 0xA300, 0xA300, 0x6200, 0x2511, 0x57C6, 0x8621, 0xB9D6, 0x5BE7, 0x3BE7, 0x5BE7, 0x5BE7,
    0x5BE7, 0x3BE7, 0x5BE7, 0xD6B5, 0x708C, 0x5084, 0xE729, 0x8200, 0xA300, 0xA300, 0xA300, 0xA300, 0xA300, 0x6200, 0x7444, 0x1B5E,
    0x1B5E, 0x7444, 0x6200, 0xA300, 0xA300, 0xA300, 0xA300, 0x6200, 0x4519, 0xBCF7, 0xC729, 0xFEFF, 0xFFFF, 0xFFFF, 0xFFFF, 0xFFFF,
    0xFFFF, 0xFFFF, 0xFFFF, 0xFFFF, 0xFEFF, 0xDEFF, 0xEF73, 0x6200, 0xA300, 0xA300, 0xA300, 0xA300, 0xA300, 0x6200, 0x7444, 0x1B5E,
    0x1B5E, 0x7444, 0x6200, 0xA300, 0xA300, 0xA300, 0xA300, 0x8200, 0xE408, 0x4C5B, 0x0411, 0x6D63, 0xAE6B, 0xAE6B, 0xAE6B, 0xAE6B,
    0xAE6B, 0xAE6B, 0xAE6B, 0x0832, 0xA308, 0xC300, 0x6200, 0xA300, 0xA300, 0xA300, 0xA300, 0xA300, 0xA300, 0x6200, 0x7444, 0x1B5E,
    0x1B5E, 0x7444, 0x6200, 0xA300, 0xA300, 0xA300, 0xA300, 0x8200, 0xE408, 0x4C5B, 0x0411, 0x6D63, 0xAE6B, 0xAE6B, 0xAE6B, 0xAE6B,
    0xAE6B, 0xAE6B, 0xAE6B, 0x0832, 0xA308, 0xC300, 0x6200, 0xA300, 0xA300, 0xA300, 0xA300, 0xA300, 0xA300, 0x6200, 0x7444, 0x1B5E,
    0x1B5E, 0x7444, 0x6200, 0xA300, 0xA300, 0xA300, 0xA300, 0x6200, 0x4519, 0x9CF7, 0xC729, 0xFEFF, 0xFFFF, 0xFFFF, 0xFFFF, 0xFFFF,
    0xFFFF, 0xFFFF, 0xFFFF, 0xFFFF, 0xFEFF, 0xDEFF, 0xEF73, 0x6200, 0xA300, 0xA300, 0xA300, 0xA300, 0xA300, 0x6200, 0x7444, 0x1B5E,
    0x1B5E, 0x7444, 0x6200, 0xA300, 0xA300, 0xA300, 0xA300, 0x6200, 0x2511, 0x78CE, 0x8621, 0xD9D6, 0x7CEF, 0x5BEF, 0x7BEF, 0x7BEF,
    0x7BEF, 0x5BEF, 0x7CEF, 0xD5B5, 0x3084, 0x307C, 0xC729, 0x8200, 0xA300, 0xA300, 0xA300, 0xA300, 0xA300, 0x6200, 0x7444, 0x1B5E,
    0x1B5E, 0x7444, 0x6200, 0xA300, 0xA300, 0xA300, 0xA300, 0xA300, 0xA300, 0x0409, 0xA300, 0x0411, 0x0411, 0x0411, 0x0411, 0x2411,
    0x0411, 0x0411, 0x0511, 0x6200, 0x0000, 0x0100, 0x4200, 0xA300, 0xA300, 0xA300, 0xA300, 0xA300, 0xA300, 0x6200, 0x7444, 0x1B5E,
    0x1B5E, 0x7444, 0x6200, 0xC300, 0xA300, 0xA300, 0xA300, 0xA300, 0xA300, 0x8300, 0xA300, 0x8300, 0x8200, 0x8200, 0x8200, 0x8200,
    0x8200, 0x8300, 0x8200, 0xA300, 0xC300, 0xC300, 0xA300, 0xA300, 0xA300, 0xA300, 0xA300, 0xA300, 0xC300, 0x6200, 0x7444, 0x1B5E,
    0x1B5E, 0x7444, 0x4100, 0x6200, 0x6200, 0x6200, 0x4100, 0x4100, 0x4100, 0x4100, 0x4100, 0x4100, 0x6200, 0x8200, 0x8200, 0xA300,
    0x8200, 0x4100, 0x6200, 0x4100, 0x4100, 0x4100, 0x4100, 0x4100, 0x4100, 0x4100, 0x4100, 0x4100, 0x6200, 0x4100, 0x7444, 0x1B5E,
    0x1B5E, 0x743C, 0x8200, 0xF233, 0x7444, 0x291A, 0x091A, 0xED22, 0x9033, 0xB133, 0xB133, 0xB133, 0x123C, 0x9444, 0x7444, 0xB544,
    0x743C, 0xED22, 0xC811, 0xE811, 0xE811, 0xE811, 0xE811, 0xE811, 0xE811, 0xE811, 0xE811, 0xE811, 0xE811, 0x6200, 0x743C, 0x1B5E,
    0x1B5E, 0x743C, 0xC300, 0xBA55, 0x1B5E, 0xFB5D, 0x7D66, 0x9D66, 0x9D66, 0x9D66, 0x7D66, 0x3B5E, 0x3C5E, 0x1B5E, 0x1B5E, 0x1B5E,
    0x1B5E, 0x7D5E, 0x5C5E, 0x5C5E, 0x5C5E, 0x5C5E, 0x5C5E, 0x5C5E, 0x5C5E, 0x5C5E, 0x5C5E, 0x9D66, 0x374D, 0x4100, 0x9444, 0x1B5E,
    0x1B5E, 0x743C, 0xC300, 0xB955, 0x5C5E, 0x374D, 0x0D2B, 0x2E2B, 0x2E2B, 0x0D2B, 0xB033, 0xDA55, 0x584D, 0x784D, 0xDA55, 0xDA55,
    0xB955, 0xF233, 0xD133, 0xD133, 0xD133, 0xD133, 0xD133, 0xD133, 0xD133, 0xD133, 0xD133, 0xF133, 0x9033, 0x8200, 0x743C, 0x1B5E,
    0x1B5E, 0x743C, 0xA300, 0x9033, 0xED22, 0xED22, 0x2000, 0x4100, 0x4100, 0x0000, 0xE400, 0xDA55, 0x0E2B, 0x6F2B, 0xFB5D, 0xDA55,
    0x374D, 0xA300, 0x2100, 0x4100, 0x4100, 0x4100, 0x4100, 0x4100, 0x4100, 0x4100, 0x4100, 0x4100, 0x6200, 0x6200, 0x7444, 0x1B5E,
    0x1B5E, 0x7444, 0x4100, 0x6200, 0x4100, 0x6200, 0xA300, 0xA300, 0xC300, 0x4100, 0x6F2B, 0xDA55, 0x8200, 0x6609, 0xB955, 0x3B5E,
    0xCC22, 0x6200, 0xC300, 0xA300, 0xA300, 0xA300, 0xA300, 0xA300, 0xA300, 0xA300, 0xA300, 0xA300, 0xC300, 0x6200, 0x7444, 0x1B5E,
    0x1B5E, 0x7444, 0x6200, 0xC300, 0xA300, 0xA300, 0xA300, 0xA300, 0xA300, 0x6200, 0x6B1A, 0x4F2B, 0x4100, 0x6609, 0x9955, 0x1B5E,
    0x6B22, 0x4100, 0xA300, 0xA300, 0xA300, 0xA300, 0xA300, 0xA300, 0xA300, 0xA300, 0xA300, 0xA300, 0xA300, 0x6200, 0x7444, 0x1B5E,
    0x1B5E, 0x7444, 0x6200, 0xA300, 0xA300, 0xA300, 0xA300, 0xA300, 0xA300, 0xA300, 0x6200, 0x6200, 0x6200, 0x8709, 0x1B5E, 0x9D66,
    0xAC22, 0x4100, 0xA300, 0xA300, 0xA300, 0xA300, 0xA300, 0xA300, 0xA300, 0xA300, 0xA300, 0xA300, 0xA300, 0x6200, 0x7444, 0x1B5E,
    0x1B5E, 0x7444, 0x6200, 0xA300, 0xA300, 0xA300, 0xA300, 0xA300, 0xA300, 0xA300, 0xA300, 0xA300, 0x8200, 0x0509, 0x2E2B, 0x6F2B,
    0x8711, 0x6200, 0xA300, 0xA300, 0xA300, 0xA300, 0xA300, 0xA300, 0xA300, 0xA300, 0xA300, 0xA300, 0xA300, 0x6200, 0x7444, 0x1B5E,
    0x1B5E, 0x7444, 0x6200, 0xA300, 0xA300, 0xA300, 0xA300, 0xA300, 0xA300, 0xA300, 0xA300, 0xA300, 0xA300, 0x8200, 0x4100, 0x2100,
    0x6200, 0xA300, 0xA300, 0xA300, 0xA300, 0xA300, 0xA300, 0xA300, 0xA300, 0xA300, 0xA300, 0xA300, 0xA300, 0x6200, 0x7444, 0x1B5E,
    0x1B5E, 0x7444, 0x6200, 0xC300, 0xA300, 0xA300, 0xA300, 0xA300, 0xA300, 0xA300, 0xA300, 0xA300, 0xA300, 0xA300, 0xC300, 0xC300,
    0xA300, 0xA300, 0xA300, 0xA300, 0xA300, 0xA300, 0xA300, 0xA300, 0xA300, 0xA300, 0xA300, 0xA300, 0xC300, 0x6200, 0x7444, 0x1B5E,
    0x1B5E, 0x743C, 0x0000, 0x6200, 0x6200, 0x6200, 0x6200, 0x6200, 0x6200, 0x6200, 0x6200, 0x6200, 0x6200, 0x6200, 0x6200, 0x6200,
    0x6200, 0x6200, 0x6200, 0x6200, 0x6200, 0x6200, 0x6200, 0x6200, 0x6200, 0x6200, 0x6200, 0x6200, 0x6200, 0x0000, 0x743C, 0x1B5E,
    0xFA55, 0x7855, 0x7444, 0x9444, 0x7444, 0x7444, 0x7444, 0x7444, 0x7444, 0x7444, 0x7444, 0x7444, 0x7444, 0x7444, 0x7444, 0x7444,
    0x7444, 0x7444, 0x7444, 0x7444, 0x7444, 0x7444, 0x7444, 0x7444, 0x7444, 0x7444, 0x7444, 0x7444, 0x9444, 0x7444, 0x7855, 0xFA55,
    0xDA55, 0xDA55, 0x1B5E, 0x1B5E, 0x1B5E, 0x1B5E, 0x1B5E, 0x1B5E, 0x1B5E, 0x1B5E, 0x1B5E, 0x1B5E, 0x1B5E, 0x1B5E, 0x1B5E, 0x1B5E,
    0x1B5E, 0x1B5E, 0x1B5E, 0x1B5E, 0x1B5E, 0x1B5E, 0x1B5E, 0x1B5E, 0x1B5E, 0x1B5E, 0x1B5E, 0x1B5E, 0x1B5E, 0x1B5E, 0xDA55, 0xDA55
};

const uint16_t icon_maxigun_stratagem_icon_background[] PROGMEM = {
    0xDA55, 0xDA55, 0x1B5E, 0x1B5E, 0x1B5E, 0x1B5E, 0x1B5E, 0x1B5E, 0x1B5E, 0x1B5E, 0x1B5E, 0x1B5E, 0x1B5E, 0x1B5E, 0x1B5E, 0x1B5E,
    0x1B5E, 0x1B5E, 0x1B5E, 0x1B5E, 0x1B5E, 0x1B5E, 0x1B5E, 0x1B5E, 0x1B5E, 0x1B5E, 0x1B5E, 0x1B5E, 0x1B5E, 0x1B5E, 0xDA55, 0xDA55,
    0xFA55, 0x7855, 0x7444, 0x9444, 0x7444, 0x7444, 0x7444, 0x7444, 0x7444, 0x7444, 0x7444, 0x7444, 0x7444, 0x7444, 0x7444, 0x7444,
    0x7444, 0x7444, 0x7444, 0x7444, 0x7444, 0x7444, 0x7444, 0x7444, 0x7444, 0x7444, 0x7444, 0x7444, 0x9444, 0x7444, 0x7855, 0xFA55,
    0x1B5E, 0x743C, 0x0000, 0x6200, 0x6200, 0x6200, 0x6200, 0x6200, 0x6200, 0x6200, 0x6200, 0x6200, 0x6200, 0x6200, 0x6200, 0x6200,
    0x6200, 0x6200, 0x6200, 0x6200, 0x6200, 0x6200, 0x6200, 0x6200, 0x6200, 0x6200, 0x6200, 0x6200, 0x6200, 0x0000, 0x743C, 0x1B5E,
    0x1B5E, 0x7444, 0x6200, 0xC300, 0xA300, 0xA300, 0xA300, 0xA300, 0xA300, 0xA300, 0xA300, 0xA300, 0xA300, 0xA300, 0xA300, 0xA300,
    0xA300, 0xA300, 0xA300, 0xA300, 0xA300, 0xA300, 0xA300, 0xA300, 0xA300, 0xA300, 0xA300, 0xA300, 0xC300, 0x6200, 0x7444, 0x1B5E,
    0x1B5E, 0x7444, 0x6200, 0xA300, 0xA300, 0xA300, 0xA300, 0xA300, 0xA300, 0xC300, 0xA300, 0xC300, 0xC300, 0xC300, 0xC300, 0xC300,
    0xC300, 0xC300, 0xC300, 0xA300, 0xA300, 0xA300, 0xA300, 0xA300, 0xA300, 0xA300, 0xA300, 0xA300, 0xA300, 0x6200, 0x7444, 0x1B5E,
    0x1B5E, 0x7444, 0x6200, 0xA300, 0xA300, 0xA300, 0xA300, 0xA300, 0x8300, 0x2100, 0x8200, 0x2100, 0x0100, 0x0100, 0x0100, 0x0100,
    0x0100, 0x0100, 0x0100, 0x4100, 0x8200, 0x8200, 0xA300, 0xA300, 0xA300, 0xA300, 0xA300, 0xA300, 0xA300, 0x6200, 0x7444, 0x1B5E,
    0x1B5E, 0x7444, 0x6200, 0xA300, 0xA300, 0xA300, 0xA300, 0x8200, 0xE408, 0xCE6B, 0x2511, 0xEF73, 0x507C, 0x507C, 0x507C, 0x507C,
    0x507C, 0x307C, 0x517C, 0x693A, 0xC308, 0xE408, 0x4200, 0xA300, 0xA300, 0xA300, 0xA300, 0xA300, 0xA300, 0x6200, 0x7444, 0x1B5E,
    0x1B5E, 0x7444, 0x6200, 0xA300, 0xA300, 0xA300, 0xA300, 0x6200, 0x4519, 0x9CEF, 0xC729, 0xFDFF, 0xFFFF, 0xFFFF, 0xFFFF, 0xFFFF,
    0xFFFF, 0xFFFF, 0xFFFF, 0xFFFF, 0xFDFF, 0xDEFF, 0xEF73, 0x6200, 0xA300, 0xA300, 0xA300, 0xA300, 0xA300, 0x6200, 0x7444, 0x1B5E,
    0x1B5E, 0x7444, 0x6200, 0xA300, 0xA300, 0xA300, 0xA300, 0x6200, 0x2511, 0x57C6, 0x8621, 0xB9D6, 0x5BE7, 0x3BE7, 0x5BE7, 0x5BE7,
    0x5BE7, 0x3BE7, 0x5BE7, 0xD5B5, 0x708C, 0x5084, 0xE729, 0x8200, 0xA300, 0xA300, 0xA300, 0xA300, 0xA300, 0x6200, 0x7444, 0x1B5E,
    0x1B5E, 0x7444, 0x6200, 0xA300, 0xA300, 0xA300, 0xA300, 0x8300, 0xA300, 0x6619, 0xC300, 0x8619, 0x8621, 0x8621, 0x8621, 0x8621,
    0x8621, 0x8621, 0x8721, 0x4100, 0x0000, 0x0000, 0x0100, 0xA300, 0xA300, 0xA300, 0xA300, 0xA300, 0xA300, 0x6200, 0x7444, 0x1B5E,
    0x1B5E, 0x7444, 0x6200, 0xA300, 0xA300, 0xA300, 0xA300, 0x6200, 0x2511, 0x57C6, 0x8621, 0xB9D6, 0x5BE7, 0x3BE7, 0x5BE7, 0x5BE7,
    0x5BE7, 0x3BE7, 0x5BE7, 0xD6B5, 0x708C, 0x5084, 0xE729, 0x8200, 0xA300, 0xA300, 0xA300, 0xA300, 0xA300, 0x6200, 0x7444, 0x1B5E,
    0x1B5E, 0x7444, 0x6200, 0xA300, 0xA300, 0xA300, 0xA300, 0x6200, 0x4519, 0xBCF7, 0xC729, 0xFEFF, 0xFFFF, 0xFFFF, 0xFFFF, 0xFFFF,
    0xFFFF, 0xFFFF, 0xFFFF, 0xFFFF, 0xFEFF, 0xDEFF, 0xEF73, 0x6200, 0xA300, 0xA300, 0xA300, 0xA300, 0xA300, 0x6200, 0x7444, 0x1B5E,
    0x1B5E, 0x7444, 0x6200, 0xA300, 0xA300, 0xA300, 0xA300, 0x8200, 0xE408, 0x4C5B, 0x0411, 0x6D63, 0xAE6B, 0xAE6B, 0xAE6B, 0xAE6B,
    0xAE6B, 0xAE6B, 0xAE6B, 0x0832, 0xA308, 0xC300, 0x6200, 0xA300, 0xA300, 0xA300, 0xA300, 0xA300, 0xA300, 0x6200, 0x7444, 0x1B5E,
    0x1B5E, 0x7444, 0x6200, 0xA300, 0xA300, 0xA300, 0xA300, 0x8200, 0xE408, 0x4C5B, 0x0411, 0x6D63, 0xAE6B, 0xAE6B, 0xAE6B, 0xAE6B,
    0xAE6B, 0xAE6B, 0xAE6B, 0x0832, 0xA308, 0xC300, 0x6200, 0xA300, 0xA300, 0xA300, 0xA300, 0xA300, 0xA300, 0x6200, 0x7444, 0x1B5E,
    0x1B5E, 0x7444, 0x6200, 0xA300, 0xA300, 0xA300, 0xA300, 0x6200, 0x4519, 0x9CF7, 0xC729, 0xFEFF, 0xFFFF, 0xFFFF, 0xFFFF, 0xFFFF,
    0xFFFF, 0xFFFF, 0xFFFF, 0xFFFF, 0xFEFF, 0xDEFF, 0xEF73, 0x6200, 0xA300, 0xA300, 0xA300, 0xA300, 0xA300, 0x6200, 0x7444, 0x1B5E,
    0x1B5E, 0x7444, 0x6200, 0xA300, 0xA300, 0xA300, 0xA300, 0x6200, 0x2511, 0x78CE, 0x8621, 0xD9D6, 0x7CEF, 0x5BEF, 0x7BEF, 0x7BEF,
    0x7BEF, 0x5BEF, 0x7CEF, 0xD5B5, 0x3084, 0x307C, 0xC729, 0x8200, 0xA300, 0xA300, 0xA300, 0xA300, 0xA300, 0x6200, 0x7444, 0x1B5E,
    0x1B5E, 0x7444, 0x6200, 0xA300, 0xA300, 0xA300, 0xA300, 0xA300, 0xA300, 0x0409, 0xA300, 0x0411, 0x0411, 0x0411, 0x0411, 0x0411,
    0x0411, 0x0411, 0x0511, 0x6200, 0x0000, 0x0100, 0x4200, 0xA300, 0xA300, 0xA300, 0xA300, 0xA300, 0xA300, 0x6200, 0x7444, 0x1B5E,
    0x1B5E, 0x7444, 0x6200, 0xA300, 0xA300, 0xA300, 0xA300, 0xA300, 0xA300, 0x8200, 0xA300, 0x8200, 0x8200, 0x8200, 0x8200, 0x8200,
    0x8200, 0x8200, 0x8300, 0xA300, 0xC300, 0xC300, 0xA300, 0xA300, 0xA300, 0xA300, 0xA300, 0xA300, 0xA300, 0x6200, 0x7444, 0x1B5E,
    0x1B5E, 0x7444, 0x6200, 0xA300, 0xA300, 0xA300, 0xA300, 0xA300, 0x8200, 0xA300, 0xA300, 0xA300, 0xA300, 0xA300, 0xA300, 0xA300,
    0xA300, 0xA300, 0x4100, 0xA300, 0xA300, 0xA300, 0xA300, 0xA300, 0xA300, 0xA300, 0xA300, 0xA300, 0xA300, 0x6200, 0x7444, 0x1B5E,
    0x1B5E, 0x7444, 0x6200, 0xC300, 0xA300, 0x6200, 0x4100, 0x6200, 0xE400, 0xC300, 0xA300, 0xA300, 0xA300, 0xA300, 0xA300, 0xA300,
    0x6200, 0x0401, 0x4F2B, 0xA300, 0x8200, 0x8300, 0x8200, 0x8200, 0x8200, 0x8200, 0x8200, 0x8300, 0xA300, 0x4100, 0x7444, 0x1B5E,
    0x1B5E, 0x7444, 0x0000, 0x4100, 0x8200, 0x6609, 0xCC22, 0xF233, 0xF133, 0x9444, 0xF644, 0xF644, 0xF644, 0xF644, 0xF644, 0x164D,
    0x533C, 0x533C, 0x164D, 0xA300, 0xC300, 0xC300, 0xC300, 0xC300, 0xC300, 0xC300, 0xC300, 0xC300, 0xC400, 0x8200, 0x9444, 0x1B5E,
    0x1B5E, 0x9544, 0xE919, 0xD133, 0xF64C, 0x374D, 0xDA55, 0xF644, 0xB544, 0xDA55, 0xFB5D, 0xFB5D, 0xFB5D, 0xFB5D, 0xFB5D, 0xFB5D,
    0x1B5E, 0x3B5E, 0xD544, 0x9033, 0xD133, 0xB033, 0xB033, 0xB133, 0x9033, 0x733C, 0xB544, 0xB033, 0xF64C, 0xF23B, 0x584D, 0xFA55,
    0xDA55, 0xDA55, 0xB544, 0x0E2B, 0xCC22, 0x091A, 0x4A1A, 0x533C, 0x3B5E, 0xB955, 0xDA55, 0xDA55, 0xDA55, 0xDA55, 0xDA55, 0xDA55,
    0xB955, 0xFA55, 0xB544, 0xAC22, 0xED22, 0xCD22, 0xCD22, 0xED22, 0x8B22, 0x9444, 0x584D, 0xCD22, 0xDA55, 0xF133, 0x7855, 0xFA55,
    0xDA55, 0x9955, 0x0E2B, 0x8B22, 0xD133, 0x533C, 0xAC22, 0xD133, 0xDA55, 0xFB5D, 0xBA55, 0xBA55, 0xBA55, 0xBA55, 0xBA55, 0xBA55,
    0xB955, 0xFA55, 0x174D, 0xB133, 0xF133, 0xD133, 0xD133, 0xF133, 0xB033, 0xD544, 0x574D, 0xD133, 0x9955, 0x533C, 0x784D, 0xFA55,
    0x1B5E, 0x9444, 0xC300, 0x2509, 0xE400, 0xC300, 0x0401, 0xC400, 0x2509, 0xAC22, 0xFB5D, 0x1B5E, 0x1B5E, 0x1B5E, 0x1B5E, 0x1B5E,
    0x1B5E, 0xDA55, 0xC811, 0xE400, 0x0509, 0x0401, 0x0401, 0x0401, 0xE400, 0x2509, 0x4609, 0xE400, 0x8709, 0xC400, 0x9444, 0x1B5E,
    0x1B5E, 0x7444, 0x4100, 0x8200, 0x8200, 0x8200, 0x8200, 0x8300, 0x4100, 0x0401, 0xB544, 0x743C, 0xB544, 0x9444, 0x743C, 0xB544,
    0x7444, 0xE811, 0x6200, 0x8200, 0x8200, 0x8200, 0x8200, 0x8200, 0x8200, 0x8200, 0x6200, 0x8200, 0x8200, 0x4100, 0x7444, 0x1B5E,
    0x1B5E, 0x7444, 0x6200, 0xA300, 0xA300, 0xA300, 0xA300, 0xA300, 0xA300, 0xA300, 0x8200, 0x6200, 0x8200, 0x6200, 0x6200, 0x6200,
    0x6200, 0x6200, 0xA300, 0xA300, 0xA300, 0xA300, 0xA300, 0xA300, 0xA300, 0xA300, 0xA300, 0xA300, 0xA300, 0x6200, 0x7444, 0x1B5E,
    0x1B5E, 0x7444, 0x6200, 0xA300, 0xA300, 0xA300, 0xA300, 0xA300, 0xA300, 0xA300, 0xA300, 0xA300, 0xA300, 0xA300, 0xA300, 0xA300,
    0xA300, 0xA300, 0xA300, 0xA300, 0xA300, 0xA300, 0xA300, 0xA300, 0xA300, 0xA300, 0xA300, 0xA300, 0xA300, 0x6200, 0x7444, 0x1B5E,
    0x1B5E, 0x7444, 0x6200, 0xC300, 0xA300, 0xA300, 0xA300, 0xA300, 0xA300, 0xA300, 0xA300, 0xA300, 0xA300, 0xA300, 0xA300, 0xA300,
    0xA300, 0xA300, 0xA300, 0xA300, 0xA300, 0xA300, 0xA300, 0xA300, 0xA300, 0xA300, 0xA300, 0xA300, 0xC300, 0x6200, 0x7444, 0x1B5E,
    0x1B5E, 0x743C, 0x0000, 0x6200, 0x6200, 0x6200, 0x6200, 0x6200, 0x6200, 0x6200, 0x6200, 0x6200, 0x6200, 0x6200, 0x6200, 0x6200,
    0x6200, 0x6200, 0x6200, 0x6200, 0x6200, 0x6200, 0x6200, 0x6200, 0x6200, 0x6200, 0x6200, 0x6200, 0x6200, 0x0000, 0x743C, 0x1B5E,
    0xFA55, 0x7855, 0x7444, 0x9444, 0x7444, 0x7444, 0x7444, 0x7444, 0x7444, 0x7444, 0x7444, 0x7444, 0x7444, 0x7444, 0x7444, 0x7444,
    0x7444, 0x7444, 0x7444, 0x7444, 0x7444, 0x7444, 0x7444, 0x7444, 0x7444, 0x7444, 0x7444, 0x7444, 0x9444, 0x7444, 0x7855, 0xFA55,
    0xDA55, 0xDA55, 0x1B5E, 0x1B5E, 0x1B5E, 0x1B5E, 0x1B5E, 0x1B5E, 0x1B5E, 0x1B5E, 0x1B5E, 0x1B5E, 0x1B5E, 0x1B5E, 0x1B5E, 0x1B5E,
    0x1B5E, 0x1B5E, 0x1B5E, 0x1B5E, 0x1B5E, 0x1B5E, 0x1B5E, 0x1B5E, 0x1B5E, 0x1B5E, 0x1B5E, 0x1B5E, 0x1B5E, 0x1B5E, 0xDA55, 0xDA55
};

const uint16_t icon_meltagun_stratagem_icon_background[] PROGMEM = {
    0xDA55, 0xDA55, 0x1B5E, 0x1B5E, 0x1B5E, 0x1B5E, 0x1B5E, 0x1B5E, 0x1B5E, 0x1B5E, 0x1B5E, 0x1B5E, 0x1B5E, 0x1B5E, 0x1B5E, 0x1B5E,
    0x1B5E, 0x1B5E, 0x1B5E, 0x1B5E, 0x1B5E, 0x1B5E, 0x1B5E, 0x1B5E, 0x1B5E, 0x1B5E, 0x1B5E, 0x1B5E, 0x1B5E, 0x1B5E, 0xDA55, 0xDA55,
    0xFA55, 0x7855, 0x7444, 0x9444, 0x7444, 0x7444, 0x7444, 0x7444, 0x7444, 0x7444, 0x7444, 0x7444, 0x7444, 0x7444, 0x7444, 0x7444,
    0x7444, 0x7444, 0x7444, 0x7444, 0x7444, 0x7444, 0x7444, 0x7444, 0x7444, 0x7444, 0x7444, 0x7444, 0x9444, 0x7444, 0x7855, 0xFA55,
    0x1B5E, 0x743C, 0x0000, 0x6200, 0x6200, 0x6200, 0x6200, 0x6200, 0x6200, 0x6200, 0x6200, 0x6200, 0x6200, 0x6200, 0x6200, 0x6200,
    0x6200, 0x6200, 0x6200, 0x6200, 0x6200, 0x6200, 0x6200, 0x6200, 0x6200, 0x6200, 0x6200, 0x6200, 0x6200, 0x0000, 0x743C, 0x1B5E,
    0x1B5E, 0x7444, 0x6200, 0xC300, 0xA300, 0xA300, 0xA300, 0xA300, 0xA300, 0xA300, 0xA300, 0xA300, 0xA300, 0xA300, 0xA300, 0xA300,
    0xA300, 0xA300, 0xA300, 0xA300, 0xA300, 0xA300, 0xA300, 0xA300, 0xA300, 0xA300, 0xA300, 0xA300, 0xC300, 0x6200, 0x7444, 0x1B5E,
    0x1B5E, 0x7444, 0x6200, 0xA300, 0xA300, 0xA300, 0xA300, 0xA300, 0xA300, 0xA300, 0xA300, 0xA300, 0xA300, 0xA300, 0xA300, 0xA300,
    0xA300, 0xA300, 0xA300, 0xA300, 0xA300, 0xA300, 0xA300, 0xA300, 0xA300, 0xA300, 0xA300, 0xA300, 0xA300, 0x6200, 0x7444, 0x1B5E,
    0x1B5E, 0x7444, 0x6200, 0xA300, 0xA300, 0xA300, 0xA300, 0xA300, 0xA300, 0xA300, 0xA300, 0xA300, 0xA300, 0xA300, 0xA300, 0xA300,
    0xA300, 0xA300, 0xA300, 0xA300, 0xA300, 0xA300, 0xA300, 0xA300, 0xA300, 0xA300, 0xA300, 0xA300, 0xA300, 0x6200, 0x7444, 0x1B5E,
    0x1B5E, 0x7444, 0x6200, 0xA300, 0xA300, 0xA300, 0xA300, 0xC300, 0xC300, 0xA300, 0xA300, 0x8300, 0x8200, 0x6200, 0x6200, 0x6200,
    0x6200, 0x6200, 0x8200, 0x8300, 0xA300, 0xA300, 0xC300, 0xA300, 0xA300, 0xA300, 0xA300, 0xA300, 0xA300, 0x6200, 0x7444, 0x1B5E,
    0x1B5E, 0x7444, 0x6200, 0xA300, 0xA300, 0x6200, 0x2100, 0x2100, 0x2100, 0x4100, 0x6200, 0xC308, 0x2411, 0x4519, 0x6619, 0x6619,
    0x6519, 0x2511, 0x0409, 0xA300, 0x6200, 0x2100, 0x0100, 0x0100, 0x4100, 0x8200, 0xA300, 0xA300, 0xA300, 0x6200, 0x7444, 0x1B5E,
    0x1B5E, 0x7444, 0x6200, 0xA300, 0x4100, 0x2411, 0x8A42, 0xCE6B, 0xB28C, 0x95AD, 0x94AD, 0x339D, 0xF294, 0xB18C, 0x7184, 0x918C,
    0xD294, 0x139D, 0x339D, 0x339D, 0x54A5, 0x139D, 0xB18C, 0x8E6B, 0x0832, 0xE408, 0x2100, 0x4200, 0xA300, 0x6200, 0x7444, 0x1B5E,
    0x1B5E, 0x9444, 0x6200, 0x8200, 0xF294, 0xFEFF, 0xFFFF, 0xFFFF, 0xFFFF, 0xFEFF, 0xBCF7, 0x1AE7, 0x78CE, 0xD5B5, 0xD294, 0x6D63,
    0x2511, 0x0000, 0x4100, 0x8200, 0xC408, 0x8619, 0x8A42, 0x718C, 0xBCF7, 0xDDFF, 0x37C6, 0x6942, 0x6200, 0x6200, 0x7444, 0x1B5E,
    0x1B5E, 0x7444, 0x6200, 0x8200, 0xEB52, 0x75A5, 0xB9D6, 0x9CF7, 0xFDFF, 0xFEFF, 0x7BEF, 0xB9D6, 0x16BE, 0x339D, 0x7084, 0x8D63,
    0x8A42, 0x283A, 0x8A42, 0xCB4A, 0x4D5B, 0x0F74, 0x918C, 0x54A5, 0x16BE, 0x339D, 0x8E6B, 0x6621, 0x8300, 0x6200, 0x7444, 0x1B5E,
    0x1B5E, 0x7444, 0x6200, 0xA300, 0x2100, 0x2100, 0xA300, 0x6619, 0x283A, 0xEB4A, 0x6D63, 0xAE6B, 0xCE6B, 0xEF73, 0x0F7C, 0x507C,
    0x7184, 0x7184, 0x5084, 0x0F7C, 0xAE6B, 0x0B53, 0x493A, 0x6619, 0x8200, 0x0100, 0x0100, 0x6200, 0xA300, 0x6200, 0x7444, 0x1B5E,
    0x1B5E, 0x7444, 0x6200, 0xA300, 0xA300, 0xA300, 0x8300, 0x6200, 0x4100, 0x2100, 0x2100, 0x2100, 0x2100, 0x4100, 0x4100, 0x4100,
    0x2100, 0x2100, 0x0100, 0x0100, 0x0100, 0x2100, 0x4100, 0x6200, 0xA300, 0xA300, 0xA300, 0xA300, 0xA300, 0x6200, 0x7444, 0x1B5E,
    0x1B5E, 0x7444, 0x6200, 0xA300, 0xA300, 0xA300, 0xA300, 0xA300, 0xA300, 0xA300, 0xA300, 0xC300, 0xA300, 0xA300, 0xA300, 0xA300,
    0xA300, 0xA300, 0xA300, 0xC300, 0xA300, 0xA300, 0xA300, 0xA300, 0xA300, 0xA300, 0xA300, 0xA300, 0xA300, 0x6200, 0x7444, 0x1B5E,
    0x1B5E, 0x7444, 0x6200, 0xA300, 0xA300, 0xA300, 0xA300, 0xA300, 0xA300, 0xA300, 0xA300, 0xA300, 0xA300, 0xA300, 0xA300, 0xA300,
    0xA300, 0xA300, 0xA300, 0xA300, 0xA300, 0xA300, 0xA300, 0xA300, 0xA300, 0xA300, 0xA300, 0xA300, 0xA300, 0x6200, 0x7444, 0x1B5E,
    0x1B5E, 0x7444, 0x6200, 0xA300, 0xA300, 0xA300, 0xA300, 0xA300, 0xA300, 0xA300, 0xA300, 0xA300, 0xA300, 0xA300, 0xA300, 0xA300,
    0xA300, 0xA300, 0xA300, 0xA300, 0xA300, 0xA300, 0xA300, 0xA300, 0xA300, 0xA300, 0xA300, 0xA300, 0xA300, 0x6200, 0x7444, 0x1B5E,
    0x1B5E, 0x7444, 0x6200, 0xA300, 0xA300, 0xA300, 0x8200, 0x6200, 0x6200, 0x6200, 0x6200, 0x6200, 0x6200, 0x8200, 0x8200, 0x8200,
    0x8200, 0x8200, 0x8200, 0x8200, 0x6200, 0xA300, 0x8300, 0x8200, 0x8200, 0x8300, 0x8200, 0x8300, 0xA300, 0x6200, 0x7444, 0x1B5E,
    0x1B5E, 0x7444, 0x6200, 0xA300, 0x4100, 0xA300, 0xC300, 0xC811, 0xE911, 0x4609, 0x6609, 0x4609, 0x6609, 0x0401, 0xC400, 0xC400,
    0xC400, 0xC400, 0xC400, 0xE400, 0xC811, 0xA300, 0xA300, 0xC300, 0xC300, 0xC300, 0xC300, 0xA300, 0x8200, 0x6200, 0x7444, 0x1B5E,
    0x1B5E, 0x7444, 0x6200, 0x8200, 0x4A1A, 0xF64C, 0x374D, 0xDA55, 0xFB5D, 0xB955, 0xB955, 0xB955, 0xBA55, 0x784D, 0x374D, 0x574D,
    0x574D, 0x574D, 0x574D, 0x584D, 0xFA55, 0x743C, 0x164D, 0x374D, 0x174D, 0x174D, 0x374D, 0x164D, 0x8711, 0x2100, 0x9444, 0x1B5E,
    0x1B5E, 0x9444, 0x0000, 0x8B22, 0x3C5E, 0xFA5D, 0xFA55, 0xDA55, 0xDA55, 0xDA55, 0xDA55, 0xDA55, 0xDA55, 0xFA55, 0xFA55, 0xFA55,
    0xFA55, 0xFA55, 0xFA55, 0xFA55, 0xDA55, 0x3C5E, 0x1B5E, 0x1B5E, 0x1B5E, 0x1B5E, 0xFA55, 0x7D5E, 0xCC22, 0x0000, 0x9444, 0x1B5E,
    0x1B5E, 0x9444, 0x0000, 0xED22, 0x3C5E, 0xDA55, 0xBA55, 0xFA55, 0xDA55, 0xDA55, 0xDA55, 0xDA55, 0xDA55, 0xBA55, 0xBA55, 0xBA55,
    0xBA55, 0xBA55, 0xBA55, 0xDA55, 0xDA55, 0xF644, 0x7855, 0x9955, 0x9855, 0x7855, 0x9955, 0x7855, 0xA711, 0x2100, 0x9444, 0x1B5E,
    0x1B5E, 0x7444, 0x6200, 0xA300, 0x6B22, 0x7855, 0xDA55, 0x374D, 0xB955, 0xDA55, 0xDA55, 0xDA55, 0xFA55, 0xFA55, 0xFA55, 0xFA55,
    0xFA55, 0xFA55, 0xFA55, 0xDA55, 0xDA55, 0xA711, 0xE400, 0x2509, 0x0509, 0x0509, 0x2509, 0xE400, 0x8300, 0x6200, 0x7444, 0x1B5E,
    0x1B5E, 0x7444, 0x6200, 0x8200, 0xE400, 0x374D, 0xFB5D, 0xE811, 0xB544, 0x3C5E, 0xDA55, 0xDA55, 0x784D, 0x584D, 0x784D, 0x784D,
    0x784D, 0x784D, 0x584D, 0xFB5D, 0x9444, 0x6200, 0x8200, 0x8200, 0x8200, 0x8200, 0x8200, 0x8200, 0xA300, 0x6200, 0x7444, 0x1B5E,
    0x1B5E, 0x7444, 0x6200, 0x4100, 0x123C, 0x9D66, 0xF233, 0xE408, 0x6609, 0xC811, 0x784D, 0x9033, 0xA300, 0x0501, 0xE400, 0xE400,
    0xE400, 0x0509, 0x8200, 0x323C, 0x333C, 0x2100, 0xA300, 0xA300, 0xA300, 0xA300, 0xA300, 0xA300, 0xA300, 0x6200, 0x7444, 0x1B5E,
    0x1B5E, 0x9444, 0x0000, 0x4A1A, 0x5C5E, 0x584D, 0x0509, 0x6200, 0x8200, 0x0000, 0xD133, 0x743C, 0x0000, 0x6200, 0x8200, 0x8300,
    0x8200, 0x4100, 0x2100, 0x174D, 0xED22, 0x2100, 0xA300, 0xA300, 0xA300, 0xA300, 0xA300, 0xA300, 0xA300, 0x6200, 0x7444, 0x1B5E,
    0x1B5E, 0x9444, 0x4100, 0x2509, 0x533C, 0x123C, 0x4100, 0xA300, 0xA300, 0x8200, 0x2509, 0xB955, 0x323C, 0x0509, 0x6200, 0x6200,
    0x8200, 0x2509, 0x743C, 0x584D, 0xC400, 0x8200, 0xA300, 0xA300, 0xA300, 0xA300, 0xA300, 0xA300, 0xA300, 0x6200, 0x7444, 0x1B5E,
    0x1B5E, 0x7444, 0x6200, 0x8200, 0x6200, 0x4609, 0xA300, 0xA300, 0xA300, 0xA300, 0x6200, 0x6609, 0xD544, 0x9955, 0xF64C, 0xD544,
    0x174D, 0xB955, 0x9444, 0x2509, 0x6200, 0xA300, 0xA300, 0xA300, 0xA300, 0xA300, 0xA300, 0xA300, 0xA300, 0x6200, 0x7444, 0x1B5E,
    0x1B5E, 0x7444, 0x6200, 0xA300, 0xA300, 0x8200, 0xA300, 0xA300, 0xA300, 0xA300, 0xA300, 0x6200, 0x6200, 0x8711, 0xAC22, 0xED22,
    0x6B1A, 0x6609, 0x4100, 0x8200, 0xA300, 0xA300, 0xA300, 0xA300, 0xA300, 0xA300, 0xA300, 0xA300, 0xA300, 0x6200, 0x7444, 0x1B5E,
    0x1B5E, 0x7444, 0x6200, 0xA300, 0xA300, 0xA300, 0xA300, 0xA300, 0xA300, 0xA300, 0xA300, 0xA300, 0xA300, 0x6200, 0x4100, 0x4100,
    0x4100, 0x8200, 0xA300, 0xA300, 0xA300, 0xA300, 0xA300, 0xA300, 0xA300, 0xA300, 0xA300, 0xA300, 0xC300, 0x6200, 0x7444, 0x1B5E,
    0x1B5E, 0x743C, 0x0000, 0x6200, 0x6200, 0x6200, 0x6200, 0x6200, 0x6200, 0x6200, 0x6200, 0x6200, 0x6200, 0x6200, 0x6200, 0x6200,
    0x6200, 0x6200, 0x6200, 0x6200, 0x6200, 0x6200, 0x6200, 0x6200, 0x6200, 0x6200, 0x6200, 0x6200, 0x6200, 0x0000, 0x743C, 0x1B5E,
    0xFA55, 0x7855, 0x7444, 0x9444, 0x7444, 0x7444, 0x7444, 0x7444, 0x7444, 0x7444, 0x7444, 0x7444, 0x7444, 0x7444, 0x7444, 0x7444,
    0x7444, 0x7444, 0x7444, 0x7444, 0x7444, 0x7444, 0x7444, 0x7444, 0x7444, 0x7444, 0x7444, 0x7444, 0x9444, 0x7444, 0x7855, 0xFA55,
    0xDA55, 0xDA55, 0x1B5E, 0x1B5E, 0x1B5E, 0x1B5E, 0x1B5E, 0x1B5E, 0x1B5E, 0x1B5E, 0x1B5E, 0x1B5E, 0x1B5E, 0x1B5E, 0x1B5E, 0x1B5E,
    0x1B5E, 0x1B5E, 0x1B5E, 0x1B5E, 0x1B5E, 0x1B5E, 0x1B5E, 0x1B5E, 0x1B5E, 0x1B5E, 0x1B5E, 0x1B5E, 0x1B5E, 0x1B5E, 0xDA55, 0xDA55
};

const uint16_t icon_mortar_sentry_stratagem_icon_background[] PROGMEM = {
    0xAA6C, 0xCA6C, 0xEB6C, 0xEB6C, 0xEB6C, 0xEB6C, 0xEB6C, 0xEB6C, 0xEB6C, 0xEB6C, 0xEB6C, 0xEB6C, 0xEB6C, 0xEB6C, 0xEB6C, 0xEB6C,
    0xEB6C, 0xEB6C, 0xEB6C, 0xEB6C, 0xEB6C, 0xEB6C, 0xEB6C, 0xEB6C, 0xEB6C, 0xEB6C, 0xEB6C, 0xEB6C, 0xEB6C, 0xEB6C, 0xCA6C, 0xAA6C,
    0xCA6C, 0x6A64, 0xA84B, 0xA853, 0xA853, 0xA853, 0xA853, 0xA853, 0xA853, 0xA853, 0xA853, 0xA853, 0xA853, 0xA853, 0xA853, 0xA853,
    0xA853, 0xA853, 0xA853, 0xA853, 0xA853, 0xA853, 0xA853, 0xA853, 0xA853, 0xA853, 0xA853, 0xA853, 0xA853, 0xA84B, 0x6A64, 0xCA6C,
    0xEB6C, 0xA753, 0x6000, 0xA000, 0x8000, 0x8000, 0x8000, 0x8000, 0x8000, 0x8000, 0x8000, 0x8000, 0x8000, 0x8000, 0x8000, 0x8000,
    0x8000, 0x8000, 0x8000, 0x8000, 0x8000, 0x8000, 0x8000, 0x8000, 0x8000, 0x8000, 0x8000, 0x8000, 0xA000, 0x6000, 0xA753, 0xEB6C,
    0xEB6C, 0xA853, 0xA000, 0xC008, 0xC008, 0xC008, 0xC008, 0xC008, 0xC008, 0xE008, 0xE008, 0xC008, 0xE008, 0xE008, 0xE008, 0xE008,
    0xC008, 0xC008, 0xC008, 0xE008, 0xE008, 0xE008, 0xE008, 0xE008, 0xE008, 0xE008, 0xE008, 0xE008, 0xC008, 0xA000, 0xA853, 0xEB6C,
    0xEB6C, 0xA853, 0x8000, 0xC008, 0xC008, 0xC008, 0xC008, 0xC008, 0xC008, 0x6000, 0x4000, 0xA000, 0x8000, 0x6000, 0x8000, 0x8000,
    0xA000, 0xC008, 0xA000, 0x6000, 0x6000, 0x8000, 0x8000, 0x8000, 0x8000, 0x8000, 0x8000, 0x8000, 0xC008, 0x8000, 0xA853, 0xEB6C,
    0xEB6C, 0xA853, 0x8000, 0xC008, 0xC008, 0xC008, 0xC008, 0xC008, 0x8000, 0xE84A, 0x6F84, 0x2111, 0x442A, 0xC53A, 0x8432, 0xE321,
    0x0111, 0x6000, 0xA219, 0x0643, 0xC53A, 0xA53A, 0xC53A, 0xA53A, 0xC53A, 0xA53A, 0xC53A, 0xA532, 0xE008, 0x8000, 0xA853, 0xEB6C,
    0xEB6C, 0xA853, 0x8000, 0xC008, 0xC008, 0xC008, 0xC008, 0xC008, 0xA000, 0xD8D6, 0xFFFF, 0xE952, 0x053B, 0x4C7D, 0xEB6C, 0xEB6C,
    0x6A64, 0x2643, 0x6219, 0x6432, 0x0B75, 0x0B75, 0xEB6C, 0xEB74, 0xEB74, 0xEB74, 0x0B75, 0xAA6C, 0x0009, 0x8000, 0xA853, 0xEB6C,
    0xEB6C, 0xA853, 0x8000, 0xC008, 0xC008, 0xC008, 0xC008, 0x8000, 0x2532, 0xDDFF, 0xDFFF, 0x53A5, 0x6111, 0xEB6C, 0x8A64, 0xAA6C,
    0xCA6C, 0xEB74, 0x8A64, 0xC221, 0x6111, 0x8A64, 0xCA6C, 0xAA6C, 0xAA6C, 0xAA6C, 0xCA6C, 0x6A64, 0x0009, 0x8000, 0xA853, 0xEB6C,
    0xEB6C, 0xA853, 0x8000, 0xC008, 0xC008, 0xC008, 0xE008, 0x4000, 0x6F84, 0xFFFF, 0xFDFF, 0x7BEF, 0x6219, 0x295C, 0xCB6C, 0xAA6C,
    0xAA6C, 0xAA64, 0xCA6C, 0x0B75, 0x0322, 0xA219, 0x8A64, 0x6964, 0x6A64, 0x6A64, 0x8A64, 0x295C, 0x0009, 0x8000, 0xA853, 0xEB6C,
    0xEB6C, 0xA853, 0x8000, 0xC008, 0xC008, 0xC008, 0xC008, 0xA000, 0xB8D6, 0xFEFF, 0xDDFF, 0xFFFF, 0xE952, 0xA432, 0x0B75, 0xAA64,
    0xAA6C, 0xAA6C, 0xAA6C, 0xAA6C, 0xEB6C, 0xA219, 0xC008, 0x0111, 0x0009, 0x0009, 0x0009, 0x0009, 0xC008, 0x8000, 0xA853, 0xEB6C,
    0xEB6C, 0xA853, 0x8000, 0xC008, 0xC008, 0xC008, 0x8000, 0x263A, 0xFEFF, 0xFDFF, 0xDDFF, 0xFFFF, 0x73AD, 0x8111, 0xEB6C, 0xAA6C,
    0xAA6C, 0xAA6C, 0xAA6C, 0xAA6C, 0xCB6C, 0x085C, 0xA000, 0xA000, 0xA000, 0xA000, 0xA000, 0xA000, 0xC008, 0x8000, 0xA853, 0xEB6C,
    0xEB6C, 0xA853, 0x8000, 0xC008, 0xC008, 0xE008, 0x4000, 0xEC73, 0xFFFF, 0xDDFF, 0xFDFF, 0xFEFF, 0x1AE7, 0x4111, 0x6964, 0xCA6C,
    0xAA6C, 0xAA6C, 0xAA6C, 0xAA6C, 0xAA64, 0xEB6C, 0x032A, 0x8000, 0xC008, 0xC008, 0xC008, 0xC008, 0xC008, 0x8000, 0xA853, 0xEB6C,
    0xEB6C, 0xA853, 0x8000, 0xC008, 0xC008, 0xC008, 0x8000, 0x263A, 0xFEFF, 0xFDFF, 0xDDFF, 0xFFFF, 0x73AD, 0x8111, 0xEB6C, 0xAA6C,
    0xAA6C, 0xAA6C, 0xAA6C, 0xAA6C, 0xAA6C, 0xEB6C, 0x474B, 0x8000, 0xC008, 0xC008, 0xC008, 0xC008, 0xC008, 0x8000, 0xA853, 0xEB6C,
    0xEB6C, 0xA853, 0x8000, 0xC008, 0xC008, 0xC008, 0xC008, 0xA000, 0xB8D6, 0xFEFF, 0xDDFF, 0xFFFF, 0xE952, 0xA432, 0x0B75, 0xAA64,
    0xAA6C, 0xAA6C, 0xAA6C, 0xAA6C, 0xAA6C, 0xCB6C, 0x085C, 0xC008, 0xC008, 0xC008, 0xC008, 0xC008, 0xC008, 0x8000, 0xA853, 0xEB6C,
    0xEB6C, 0xA853, 0x8000, 0xC008, 0xC008, 0xC008, 0xE008, 0x4000, 0x6F84, 0xFFFF, 0xFDFF, 0x7BEF, 0x6219, 0x295C, 0xCB6C, 0xAA6C,
    0xAA6C, 0xAA6C, 0xAA6C, 0xAA6C, 0xAA6C, 0xCA6C, 0x6964, 0x0009, 0xA000, 0xC008, 0xC008, 0xC008, 0xC008, 0x8000, 0xA853, 0xEB6C,
    0xEB6C, 0xA853, 0x8000, 0xC008, 0xC008, 0xC008, 0xC008, 0x8000, 0x2532, 0xDDFF, 0xFFFF, 0x53A5, 0x6111, 0xEB6C, 0x8A64, 0xAA64,
    0xAA64, 0xAA64, 0xAA64, 0xAA64, 0x8A64, 0xAA6C, 0x6964, 0x0009, 0xA000, 0xC008, 0xC008, 0xC008, 0xC008, 0x8000, 0xA853, 0xEB6C,
    0xEB6C, 0xA853, 0x8000, 0xC008, 0xC008, 0xC008, 0xC008, 0xC008, 0xA000, 0x97CE, 0xFFFF, 0xE952, 0x053B, 0x6C7D, 0xEB74, 0x0B75,
    0x0B75, 0x0B75, 0x0B75, 0x0B75, 0x0B75, 0x0B75, 0xAA6C, 0x0009, 0xA000, 0xC008, 0xC008, 0xC008, 0xC008, 0x8000, 0xA853, 0xEB6C,
    0xEB6C, 0xA853, 0x8000, 0xC008, 0xC008, 0xC008, 0xC008, 0xE008, 0x4000, 0xD094, 0xFEFF, 0x4219, 0xE321, 0x8432, 0x6432, 0x6432,
    0x6432, 0x6432, 0x6432, 0x6432, 0x6432, 0xC53A, 0xA532, 0xE008, 0xC000, 0xC008, 0xC008, 0xC008, 0xC008, 0x8000, 0xA853, 0xEB6C,
    0xEB6C, 0xA853, 0x8000, 0xC008, 0xC008, 0xC008, 0xC008, 0xE008, 0x2000, 0x4E84, 0xFDFF, 0x0111, 0x6432, 0x6432, 0x6432, 0x6432,
    0x6432, 0x6432, 0x6432, 0x6432, 0x442A, 0x8000, 0x6000, 0xC008, 0xC008, 0xC008, 0xC008, 0xC008, 0xC008, 0x8000, 0xA853, 0xEB6C,
    0xEB6C, 0xA853, 0x8000, 0xC008, 0xC008, 0xC008, 0xC008, 0xC008, 0x2000, 0x52A5, 0xFFFF, 0xC429, 0xE53A, 0x4C7D, 0xEB74, 0x0B75,
    0x0B75, 0x0B75, 0x0B75, 0x0B75, 0xCA6C, 0x2111, 0xC000, 0xC008, 0xC008, 0xC008, 0xC008, 0xC008, 0xC008, 0x8000, 0xA853, 0xEB6C,
    0xEB6C, 0xA853, 0x8000, 0xC008, 0xC008, 0xC008, 0xC008, 0x8000, 0x6E84, 0xFEFF, 0xFEFF, 0x1ADF, 0x6321, 0x2643, 0xEB74, 0xAA6C,
    0xAA6C, 0xAA6C, 0xAA6C, 0xCA6C, 0x6A64, 0x0009, 0xC000, 0xC008, 0xC008, 0xC008, 0xC008, 0xC008, 0xC008, 0x8000, 0xA853, 0xEB6C,
    0xEB6C, 0xA853, 0x8000, 0xC008, 0xC008, 0xC008, 0xA000, 0x2111, 0xBCF7, 0xDDFF, 0xBCF7, 0xFFFF, 0x2E7C, 0xE219, 0xCB6C, 0x495C,
    0x6964, 0x6964, 0x4964, 0x6964, 0x295C, 0xE008, 0xA000, 0xC008, 0xC008, 0xC008, 0xC008, 0xC008, 0xC008, 0x8000, 0xA853, 0xEB6C,
    0xEB6C, 0xA853, 0x8000, 0xC008, 0xC008, 0xC008, 0xA000, 0x4219, 0xFDFF, 0xFFFF, 0xFFFF, 0xFFFF, 0xB08C, 0x8000, 0x6219, 0x4111,
    0x4111, 0x4111, 0x4111, 0x4111, 0x4111, 0x0009, 0x0009, 0xA000, 0xC008, 0xC008, 0xC008, 0xC008, 0xC008, 0x8000, 0xA853, 0xEB6C,
    0xEB6C, 0xA853, 0x8000, 0xC008, 0xC008, 0xC008, 0xC000, 0xC008, 0xCD73, 0x0E7C, 0x0D7C, 0x2F7C, 0x0632, 0x232A, 0xAA6C, 0x495C,
    0x6964, 0x6964, 0x6964, 0x6964, 0x6964, 0x6964, 0x8A64, 0x6432, 0x8000, 0xC008, 0xC008, 0xC008, 0xC008, 0x8000, 0xA853, 0xEB6C,
    0xEB6C, 0xA853, 0x8000, 0xC008, 0xC008, 0xC008, 0x8000, 0xA219, 0x432A, 0x0222, 0x2322, 0x2222, 0x442A, 0xC853, 0xCB6C, 0xAA6C,
    0xAA6C, 0xAA6C, 0xAA6C, 0xAA6C, 0xAA6C, 0xAA6C, 0xAA6C, 0xCA6C, 0xE321, 0x6000, 0xC008, 0xC008, 0xC008, 0x8000, 0xA853, 0xEB6C,
    0xEB6C, 0xA853, 0x8000, 0xC008, 0xC008, 0xA000, 0xC321, 0xEB74, 0x6C7D, 0x6C7D, 0x6C7D, 0x6C7D, 0x4C7D, 0x0B75, 0xEB6C, 0xEB74,
    0xEB74, 0xEB74, 0xEB74, 0xEB74, 0xEB74, 0xEB74, 0xEB6C, 0x0B75, 0xEB6C, 0xC321, 0xA000, 0xC008, 0xC008, 0x8000, 0xA853, 0xEB6C,
    0xEB6C, 0xA853, 0x8000, 0xC008, 0xC008, 0xA000, 0x442A, 0xE53A, 0xA532, 0xA532, 0xA532, 0xA532, 0xA532, 0xA53A, 0xC53A, 0xA53A,
    0xC53A, 0xC53A, 0xC53A, 0xC53A, 0xC53A, 0xA53A, 0xC53A, 0xA532, 0xE53A, 0x442A, 0xA000, 0xC008, 0xC008, 0x8000, 0xA853, 0xEB6C,
    0xEB6C, 0xA853, 0x8000, 0xC008, 0xC008, 0xC008, 0x8000, 0x6000, 0x8000, 0x8000, 0x8000, 0x8000, 0x8000, 0x8000, 0x8000, 0x8000,
    0x8000, 0x8000, 0x8000, 0x8000, 0x8000, 0x8000, 0x8000, 0x8000, 0x6000, 0x8000, 0xC008, 0xC008, 0xC008, 0x8000, 0xA853, 0xEB6C,
    0xEB6C, 0xA853, 0xA000, 0xC008, 0xC008, 0xC008, 0xE008, 0xE008, 0xE008, 0xE008, 0xE008, 0xE008, 0xE008, 0xE008, 0xE008, 0xE008,
    0xE008, 0xE008, 0xE008, 0xE008, 0xE008, 0xE008, 0xE008, 0xE008, 0xE008, 0xE008, 0xC008, 0xC008, 0xC008, 0xA000, 0xA853, 0xEB6C,
    0xEB6C, 0xA753, 0x6000, 0xA000, 0x8000, 0x8000, 0x8000, 0x8000, 0x8000, 0x8000, 0x8000, 0x8000, 0x8000, 0x8000, 0x8000, 0x8000,
    0x8000, 0x8000, 0x8000, 0x8000, 0x8000, 0x8000, 0x8000, 0x8000, 0x8000, 0x8000, 0x8000, 0x8000, 0xA000, 0x6000, 0xA753, 0xEB6C,
    0xCA6C, 0x6A64, 0xA84B, 0xA853, 0xA853, 0xA853, 0xA853, 0xA853, 0xA853, 0xA853, 0xA853, 0xA853, 0xA853, 0xA853, 0xA853, 0xA853,
    0xA853, 0xA853, 0xA853, 0xA853, 0xA853, 0xA853, 0xA853, 0xA853, 0xA853, 0xA853, 0xA853, 0xA853, 0xA853, 0xA84B, 0x6A64, 0xCA6C,
    0xAA6C, 0xCA6C, 0xEB6C, 0xEB6C, 0xEB6C, 0xEB6C, 0xEB6C, 0xEB6C, 0xEB6C, 0xEB6C, 0xEB6C, 0xEB6C, 0xEB6C, 0xEB6C, 0xEB6C, 0xEB6C,
    0xEB6C, 0xEB6C, 0xEB6C, 0xEB6C, 0xEB6C, 0xEB6C, 0xEB6C, 0xEB6C, 0xEB6C, 0xEB6C, 0xEB6C, 0xEB6C, 0xEB6C, 0xEB6C, 0xCA6C, 0xAA6C
};

const uint16_t icon_one_true_flag_stratagem_icon_background[] PROGMEM = {
    0xDA55, 0xDA55, 0x1B5E, 0x1B5E, 0x1B5E, 0x1B5E, 0x1B5E, 0x1B5E, 0x1B5E, 0x1B5E, 0x1B5E, 0x1B5E, 0x1B5E, 0x1B5E, 0x1B5E, 0x1B5E,
    0x1B5E, 0x1B5E, 0x1B5E, 0x1B5E, 0x1B5E, 0x1B5E, 0x1B5E, 0x1B5E, 0x1B5E, 0x1B5E, 0x1B5E, 0x1B5E, 0x1B5E, 0x1B5E, 0xDA55, 0xDA55,
    0xFA55, 0x7855, 0x7444, 0x9444, 0x7444, 0x7444, 0x7444, 0x7444, 0x7444, 0x7444, 0x7444, 0x7444, 0x7444, 0x7444, 0x7444, 0x7444,
    0x7444, 0x7444, 0x7444, 0x7444, 0x7444, 0x7444, 0x7444, 0x7444, 0x7444, 0x7444, 0x7444, 0x7444, 0x9444, 0x7444, 0x7855, 0xFA55,
    0x1B5E, 0x743C, 0x0000, 0x6200, 0x6200, 0x6200, 0x6200, 0x6200, 0x6200, 0x6200, 0x6200, 0x6200, 0x6200, 0x6200, 0x6200, 0x6200,
    0x6200, 0x6200, 0x6200, 0x6200, 0x6200, 0x6200, 0x6200, 0x6200, 0x6200, 0x6200, 0x6200, 0x6200, 0x6200, 0x0000, 0x743C, 0x1B5E,
    0x1B5E, 0x7444, 0x6200, 0xC300, 0xA300, 0xA300, 0xA300, 0xA300, 0xA300, 0xA300, 0xA300, 0xA300, 0x8300, 0xA300, 0xA300, 0xA300,
    0xA300, 0xA300, 0xA300, 0x8300, 0xA300, 0xA300, 0xA300, 0xA300, 0xA300, 0xA300, 0xA300, 0xA300, 0xC300, 0x6200, 0x7444, 0x1B5E,
    0x1B5E, 0x7444, 0x6200, 0xA300, 0xA300, 0xA300, 0xA300, 0xA300, 0xA300, 0xA300, 0x8200, 0xE408, 0xE408, 0x6200, 0xA300, 0xA300,
    0xA300, 0xA300, 0x6200, 0xE408, 0xC308, 0x8200, 0xA300, 0xA300, 0xA300, 0xA300, 0xA300, 0xA300, 0xA300, 0x6200, 0x7444, 0x1B5E,
    0x1B5E, 0x7444, 0x6200, 0xA300, 0xA300, 0xA300, 0xA300, 0xA300, 0xA300, 0xA300, 0xA300, 0xA300, 0xF29C, 0x8621, 0x4100, 0xA300,
    0xA300, 0x4100, 0x8621, 0xF294, 0xA300, 0xA300, 0xA300, 0xA300, 0xA300, 0xA300, 0xA300, 0xA300, 0xA300, 0x6200, 0x7444, 0x1B5E,
    0x1B5E, 0x7444, 0x6200, 0xA300, 0xA300, 0xA300, 0xA300, 0xA300, 0xA300, 0xA300, 0xC300, 0x0100, 0x307C, 0x3BE7, 0xE410, 0x8200,
    0x6200, 0x0411, 0x3BE7, 0x307C, 0x0100, 0xC300, 0xA300, 0xA300, 0xA300, 0xA300, 0xA300, 0xA300, 0xA300, 0x6200, 0x7444, 0x1B5E,
    0x1B5E, 0x7444, 0x6200, 0xA300, 0xA300, 0xA300, 0xA300, 0xA300, 0xA300, 0xA300, 0xA300, 0x8300, 0xA300, 0x1BE7, 0x5BE7, 0xA308,
    0xE410, 0xFADE, 0x3BE7, 0xA300, 0x8300, 0xA300, 0xA300, 0xA300, 0xA300, 0xA300, 0xA300, 0xA300, 0xA300, 0x6200, 0x7444, 0x1B5E,
    0x1B5E, 0x7444, 0x6200, 0xA300, 0xA300, 0xA300, 0xA300, 0xA300, 0xA300, 0xA300, 0xA300, 0xA300, 0x2100, 0x493A, 0xD294, 0x4519,
    0xB9D6, 0xFEFF, 0xC729, 0x4200, 0xA300, 0xA300, 0xA300, 0xA300, 0xA300, 0xA300, 0xA300, 0xA300, 0xA300, 0x6200, 0x7444, 0x1B5E,
    0x1B5E, 0x7444, 0x6200, 0xA300, 0xA300, 0xA300, 0xA300, 0xA300, 0xA300, 0xA300, 0xA300, 0xA300, 0xC300, 0x2100, 0xA300, 0x99D6,
    0xFEFF, 0xE729, 0x0000, 0xC300, 0xA300, 0xA300, 0xA300, 0xA300, 0xA300, 0xA300, 0xA300, 0xA300, 0xA300, 0x6200, 0x7444, 0x1B5E,
    0x1B5E, 0x7444, 0x6200, 0xA300, 0xA300, 0xA300, 0xA300, 0xA300, 0xA300, 0xA300, 0x8200, 0x4100, 0x4100, 0x8629, 0xDAD6, 0xFEFF,
    0x483A, 0xCB52, 0x2832, 0x2100, 0x4100, 0x8200, 0xA300, 0xA300, 0xA300, 0xA300, 0xA300, 0xA300, 0xA300, 0x6200, 0x7444, 0x1B5E,
    0x1B5E, 0x7444, 0x6200, 0xA300, 0xA300, 0xA300, 0xA300, 0xA300, 0xA300, 0x8200, 0xE408, 0x95AD, 0x6942, 0xAA42, 0xBDF7, 0x483A,
    0xC300, 0xDDF7, 0xCA4A, 0x6942, 0x95AD, 0xE408, 0x8200, 0xA300, 0xA300, 0xA300, 0xA300, 0xA300, 0xA300, 0x6200, 0x7444, 0x1B5E,
    0x1B5E, 0x7444, 0x6200, 0xA300, 0xA300, 0xA300, 0xA300, 0xA300, 0xA300, 0x8300, 0xE410, 0xB9D6, 0xBDF7, 0x493A, 0xC308, 0x6200,
    0xC300, 0xC308, 0x483A, 0xBDF7, 0xD9D6, 0xE410, 0x8300, 0xA300, 0xA300, 0xA300, 0xA300, 0xA300, 0xA300, 0x6200, 0x7444, 0x1B5E,
    0x1B5E, 0x7444, 0x6200, 0xA300, 0xA300, 0xA300, 0xA300, 0xA300, 0xA300, 0x6200, 0xE410, 0x58C6, 0xFFFF, 0xFEFF, 0x493A, 0x6200,
    0x6200, 0x493A, 0xFEFF, 0xFFFF, 0x78CE, 0xE410, 0x6200, 0xA300, 0xA300, 0xA300, 0xA300, 0xA300, 0xA300, 0x6200, 0x7444, 0x1B5E,
    0x1B5E, 0x7444, 0x6200, 0xA300, 0xA300, 0xA300, 0xA300, 0xA300, 0x8200, 0x2519, 0x1BDF, 0xFEFF, 0x2C5B, 0x54A5, 0x0832, 0x6200,
    0x6200, 0x0832, 0x54A5, 0x2C5B, 0xFEFF, 0x1BE7, 0x2519, 0x8200, 0xA300, 0xA300, 0xA300, 0xA300, 0xA300, 0x6200, 0x7444, 0x1B5E,
    0x1B5E, 0x7444, 0x6200, 0xA300, 0xA300, 0xA300, 0xA300, 0xA300, 0x8200, 0x2511, 0xF6B5, 0xCA4A, 0x0000, 0x6200, 0x6200, 0xA300,
    0xA300, 0x6200, 0x6200, 0x0000, 0xAA4A, 0xF6B5, 0x2511, 0x8200, 0xA300, 0xA300, 0xA300, 0xA300, 0xA300, 0x6200, 0x7444, 0x1B5E,
    0x1B5E, 0x7444, 0x6200, 0x8200, 0x6200, 0x6200, 0x6200, 0x6200, 0x6200, 0x4100, 0x2100, 0x4100, 0x8200, 0x8200, 0x8200, 0x6200,
    0x6200, 0x8200, 0x8200, 0x8200, 0x4100, 0x4100, 0x4200, 0x8200, 0x8200, 0x6200, 0x4100, 0x4100, 0xA300, 0x6200, 0x7444, 0x1B5E,
    0x1B5E, 0x7444, 0x4100, 0x2509, 0x6609, 0x4609, 0x4609, 0x4609, 0x4609, 0x6609, 0x6609, 0x6609, 0x4609, 0x4609, 0x4609, 0x4609,
    0x4609, 0x4609, 0x4609, 0x6609, 0x6609, 0x2509, 0x0509, 0x0509, 0x2509, 0x4609, 0x2A1A, 0xE911, 0xE400, 0x4100, 0x7444, 0x1B5E,
    0x1B5E, 0x7444, 0x4100, 0x4A1A, 0xED22, 0xCD22, 0xED22, 0xED22, 0xED22, 0xED22, 0xED22, 0xED22, 0xED22, 0xED22, 0xED22, 0xED22,
    0xED22, 0xED22, 0xCD22, 0xED22, 0x7444, 0x533C, 0x333C, 0x333C, 0x533C, 0x533C, 0x533C, 0xF233, 0x6609, 0x4100, 0x9444, 0x1B5E,
    0x1B5E, 0x7444, 0x6200, 0x6200, 0x4100, 0x4100, 0x4100, 0x4100, 0x4100, 0x4100, 0x4100, 0x4100, 0x4100, 0x4100, 0x4100, 0x4100,
    0x4100, 0x4100, 0x4100, 0x6200, 0xD644, 0xFA55, 0xB955, 0xB955, 0xFA55, 0xD544, 0x8200, 0x4100, 0x8200, 0x6200, 0x7444, 0x1B5E,
    0x1B5E, 0x7444, 0x6200, 0xA300, 0xA300, 0xA300, 0xA300, 0xA300, 0xA300, 0xA300, 0xA300, 0xA300, 0xA300, 0xA300, 0xA300, 0xA300,
    0xA300, 0xA300, 0xA300, 0xC300, 0x164D, 0xFB5D, 0xDA55, 0xDA55, 0xFB5D, 0x164D, 0xA300, 0xA300, 0xA300, 0x6200, 0x7444, 0x1B5E,
    0x1B5E, 0x7444, 0x6200, 0xA300, 0xA300, 0xA300, 0xA300, 0xA300, 0xA300, 0xA300, 0xA300, 0xA300, 0xA300, 0xA300, 0xA300, 0xA300,
    0xA300, 0xA300, 0x8300, 0xA300, 0xF64C, 0xFB5D, 0xDA55, 0xDA55, 0xFB5D, 0xF64C, 0xA300, 0x8300, 0xA300, 0x6200, 0x7444, 0x1B5E,
    0x1B5E, 0x7444, 0x6200, 0xA300, 0xA300, 0xA300, 0xA300, 0xA300, 0xA300, 0xA300, 0xA300, 0xA300, 0xA300, 0xA300, 0xA300, 0xA300,
    0xA300, 0xA300, 0x8300, 0xA300, 0xF64C, 0xFB5D, 0xDA55, 0xDA55, 0xFB5D, 0xF64C, 0xA300, 0x8300, 0xA300, 0x6200, 0x7444, 0x1B5E,
    0x1B5E, 0x7444, 0x6200, 0xA300, 0xA300, 0xA300, 0xA300, 0xA300, 0xA300, 0xA300, 0xA300, 0xA300, 0xA300, 0xA300, 0xA300, 0xA300,
    0xA300, 0xA300, 0x8300, 0xA300, 0xF64C, 0xFB5D, 0xDA55, 0xDA55, 0xFB5D, 0xF64C, 0xA300, 0x8300, 0xA300, 0x6200, 0x7444, 0x1B5E,
    0x1B5E, 0x7444, 0x6200, 0xA300, 0xA300, 0xA300, 0xA300, 0xA300, 0xA300, 0xA300, 0xA300, 0xA300, 0xA300, 0xA300, 0xA300, 0xA300,
    0xA300, 0xA300, 0x8300, 0xA300, 0xF64C, 0xFB5D, 0xDA55, 0xDA55, 0xFB5D, 0xF64C, 0xA300, 0x8300, 0xA300, 0x6200, 0x7444, 0x1B5E,
    0x1B5E, 0x7444, 0x6200, 0xA300, 0xA300, 0xA300, 0xA300, 0xA300, 0xA300, 0xA300, 0xA300, 0xA300, 0xA300, 0xA300, 0xA300, 0xA300,
    0xA300, 0xA300, 0x8300, 0xA300, 0xF64C, 0xFB5D, 0xDA55, 0xDA55, 0xFB5D, 0xF64C, 0xA300, 0x8300, 0xA300, 0x6200, 0x7444, 0x1B5E,
    0x1B5E, 0x7444, 0x6200, 0xA300, 0xA300, 0xA300, 0xA300, 0xA300, 0xA300, 0xA300, 0xA300, 0xA300, 0xA300, 0xA300, 0xA300, 0xA300,
    0xA300, 0xA300, 0x8300, 0xA300, 0xF644, 0xFA55, 0xB955, 0xB955, 0xFA55, 0xF644, 0xA300, 0x8300, 0xA300, 0x6200, 0x7444, 0x1B5E,
    0x1B5E, 0x7444, 0x6200, 0xA300, 0xA300, 0xA300, 0xA300, 0xA300, 0xA300, 0xA300, 0xA300, 0xA300, 0xA300, 0xA300, 0xA300, 0xA300,
    0xA300, 0xA300, 0x8300, 0xA300, 0x584D, 0x7D5E, 0x3B5E, 0x3B5E, 0x7D5E, 0x584D, 0xA300, 0x8300, 0xA300, 0x6200, 0x7444, 0x1B5E,
    0x1B5E, 0x7444, 0x6200, 0xC300, 0xA300, 0xA300, 0xA300, 0xA300, 0xA300, 0xA300, 0xA300, 0xA300, 0xA300, 0xA300, 0xA300, 0xA300,
    0xA300, 0xA300, 0xA300, 0xA300, 0xCD22, 0x4F2B, 0x4E2B, 0x4E2B, 0x4F2B, 0xCD22, 0xA300, 0xA300, 0xC300, 0x6200, 0x7444, 0x1B5E,
    0x1B5E, 0x743C, 0x0000, 0x6200, 0x6200, 0x6200, 0x6200, 0x6200, 0x6200, 0x6200, 0x6200, 0x6200, 0x6200, 0x6200, 0x6200, 0x6200,
    0x6200, 0x6200, 0x6200, 0x6200, 0x0000, 0x0000, 0x0000, 0x0000, 0x0000, 0x0000, 0x6200, 0x6200, 0x6200, 0x0000, 0x743C, 0x1B5E,
    0xFA55, 0x7855, 0x7444, 0x9444, 0x7444, 0x7444, 0x7444, 0x7444, 0x7444, 0x7444, 0x7444, 0x7444, 0x7444, 0x7444, 0x7444, 0x7444,
    0x7444, 0x7444, 0x7444, 0x7444, 0x9444, 0x9444, 0x9444, 0x9444, 0x9444, 0x9444, 0x7444, 0x7444, 0x9444, 0x7444, 0x7855, 0xFA55,
    0xDA55, 0xDA55, 0x1B5E, 0x1B5E, 0x1B5E, 0x1B5E, 0x1B5E, 0x1B5E, 0x1B5E, 0x1B5E, 0x1B5E, 0x1B5E, 0x1B5E, 0x1B5E, 0x1B5E, 0x1B5E,
    0x1B5E, 0x1B5E, 0x1B5E, 0x1B5E, 0x1B5E, 0x1B5E, 0x1B5E, 0x1B5E, 0x1B5E, 0x1B5E, 0x1B5E, 0x1B5E, 0x1B5E, 0x1B5E, 0xDA55, 0xDA55
};

const uint16_t icon_orbital_120mm_he_barrage_stratagem_icon_background[] PROGMEM = {
    0x2ADB, 0x2ADB, 0x4BEB, 0x4BE3, 0x4BE3, 0x4BE3, 0x4BE3, 0x4BE3, 0x4BE3, 0x4BE3, 0x4BE3, 0x4BE3, 0x4BE3, 0x4BE3, 0x4BE3, 0x4BE3,
    0x4BE3, 0x4BE3, 0x4BE3, 0x4BE3, 0x4BE3, 0x4BE3, 0x4BE3, 0x4BE3, 0x4BE3, 0x4BE3, 0x4BE3, 0x4BE3, 0x4BE3, 0x4BEB, 0x2ADB, 0x2ADB,
    0x2ADB, 0xEAD2, 0x48AA, 0x68AA, 0x68AA, 0x68AA, 0x68AA, 0x68AA, 0x68AA, 0x68AA, 0x68AA, 0x68AA, 0x68AA, 0x68AA, 0x68AA, 0x68AA,
    0x68AA, 0x68AA, 0x68AA, 0x68AA, 0x68AA, 0x68AA, 0x68AA, 0x68AA, 0x68AA, 0x68AA, 0x68AA, 0x68AA, 0x68AA, 0x48AA, 0xEAD2, 0x2ADB,
    0x4BEB, 0x47AA, 0x0000, 0x0010, 0x0008, 0x0008, 0x0008, 0x0008, 0x0008, 0x0008, 0x0008, 0x0008, 0x0008, 0x0008, 0x0008, 0x0008,
    0x0008, 0x0008, 0x0008, 0x0008, 0x0008, 0x0008, 0x0008, 0x0008, 0x0008, 0x0008, 0x0008, 0x0008, 0x0010, 0x0000, 0x47AA, 0x4BEB,
    0x4BE3, 0x68AA, 0x0010, 0x2018, 0x2018, 0x2018, 0x2018, 0x2018, 0x2018, 0x2018, 0x2018, 0x2018, 0x2018, 0x2018, 0x2018, 0x2018,
    0x2018, 0x2018, 0x2018, 0x2018, 0x2018, 0x2018, 0x2018, 0x2018, 0x2018, 0x2018, 0x2018, 0x2018, 0x2018, 0x0010, 0x68AA, 0x4BE3,
    0x4BE3, 0x68AA, 0x0008, 0x2018, 0x0018, 0x0018, 0x0018, 0x0018, 0x0018, 0x0018, 0x0018, 0x0018, 0x0018, 0x0018, 0x0018, 0x0018,
    0x0018, 0x0018, 0x0018, 0x0018, 0x0018, 0x0018, 0x0018, 0x0018, 0x0018, 0x0018, 0x0018, 0x0018, 0x2018, 0x0008, 0x68AA, 0x4BE3,
    0x4BE3, 0x68AA, 0x0008, 0x2018, 0x0018, 0x0018, 0x0018, 0x0018, 0x2018, 0x2018, 0x2018, 0x2018, 0x0018, 0x0018, 0x2018, 0x2018,
    0x2018, 0x2018, 0x0018, 0x0018, 0x2018, 0x2018, 0x2018, 0x2018, 0x0018, 0x0018, 0x0018, 0x0018, 0x2018, 0x0008, 0x68AA, 0x4BE3,
    0x4BE3, 0x68AA, 0x0008, 0x2018, 0x0018, 0x0018, 0x0018, 0x0018, 0x0010, 0x0010, 0x0010, 0x0010, 0x0018, 0x0018, 0x0010, 0x0010,
    0x0010, 0x0010, 0x0018, 0x0018, 0x0010, 0x0010, 0x0010, 0x0010, 0x0018, 0x0018, 0x0018, 0x0018, 0x2018, 0x0008, 0x68AA, 0x4BE3,
    0x4BE3, 0x68AA, 0x0008, 0x2018, 0x0018, 0x0018, 0x0018, 0x0018, 0x6120, 0xC228, 0xC228, 0x6120, 0x0018, 0x0018, 0x6120, 0xC228,
    0xC228, 0x6120, 0x0018, 0x0018, 0x6120, 0xC228, 0xC228, 0x6120, 0x0018, 0x0018, 0x0018, 0x0018, 0x2018, 0x0008, 0x68AA, 0x4BE3,
    0x4BE3, 0x68AA, 0x0008, 0x2018, 0x0018, 0x0018, 0x2018, 0x0008, 0x6C7B, 0xDADE, 0xDADE, 0x6C7B, 0x0008, 0x0008, 0x6C7B, 0xDADE,
    0xDADE, 0x6C7B, 0x0008, 0x0008, 0x6C7B, 0xDADE, 0xDADE, 0x6C7B, 0x0008, 0x2018, 0x0018, 0x0018, 0x2018, 0x0008, 0x68AA, 0x4BE3,
    0x4BE3, 0x68AA, 0x0008, 0x2018, 0x0018, 0x0018, 0x2018, 0x0010, 0xA228, 0x4439, 0x4439, 0xA228, 0x0010, 0x0010, 0xA228, 0x4439,
    0x4439, 0xA228, 0x0010, 0x0010, 0xA228, 0x4439, 0x4439, 0xA228, 0x0010, 0x2018, 0x0018, 0x0018, 0x2018, 0x0008, 0x68AA, 0x4BE3,
    0x4BE3, 0x68AA, 0x0008, 0x2018, 0x0018, 0x0018, 0x2018, 0x0008, 0xAD83, 0x5CEF, 0x5CEF, 0xAD83, 0x0008, 0x0008, 0xAD83, 0x5CEF,
    0x5CEF, 0xAD83, 0x0008, 0x0008, 0xAD83, 0x5CEF, 0x5CEF, 0xAD83, 0x0008, 0x2018, 0x0018, 0x0018, 0x2018, 0x0008, 0x68AA, 0x4BE3,
    0x4BE3, 0x68AA, 0x0008, 0x2018, 0x0018, 0x0018, 0x2018, 0x0008, 0x2F8C, 0xFFFF, 0xFFFF, 0x2F8C, 0x0008, 0x0008, 0x2F8C, 0xFFFF,
    0xFFFF, 0x2F8C, 0x0008, 0x0008, 0x2F8C, 0xFFFF, 0xFFFF, 0x2F8C, 0x0008, 0x2018, 0x0018, 0x0018, 0x2018, 0x0008, 0x68AA, 0x4BE3,
    0x4BE3, 0x68AA, 0x0008, 0x2018, 0x0018, 0x0018, 0x2018, 0x0008, 0xEE8B, 0xFFFF, 0xFFFF, 0xEE8B, 0x0008, 0x0008, 0xEE8B, 0xFFFF,
    0xFFFF, 0xEE8B, 0x0008, 0x0008, 0xEE8B, 0xFFFF, 0xFFFF, 0xEE8B, 0x0008, 0x2018, 0x0018, 0x0018, 0x2018, 0x0008, 0x68AA, 0x4BE3,
    0x4BE3, 0x68AA, 0x0008, 0x2018, 0x0018, 0x0018, 0x2018, 0x0000, 0x2F94, 0xFFFF, 0xFFFF, 0x2F94, 0x0008, 0x0008, 0x2F94, 0xFFFF,
    0xFFFF, 0x2F94, 0x0008, 0x0008, 0x2F94, 0xFFFF, 0xFFFF, 0x2F94, 0x0000, 0x2018, 0x0018, 0x0018, 0x2018, 0x0008, 0x68AA, 0x4BE3,
    0x4BE3, 0x68AA, 0x0008, 0x2018, 0x0018, 0x0018, 0x2018, 0x0008, 0x0B6B, 0xFEFF, 0xFEFF, 0x0B73, 0x0008, 0x0008, 0x0B6B, 0xFEFF,
    0xFEFF, 0x0B73, 0x0008, 0x0008, 0x0B6B, 0xFEFF, 0xFEFF, 0x0B73, 0x0008, 0x2018, 0x0018, 0x0018, 0x2018, 0x0008, 0x68AA, 0x4BE3,
    0x4BE3, 0x68AA, 0x0008, 0x2018, 0x0018, 0x0018, 0x2018, 0x0010, 0x6120, 0xBCF7, 0xBCF7, 0x6120, 0x0010, 0x0018, 0x6120, 0xBCF7,
    0xBCF7, 0x6120, 0x0018, 0x0010, 0x6120, 0xBCF7, 0xBCF7, 0x6120, 0x0010, 0x2018, 0x0018, 0x0018, 0x2018, 0x0008, 0x68AA, 0x4BE3,
    0x4BE3, 0x68AA, 0x0008, 0x2018, 0x0018, 0x0018, 0x2018, 0x0010, 0x8120, 0x9CF7, 0x9CF7, 0x8120, 0x0018, 0x0008, 0x8120, 0x9CF7,
    0x9CF7, 0x8120, 0x0008, 0x0018, 0x8120, 0x9CF7, 0x9CF7, 0x8120, 0x0010, 0x2018, 0x0018, 0x0018, 0x2018, 0x0008, 0x68AA, 0x4BE3,
    0x4BE3, 0x68AA, 0x0008, 0x2018, 0x0018, 0x0018, 0x2018, 0x0010, 0xA228, 0xBCF7, 0xBCF7, 0xA228, 0x0008, 0xA240, 0xC230, 0x9CF7,
    0x9CF7, 0xC230, 0xA240, 0x0008, 0xA228, 0xBCF7, 0xBCF7, 0xA228, 0x0010, 0x2018, 0x0018, 0x0018, 0x2018, 0x0008, 0x68AA, 0x4BE3,
    0x4BE3, 0x68AA, 0x0008, 0x2018, 0x0018, 0x0018, 0x2018, 0x0010, 0x4010, 0x7BEF, 0x7BF7, 0x2010, 0x6471, 0x0AD3, 0x6128, 0x5BEF,
    0x5BEF, 0x6128, 0x0ADB, 0x6471, 0x2010, 0x7BEF, 0x7BEF, 0x4010, 0x0010, 0x2018, 0x0018, 0x0018, 0x2018, 0x0008, 0x68AA, 0x4BE3,
    0x4BE3, 0x68AA, 0x0008, 0x2018, 0x0018, 0x0018, 0x0010, 0x2018, 0x6128, 0x0B6B, 0xEA62, 0xA248, 0x4BEB, 0x4BE3, 0xE258, 0xCA62,
    0xEA62, 0xE260, 0x4BE3, 0x4BEB, 0xA248, 0xCA62, 0x0B6B, 0x6128, 0x2018, 0x0010, 0x0018, 0x0018, 0x2018, 0x0008, 0x68AA, 0x4BE3,
    0x4BE3, 0x68AA, 0x0008, 0x2018, 0x0018, 0x2018, 0x2018, 0x079A, 0x6BF3, 0x6130, 0x2020, 0x2AE3, 0x6BEB, 0x4BEB, 0x6BEB, 0x6130,
    0x6130, 0x6BEB, 0x4BEB, 0x6BEB, 0x2AE3, 0x2020, 0x6138, 0x6BF3, 0x079A, 0x2018, 0x2018, 0x0018, 0x2018, 0x0008, 0x68AA, 0x4BE3,
    0x4BE3, 0x68AA, 0x0008, 0x2018, 0x2018, 0x0008, 0xC248, 0x68AA, 0x68AA, 0xE348, 0xE348, 0x68AA, 0x279A, 0x279A, 0x68AA, 0x0351,
    0x0351, 0x68AA, 0x279A, 0x279A, 0x68AA, 0xE348, 0xE350, 0x68AA, 0x48AA, 0xC248, 0x0008, 0x2018, 0x2018, 0x0008, 0x68AA, 0x4BE3,
    0x4BE3, 0x68AA, 0x0008, 0x2018, 0x0010, 0x6128, 0xE348, 0xA240, 0x8138, 0x2018, 0xC248, 0xA240, 0xC240, 0xA240, 0xC240, 0x6128,
    0x6128, 0xC240, 0xA240, 0xC240, 0xA240, 0xC248, 0x2018, 0x8138, 0xA240, 0xE348, 0x6128, 0x0010, 0x2018, 0x0008, 0x68AA, 0x4BE3,
    0x4BE3, 0x68AA, 0x0008, 0x2018, 0x0010, 0x68B2, 0x4BEB, 0x8BF3, 0x279A, 0xE248, 0x6BEB, 0x4BE3, 0x4BE3, 0x2BE3, 0x8CFB, 0x6469,
    0x6471, 0x8CFB, 0x2BE3, 0x4BE3, 0x4BE3, 0x6BEB, 0xC248, 0x279A, 0x6BF3, 0x4BEB, 0x68B2, 0x0010, 0x2018, 0x0008, 0x68AA, 0x4BE3,
    0x4BE3, 0x68AA, 0x0010, 0x0010, 0xE248, 0x4BE3, 0x0AD3, 0x4BEB, 0x2359, 0x8579, 0x6BEB, 0x0AD3, 0x0ADB, 0x0AD3, 0x6BEB, 0x6469,
    0x6469, 0x6BEB, 0x0AD3, 0x0ADB, 0x0AD3, 0x6BEB, 0x8571, 0x2359, 0x4BEB, 0x0AD3, 0x4BE3, 0xE248, 0x0010, 0x0010, 0x68AA, 0x4BE3,
    0x4BE3, 0x68AA, 0x0010, 0x0008, 0xE689, 0x4BEB, 0x0AD3, 0x4BE3, 0xA240, 0x27A2, 0x4BEB, 0x0ADB, 0x2ADB, 0x0ADB, 0x6BEB, 0x6469,
    0x6469, 0x6BEB, 0x0ADB, 0x2ADB, 0x0ADB, 0x4BEB, 0x279A, 0xC240, 0x4BE3, 0x0AD3, 0x4BEB, 0xE689, 0x0008, 0x0010, 0x68AA, 0x4BE3,
    0x4BE3, 0x68AA, 0x0010, 0x0018, 0x68B2, 0x2AE3, 0x0ADB, 0x0AD3, 0x8138, 0x88B2, 0x2AE3, 0x0AD3, 0x0ADB, 0x0AD3, 0x4BEB, 0x4469,
    0x4469, 0x4BEB, 0x0AD3, 0x0ADB, 0x0AD3, 0x2AE3, 0x88B2, 0x8138, 0x0AD3, 0x0ADB, 0x2AE3, 0x68B2, 0x0010, 0x0010, 0x68AA, 0x4BE3,
    0x4BE3, 0x68AA, 0x0008, 0x4020, 0x0AD3, 0x6BEB, 0x6BEB, 0x2ADB, 0x8130, 0x0AD3, 0x6BF3, 0x4BEB, 0x4BEB, 0x4BEB, 0xACFB, 0x6471,
    0x6571, 0xACFB, 0x4BEB, 0x4BEB, 0x4BEB, 0x6BF3, 0xEAD2, 0x8130, 0x2ADB, 0x6BEB, 0x6BEB, 0x0AD3, 0x4020, 0x0008, 0x68AA, 0x4BE3,
    0x4BE3, 0x68AA, 0x0008, 0x4020, 0x8571, 0xA579, 0xA579, 0x8571, 0x4028, 0x8571, 0xA579, 0xA579, 0xA579, 0x8579, 0xC681, 0xC240,
    0xC240, 0xC681, 0x8579, 0xA579, 0xA579, 0xA579, 0x8571, 0x4028, 0x8571, 0xA579, 0xA579, 0x8571, 0x4020, 0x0008, 0x68AA, 0x4BE3,
    0x4BEB, 0x47AA, 0x0000, 0x0010, 0x0000, 0x0000, 0x0000, 0x0000, 0x0008, 0x0000, 0x0000, 0x0000, 0x0000, 0x0000, 0x0000, 0x0008,
    0x0008, 0x0000, 0x0000, 0x0000, 0x0000, 0x0000, 0x0000, 0x0008, 0x0000, 0x0000, 0x0000, 0x0000, 0x0010, 0x0000, 0x47AA, 0x4BEB,
    0x2ADB, 0xEAD2, 0x48AA, 0x68AA, 0x68AA, 0x68AA, 0x68AA, 0x68AA, 0x68AA, 0x68AA, 0x68AA, 0x68AA, 0x68AA, 0x68AA, 0x68AA, 0x68AA,
    0x68AA, 0x68AA, 0x68AA, 0x68AA, 0x68AA, 0x68AA, 0x68AA, 0x68AA, 0x68AA, 0x68AA, 0x68AA, 0x68AA, 0x68AA, 0x48AA, 0xEAD2, 0x2ADB,
    0x2ADB, 0x2ADB, 0x4BEB, 0x4BE3, 0x4BE3, 0x4BE3, 0x4BE3, 0x4BE3, 0x4BE3, 0x4BE3, 0x4BE3, 0x4BE3, 0x4BE3, 0x4BE3, 0x4BE3, 0x4BE3,
    0x4BE3, 0x4BE3, 0x4BE3, 0x4BE3, 0x4BE3, 0x4BE3, 0x4BE3, 0x4BE3, 0x4BE3, 0x4BE3, 0x4BE3, 0x4BE3, 0x4BE3, 0x4BEB, 0x2ADB, 0x2ADB
};

const uint16_t icon_orbital_380mm_he_barrage_stratagem_icon_background[] PROGMEM = {
    0x2ADB, 0x2ADB, 0x4BEB, 0x4BE3, 0x4BE3, 0x4BE3, 0x4BE3, 0x4BE3, 0x4BE3, 0x4BE3, 0x4BE3, 0x4BE3, 0x4BE3, 0x4BE3, 0x4BE3, 0x4BE3,
    0x4BE3, 0x4BE3, 0x4BE3, 0x4BE3, 0x4BE3, 0x4BE3, 0x4BE3, 0x4BE3, 0x4BE3, 0x4BE3, 0x4BE3, 0x4BE3, 0x4BE3, 0x4BEB, 0x2ADB, 0x2ADB,
    0x2ADB, 0xEAD2, 0x48AA, 0x68AA, 0x68AA, 0x68AA, 0x68AA, 0x68AA, 0x68AA, 0x68AA, 0x68AA, 0x68AA, 0x68AA, 0x68AA, 0x68AA, 0x68AA,
    0x68AA, 0x68AA, 0x68AA, 0x68AA, 0x68AA, 0x68AA, 0x68AA, 0x68AA, 0x68AA, 0x68AA, 0x68AA, 0x68AA, 0x68AA, 0x48AA, 0xEAD2, 0x2ADB,
    0x4BEB, 0x47AA, 0x0000, 0x0010, 0x0008, 0x0008, 0x0008, 0x0008, 0x0008, 0x0008, 0x0008, 0x0008, 0x0008, 0x0008, 0x0008, 0x0008,
    0x0008, 0x0008, 0x0008, 0x0008, 0x0008, 0x0008, 0x0008, 0x0008, 0x0008, 0x0008, 0x0008, 0x0008, 0x0010, 0x0000, 0x47AA, 0x4BEB,
    0x4BE3, 0x68AA, 0x0010, 0x2018, 0x2018, 0x2018, 0x2018, 0x2018, 0x2018, 0x4018, 0x4018, 0x4018, 0x4018, 0x2018, 0x2018, 0x2018,
    0x2018, 0x2018, 0x2018, 0x2018, 0x2018, 0x2018, 0x2018, 0x2018, 0x2018, 0x2018, 0x2018, 0x2018, 0x2018, 0x0010, 0x68AA, 0x4BE3,
    0x4BE3, 0x68AA, 0x0008, 0x2018, 0x0018, 0x0018, 0x0018, 0x0018, 0x0018, 0x0000, 0x0000, 0x0000, 0x0000, 0x0018, 0x0018, 0x0018,
    0x0018, 0x0018, 0x0018, 0x0018, 0x0018, 0x0018, 0x0018, 0x0018, 0x0018, 0x0018, 0x0018, 0x0018, 0x2018, 0x0008, 0x68AA, 0x4BE3,
    0x4BE3, 0x68AA, 0x0008, 0x2018, 0x0018, 0x0018, 0x2018, 0x0010, 0x6120, 0x709C, 0xD1A4, 0xD1A4, 0x709C, 0x6120, 0x0018, 0x2018,
    0x2018, 0x2018, 0x0018, 0x0018, 0x0018, 0x0018, 0x0018, 0x0018, 0x0018, 0x0018, 0x0018, 0x0018, 0x2018, 0x0008, 0x68AA, 0x4BE3,
    0x4BE3, 0x68AA, 0x0008, 0x2018, 0x0018, 0x0018, 0x2018, 0x0010, 0x4120, 0xCE83, 0x0F8C, 0x0F8C, 0xCE83, 0x4120, 0x0008, 0x0008,
    0x0008, 0x0008, 0x0018, 0x0018, 0x0018, 0x0018, 0x0018, 0x0018, 0x0018, 0x0018, 0x0018, 0x0018, 0x2018, 0x0008, 0x68AA, 0x4BE3,
    0x4BE3, 0x68AA, 0x0008, 0x2018, 0x0018, 0x0018, 0x0018, 0x0010, 0x4018, 0x0B73, 0x4C73, 0x4C73, 0x0B6B, 0xA228, 0xF6C5, 0x78D6,
    0x78D6, 0xF6C5, 0x8120, 0x0010, 0x2018, 0x2018, 0x2018, 0x0018, 0x0018, 0x0018, 0x0018, 0x0018, 0x2018, 0x0008, 0x68AA, 0x4BE3,
    0x4BE3, 0x68AA, 0x0008, 0x2018, 0x0018, 0x0018, 0x2018, 0x0010, 0xA228, 0xFEFF, 0xFFFF, 0xFFFF, 0xFEFF, 0xC228, 0xE749, 0x2852,
    0x2852, 0x0752, 0x2018, 0x0010, 0x0010, 0x0010, 0x0010, 0x0018, 0x0018, 0x0018, 0x0018, 0x0018, 0x2018, 0x0008, 0x68AA, 0x4BE3,
    0x4BE3, 0x68AA, 0x0008, 0x2018, 0x0018, 0x0018, 0x2018, 0x0010, 0x8220, 0x5BEF, 0xDDFF, 0xDDFF, 0x3BEF, 0xE330, 0xF2A4, 0x74B5,
    0x74B5, 0x12AD, 0x6120, 0xA228, 0xC228, 0xC228, 0xA228, 0x2018, 0x0018, 0x0018, 0x0018, 0x0018, 0x2018, 0x0008, 0x68AA, 0x4BE3,
    0x4BE3, 0x68AA, 0x0008, 0x2018, 0x0018, 0x0018, 0x2018, 0x0010, 0xA228, 0x9CF7, 0xFEFF, 0xFEFF, 0x7BEF, 0x2439, 0xDDFF, 0xFFFF,
    0xFFFF, 0xDDFF, 0x0331, 0x57CE, 0xD9DE, 0xD9DE, 0x77D6, 0x8120, 0x0010, 0x2018, 0x0018, 0x0018, 0x2018, 0x0008, 0x68AA, 0x4BE3,
    0x4BE3, 0x68AA, 0x0008, 0x2018, 0x0018, 0x0018, 0x2018, 0x0010, 0x6120, 0x3AE7, 0xFEFF, 0xFEFF, 0x1AE7, 0xE330, 0x5BEF, 0xFDFF,
    0xFDFF, 0x5BEF, 0xA228, 0x0431, 0x4439, 0x4439, 0x2439, 0x2018, 0x0018, 0x0018, 0x0018, 0x0018, 0x2018, 0x0008, 0x68AA, 0x4BE3,
    0x4BE3, 0x68AA, 0x0008, 0x2018, 0x0018, 0x0018, 0x0018, 0x2018, 0x0008, 0x909C, 0xFFFF, 0xFFFF, 0x7094, 0x0018, 0xBCFF, 0xFEFF,
    0xFEFF, 0x7BF7, 0x2431, 0xB9DE, 0x5BEF, 0x5BEF, 0xD9DE, 0x8120, 0x0010, 0x2018, 0x0018, 0x0018, 0x2018, 0x0008, 0x68AA, 0x4BE3,
    0x4BE3, 0x68AA, 0x0008, 0x2018, 0x0018, 0x0018, 0x0018, 0x2018, 0x0008, 0xEE8B, 0xFFFF, 0xFFFF, 0xEE8B, 0x0008, 0xB9DE, 0xFEFF,
    0xFEFF, 0x78D6, 0xA228, 0x9CF7, 0xFEFF, 0xFEFF, 0xBCF7, 0x8228, 0x0010, 0x2018, 0x0018, 0x0018, 0x2018, 0x0008, 0x68AA, 0x4BE3,
    0x4BE3, 0x68AA, 0x0008, 0x2018, 0x0018, 0x0018, 0x0018, 0x2018, 0x0008, 0x0F8C, 0xFFFF, 0xFFFF, 0x2F94, 0x0000, 0x4F94, 0xFFFF,
    0xFFFF, 0x0E8C, 0x0010, 0x9CF7, 0xFEFF, 0xFEFF, 0x7BEF, 0x8228, 0x0010, 0x2018, 0x0018, 0x0018, 0x2018, 0x0008, 0x68AA, 0x4BE3,
    0x4BE3, 0x68AA, 0x0008, 0x2018, 0x0018, 0x0018, 0x0018, 0x2018, 0x0008, 0x0E8C, 0xFFFF, 0xFFFF, 0x2F8C, 0x0000, 0x2F8C, 0xFFFF,
    0xFFFF, 0xEE83, 0x0018, 0xBCFF, 0xFEFF, 0xFEFF, 0x9CF7, 0x8228, 0x0010, 0x2018, 0x0018, 0x0018, 0x2018, 0x0008, 0x68AA, 0x4BE3,
    0x4BE3, 0x68AA, 0x0008, 0x2018, 0x0018, 0x0018, 0x0018, 0x2018, 0x0000, 0x2F94, 0xFFFF, 0xFFFF, 0x5094, 0x0000, 0x2F94, 0xFFFF,
    0xFFFF, 0x0F8C, 0x0000, 0x16C6, 0xFEFF, 0xFEFF, 0xF5C5, 0x2010, 0x2018, 0x0018, 0x0018, 0x0018, 0x2018, 0x0008, 0x68AA, 0x4BE3,
    0x4BE3, 0x68AA, 0x0008, 0x2018, 0x0018, 0x0018, 0x0018, 0x2018, 0x0010, 0x0429, 0x1AE7, 0x3BEF, 0x2431, 0x0010, 0x2F8C, 0xFFFF,
    0xFFFF, 0x4F94, 0x0000, 0x0F8C, 0xFFFF, 0xFFFF, 0xEE8B, 0x0008, 0x4018, 0x0018, 0x0018, 0x0018, 0x2018, 0x0008, 0x68AA, 0x4BE3,
    0x4BE3, 0x68AA, 0x0008, 0x2018, 0x0018, 0x0018, 0x0018, 0x0018, 0x0010, 0x4020, 0x6441, 0x0329, 0x6471, 0x0361, 0x6C73, 0xFFFF,
    0xFFFF, 0xCE83, 0x0000, 0x2F94, 0xFFFF, 0xFFFF, 0x0F8C, 0x0000, 0x2018, 0x0018, 0x0018, 0x0018, 0x2018, 0x0008, 0x68AA, 0x4BE3,
    0x4BE3, 0x68AA, 0x0008, 0x2018, 0x0018, 0x0018, 0x0010, 0x0008, 0x6469, 0x6BEB, 0xA240, 0xA240, 0x8CF3, 0x68B2, 0x4118, 0xD5BD,
    0xD5BD, 0x8230, 0x8138, 0xEE83, 0xFFFF, 0xFFFF, 0xEE8B, 0x2020, 0x2018, 0x0010, 0x0018, 0x0018, 0x2018, 0x0008, 0x68AA, 0x4BE3,
    0x4BE3, 0x68AA, 0x0008, 0x2018, 0x0018, 0x2018, 0x2018, 0x0692, 0xACFB, 0xA8BA, 0xA238, 0x2BE3, 0x4BEB, 0x8CF3, 0x68BA, 0x8128,
    0x6128, 0xC9CA, 0x4479, 0xEE83, 0xFFFF, 0xFFFF, 0xEE83, 0x2379, 0x68AA, 0x2010, 0x2018, 0x0018, 0x2018, 0x0008, 0x68AA, 0x4BE3,
    0x4BE3, 0x68AA, 0x0008, 0x2018, 0x2018, 0x0008, 0xC240, 0x68AA, 0x48AA, 0xE248, 0xE248, 0x68AA, 0x279A, 0x079A, 0x88B2, 0xE248,
    0xE248, 0xC9C2, 0x8140, 0xCA5A, 0xFFFF, 0xFFFF, 0xEA62, 0xA148, 0xA9BA, 0xC240, 0x0008, 0x2018, 0x2018, 0x0008, 0x68AA, 0x4BE3,
    0x4BE3, 0x68AA, 0x0008, 0x2018, 0x0010, 0x6128, 0xE348, 0xA240, 0x8138, 0x2018, 0xC248, 0xA240, 0xC240, 0xA240, 0xC240, 0x6128,
    0x6128, 0xC240, 0xE348, 0x4020, 0x2F8C, 0x2F8C, 0x0008, 0xC240, 0xA240, 0xE348, 0x6128, 0x0010, 0x2018, 0x0008, 0x68AA, 0x4BE3,
    0x4BE3, 0x68AA, 0x0008, 0x2018, 0x0010, 0x68B2, 0x4BEB, 0x8BF3, 0x279A, 0xE248, 0x6BEB, 0x4BE3, 0x4BE3, 0x2BE3, 0x8CFB, 0x6469,
    0x6471, 0x8CFB, 0x4BE3, 0xE9CA, 0x4028, 0x6138, 0xA240, 0x279A, 0x6BF3, 0x4BEB, 0x68B2, 0x0010, 0x2018, 0x0008, 0x68AA, 0x4BE3,
    0x4BE3, 0x68AA, 0x0010, 0x0010, 0xE248, 0x4BE3, 0x0AD3, 0x4BEB, 0x2359, 0x8579, 0x6BEB, 0x0AD3, 0x0ADB, 0x0AD3, 0x6BEB, 0x6469,
    0x6469, 0x6BEB, 0x0AD3, 0x4BE3, 0xC9CA, 0x2ADB, 0xA579, 0x2359, 0x4BEB, 0x0AD3, 0x4BE3, 0xE248, 0x0010, 0x0010, 0x68AA, 0x4BE3,
    0x4BE3, 0x68AA, 0x0010, 0x0008, 0xE689, 0x4BEB, 0x0AD3, 0x4BE3, 0xA240, 0x27A2, 0x4BEB, 0x0ADB, 0x2ADB, 0x0ADB, 0x6BEB, 0x6469,
    0x6469, 0x6BEB, 0x0ADB, 0x0ADB, 0x2ADB, 0x6BEB, 0x279A, 0xC240, 0x4BE3, 0x0AD3, 0x4BEB, 0xE689, 0x0008, 0x0010, 0x68AA, 0x4BE3,
    0x4BE3, 0x68AA, 0x0010, 0x0018, 0x68B2, 0x2AE3, 0x0ADB, 0x0AD3, 0x8138, 0x88B2, 0x2AE3, 0x0AD3, 0x0ADB, 0x0AD3, 0x4BEB, 0x4469,
    0x4469, 0x4BEB, 0x0AD3, 0x0ADB, 0x0AD3, 0x2AE3, 0x88B2, 0x8138, 0x0AD3, 0x0ADB, 0x2AE3, 0x68B2, 0x0010, 0x0010, 0x68AA, 0x4BE3,
    0x4BE3, 0x68AA, 0x0008, 0x4020, 0x0AD3, 0x6BEB, 0x6BEB, 0x2ADB, 0x8130, 0x0AD3, 0x6BF3, 0x4BEB, 0x4BEB, 0x4BEB, 0xACFB, 0x6471,
    0x6571, 0xACFB, 0x4BEB, 0x4BEB, 0x4BEB, 0x6BF3, 0xEAD2, 0x8130, 0x2ADB, 0x6BEB, 0x6BEB, 0x0AD3, 0x4020, 0x0008, 0x68AA, 0x4BE3,
    0x4BE3, 0x68AA, 0x0008, 0x4020, 0x8571, 0xA579, 0xA579, 0x8571, 0x4028, 0x8571, 0xA579, 0xA579, 0xA579, 0x8579, 0xC681, 0xC240,
    0xC240, 0xC681, 0x8579, 0xA579, 0xA579, 0xA579, 0x8571, 0x4028, 0x8571, 0xA579, 0xA579, 0x8571, 0x4020, 0x0008, 0x68AA, 0x4BE3,
    0x4BEB, 0x47AA, 0x0000, 0x0010, 0x0000, 0x0000, 0x0000, 0x0000, 0x0008, 0x0000, 0x0000, 0x0000, 0x0000, 0x0000, 0x0000, 0x0008,
    0x0008, 0x0000, 0x0000, 0x0000, 0x0000, 0x0000, 0x0000, 0x0008, 0x0000, 0x0000, 0x0000, 0x0000, 0x0010, 0x0000, 0x47AA, 0x4BEB,
    0x2ADB, 0xEAD2, 0x48AA, 0x68AA, 0x68AA, 0x68AA, 0x68AA, 0x68AA, 0x68AA, 0x68AA, 0x68AA, 0x68AA, 0x68AA, 0x68AA, 0x68AA, 0x68AA,
    0x68AA, 0x68AA, 0x68AA, 0x68AA, 0x68AA, 0x68AA, 0x68AA, 0x68AA, 0x68AA, 0x68AA, 0x68AA, 0x68AA, 0x68AA, 0x48AA, 0xEAD2, 0x2ADB,
    0x2ADB, 0x2ADB, 0x4BEB, 0x4BE3, 0x4BE3, 0x4BE3, 0x4BE3, 0x4BE3, 0x4BE3, 0x4BE3, 0x4BE3, 0x4BE3, 0x4BE3, 0x4BE3, 0x4BE3, 0x4BE3,
    0x4BE3, 0x4BE3, 0x4BE3, 0x4BE3, 0x4BE3, 0x4BE3, 0x4BE3, 0x4BE3, 0x4BE3, 0x4BE3, 0x4BE3, 0x4BE3, 0x4BE3, 0x4BEB, 0x2ADB, 0x2ADB
};

const uint16_t icon_orbital_airburst_strike_stratagem_icon_background[] PROGMEM = {
    0x2ADB, 0x2ADB, 0x4BEB, 0x4BE3, 0x4BE3, 0x4BE3, 0x4BE3, 0x4BE3, 0x4BE3, 0x4BE3, 0x4BE3, 0x4BE3, 0x4BE3, 0x4BE3, 0x4BE3, 0x4BE3,
    0x4BE3, 0x4BE3, 0x4BE3, 0x4BE3, 0x4BE3, 0x4BE3, 0x4BE3, 0x4BE3, 0x4BE3, 0x4BE3, 0x4BE3, 0x4BE3, 0x4BE3, 0x4BEB, 0x2ADB, 0x2ADB,
    0x2ADB, 0xEAD2, 0x48AA, 0x68AA, 0x68AA, 0x68AA, 0x68AA, 0x68AA, 0x68AA, 0x68AA, 0x68AA, 0x68AA, 0x68AA, 0x68AA, 0x68AA, 0x68AA,
    0x68AA, 0x68AA, 0x68AA, 0x68AA, 0x68AA, 0x68AA, 0x68AA, 0x68AA, 0x68AA, 0x68AA, 0x68AA, 0x68AA, 0x68AA, 0x48AA, 0xEAD2, 0x2ADB,
    0x4BEB, 0x47AA, 0x0000, 0x0010, 0x0008, 0x0008, 0x0008, 0x0008, 0x0008, 0x0008, 0x0008, 0x0008, 0x0008, 0x0008, 0x0008, 0x0010,
    0x0010, 0x0008, 0x0008, 0x0008, 0x0008, 0x0008, 0x0008, 0x0008, 0x0008, 0x0008, 0x0008, 0x0008, 0x0010, 0x0000, 0x47AA, 0x4BEB,
    0x4BE3, 0x68AA, 0x0010, 0x2018, 0x2018, 0x2018, 0x2018, 0x2018, 0x2018, 0x2018, 0x2018, 0x2018, 0x2018, 0x2018, 0x2018, 0x0010,
    0x0010, 0x2018, 0x2018, 0x2018, 0x2018, 0x2018, 0x2018, 0x2018, 0x2018, 0x2018, 0x2018, 0x2018, 0x2018, 0x0010, 0x68AA, 0x4BE3,
    0x4BE3, 0x68AA, 0x0008, 0x2018, 0x0018, 0x0018, 0x0018, 0x0018, 0x0018, 0x0018, 0x0018, 0x0018, 0x0018, 0x2018, 0x0008, 0x685A,
    0x685A, 0x0008, 0x2018, 0x0018, 0x0018, 0x0018, 0x0018, 0x0018, 0x0018, 0x0018, 0x0018, 0x0018, 0x2018, 0x0008, 0x68AA, 0x4BE3,
    0x4BE3, 0x68AA, 0x0008, 0x2018, 0x0018, 0x0018, 0x0018, 0x0018, 0x0018, 0x0018, 0x0018, 0x0018, 0x0018, 0x2018, 0x0000, 0x12AD,
    0x12AD, 0x0000, 0x2018, 0x0018, 0x0018, 0x0018, 0x0018, 0x0018, 0x0018, 0x0018, 0x0018, 0x0018, 0x2018, 0x0008, 0x68AA, 0x4BE3,
    0x4BE3, 0x68AA, 0x0008, 0x2018, 0x0018, 0x0018, 0x0018, 0x0018, 0x0018, 0x0018, 0x0018, 0x0018, 0x0018, 0x4018, 0x0000, 0x7094,
    0x7094, 0x0000, 0x4018, 0x0018, 0x0018, 0x0018, 0x0018, 0x0018, 0x0018, 0x0018, 0x0018, 0x0018, 0x2018, 0x0008, 0x68AA, 0x4BE3,
    0x4BE3, 0x68AA, 0x0008, 0x2018, 0x0018, 0x0018, 0x0018, 0x0018, 0x0018, 0x0018, 0x0018, 0x0018, 0x2018, 0x0010, 0xC220, 0x74B5,
    0x74B5, 0xA220, 0x0010, 0x2018, 0x0018, 0x0018, 0x0018, 0x0018, 0x0018, 0x0018, 0x0018, 0x0018, 0x2018, 0x0008, 0x68AA, 0x4BE3,
    0x4BE3, 0x68AA, 0x0008, 0x2018, 0x0018, 0x0018, 0x0018, 0x0018, 0x0018, 0x0018, 0x0018, 0x2018, 0x2018, 0x8220, 0x0F8C, 0xFEFF,
    0xFDFF, 0x0F8C, 0x8220, 0x2018, 0x2018, 0x0018, 0x0018, 0x0018, 0x0018, 0x0018, 0x0018, 0x0018, 0x2018, 0x0008, 0x68AA, 0x4BE3,
    0x4BE3, 0x68AA, 0x0008, 0x2018, 0x0018, 0x0018, 0x0018, 0x0018, 0x0018, 0x0018, 0x0018, 0x2018, 0x2010, 0x8220, 0xD5C5, 0xFFFF,
    0xFFFF, 0xF6C5, 0x8220, 0x2010, 0x2018, 0x0018, 0x0018, 0x0018, 0x0018, 0x0018, 0x0018, 0x0018, 0x2018, 0x0008, 0x68AA, 0x4BE3,
    0x4BE3, 0x68AA, 0x0008, 0x2018, 0x0018, 0x0018, 0x0018, 0x0018, 0x0018, 0x0018, 0x0018, 0x2018, 0x2018, 0x6118, 0x4C73, 0x5BEF,
    0x5BEF, 0x4C73, 0x6118, 0x2018, 0x2018, 0x0018, 0x0018, 0x0018, 0x0018, 0x0018, 0x0018, 0x0018, 0x2018, 0x0008, 0x68AA, 0x4BE3,
    0x4BE3, 0x68AA, 0x0008, 0x2018, 0x0018, 0x0018, 0x0018, 0x0018, 0x0018, 0x0018, 0x0018, 0x0018, 0x2018, 0x0010, 0x0010, 0x4439,
    0x4439, 0x0010, 0x0010, 0x2018, 0x0018, 0x0018, 0x0018, 0x0018, 0x0018, 0x0018, 0x0018, 0x0018, 0x2018, 0x0008, 0x68AA, 0x4BE3,
    0x4BE3, 0x68AA, 0x0008, 0x2018, 0x0018, 0x0018, 0x0018, 0x0018, 0x0018, 0x0018, 0x0018, 0x2018, 0x0010, 0xE330, 0xCE83, 0x8541,
    0x8541, 0xCE83, 0xE330, 0x0010, 0x2018, 0x0018, 0x0018, 0x0018, 0x0018, 0x0018, 0x0018, 0x0018, 0x2018, 0x0008, 0x68AA, 0x4BE3,
    0x4BE3, 0x68AA, 0x0008, 0x2018, 0x0018, 0x0018, 0x0018, 0x0018, 0x0018, 0x0018, 0x0018, 0x2018, 0x0010, 0x6120, 0x0B6B, 0x8D7B,
    0x8D7B, 0x0B6B, 0x6120, 0x0010, 0x2018, 0x0018, 0x0018, 0x0018, 0x0018, 0x0018, 0x0018, 0x0018, 0x2018, 0x0008, 0x68AA, 0x4BE3,
    0x4BE3, 0x68AA, 0x0008, 0x2018, 0x0018, 0x0018, 0x0018, 0x0018, 0x0018, 0x0018, 0x0018, 0x2018, 0x0010, 0x709C, 0x0331, 0x2431,
    0x2431, 0xE330, 0x7094, 0x0010, 0x2018, 0x0018, 0x0018, 0x0018, 0x0018, 0x0018, 0x0018, 0x0018, 0x2018, 0x0008, 0x68AA, 0x4BE3,
    0x4BE3, 0x68AA, 0x0008, 0x2018, 0x0018, 0x0018, 0x0018, 0x0018, 0x0018, 0x0018, 0x0018, 0x2018, 0x0010, 0x8962, 0xC228, 0x4C73,
    0x4C73, 0xC228, 0x8962, 0x0010, 0x2018, 0x0018, 0x0018, 0x0018, 0x0018, 0x0018, 0x0018, 0x0018, 0x2018, 0x0008, 0x68AA, 0x4BE3,
    0x4BE3, 0x68AA, 0x0008, 0x2018, 0x0018, 0x0018, 0x0018, 0x0018, 0x0018, 0x2018, 0x2018, 0x0008, 0x4C73, 0x8D7B, 0x0000, 0x6541,
    0x6541, 0x0000, 0x8C7B, 0x4C73, 0x0008, 0x2018, 0x2018, 0x0018, 0x0018, 0x0018, 0x0018, 0x0018, 0x2018, 0x0008, 0x68AA, 0x4BE3,
    0x4BE3, 0x68AA, 0x0008, 0x2018, 0x0018, 0x0018, 0x0018, 0x0018, 0x2018, 0x0010, 0x0010, 0x2010, 0x6539, 0xC649, 0x4120, 0x6C7B,
    0x6C7B, 0x4120, 0xC649, 0x6539, 0x2010, 0x0010, 0x0010, 0x2018, 0x0018, 0x0018, 0x0018, 0x0018, 0x2018, 0x0008, 0x68AA, 0x4BE3,
    0x4BE3, 0x68AA, 0x0008, 0x2018, 0x0018, 0x0018, 0x0018, 0x2018, 0x0008, 0xC240, 0x6471, 0x6539, 0x53AD, 0x4030, 0x2361, 0x2431,
    0x2431, 0x2361, 0x4030, 0x33AD, 0x6539, 0x6471, 0xC240, 0x0008, 0x2018, 0x0018, 0x0018, 0x0018, 0x2018, 0x0008, 0x68AA, 0x4BE3,
    0x4BE3, 0x68AA, 0x0008, 0x2018, 0x0018, 0x0018, 0x0010, 0x0008, 0x6469, 0x6BEB, 0x6469, 0x6118, 0x0429, 0x6469, 0x4471, 0x4C6B,
    0x4C6B, 0x4471, 0x6469, 0x0429, 0x6118, 0x6471, 0x6BEB, 0x6469, 0x0008, 0x0010, 0x0018, 0x0018, 0x2018, 0x0008, 0x68AA, 0x4BE3,
    0x4BE3, 0x68AA, 0x0008, 0x2018, 0x0018, 0x2018, 0x2018, 0x0692, 0xACFB, 0x88BA, 0x8130, 0xEAD2, 0x27A2, 0x0AD3, 0xA581, 0x2429,
    0x2429, 0xA581, 0x0AD3, 0x27A2, 0xEAD2, 0x8130, 0x88BA, 0xACFB, 0x0692, 0x2018, 0x2018, 0x0018, 0x2018, 0x0008, 0x68AA, 0x4BE3,
    0x4BE3, 0x68AA, 0x0008, 0x2018, 0x2018, 0x0008, 0xC248, 0x68AA, 0x48AA, 0xE248, 0xE248, 0x68B2, 0x47A2, 0x88B2, 0x6140, 0x8D73,
    0x8D73, 0x6140, 0x88B2, 0x47A2, 0x68B2, 0xE248, 0xE248, 0x48AA, 0x68AA, 0xC248, 0x0008, 0x2018, 0x2018, 0x0008, 0x68AA, 0x4BE3,
    0x4BE3, 0x68AA, 0x0008, 0x2018, 0x0010, 0x6128, 0xE348, 0xA240, 0x8138, 0x2018, 0xC248, 0xA240, 0xA240, 0xA238, 0xE348, 0x2020,
    0x2028, 0xE348, 0xA238, 0xA240, 0xA240, 0xC248, 0x2018, 0x8138, 0xA240, 0xE348, 0x6128, 0x0010, 0x2018, 0x0008, 0x68AA, 0x4BE3,
    0x4BE3, 0x68AA, 0x0008, 0x2018, 0x0010, 0x68B2, 0x4BEB, 0x8BF3, 0x279A, 0xE248, 0x6BEB, 0x4BE3, 0x4BE3, 0x2BE3, 0x8CFB, 0x6471,
    0x6571, 0x8CFB, 0x2BE3, 0x4BE3, 0x4BE3, 0x6BEB, 0xE248, 0x279A, 0x6BF3, 0x4BEB, 0x68B2, 0x0010, 0x2018, 0x0008, 0x68AA, 0x4BE3,
    0x4BE3, 0x68AA, 0x0010, 0x0010, 0xE248, 0x4BE3, 0x0AD3, 0x4BEB, 0x2359, 0x8579, 0x6BEB, 0x0AD3, 0x0ADB, 0x0AD3, 0x6BEB, 0x6469,
    0x6469, 0x6BEB, 0x0AD3, 0x0ADB, 0x0AD3, 0x6BEB, 0x8571, 0x2359, 0x4BEB, 0x0AD3, 0x4BE3, 0xE248, 0x0010, 0x0010, 0x68AA, 0x4BE3,
    0x4BE3, 0x68AA, 0x0010, 0x0008, 0xE689, 0x4BEB, 0x0AD3, 0x4BE3, 0xA240, 0x27A2, 0x4BEB, 0x0ADB, 0x2ADB, 0x0ADB, 0x6BEB, 0x6469,
    0x6469, 0x6BEB, 0x0ADB, 0x2ADB, 0x0ADB, 0x4BEB, 0x279A, 0xC240, 0x4BE3, 0x0AD3, 0x4BEB, 0xE689, 0x0008, 0x0010, 0x68AA, 0x4BE3,
    0x4BE3, 0x68AA, 0x0010, 0x0018, 0x68B2, 0x2AE3, 0x0ADB, 0x0AD3, 0x8138, 0x88B2, 0x2AE3, 0x0AD3, 0x0ADB, 0x0AD3, 0x4BEB, 0x4469,
    0x4469, 0x4BEB, 0x0AD3, 0x0ADB, 0x0AD3, 0x2AE3, 0x88B2, 0x8138, 0x0AD3, 0x0ADB, 0x2AE3, 0x68B2, 0x0010, 0x0010, 0x68AA, 0x4BE3,
    0x4BE3, 0x68AA, 0x0008, 0x4020, 0x0AD3, 0x6BEB, 0x6BEB, 0x2ADB, 0x8130, 0x0AD3, 0x6BF3, 0x4BEB, 0x4BEB, 0x4BEB, 0xACFB, 0x6471,
    0x6571, 0xACFB, 0x4BEB, 0x4BEB, 0x4BEB, 0x6BF3, 0xEAD2, 0x8130, 0x2ADB, 0x6BEB, 0x6BEB, 0x0AD3, 0x4020, 0x0008, 0x68AA, 0x4BE3,
    0x4BE3, 0x68AA, 0x0008, 0x4020, 0x8571, 0xA579, 0xA579, 0x8571, 0x4028, 0x8571, 0xA579, 0xA579, 0xA579, 0x8579, 0xC681, 0xC240,
    0xC240, 0xC681, 0x8579, 0xA579, 0xA579, 0xA579, 0x8571, 0x4028, 0x8571, 0xA579, 0xA579, 0x8571, 0x4020, 0x0008, 0x68AA, 0x4BE3,
    0x4BEB, 0x47AA, 0x0000, 0x0010, 0x0000, 0x0000, 0x0000, 0x0000, 0x0008, 0x0000, 0x0000, 0x0000, 0x0000, 0x0000, 0x0000, 0x0008,
    0x0008, 0x0000, 0x0000, 0x0000, 0x0000, 0x0000, 0x0000, 0x0008, 0x0000, 0x0000, 0x0000, 0x0000, 0x0010, 0x0000, 0x47AA, 0x4BEB,
    0x2ADB, 0xEAD2, 0x48AA, 0x68AA, 0x68AA, 0x68AA, 0x68AA, 0x68AA, 0x68AA, 0x68AA, 0x68AA, 0x68AA, 0x68AA, 0x68AA, 0x68AA, 0x68AA,
    0x68AA, 0x68AA, 0x68AA, 0x68AA, 0x68AA, 0x68AA, 0x68AA, 0x68AA, 0x68AA, 0x68AA, 0x68AA, 0x68AA, 0x68AA, 0x48AA, 0xEAD2, 0x2ADB,
    0x2ADB, 0x2ADB, 0x4BEB, 0x4BE3, 0x4BE3, 0x4BE3, 0x4BE3, 0x4BE3, 0x4BE3, 0x4BE3, 0x4BE3, 0x4BE3, 0x4BE3, 0x4BE3, 0x4BE3, 0x4BE3,
    0x4BE3, 0x4BE3, 0x4BE3, 0x4BE3, 0x4BE3, 0x4BE3, 0x4BE3, 0x4BE3, 0x4BE3, 0x4BE3, 0x4BE3, 0x4BE3, 0x4BE3, 0x4BEB, 0x2ADB, 0x2ADB
};

const uint16_t icon_orbital_ems_strike_stratagem_icon_background[] PROGMEM = {
    0x2ADB, 0x2ADB, 0x4BEB, 0x4BE3, 0x4BE3, 0x4BE3, 0x4BE3, 0x4BE3, 0x4BE3, 0x4BE3, 0x4BE3, 0x4BE3, 0x4BE3, 0x4BE3, 0x4BE3, 0x4BE3,
    0x4BE3, 0x4BE3, 0x4BE3, 0x4BE3, 0x4BE3, 0x4BE3, 0x4BE3, 0x4BE3, 0x4BE3, 0x4BE3, 0x4BE3, 0x4BE3, 0x4BE3, 0x4BEB, 0x2ADB, 0x2ADB,
    0x2ADB, 0xEAD2, 0x48AA, 0x68AA, 0x68AA, 0x68AA, 0x68AA, 0x68AA, 0x68AA, 0x68AA, 0x68AA, 0x68AA, 0x68AA, 0x68AA, 0x68AA, 0x68AA,
    0x68AA, 0x68AA, 0x68AA, 0x68AA, 0x68AA, 0x68AA, 0x68AA, 0x68AA, 0x68AA, 0x68AA, 0x68AA, 0x68AA, 0x68AA, 0x48AA, 0xEAD2, 0x2ADB,
    0x4BEB, 0x47AA, 0x0000, 0x0010, 0x0008, 0x0008, 0x0008, 0x0008, 0x0008, 0x0008, 0x0008, 0x0008, 0x0008, 0x0008, 0x0008, 0x0008,
    0x0010, 0x0008, 0x0008, 0x0008, 0x0008, 0x0008, 0x0008, 0x0008, 0x0008, 0x0008, 0x0008, 0x0008, 0x0010, 0x0000, 0x47AA, 0x4BEB,
    0x4BE3, 0x68AA, 0x0010, 0x2018, 0x2018, 0x2018, 0x2018, 0x2018, 0x2018, 0x2018, 0x2018, 0x2018, 0x2018, 0x2018, 0x2018, 0x2018,
    0x0018, 0x2018, 0x2018, 0x2018, 0x2018, 0x2018, 0x2018, 0x2018, 0x2018, 0x2018, 0x2018, 0x2018, 0x2018, 0x0010, 0x68AA, 0x4BE3,
    0x4BE3, 0x68AA, 0x0008, 0x2018, 0x0018, 0x0018, 0x0018, 0x0018, 0x0018, 0x0018, 0x0018, 0x0018, 0x0018, 0x0018, 0x0018, 0x0018,
    0x6120, 0x0018, 0x0018, 0x0018, 0x0018, 0x0018, 0x0018, 0x0018, 0x0018, 0x0018, 0x0018, 0x0018, 0x2018, 0x0008, 0x68AA, 0x4BE3,
    0x4BE3, 0x68AA, 0x0008, 0x2018, 0x0018, 0x0018, 0x0018, 0x0018, 0x0018, 0x0018, 0x0018, 0x0018, 0x0018, 0x0018, 0x0010, 0xA228,
    0xAA62, 0x0010, 0x2018, 0x0018, 0x0018, 0x0018, 0x0018, 0x0018, 0x0018, 0x0018, 0x0018, 0x0018, 0x2018, 0x0008, 0x68AA, 0x4BE3,
    0x4BE3, 0x68AA, 0x0008, 0x2018, 0x0018, 0x0018, 0x0018, 0x0018, 0x0018, 0x0018, 0x0018, 0x0018, 0x0018, 0x2018, 0x0008, 0xA962,
    0x5094, 0x0000, 0x2018, 0x0018, 0x0018, 0x0018, 0x0018, 0x0018, 0x0018, 0x0018, 0x0018, 0x0018, 0x2018, 0x0008, 0x68AA, 0x4BE3,
    0x4BE3, 0x68AA, 0x0008, 0x2018, 0x0018, 0x0018, 0x0018, 0x0018, 0x0018, 0x0018, 0x0018, 0x0018, 0x0018, 0x2018, 0x0000, 0x74B5,
    0x909C, 0x0000, 0x2018, 0x0018, 0x0018, 0x0018, 0x0018, 0x0018, 0x0018, 0x0018, 0x0018, 0x0018, 0x2018, 0x0008, 0x68AA, 0x4BE3,
    0x4BE3, 0x68AA, 0x0008, 0x2018, 0x0018, 0x0018, 0x0018, 0x0018, 0x0018, 0x0018, 0x0018, 0x0018, 0x2018, 0x0010, 0x6120, 0xBDFF,
    0x2F94, 0x0008, 0x4120, 0x0018, 0x0018, 0x0018, 0x0018, 0x0018, 0x0018, 0x0018, 0x0018, 0x0018, 0x2018, 0x0008, 0x68AA, 0x4BE3,
    0x4BE3, 0x68AA, 0x0008, 0x2018, 0x0018, 0x0018, 0x0018, 0x0018, 0x0018, 0x0018, 0x0018, 0x0018, 0x2018, 0x0008, 0xA962, 0xFFFF,
    0xCE83, 0x0000, 0x0008, 0x2018, 0x2018, 0x0018, 0x0018, 0x0018, 0x0018, 0x0018, 0x0018, 0x0018, 0x2018, 0x0008, 0x68AA, 0x4BE3,
    0x4BE3, 0x68AA, 0x0008, 0x2018, 0x0018, 0x0018, 0x0018, 0x0018, 0x0018, 0x0018, 0x0018, 0x0018, 0x2018, 0x0008, 0x94BD, 0xFFFF,
    0x5094, 0x074A, 0xB2A4, 0x12AD, 0x2010, 0x2018, 0x0018, 0x0018, 0x0018, 0x0018, 0x0018, 0x0018, 0x2018, 0x0008, 0x68AA, 0x4BE3,
    0x4BE3, 0x68AA, 0x0008, 0x2018, 0x0018, 0x0018, 0x0018, 0x0018, 0x0018, 0x0018, 0x0018, 0x2018, 0x0010, 0xE330, 0x9CF7, 0xFDFF,
    0xDDFF, 0xFEFF, 0xFFFF, 0xEE8B, 0x0008, 0x2018, 0x0018, 0x0018, 0x0018, 0x0018, 0x0018, 0x0018, 0x2018, 0x0008, 0x68AA, 0x4BE3,
    0x4BE3, 0x68AA, 0x0008, 0x2018, 0x0018, 0x0018, 0x0018, 0x0018, 0x0018, 0x0018, 0x0018, 0x2018, 0x0008, 0xEE8B, 0xFFFF, 0xFEFF,
    0xDDFF, 0xFDFF, 0x9CF7, 0xE330, 0x0010, 0x2018, 0x0018, 0x0018, 0x0018, 0x0018, 0x0018, 0x0018, 0x2018, 0x0008, 0x68AA, 0x4BE3,
    0x4BE3, 0x68AA, 0x0008, 0x2018, 0x0018, 0x0018, 0x0018, 0x0018, 0x0018, 0x0018, 0x2018, 0x2018, 0x2018, 0x33AD, 0xB2A4, 0x274A,
    0x7094, 0xFFFF, 0x94BD, 0x0010, 0x4018, 0x2018, 0x0018, 0x0018, 0x0018, 0x0018, 0x0018, 0x0018, 0x2018, 0x0008, 0x68AA, 0x4BE3,
    0x4BE3, 0x68AA, 0x0008, 0x2018, 0x0018, 0x0018, 0x0018, 0x0018, 0x2018, 0x2018, 0x0010, 0x0008, 0x0010, 0x0010, 0x0010, 0x0000,
    0xCE83, 0xFFFF, 0xA962, 0x0000, 0x0008, 0x0010, 0x2018, 0x2018, 0x0018, 0x0018, 0x0018, 0x0018, 0x2018, 0x0008, 0x68AA, 0x4BE3,
    0x4BE3, 0x68AA, 0x0008, 0x2018, 0x0018, 0x0018, 0x0018, 0x2018, 0x0010, 0x0010, 0x6120, 0xCA62, 0x4439, 0x0E8C, 0x1BE7, 0x4439,
    0xCE83, 0xDDFF, 0x6118, 0x895A, 0xCA6A, 0x6120, 0x0008, 0x0010, 0x0018, 0x0018, 0x0018, 0x0018, 0x2018, 0x0008, 0x68AA, 0x4BE3,
    0x4BE3, 0x68AA, 0x0008, 0x2018, 0x0018, 0x0018, 0x2018, 0x0008, 0x6120, 0xA228, 0xF2A4, 0xDADE, 0x0752, 0x0429, 0xA641, 0x2008,
    0x909C, 0x94BD, 0x0000, 0x2B73, 0x99D6, 0x2752, 0x4852, 0x8120, 0x0010, 0x2018, 0x0018, 0x0018, 0x2018, 0x0008, 0x68AA, 0x4BE3,
    0x4BE3, 0x68AA, 0x0008, 0x2018, 0x0018, 0x2018, 0x0010, 0x2752, 0x3BEF, 0x2C6B, 0x8118, 0x8138, 0x0000, 0x8138, 0x47AA, 0xC258,
    0x2F84, 0xA96A, 0x4120, 0x0008, 0x6130, 0x0010, 0x74B5, 0x98D6, 0x6120, 0x0010, 0x2018, 0x0018, 0x2018, 0x0008, 0x68AA, 0x4BE3,
    0x4BE3, 0x68AA, 0x0008, 0x2018, 0x0018, 0x2018, 0x0008, 0x2B73, 0x2C6B, 0xA238, 0x27A2, 0xA240, 0x4469, 0x4BE3, 0xACFB, 0x4471,
    0x4852, 0x2341, 0xE9D2, 0x6469, 0xC240, 0x47A2, 0x8138, 0x8539, 0x2018, 0x0018, 0x0018, 0x0018, 0x2018, 0x0008, 0x68AA, 0x4BE3,
    0x4BE3, 0x68AA, 0x0008, 0x2018, 0x0018, 0x0018, 0x0018, 0x0000, 0xE258, 0x6BEB, 0x8571, 0xC248, 0x4BEB, 0x0AD3, 0x4BE3, 0xA579,
    0x2000, 0x6469, 0x4BEB, 0x4BE3, 0xC248, 0x8571, 0x6BEB, 0x0361, 0x0008, 0x0010, 0x0018, 0x0018, 0x2018, 0x0008, 0x68AA, 0x4BE3,
    0x4BE3, 0x68AA, 0x0008, 0x2018, 0x0018, 0x2018, 0x2018, 0x279A, 0xCDFB, 0xA8BA, 0x6128, 0x2ADB, 0x6BEB, 0x2BE3, 0x8CFB, 0xA581,
    0x0008, 0xC9C2, 0x6BF3, 0x6BEB, 0x2ADB, 0x6128, 0xA8BA, 0xCCFB, 0x0692, 0x2018, 0x2018, 0x0018, 0x2018, 0x0008, 0x68AA, 0x4BE3,
    0x4BE3, 0x68AA, 0x0008, 0x2018, 0x2018, 0x0008, 0xC248, 0x68AA, 0x48AA, 0xE248, 0xE248, 0x68AA, 0x279A, 0x279A, 0x48AA, 0x0351,
    0x2020, 0x27A2, 0x27A2, 0x279A, 0x68AA, 0xE248, 0xE248, 0x48AA, 0x68AA, 0xC248, 0x0008, 0x2018, 0x2018, 0x0008, 0x68AA, 0x4BE3,
    0x4BE3, 0x68AA, 0x0008, 0x2018, 0x0010, 0x6128, 0xE348, 0xA240, 0x8138, 0x2018, 0xC248, 0xA240, 0xC240, 0xA240, 0xC240, 0x4128,
    0x6128, 0xC240, 0xA240, 0xC240, 0xA240, 0xC248, 0x2018, 0x8138, 0xA240, 0xE348, 0x6128, 0x0010, 0x2018, 0x0008, 0x68AA, 0x4BE3,
    0x4BE3, 0x68AA, 0x0008, 0x2018, 0x0010, 0x68B2, 0x4BEB, 0x8BF3, 0x279A, 0xE248, 0x6BEB, 0x4BE3, 0x4BE3, 0x2BE3, 0x8CFB, 0x6471,
    0x6471, 0x8CFB, 0x2BE3, 0x4BE3, 0x4BE3, 0x6BEB, 0xE248, 0x279A, 0x6BF3, 0x4BEB, 0x68B2, 0x0010, 0x2018, 0x0008, 0x68AA, 0x4BE3,
    0x4BE3, 0x68AA, 0x0010, 0x0010, 0xE248, 0x4BE3, 0x0AD3, 0x4BEB, 0x2359, 0x8579, 0x6BEB, 0x0AD3, 0x0ADB, 0x0AD3, 0x6BEB, 0x6469,
    0x6469, 0x6BEB, 0x0AD3, 0x0ADB, 0x0AD3, 0x6BEB, 0x8571, 0x2359, 0x4BEB, 0x0AD3, 0x4BE3, 0xE248, 0x0010, 0x0010, 0x68AA, 0x4BE3,
    0x4BE3, 0x68AA, 0x0010, 0x0008, 0xE689, 0x4BEB, 0x0AD3, 0x4BE3, 0xA240, 0x27A2, 0x4BEB, 0x0ADB, 0x2ADB, 0x0ADB, 0x6BEB, 0x6469,
    0x6469, 0x6BEB, 0x0ADB, 0x2ADB, 0x0ADB, 0x4BEB, 0x279A, 0xC240, 0x4BE3, 0x0AD3, 0x4BEB, 0xE689, 0x0008, 0x0010, 0x68AA, 0x4BE3,
    0x4BE3, 0x68AA, 0x0010, 0x0018, 0x68B2, 0x2AE3, 0x0ADB, 0x0AD3, 0x8138, 0x88B2, 0x2AE3, 0x0AD3, 0x0ADB, 0x0AD3, 0x4BEB, 0x4469,
    0x4469, 0x4BEB, 0x0AD3, 0x0ADB, 0x0AD3, 0x2AE3, 0x88B2, 0x8138, 0x0AD3, 0x0ADB, 0x2AE3, 0x68B2, 0x0010, 0x0010, 0x68AA, 0x4BE3,
    0x4BE3, 0x68AA, 0x0008, 0x4020, 0x0AD3, 0x6BEB, 0x6BEB, 0x2ADB, 0x8130, 0x0AD3, 0x6BF3, 0x4BEB, 0x4BEB, 0x4BEB, 0xACFB, 0x6471,
    0x6571, 0xACFB, 0x4BEB, 0x4BEB, 0x4BEB, 0x6BF3, 0xEAD2, 0x8130, 0x2ADB, 0x6BEB, 0x6BEB, 0x0AD3, 0x4020, 0x0008, 0x68AA, 0x4BE3,
    0x4BE3, 0x68AA, 0x0008, 0x4020, 0x8571, 0xA579, 0xA579, 0x8571, 0x4028, 0x8571, 0xA579, 0xA579, 0xA579, 0x8579, 0xC681, 0xC240,
    0xC240, 0xC681, 0x8579, 0xA579, 0xA579, 0xA579, 0x8571, 0x4028, 0x8571, 0xA579, 0xA579, 0x8571, 0x4020, 0x0008, 0x68AA, 0x4BE3,
    0x4BEB, 0x47AA, 0x0000, 0x0010, 0x0000, 0x0000, 0x0000, 0x0000, 0x0008, 0x0000, 0x0000, 0x0000, 0x0000, 0x0000, 0x0000, 0x0008,
    0x0008, 0x0000, 0x0000, 0x0000, 0x0000, 0x0000, 0x0000, 0x0008, 0x0000, 0x0000, 0x0000, 0x0000, 0x0010, 0x0000, 0x47AA, 0x4BEB,
    0x2ADB, 0xEAD2, 0x48AA, 0x68AA, 0x68AA, 0x68AA, 0x68AA, 0x68AA, 0x68AA, 0x68AA, 0x68AA, 0x68AA, 0x68AA, 0x68AA, 0x68AA, 0x68AA,
    0x68AA, 0x68AA, 0x68AA, 0x68AA, 0x68AA, 0x68AA, 0x68AA, 0x68AA, 0x68AA, 0x68AA, 0x68AA, 0x68AA, 0x68AA, 0x48AA, 0xEAD2, 0x2ADB,
    0x2ADB, 0x2ADB, 0x4BEB, 0x4BE3, 0x4BE3, 0x4BE3, 0x4BE3, 0x4BE3, 0x4BE3, 0x4BE3, 0x4BE3, 0x4BE3, 0x4BE3, 0x4BE3, 0x4BE3, 0x4BE3,
    0x4BE3, 0x4BE3, 0x4BE3, 0x4BE3, 0x4BE3, 0x4BE3, 0x4BE3, 0x4BE3, 0x4BE3, 0x4BE3, 0x4BE3, 0x4BE3, 0x4BE3, 0x4BEB, 0x2ADB, 0x2ADB
};

const uint16_t icon_orbital_gas_strike_stratagem_icon_background[] PROGMEM = {
    0x2ADB, 0x2ADB, 0x4BEB, 0x4BE3, 0x4BE3, 0x4BE3, 0x4BE3, 0x4BE3, 0x4BE3, 0x4BE3, 0x4BE3, 0x4BE3, 0x4BE3, 0x4BE3, 0x4BE3, 0x4BE3,
    0x4BE3, 0x4BE3, 0x4BE3, 0x4BE3, 0x4BE3, 0x4BE3, 0x4BE3, 0x4BE3, 0x4BE3, 0x4BE3, 0x4BE3, 0x4BE3, 0x4BE3, 0x4BEB, 0x2ADB, 0x2ADB,
    0x2ADB, 0xEAD2, 0x48AA, 0x68AA, 0x68AA, 0x68AA, 0x68AA, 0x68AA, 0x68AA, 0x68AA, 0x68AA, 0x68AA, 0x68AA, 0x68AA, 0x68AA, 0x68AA,
    0x68AA, 0x68AA, 0x68AA, 0x68AA, 0x68AA, 0x68AA, 0x68AA, 0x68AA, 0x68AA, 0x68AA, 0x68AA, 0x68AA, 0x68AA, 0x48AA, 0xEAD2, 0x2ADB,
    0x4BEB, 0x47AA, 0x0000, 0x0010, 0x0008, 0x0008, 0x0008, 0x0008, 0x0008, 0x0008, 0x0008, 0x0008, 0x0008, 0x0008, 0x0008, 0x0008,
    0x0008, 0x0008, 0x0008, 0x0008, 0x0008, 0x0008, 0x0008, 0x0008, 0x0008, 0x0008, 0x0008, 0x0008, 0x0010, 0x0000, 0x47AA, 0x4BEB,
    0x4BE3, 0x68AA, 0x0010, 0x2018, 0x2018, 0x2018, 0x2018, 0x2018, 0x2018, 0x2018, 0x2018, 0x2018, 0x2018, 0x2018, 0x2018, 0x2018,
    0x2018, 0x2018, 0x2018, 0x2018, 0x2018, 0x2018, 0x2018, 0x2018, 0x2018, 0x2018, 0x2018, 0x2018, 0x2018, 0x0010, 0x68AA, 0x4BE3,
    0x4BE3, 0x68AA, 0x0008, 0x2018, 0x0018, 0x0018, 0x0018, 0x0018, 0x0018, 0x0018, 0x0018, 0x0018, 0x0018, 0x2018, 0x2018, 0x0010,
    0x0010, 0x2018, 0x2018, 0x0018, 0x0018, 0x0018, 0x0018, 0x0018, 0x0018, 0x0018, 0x0018, 0x0018, 0x2018, 0x0008, 0x68AA, 0x4BE3,
    0x4BE3, 0x68AA, 0x0008, 0x2018, 0x0018, 0x0018, 0x0018, 0x0018, 0x0018, 0x0018, 0x0018, 0x0018, 0x2018, 0x0008, 0x0010, 0x8120,
    0x8120, 0x0010, 0x0008, 0x2018, 0x0018, 0x0018, 0x0018, 0x0018, 0x0018, 0x0018, 0x0018, 0x0018, 0x2018, 0x0008, 0x68AA, 0x4BE3,
    0x4BE3, 0x68AA, 0x0008, 0x2018, 0x0018, 0x0018, 0x0018, 0x0018, 0x0018, 0x0018, 0x0018, 0x2018, 0x0008, 0xA962, 0xF6C5, 0x5BEF,
    0x5BEF, 0xF6C5, 0xA962, 0x0008, 0x2018, 0x0018, 0x0018, 0x0018, 0x0018, 0x0018, 0x0018, 0x0018, 0x2018, 0x0008, 0x68AA, 0x4BE3,
    0x4BE3, 0x68AA, 0x0008, 0x2018, 0x0018, 0x0018, 0x0018, 0x0018, 0x0018, 0x0018, 0x2018, 0x0008, 0x4F94, 0xFFFF, 0xFFFF, 0xFEFF,
    0xFEFF, 0xFFFF, 0xFFFF, 0x4F94, 0x0008, 0x2018, 0x0018, 0x0018, 0x0018, 0x0018, 0x0018, 0x0018, 0x2018, 0x0008, 0x68AA, 0x4BE3,
    0x4BE3, 0x68AA, 0x0008, 0x2018, 0x0018, 0x0018, 0x0018, 0x0018, 0x0018, 0x2018, 0x0008, 0x8962, 0xFFFF, 0xDDFF, 0xDDFF, 0xFDFF,
    0xFDFF, 0xDDFF, 0xDDFF, 0xFFFF, 0x8962, 0x0008, 0x2018, 0x0018, 0x0018, 0x0018, 0x0018, 0x0018, 0x2018, 0x0008, 0x68AA, 0x4BE3,
    0x4BE3, 0x68AA, 0x0008, 0x2018, 0x0018, 0x0018, 0x0018, 0x0018, 0x0018, 0x0018, 0x0008, 0x16CE, 0xFFFF, 0xFDFF, 0xFEFF, 0xFEFF,
    0xFEFF, 0xFEFF, 0xFDFF, 0xFFFF, 0x16C6, 0x0008, 0x0018, 0x0018, 0x0018, 0x0018, 0x0018, 0x0018, 0x2018, 0x0008, 0x68AA, 0x4BE3,
    0x4BE3, 0x68AA, 0x0008, 0x2018, 0x0018, 0x0018, 0x0018, 0x0018, 0x2018, 0x4018, 0xE330, 0x5BEF, 0x7CF7, 0x7BEF, 0x7BF7, 0x7BF7,
    0x7BF7, 0x7BF7, 0x7BEF, 0x7CF7, 0x5BEF, 0xE330, 0x4018, 0x2018, 0x0018, 0x0018, 0x0018, 0x0018, 0x2018, 0x0008, 0x68AA, 0x4BE3,
    0x4BE3, 0x68AA, 0x0008, 0x2018, 0x0018, 0x0018, 0x0018, 0x2018, 0x0008, 0xCD83, 0x9EF7, 0x5BEF, 0x0331, 0x8120, 0xA228, 0xA228,
    0xA228, 0xA228, 0x8120, 0x0331, 0x5BEF, 0x9EF7, 0xCD83, 0x0008, 0x2018, 0x0018, 0x0018, 0x0018, 0x2018, 0x0008, 0x68AA, 0x4BE3,
    0x4BE3, 0x68AA, 0x0008, 0x2018, 0x0018, 0x0018, 0x0018, 0x2018, 0x0008, 0x0F8C, 0xFFFF, 0x5BEF, 0x8120, 0x0010, 0x0018, 0x0010,
    0x0010, 0x0018, 0x0010, 0x8120, 0x5BEF, 0xFFFF, 0x0F8C, 0x0008, 0x2018, 0x0018, 0x0018, 0x0018, 0x2018, 0x0008, 0x68AA, 0x4BE3,
    0x4BE3, 0x68AA, 0x0008, 0x2018, 0x0018, 0x0018, 0x0018, 0x2018, 0x0008, 0xEE8B, 0xFFFF, 0x5BEF, 0x4120, 0x0018, 0x0010, 0x0010,
    0x0010, 0x0010, 0x0018, 0x4120, 0x5BEF, 0xFFFF, 0xEE8B, 0x0008, 0x2018, 0x0018, 0x0018, 0x0018, 0x2018, 0x0008, 0x68AA, 0x4BE3,
    0x4BE3, 0x68AA, 0x0008, 0x2018, 0x0018, 0x0018, 0x0018, 0x2018, 0x0000, 0x2F94, 0xFFFF, 0xFEFF, 0x2F8C, 0x0000, 0x6539, 0x74B5,
    0x74B5, 0x6539, 0x0000, 0x0F8C, 0xFEFF, 0xFFFF, 0x2F94, 0x0000, 0x2018, 0x0018, 0x0018, 0x0018, 0x2018, 0x0008, 0x68AA, 0x4BE3,
    0x4BE3, 0x68AA, 0x0008, 0x2018, 0x0018, 0x0018, 0x0018, 0x2018, 0x0008, 0x0B6B, 0xFFFF, 0xDDFF, 0xFEFF, 0x74B5, 0x5CEF, 0x54B5,
    0x54B5, 0x5CEF, 0x74B5, 0xFEFF, 0xFDFF, 0xFFFF, 0x0B6B, 0x0008, 0x2018, 0x0018, 0x0018, 0x0018, 0x2018, 0x0008, 0x68AA, 0x4BE3,
    0x4BE3, 0x68AA, 0x0008, 0x2018, 0x0018, 0x0018, 0x0018, 0x0018, 0x2018, 0x0008, 0x0F8C, 0xFFFF, 0xDEFF, 0xD9DE, 0xCE83, 0x7CEF,
    0x7CEF, 0xCE83, 0xD9DE, 0xDEFF, 0xFFFF, 0x0F8C, 0x0008, 0x2018, 0x0018, 0x0018, 0x0018, 0x0018, 0x2018, 0x0008, 0x68AA, 0x4BE3,
    0x4BE3, 0x68AA, 0x0008, 0x2018, 0x0018, 0x0018, 0x0018, 0x0018, 0x2018, 0x2018, 0x0000, 0xCE83, 0xFFFF, 0x9CF7, 0x5CEF, 0xF2A4,
    0xF2A4, 0x5CEF, 0x9CF7, 0xFFFF, 0xCE83, 0x0000, 0x2018, 0x2018, 0x0018, 0x0018, 0x0018, 0x0018, 0x2018, 0x0008, 0x68AA, 0x4BE3,
    0x4BE3, 0x68AA, 0x0008, 0x2018, 0x0018, 0x0018, 0x0018, 0x0018, 0x0008, 0x0010, 0x8541, 0xA228, 0xCE83, 0x78D6, 0x8D7B, 0x7CEF,
    0x7CEF, 0x8D7B, 0x78D6, 0xCE83, 0xA228, 0x8541, 0x0010, 0x0008, 0x0018, 0x0018, 0x0018, 0x0018, 0x2018, 0x0008, 0x68AA, 0x4BE3,
    0x4BE3, 0x68AA, 0x0008, 0x2018, 0x0018, 0x0018, 0x0010, 0x0010, 0x0351, 0x0010, 0x36CE, 0x5BEF, 0xE749, 0x5BEF, 0xFFFF, 0x12AD,
    0x12AD, 0xFFFF, 0x5BEF, 0xE749, 0x5BEF, 0x36CE, 0x0010, 0x0351, 0x0010, 0x0010, 0x0018, 0x0018, 0x2018, 0x0008, 0x68AA, 0x4BE3,
    0x4BE3, 0x68AA, 0x0008, 0x2018, 0x0018, 0x2018, 0x2018, 0x0692, 0xACFB, 0x8579, 0x2429, 0x1BEF, 0xFFFF, 0x77D6, 0x0F84, 0xFAE6,
    0xFAE6, 0x0F84, 0x77D6, 0xFFFF, 0x1BEF, 0x2429, 0x8579, 0xACFB, 0x0692, 0x2018, 0x2018, 0x0018, 0x2018, 0x0008, 0x68AA, 0x4BE3,
    0x4BE3, 0x68AA, 0x0008, 0x2018, 0x2018, 0x0008, 0xC248, 0x68AA, 0x47AA, 0x4461, 0x0000, 0xC320, 0xFAE6, 0xFADE, 0xE328, 0x6120,
    0x6120, 0xE328, 0xDADE, 0xFAE6, 0xE328, 0x0000, 0x4461, 0x47AA, 0x68AA, 0xC248, 0x0008, 0x2018, 0x2018, 0x0008, 0x68AA, 0x4BE3,
    0x4BE3, 0x68AA, 0x0008, 0x2018, 0x0010, 0x6128, 0xE348, 0xA240, 0x8138, 0x0010, 0xE348, 0xA238, 0xE328, 0x5CEF, 0x33AD, 0x0000,
    0x0000, 0x12AD, 0x5CEF, 0xE328, 0xA238, 0xE348, 0x0010, 0x8138, 0xA240, 0xE348, 0x6128, 0x0010, 0x2018, 0x0008, 0x68AA, 0x4BE3,
    0x4BE3, 0x68AA, 0x0008, 0x2018, 0x0010, 0x68B2, 0x4BEB, 0x8BF3, 0x279A, 0xE248, 0x6BEB, 0x6BEB, 0x8581, 0xA218, 0xE338, 0xC248,
    0xE248, 0xE338, 0xA218, 0x8581, 0x6BEB, 0x6BEB, 0xE248, 0x279A, 0x6BF3, 0x4BEB, 0x68B2, 0x0010, 0x2018, 0x0008, 0x68AA, 0x4BE3,
    0x4BE3, 0x68AA, 0x0010, 0x0010, 0xE248, 0x4BE3, 0x0AD3, 0x4BEB, 0x2359, 0x8579, 0x6BEB, 0x0AD3, 0x6BEB, 0xA581, 0x68B2, 0x8579,
    0x8579, 0x68B2, 0xA581, 0x6BEB, 0x0AD3, 0x6BEB, 0x8571, 0x2359, 0x4BEB, 0x0AD3, 0x4BE3, 0xE248, 0x0010, 0x0010, 0x68AA, 0x4BE3,
    0x4BE3, 0x68AA, 0x0010, 0x0008, 0xE689, 0x4BEB, 0x0AD3, 0x4BE3, 0xA240, 0x27A2, 0x4BEB, 0x0ADB, 0x0ADB, 0x4BE3, 0x8CF3, 0x4469,
    0x4469, 0x8CF3, 0x4BE3, 0x0ADB, 0x0ADB, 0x4BEB, 0x279A, 0xC240, 0x4BE3, 0x0AD3, 0x4BEB, 0xE689, 0x0008, 0x0010, 0x68AA, 0x4BE3,
    0x4BE3, 0x68AA, 0x0010, 0x0018, 0x68B2, 0x2AE3, 0x0ADB, 0x0AD3, 0x8138, 0x88B2, 0x2AE3, 0x0AD3, 0x0ADB, 0xEAD2, 0x4BEB, 0x4469,
    0x4469, 0x4BEB, 0xEAD2, 0x0ADB, 0x0AD3, 0x2AE3, 0x88B2, 0x8138, 0x0AD3, 0x0ADB, 0x2AE3, 0x68B2, 0x0010, 0x0010, 0x68AA, 0x4BE3,
    0x4BE3, 0x68AA, 0x0008, 0x4020, 0x0AD3, 0x6BEB, 0x6BEB, 0x2ADB, 0x8130, 0x0AD3, 0x6BF3, 0x4BEB, 0x4BEB, 0x4BEB, 0xACFB, 0x6471,
    0x6571, 0xACFB, 0x4BEB, 0x4BEB, 0x4BEB, 0x6BF3, 0xEAD2, 0x8130, 0x2ADB, 0x6BEB, 0x6BEB, 0x0AD3, 0x4020, 0x0008, 0x68AA, 0x4BE3,
    0x4BE3, 0x68AA, 0x0008, 0x4020, 0x8571, 0xA579, 0xA579, 0x8571, 0x4028, 0x8571, 0xA579, 0xA579, 0xA579, 0x8579, 0xC681, 0xC240,
    0xC240, 0xC681, 0x8579, 0xA579, 0xA579, 0xA579, 0x8571, 0x4028, 0x8571, 0xA579, 0xA579, 0x8571, 0x4020, 0x0008, 0x68AA, 0x4BE3,
    0x4BEB, 0x47AA, 0x0000, 0x0010, 0x0000, 0x0000, 0x0000, 0x0000, 0x0008, 0x0000, 0x0000, 0x0000, 0x0000, 0x0000, 0x0000, 0x0008,
    0x0008, 0x0000, 0x0000, 0x0000, 0x0000, 0x0000, 0x0000, 0x0008, 0x0000, 0x0000, 0x0000, 0x0000, 0x0010, 0x0000, 0x47AA, 0x4BEB,
    0x2ADB, 0xEAD2, 0x48AA, 0x68AA, 0x68AA, 0x68AA, 0x68AA, 0x68AA, 0x68AA, 0x68AA, 0x68AA, 0x68AA, 0x68AA, 0x68AA, 0x68AA, 0x68AA,
    0x68AA, 0x68AA, 0x68AA, 0x68AA, 0x68AA, 0x68AA, 0x68AA, 0x68AA, 0x68AA, 0x68AA, 0x68AA, 0x68AA, 0x68AA, 0x48AA, 0xEAD2, 0x2ADB,
    0x2ADB, 0x2ADB, 0x4BEB, 0x4BE3, 0x4BE3, 0x4BE3, 0x4BE3, 0x4BE3, 0x4BE3, 0x4BE3, 0x4BE3, 0x4BE3, 0x4BE3, 0x4BE3, 0x4BE3, 0x4BE3,
    0x4BE3, 0x4BE3, 0x4BE3, 0x4BE3, 0x4BE3, 0x4BE3, 0x4BE3, 0x4BE3, 0x4BE3, 0x4BE3, 0x4BE3, 0x4BE3, 0x4BE3, 0x4BEB, 0x2ADB, 0x2ADB
};

const uint16_t icon_orbital_gatling_barrage_stratagem_icon_background[] PROGMEM = {
    0x2ADB, 0x2ADB, 0x4BEB, 0x4BE3, 0x4BE3, 0x4BE3, 0x4BE3, 0x4BE3, 0x4BE3, 0x4BE3, 0x4BE3, 0x4BE3, 0x4BE3, 0x4BE3, 0x4BE3, 0x4BE3,
    0x4BE3, 0x4BE3, 0x4BE3, 0x4BE3, 0x4BE3, 0x4BE3, 0x4BE3, 0x4BE3, 0x4BE3, 0x4BE3, 0x4BE3, 0x4BE3, 0x4BE3, 0x4BEB, 0x2ADB, 0x2ADB,
    0x2ADB, 0xEAD2, 0x48AA, 0x68AA, 0x68AA, 0x68AA, 0x68AA, 0x68AA, 0x68AA, 0x68AA, 0x68AA, 0x68AA, 0x68AA, 0x68AA, 0x68AA, 0x68AA,
    0x68AA, 0x68AA, 0x68AA, 0x68AA, 0x68AA, 0x68AA, 0x68AA, 0x68AA, 0x68AA, 0x68AA, 0x68AA, 0x68AA, 0x68AA, 0x48AA, 0xEAD2, 0x2ADB,
    0x4BEB, 0x47AA, 0x0000, 0x0010, 0x0008, 0x0008, 0x0008, 0x0008, 0x0008, 0x0008, 0x0008, 0x0008, 0x0008, 0x0008, 0x0008, 0x0008,
    0x0008, 0x0008, 0x0008, 0x0008, 0x0008, 0x0008, 0x0008, 0x0008, 0x0008, 0x0008, 0x0008, 0x0008, 0x0010, 0x0000, 0x47AA, 0x4BEB,
    0x4BE3, 0x68AA, 0x0010, 0x2018, 0x2018, 0x2018, 0x2018, 0x2018, 0x2018, 0x2018, 0x2018, 0x2018, 0x2018, 0x2018, 0x2018, 0x2018,
    0x2018, 0x2018, 0x2018, 0x2018, 0x2018, 0x2018, 0x2018, 0x2018, 0x2018, 0x2018, 0x2018, 0x2018, 0x2018, 0x0010, 0x68AA, 0x4BE3,
    0x4BE3, 0x68AA, 0x0008, 0x2018, 0x0018, 0x0018, 0x0018, 0x0018, 0x0018, 0x0018, 0x0018, 0x0018, 0x0018, 0x0018, 0x2018, 0x0010,
    0x0010, 0x2018, 0x0018, 0x0018, 0x0018, 0x0018, 0x0018, 0x0018, 0x0018, 0x0018, 0x0018, 0x0018, 0x2018, 0x0008, 0x68AA, 0x4BE3,
    0x4BE3, 0x68AA, 0x0008, 0x2018, 0x0018, 0x0018, 0x0018, 0x0018, 0x0018, 0x0018, 0x0018, 0x0018, 0x0018, 0x0018, 0x0010, 0x4439,
    0x4439, 0x0010, 0x0018, 0x0018, 0x0018, 0x0018, 0x0018, 0x0018, 0x0018, 0x0018, 0x0018, 0x0018, 0x2018, 0x0008, 0x68AA, 0x4BE3,
    0x4BE3, 0x68AA, 0x0008, 0x2018, 0x0018, 0x0018, 0x0018, 0x0018, 0x0018, 0x0018, 0x0018, 0x0018, 0x0018, 0x8120, 0x4108, 0xD1A4,
    0xD1A4, 0x4108, 0x8120, 0x0018, 0x0018, 0x0018, 0x0018, 0x0018, 0x0018, 0x0018, 0x0018, 0x0018, 0x2018, 0x0008, 0x68AA, 0x4BE3,
    0x4BE3, 0x68AA, 0x0008, 0x2018, 0x0018, 0x0018, 0x0018, 0x0018, 0x0018, 0x0018, 0x0018, 0x2018, 0x0000, 0x709C, 0x8D7B, 0x5094,
    0x5094, 0x8D7B, 0x709C, 0x0000, 0x2018, 0x0018, 0x0018, 0x0018, 0x0018, 0x0018, 0x0018, 0x0018, 0x2018, 0x0008, 0x68AA, 0x4BE3,
    0x4BE3, 0x68AA, 0x0008, 0x2018, 0x0018, 0x0018, 0x0018, 0x0018, 0x0018, 0x0018, 0x0018, 0x2018, 0x0000, 0xB1A4, 0x2F8C, 0xCA62,
    0xCA62, 0x2F8C, 0xB1A4, 0x0000, 0x2018, 0x0018, 0x0018, 0x0018, 0x0018, 0x0018, 0x0018, 0x0018, 0x2018, 0x0008, 0x68AA, 0x4BE3,
    0x4BE3, 0x68AA, 0x0008, 0x2018, 0x0018, 0x0018, 0x0018, 0x0018, 0x0018, 0x0018, 0x0018, 0x2018, 0x0000, 0x12AD, 0xD1A4, 0xC320,
    0xC320, 0xD1A4, 0x12AD, 0x0000, 0x2018, 0x0018, 0x0018, 0x0018, 0x0018, 0x0018, 0x0018, 0x0018, 0x2018, 0x0008, 0x68AA, 0x4BE3,
    0x4BE3, 0x68AA, 0x0008, 0x2018, 0x0018, 0x0018, 0x0018, 0x0018, 0x0018, 0x0018, 0x0018, 0x2018, 0x0010, 0x2752, 0xA639, 0x909C,
    0x909C, 0xA639, 0x2752, 0x0010, 0x2018, 0x0018, 0x0018, 0x0018, 0x0018, 0x0018, 0x0018, 0x0018, 0x2018, 0x0008, 0x68AA, 0x4BE3,
    0x4BE3, 0x68AA, 0x0008, 0x2018, 0x0018, 0x0018, 0x0018, 0x0018, 0x0018, 0x0018, 0x0018, 0x2018, 0x0010, 0x2752, 0xA639, 0x919C,
    0x919C, 0xA639, 0x2752, 0x0010, 0x2018, 0x0018, 0x0018, 0x0018, 0x0018, 0x0018, 0x0018, 0x0018, 0x2018, 0x0008, 0x68AA, 0x4BE3,
    0x4BE3, 0x68AA, 0x0008, 0x2018, 0x0018, 0x0018, 0x0018, 0x0018, 0x0018, 0x0018, 0x0018, 0x2018, 0x0000, 0x33AD, 0x709C, 0xAA62,
    0xAA62, 0x709C, 0x33AD, 0x0000, 0x2018, 0x0018, 0x0018, 0x0018, 0x0018, 0x0018, 0x0018, 0x0018, 0x2018, 0x0008, 0x68AA, 0x4BE3,
    0x4BE3, 0x68AA, 0x0008, 0x2018, 0x0018, 0x0018, 0x0018, 0x0018, 0x0018, 0x0018, 0x0018, 0x2018, 0x0000, 0xB19C, 0x909C, 0xC320,
    0xC320, 0x909C, 0xB19C, 0x0000, 0x2018, 0x0018, 0x0018, 0x0018, 0x0018, 0x0018, 0x0018, 0x0018, 0x2018, 0x0008, 0x68AA, 0x4BE3,
    0x4BE3, 0x68AA, 0x0008, 0x2018, 0x0018, 0x0018, 0x0018, 0x0018, 0x0018, 0x0018, 0x0018, 0x2018, 0x0000, 0x7094, 0x8D7B, 0x5094,
    0x5094, 0x8D7B, 0x7094, 0x0000, 0x2018, 0x0018, 0x0018, 0x0018, 0x0018, 0x0018, 0x0018, 0x0018, 0x2018, 0x0008, 0x68AA, 0x4BE3,
    0x4BE3, 0x68AA, 0x0008, 0x2018, 0x0018, 0x0018, 0x0018, 0x0018, 0x0018, 0x0018, 0x0018, 0x2018, 0x0010, 0xC228, 0x8110, 0x709C,
    0x709C, 0x8110, 0xC228, 0x0010, 0x2018, 0x0018, 0x0018, 0x0018, 0x0018, 0x0018, 0x0018, 0x0018, 0x2018, 0x0008, 0x68AA, 0x4BE3,
    0x4BE3, 0x68AA, 0x0008, 0x2018, 0x0018, 0x0018, 0x0018, 0x0018, 0x0018, 0x2018, 0x0018, 0x2010, 0x0000, 0x7094, 0x8D7B, 0x5094,
    0x5094, 0x8D7B, 0x7094, 0x0000, 0x2010, 0x0018, 0x2018, 0x0018, 0x0018, 0x0018, 0x0018, 0x0018, 0x2018, 0x0008, 0x68AA, 0x4BE3,
    0x4BE3, 0x68AA, 0x0008, 0x2018, 0x0018, 0x0018, 0x0018, 0x0018, 0x2018, 0x0008, 0x0010, 0xA238, 0x0000, 0xB19C, 0x909C, 0xC320,
    0xC320, 0x909C, 0xB19C, 0x0000, 0xA238, 0x0010, 0x0010, 0x2018, 0x0018, 0x0018, 0x0018, 0x0018, 0x2018, 0x0008, 0x68AA, 0x4BE3,
    0x4BE3, 0x68AA, 0x0008, 0x2018, 0x0018, 0x0018, 0x0018, 0x2018, 0x0008, 0xA238, 0x47A2, 0x0351, 0x0010, 0x12AD, 0x709C, 0xCA62,
    0xCA62, 0x709C, 0x12AD, 0x0010, 0x0351, 0x47A2, 0xA238, 0x0008, 0x2018, 0x0018, 0x0018, 0x0018, 0x2018, 0x0008, 0x68AA, 0x4BE3,
    0x4BE3, 0x68AA, 0x0008, 0x2018, 0x0018, 0x0018, 0x0010, 0x0008, 0x6469, 0x6BEB, 0x6469, 0x2359, 0x2371, 0xE739, 0xC641, 0x909C,
    0x909C, 0xC639, 0xE739, 0x2371, 0x2359, 0x6471, 0x6BEB, 0x6469, 0x0008, 0x0010, 0x0018, 0x0018, 0x2018, 0x0008, 0x68AA, 0x4BE3,
    0x4BE3, 0x68AA, 0x0008, 0x2018, 0x0018, 0x2018, 0x2018, 0x0692, 0xACFB, 0x88BA, 0x6128, 0x4BE3, 0xA9BA, 0xA581, 0x2030, 0xD19C,
    0xD19C, 0x2030, 0xA581, 0xA9BA, 0x4BE3, 0x6128, 0x88BA, 0xACFB, 0x0692, 0x2018, 0x2018, 0x0018, 0x2018, 0x0008, 0x68AA, 0x4BE3,
    0x4BE3, 0x68AA, 0x0008, 0x2018, 0x2018, 0x0008, 0xC248, 0x68AA, 0x48AA, 0xE248, 0xE248, 0x68AA, 0x27A2, 0xC9C2, 0xA148, 0x2C6B,
    0x2C6B, 0xA150, 0xC9C2, 0x27A2, 0x68AA, 0xE248, 0xE248, 0x48AA, 0x68AA, 0xC248, 0x0008, 0x2018, 0x2018, 0x0008, 0x68AA, 0x4BE3,
    0x4BE3, 0x68AA, 0x0008, 0x2018, 0x0010, 0x6128, 0xE348, 0xA240, 0x8138, 0x2018, 0xC248, 0xA240, 0xA240, 0xA238, 0xE248, 0x2028,
    0x2028, 0xE248, 0xA238, 0xA240, 0xA240, 0xC248, 0x2018, 0x8138, 0xA240, 0xE348, 0x6128, 0x0010, 0x2018, 0x0008, 0x68AA, 0x4BE3,
    0x4BE3, 0x68AA, 0x0008, 0x2018, 0x0010, 0x68B2, 0x4BEB, 0x8BF3, 0x279A, 0xE248, 0x6BEB, 0x4BE3, 0x4BE3, 0x2BE3, 0x8CFB, 0x6471,
    0x6571, 0x8CFB, 0x2BE3, 0x4BE3, 0x4BE3, 0x6BEB, 0xE248, 0x279A, 0x6BF3, 0x4BEB, 0x68B2, 0x0010, 0x2018, 0x0008, 0x68AA, 0x4BE3,
    0x4BE3, 0x68AA, 0x0010, 0x0010, 0xE248, 0x4BE3, 0x0AD3, 0x4BEB, 0x2359, 0x8579, 0x6BEB, 0x0AD3, 0x0ADB, 0x0AD3, 0x6BEB, 0x6469,
    0x6469, 0x6BEB, 0x0AD3, 0x0ADB, 0x0AD3, 0x6BEB, 0x8571, 0x2359, 0x4BEB, 0x0AD3, 0x4BE3, 0xE248, 0x0010, 0x0010, 0x68AA, 0x4BE3,
    0x4BE3, 0x68AA, 0x0010, 0x0008, 0xE689, 0x4BEB, 0x0AD3, 0x4BE3, 0xA240, 0x27A2, 0x4BEB, 0x0ADB, 0x2ADB, 0x0ADB, 0x6BEB, 0x6469,
    0x6469, 0x6BEB, 0x0ADB, 0x2ADB, 0x0ADB, 0x4BEB, 0x279A, 0xC240, 0x4BE3, 0x0AD3, 0x4BEB, 0xE689, 0x0008, 0x0010, 0x68AA, 0x4BE3,
    0x4BE3, 0x68AA, 0x0010, 0x0018, 0x68B2, 0x2AE3, 0x0ADB, 0x0AD3, 0x8138, 0x88B2, 0x2AE3, 0x0AD3, 0x0ADB, 0x0AD3, 0x4BEB, 0x4469,
    0x4469, 0x4BEB, 0x0AD3, 0x0ADB, 0x0AD3, 0x2AE3, 0x88B2, 0x8138, 0x0AD3, 0x0ADB, 0x2AE3, 0x68B2, 0x0010, 0x0010, 0x68AA, 0x4BE3,
    0x4BE3, 0x68AA, 0x0008, 0x4020, 0x0AD3, 0x6BEB, 0x6BEB, 0x2ADB, 0x8130, 0x0AD3, 0x6BF3, 0x4BEB, 0x4BEB, 0x4BEB, 0xACFB, 0x6471,
    0x6571, 0xACFB, 0x4BEB, 0x4BEB, 0x4BEB, 0x6BF3, 0xEAD2, 0x8130, 0x2ADB, 0x6BEB, 0x6BEB, 0x0AD3, 0x4020, 0x0008, 0x68AA, 0x4BE3,
    0x4BE3, 0x68AA, 0x0008, 0x4020, 0x8571, 0xA579, 0xA579, 0x8571, 0x4028, 0x8571, 0xA579, 0xA579, 0xA579, 0x8579, 0xC681, 0xC240,
    0xC240, 0xC681, 0x8579, 0xA579, 0xA579, 0xA579, 0x8571, 0x4028, 0x8571, 0xA579, 0xA579, 0x8571, 0x4020, 0x0008, 0x68AA, 0x4BE3,
    0x4BEB, 0x47AA, 0x0000, 0x0010, 0x0000, 0x0000, 0x0000, 0x0000, 0x0008, 0x0000, 0x0000, 0x0000, 0x0000, 0x0000, 0x0000, 0x0008,
    0x0008, 0x0000, 0x0000, 0x0000, 0x0000, 0x0000, 0x0000, 0x0008, 0x0000, 0x0000, 0x0000, 0x0000, 0x0010, 0x0000, 0x47AA, 0x4BEB,
    0x2ADB, 0xEAD2, 0x48AA, 0x68AA, 0x68AA, 0x68AA, 0x68AA, 0x68AA, 0x68AA, 0x68AA, 0x68AA, 0x68AA, 0x68AA, 0x68AA, 0x68AA, 0x68AA,
    0x68AA, 0x68AA, 0x68AA, 0x68AA, 0x68AA, 0x68AA, 0x68AA, 0x68AA, 0x68AA, 0x68AA, 0x68AA, 0x68AA, 0x68AA, 0x48AA, 0xEAD2, 0x2ADB,
    0x2ADB, 0x2ADB, 0x4BEB, 0x4BE3, 0x4BE3, 0x4BE3, 0x4BE3, 0x4BE3, 0x4BE3, 0x4BE3, 0x4BE3, 0x4BE3, 0x4BE3, 0x4BE3, 0x4BE3, 0x4BE3,
    0x4BE3, 0x4BE3, 0x4BE3, 0x4BE3, 0x4BE3, 0x4BE3, 0x4BE3, 0x4BE3, 0x4BE3, 0x4BE3, 0x4BE3, 0x4BE3, 0x4BE3, 0x4BEB, 0x2ADB, 0x2ADB
};

const uint16_t icon_orbital_illumination_flare_stratagem_icon_background[] PROGMEM = {
    0x8DCD, 0xADCD, 0xCDD5, 0xCDD5, 0xCDD5, 0xCDD5, 0xCDD5, 0xCDD5, 0xCDD5, 0xCDD5, 0xCDD5, 0xCDD5, 0xCDD5, 0xCDD5, 0xCDD5, 0xCDD5,
    0xCDD5, 0xCDD5, 0xCDD5, 0xCDD5, 0xCDD5, 0xCDD5, 0xCDD5, 0xCDD5, 0xCDD5, 0xCDD5, 0xCDD5, 0xCDD5, 0xCDD5, 0xCDD5, 0xADCD, 0x8DCD,
    0xADCD, 0x4CC5, 0x8AA4, 0x8AA4, 0x8AA4, 0x8AA4, 0x6AA4, 0x8BA4, 0x8BA4, 0x8BA4, 0x8BA4, 0x8BA4, 0x8BA4, 0x8BA4, 0x8BA4, 0x8BA4,
    0x8BA4, 0x8BA4, 0x8BA4, 0x8BA4, 0x8BA4, 0x8BA4, 0x8BA4, 0x8BA4, 0x8BA4, 0x6AA4, 0x8AA4, 0x8AA4, 0x8AA4, 0x8AA4, 0x4CC5, 0xADCD,
    0xCDD5, 0x8AA4, 0x4429, 0xA539, 0xA439, 0xA439, 0xC539, 0x6429, 0x6429, 0x6429, 0x6429, 0x6429, 0x6429, 0x6429, 0x6429, 0x8431,
    0x8431, 0x6429, 0x6429, 0x6429, 0x6429, 0x6429, 0x6429, 0x6429, 0x6429, 0xC539, 0xA439, 0xA439, 0xA539, 0x4429, 0x8AA4, 0xCDD5,
    0xCDD5, 0x8AA4, 0xA439, 0x2CBD, 0x6CC5, 0x8DCD, 0x6873, 0x8431, 0xA439, 0xA431, 0xA431, 0xA431, 0xA431, 0xA431, 0xA439, 0x4329,
    0x4329, 0xA439, 0xA431, 0xA431, 0xA431, 0xA431, 0xA431, 0xA439, 0x8431, 0x4873, 0x8DCD, 0x6CC5, 0x2CBD, 0xA439, 0x8AA4, 0xCDD5,
    0xCDD5, 0x8AA4, 0xA439, 0x6CC5, 0xEEDD, 0xA983, 0x6429, 0xA431, 0xA431, 0xA431, 0xA431, 0xA431, 0xA431, 0xA431, 0x6431, 0x2E84,
    0x2E84, 0x6431, 0xA431, 0xA431, 0xA431, 0xA431, 0xA431, 0xA431, 0xA431, 0x6429, 0xA983, 0xEEDD, 0x6CC5, 0xA439, 0x8AA4, 0xCDD5,
    0xCDD5, 0x8AA4, 0xA439, 0x8DCD, 0xA983, 0x4429, 0xA431, 0xA431, 0xA431, 0xA431, 0xA431, 0xA431, 0xA431, 0xA539, 0x2329, 0x1AE7,
    0x1AE7, 0x2329, 0xA539, 0xA431, 0xA431, 0xA431, 0xA431, 0xA431, 0xA431, 0xA431, 0x4429, 0xA983, 0x8DCD, 0xA439, 0x8AA4, 0xCDD5,
    0xCDD5, 0x6AA4, 0xC539, 0x687B, 0x6429, 0xA431, 0xA431, 0xA431, 0xA431, 0xA431, 0xA431, 0xA431, 0xA431, 0xA539, 0x4329, 0x98D6,
    0x98D6, 0x4329, 0xA539, 0xA431, 0xA431, 0xA431, 0xA431, 0xA431, 0xA431, 0xA431, 0xA431, 0x6429, 0x4873, 0xC539, 0x6AA4, 0xCDD5,
    0xCDD5, 0x8BA4, 0x6429, 0x8431, 0xA431, 0xA431, 0xA431, 0xA431, 0xA431, 0xA539, 0xA539, 0xA431, 0xA431, 0xA539, 0x4329, 0xB8D6,
    0xB8D6, 0x4329, 0xA539, 0xA431, 0xA431, 0xA539, 0xA539, 0xA431, 0xA431, 0xA431, 0xA431, 0xA431, 0x8431, 0x6429, 0x8BA4, 0xCDD5,
    0xCDD5, 0x8BA4, 0x6429, 0xA539, 0xA431, 0xA431, 0xA431, 0xA431, 0xA431, 0x4329, 0x4329, 0xA539, 0xA431, 0xA539, 0x4329, 0xB8D6,
    0xB8D6, 0x4329, 0xA539, 0xA431, 0xA539, 0x4329, 0x4329, 0xA431, 0xA431, 0xA431, 0xA431, 0xA431, 0xA539, 0x6429, 0x8BA4, 0xCDD5,
    0xCDD5, 0x8BA4, 0x6429, 0xA431, 0xA431, 0xA431, 0xA431, 0xA431, 0x6329, 0x2F8C, 0x4F8C, 0x2221, 0xA539, 0xA539, 0x2329, 0xF9DE,
    0xF9DE, 0x2329, 0xA539, 0xA539, 0x2221, 0x4F8C, 0x4F8C, 0x6329, 0xA431, 0xA431, 0xA431, 0xA431, 0xA431, 0x6429, 0x8BA4, 0xCDD5,
    0xCDD5, 0x8BA4, 0x6429, 0xA431, 0xA431, 0xA431, 0xA431, 0xA431, 0x6329, 0xF5BD, 0xFFFF, 0x0E84, 0x2329, 0xA539, 0x4329, 0x73AD,
    0x73AD, 0x4329, 0xA539, 0x2329, 0x0E84, 0xFFFF, 0x16C6, 0x6329, 0xA431, 0xA431, 0xA431, 0xA431, 0xA431, 0x6429, 0x8BA4, 0xCDD5,
    0xCDD5, 0x8BA4, 0x6429, 0xA431, 0xA431, 0xA431, 0xA431, 0xA431, 0x8431, 0x8431, 0xF5BD, 0xFFFF, 0xED7B, 0x4329, 0xA539, 0x0221,
    0x0221, 0xA539, 0x4329, 0xED7B, 0xFFFF, 0xF5BD, 0x8431, 0x8431, 0xA431, 0xA431, 0xA431, 0xA431, 0xA431, 0x6429, 0x8BA4, 0xCDD5,
    0xCDD5, 0x8BA4, 0x6429, 0xA431, 0xA431, 0xA431, 0xA431, 0xA431, 0xA431, 0x8431, 0xA431, 0x33AD, 0x0A63, 0x2221, 0xA539, 0x0A63,
    0x0A63, 0xA539, 0x2321, 0x0A63, 0x53AD, 0xA431, 0x8431, 0xA539, 0xA431, 0xA431, 0xA431, 0xA431, 0xA431, 0x6429, 0x8BA4, 0xCDD5,
    0xCDD5, 0x8BA4, 0x6429, 0xA539, 0xA539, 0xA539, 0xA539, 0xA539, 0xA539, 0xA539, 0xA431, 0x4329, 0x2329, 0xA852, 0xB9D6, 0xFEFF,
    0xFEFF, 0xD9DE, 0xA852, 0x2329, 0x4329, 0xA431, 0xA539, 0xA539, 0xA539, 0xA539, 0xA539, 0xA539, 0xA539, 0x6429, 0x8BA4, 0xCDD5,
    0xCDD5, 0x8BA4, 0x6429, 0x4329, 0x4329, 0x4329, 0x4329, 0x4329, 0x4329, 0x4329, 0x6329, 0xA539, 0xA539, 0xF9DE, 0xFFFF, 0xFDFF,
    0xFDFF, 0xFFFF, 0xF9DE, 0xA539, 0xA539, 0x6329, 0x4329, 0x4329, 0x4329, 0x4329, 0x4329, 0x4329, 0x4329, 0x6429, 0x8BA4, 0xCDD5,
    0xCDD5, 0x8AA4, 0xC539, 0x77CE, 0xB9D6, 0xB8D6, 0xB8D6, 0xB8D6, 0xB8D6, 0xB9D6, 0x73AD, 0x0221, 0x0A63, 0xFEFF, 0xFDFF, 0xFDFF,
    0xFDFF, 0xFDFF, 0xFEFF, 0x0A63, 0x0221, 0x73AD, 0xB9D6, 0xB8D6, 0xB8D6, 0xB8D6, 0xB8D6, 0xB9D6, 0x77CE, 0xC539, 0x8AA4, 0xCDD5,
    0xCDD5, 0x8AA4, 0xC539, 0x77CE, 0xB9D6, 0xB8D6, 0xB8D6, 0xB8D6, 0xB8D6, 0xB9D6, 0x73AD, 0x0221, 0x0A63, 0xFEFF, 0xFDFF, 0xFDFF,
    0xFDFF, 0xFDFF, 0xFEFF, 0x0A63, 0x0221, 0x73AD, 0xB9D6, 0xB8D6, 0xB8D6, 0xB8D6, 0xB8D6, 0xB9D6, 0x77CE, 0xC539, 0x8AA4, 0xCDD5,
    0xCDD5, 0x8BA4, 0x6429, 0x4329, 0x4329, 0x4329, 0x4329, 0x4329, 0x4329, 0x4329, 0x6329, 0xA539, 0xA431, 0xF9DE, 0xFFFF, 0xFDFF,
    0xFDFF, 0xFFFF, 0xF9DE, 0xA431, 0xA539, 0x6329, 0x4329, 0x4329, 0x4329, 0x4329, 0x4329, 0x4329, 0x4329, 0x6429, 0x8BA4, 0xCDD5,
    0xCDD5, 0x8BA4, 0x6429, 0xA539, 0xA539, 0xA539, 0xA539, 0xA539, 0xA539, 0xA539, 0xA539, 0x6329, 0x4329, 0xA852, 0xB9D6, 0xFEFF,
    0xFEFF, 0xB9D6, 0xA852, 0x4329, 0x6329, 0xA539, 0xA539, 0xA539, 0xA539, 0xA539, 0xA539, 0xA539, 0xA539, 0x6429, 0x8BA4, 0xCDD5,
    0xCDD5, 0x8BA4, 0x6429, 0xA431, 0xA431, 0xA431, 0xA431, 0xA431, 0xA431, 0xA539, 0x4329, 0x2B6B, 0x0642, 0x4329, 0xA439, 0x0A63,
    0x0A63, 0xA439, 0x4329, 0x0642, 0x4B6B, 0x4329, 0xA539, 0xA431, 0xA431, 0xA431, 0xA431, 0xA431, 0xA431, 0x6429, 0x8BA4, 0xCDD5,
    0xCDD5, 0x8BA4, 0x6429, 0xA431, 0xA431, 0xA431, 0xA431, 0xA431, 0xA431, 0x0221, 0x0E84, 0xFFFF, 0x6F8C, 0x4329, 0xA539, 0x0221,
    0x2221, 0xA539, 0x4329, 0x4F8C, 0xFFFF, 0x0E84, 0x0221, 0xA431, 0xA431, 0xA431, 0xA431, 0xA431, 0xA431, 0x6429, 0x8BA4, 0xCDD5,
    0xCDD5, 0x8BA4, 0x6429, 0xA431, 0xA431, 0xA431, 0xA431, 0xA431, 0x6431, 0x6F8C, 0xFFFF, 0xF6BD, 0xC539, 0xA431, 0x6329, 0x73AD,
    0x73AD, 0x6329, 0xA431, 0xC539, 0xF5BD, 0xFFFF, 0x6F8C, 0x6431, 0xA431, 0xA431, 0xA431, 0xA431, 0xA431, 0x6429, 0x8BA4, 0xCDD5,
    0xCDD5, 0x8BA4, 0x6429, 0xA431, 0xA431, 0xA431, 0xA431, 0xA431, 0x6329, 0xD5BD, 0x37C6, 0x6431, 0x8431, 0xA539, 0x2329, 0xF9DE,
    0xF9DE, 0x2329, 0xA539, 0x8431, 0x6431, 0x36C6, 0xF5BD, 0x6329, 0xA431, 0xA431, 0xA431, 0xA431, 0xA431, 0x6429, 0x8BA4, 0xCDD5,
    0xCDD5, 0x8BA4, 0x6429, 0xA539, 0xA431, 0xA431, 0xA431, 0xA431, 0x8431, 0x8431, 0xA439, 0x8431, 0xA539, 0xA539, 0x4329, 0xB8D6,
    0xB8D6, 0x4329, 0xA539, 0xA539, 0x8431, 0xA431, 0x8431, 0x8431, 0xA431, 0xA431, 0xA431, 0xA431, 0xA539, 0x6429, 0x8BA4, 0xCDD5,
    0xCDD5, 0x8BA4, 0x6429, 0x8431, 0xA431, 0xA431, 0xA431, 0xA431, 0xA431, 0xA431, 0x8431, 0xA431, 0xA431, 0xA539, 0x4329, 0xB8D6,
    0xB8D6, 0x4329, 0xA539, 0xA431, 0xA431, 0x8431, 0xA431, 0xA431, 0xA431, 0xA431, 0xA431, 0xA431, 0x8431, 0x6429, 0x8BA4, 0xCDD5,
    0xCDD5, 0x6AA4, 0xC539, 0x687B, 0x6429, 0xA431, 0xA431, 0xA431, 0xA431, 0xA431, 0xA431, 0xA431, 0xA431, 0xA539, 0x4329, 0x98D6,
    0x98D6, 0x4329, 0xA539, 0xA431, 0xA431, 0xA431, 0xA431, 0xA431, 0xA431, 0xA431, 0xA431, 0x6429, 0x687B, 0xC539, 0x6AA4, 0xCDD5,
    0xCDD5, 0x8AA4, 0xA439, 0x8DCD, 0xA983, 0x4429, 0xA431, 0xA431, 0xA431, 0xA431, 0xA431, 0xA431, 0xA431, 0xA539, 0x2329, 0x1AE7,
    0x1AE7, 0x2329, 0xA539, 0xA431, 0xA431, 0xA431, 0xA431, 0xA431, 0xA431, 0xA431, 0x4429, 0xA983, 0x8DCD, 0xA439, 0x8AA4, 0xCDD5,
    0xCDD5, 0x8AA4, 0xA439, 0x6CC5, 0xEEDD, 0xA983, 0x6429, 0xA431, 0xA431, 0xA431, 0xA431, 0xA431, 0xA431, 0xA431, 0x6431, 0x2E84,
    0x2E84, 0x6431, 0xA431, 0xA431, 0xA431, 0xA431, 0xA431, 0xA431, 0xA431, 0x6429, 0xA983, 0xEEDD, 0x6CC5, 0xA439, 0x8AA4, 0xCDD5,
    0xCDD5, 0x8AA4, 0xA439, 0x2CBD, 0x6CC5, 0x8DCD, 0x687B, 0x8431, 0xA439, 0xA431, 0xA431, 0xA431, 0xA431, 0xA431, 0xA439, 0x4329,
    0x4329, 0xA439, 0xA431, 0xA431, 0xA431, 0xA431, 0xA431, 0xA439, 0x8431, 0x687B, 0x8DCD, 0x6CC5, 0x2CBD, 0xA439, 0x8AA4, 0xCDD5,
    0xCDD5, 0x8AA4, 0x4429, 0xA539, 0xA439, 0xA439, 0xC539, 0x6429, 0x6429, 0x6429, 0x6429, 0x6429, 0x6429, 0x6429, 0x6429, 0x8431,
    0x8431, 0x6429, 0x6429, 0x6429, 0x6429, 0x6429, 0x6429, 0x6429, 0x6429, 0xC539, 0xA439, 0xA439, 0xA539, 0x4429, 0x8AA4, 0xCDD5,
    0xADCD, 0x4CC5, 0x8AA4, 0x8AA4, 0x8AA4, 0x8AA4, 0x6AA4, 0x8BA4, 0x8BA4, 0x8BA4, 0x8BA4, 0x8BA4, 0x8BA4, 0x8BA4, 0x8BA4, 0x8BA4,
    0x8BA4, 0x8BA4, 0x8BA4, 0x8BA4, 0x8BA4, 0x8BA4, 0x8BA4, 0x8BA4, 0x8BA4, 0x6AA4, 0x8AA4, 0x8AA4, 0x8AA4, 0x8AA4, 0x4CC5, 0xADCD,
    0x8DCD, 0xADCD, 0xCDD5, 0xCDD5, 0xCDD5, 0xCDD5, 0xCDD5, 0xCDD5, 0xCDD5, 0xCDD5, 0xCDD5, 0xCDD5, 0xCDD5, 0xCDD5, 0xCDD5, 0xCDD5,
    0xCDD5, 0xCDD5, 0xCDD5, 0xCDD5, 0xCDD5, 0xCDD5, 0xCDD5, 0xCDD5, 0xCDD5, 0xCDD5, 0xCDD5, 0xCDD5, 0xCDD5, 0xCDD5, 0xADCD, 0x8DCD
};

const uint16_t icon_orbital_laser_stratagem_icon_background[] PROGMEM = {
    0x2ADB, 0x2ADB, 0x4BEB, 0x4BE3, 0x4BE3, 0x4BE3, 0x4BE3, 0x4BE3, 0x4BE3, 0x4BE3, 0x4BE3, 0x4BE3, 0x4BE3, 0x4BE3, 0x4BE3, 0x4BE3,
    0x4BE3, 0x4BE3, 0x4BE3, 0x4BE3, 0x4BE3, 0x4BE3, 0x4BE3, 0x4BE3, 0x4BE3, 0x4BE3, 0x4BE3, 0x4BE3, 0x4BE3, 0x4BEB, 0x2ADB, 0x2ADB,
    0x2ADB, 0xEAD2, 0x48AA, 0x68AA, 0x68AA, 0x68AA, 0x68AA, 0x68AA, 0x68AA, 0x68AA, 0x68AA, 0x68AA, 0x68AA, 0x68AA, 0x68AA, 0x68AA,
    0x68AA, 0x68AA, 0x68AA, 0x68AA, 0x68AA, 0x68AA, 0x68AA, 0x68AA, 0x68AA, 0x68AA, 0x68AA, 0x68AA, 0x68AA, 0x48AA, 0xEAD2, 0x2ADB,
    0x4BEB, 0x47AA, 0x0000, 0x0010, 0x0008, 0x0008, 0x0008, 0x0008, 0x0008, 0x0008, 0x0008, 0x0008, 0x0008, 0x0008, 0x0008, 0x0010,
    0x0010, 0x0008, 0x0008, 0x0008, 0x0008, 0x0008, 0x0008, 0x0008, 0x0008, 0x0008, 0x0008, 0x0008, 0x0010, 0x0000, 0x47AA, 0x4BEB,
    0x4BE3, 0x68AA, 0x0010, 0x2018, 0x2018, 0x2018, 0x2018, 0x2018, 0x2018, 0x2018, 0x2018, 0x2018, 0x2018, 0x2018, 0x2018, 0x0010,
    0x0010, 0x2018, 0x2018, 0x2018, 0x2018, 0x2018, 0x2018, 0x2018, 0x2018, 0x2018, 0x2018, 0x2018, 0x2018, 0x0010, 0x68AA, 0x4BE3,
    0x4BE3, 0x68AA, 0x0008, 0x2018, 0x0018, 0x0018, 0x0018, 0x0018, 0x0018, 0x0018, 0x0018, 0x0018, 0x0018, 0x2018, 0x0008, 0x685A,
    0x685A, 0x0008, 0x2018, 0x0018, 0x0018, 0x0018, 0x0018, 0x0018, 0x0018, 0x0018, 0x0018, 0x0018, 0x2018, 0x0008, 0x68AA, 0x4BE3,
    0x4BE3, 0x68AA, 0x0008, 0x2018, 0x0018, 0x0018, 0x0018, 0x0018, 0x0018, 0x0018, 0x0018, 0x0018, 0x0018, 0x2018, 0x0000, 0xF2A4,
    0xF2A4, 0x0000, 0x2018, 0x0018, 0x0018, 0x0018, 0x0018, 0x0018, 0x0018, 0x0018, 0x0018, 0x0018, 0x2018, 0x0008, 0x68AA, 0x4BE3,
    0x4BE3, 0x68AA, 0x0008, 0x2018, 0x0018, 0x0018, 0x0018, 0x0018, 0x0018, 0x0018, 0x0018, 0x0018, 0x0018, 0x2018, 0x0000, 0x909C,
    0x909C, 0x0000, 0x2018, 0x0018, 0x0018, 0x0018, 0x0018, 0x0018, 0x0018, 0x0018, 0x0018, 0x0018, 0x2018, 0x0008, 0x68AA, 0x4BE3,
    0x4BE3, 0x68AA, 0x0008, 0x2018, 0x0018, 0x0018, 0x0018, 0x0018, 0x0018, 0x0018, 0x0018, 0x0018, 0x0018, 0x2018, 0x0000, 0xB19C,
    0xB19C, 0x0000, 0x2018, 0x0018, 0x0018, 0x0018, 0x0018, 0x0018, 0x0018, 0x0018, 0x0018, 0x0018, 0x2018, 0x0008, 0x68AA, 0x4BE3,
    0x4BE3, 0x68AA, 0x0008, 0x2018, 0x0018, 0x0018, 0x0018, 0x0018, 0x0018, 0x0018, 0x0018, 0x0018, 0x0018, 0x2018, 0x0000, 0xB19C,
    0xB19C, 0x0000, 0x2018, 0x0018, 0x0018, 0x0018, 0x0018, 0x0018, 0x0018, 0x0018, 0x0018, 0x0018, 0x2018, 0x0008, 0x68AA, 0x4BE3,
    0x4BE3, 0x68AA, 0x0008, 0x2018, 0x0018, 0x0018, 0x0018, 0x0018, 0x0018, 0x0018, 0x0018, 0x2018, 0x2018, 0x2018, 0x0000, 0xB19C,
    0xB19C, 0x0000, 0x2018, 0x2018, 0x2018, 0x0018, 0x0018, 0x0018, 0x0018, 0x0018, 0x0018, 0x0018, 0x2018, 0x0008, 0x68AA, 0x4BE3,
    0x4BE3, 0x68AA, 0x0008, 0x2018, 0x0018, 0x0018, 0x0018, 0x0018, 0x0018, 0x0018, 0x0018, 0x0010, 0x0010, 0x4020, 0x0000, 0xB19C,
    0xB19C, 0x0000, 0x4020, 0x0010, 0x0010, 0x0018, 0x0018, 0x0018, 0x0018, 0x0018, 0x0018, 0x0018, 0x2018, 0x0008, 0x68AA, 0x4BE3,
    0x4BE3, 0x68AA, 0x0008, 0x2018, 0x0018, 0x0018, 0x0018, 0x0018, 0x0018, 0x2018, 0x0010, 0xF2A4, 0xA962, 0x0000, 0x0000, 0xB19C,
    0xB19C, 0x0000, 0x0000, 0xA962, 0xF2A4, 0x0010, 0x2018, 0x0018, 0x0018, 0x0018, 0x0018, 0x0018, 0x2018, 0x0008, 0x68AA, 0x4BE3,
    0x4BE3, 0x68AA, 0x0008, 0x2018, 0x0018, 0x0018, 0x0018, 0x0018, 0x0018, 0x2018, 0x0010, 0xAA62, 0xDDFF, 0xEA6A, 0x0000, 0x709C,
    0x709C, 0x0000, 0xEA6A, 0xBDFF, 0xCA62, 0x0010, 0x2018, 0x0018, 0x0018, 0x0018, 0x0018, 0x0018, 0x2018, 0x0008, 0x68AA, 0x4BE3,
    0x4BE3, 0x68AA, 0x0008, 0x2018, 0x0018, 0x0018, 0x0018, 0x0018, 0x0018, 0x2018, 0x4020, 0x0000, 0xAA62, 0x0F8C, 0xA218, 0xF6C5,
    0xF6C5, 0xA218, 0x0F8C, 0xCA62, 0x0000, 0x4020, 0x2018, 0x0018, 0x0018, 0x0018, 0x0018, 0x0018, 0x2018, 0x0008, 0x68AA, 0x4BE3,
    0x4BE3, 0x68AA, 0x0008, 0x2018, 0x0018, 0x0018, 0x0018, 0x0018, 0x0018, 0x0008, 0x0000, 0x0008, 0x0000, 0x6120, 0xD9DE, 0xFFFF,
    0xFFFF, 0xD9DE, 0x6120, 0x0000, 0x0008, 0x0000, 0x0008, 0x0018, 0x0018, 0x0018, 0x0018, 0x0018, 0x2018, 0x0008, 0x68AA, 0x4BE3,
    0x4BE3, 0x68AA, 0x0008, 0x2018, 0x0018, 0x0018, 0x0018, 0x2018, 0x0008, 0x485A, 0xB29C, 0xB2A4, 0x074A, 0x4C7B, 0xFFFF, 0xDDFF,
    0xDDFF, 0xFFFF, 0x4C7B, 0x074A, 0xB2A4, 0xB29C, 0x485A, 0x0008, 0x2018, 0x0018, 0x0018, 0x0018, 0x2018, 0x0008, 0x68AA, 0x4BE3,
    0x4BE3, 0x68AA, 0x0008, 0x2018, 0x0018, 0x0018, 0x0018, 0x2018, 0x0008, 0x685A, 0xB29C, 0x929C, 0x074A, 0x4C73, 0xFFFF, 0xBCFF,
    0xBCFF, 0xFFFF, 0x4C73, 0x074A, 0x929C, 0xB29C, 0x685A, 0x0008, 0x2018, 0x0018, 0x0018, 0x0018, 0x2018, 0x0008, 0x68AA, 0x4BE3,
    0x4BE3, 0x68AA, 0x0008, 0x2018, 0x0018, 0x0018, 0x0018, 0x0018, 0x2018, 0x0000, 0x0000, 0x0020, 0x0000, 0xA220, 0xD9DE, 0xFFFF,
    0xFFFF, 0xD9DE, 0xA220, 0x0000, 0x0020, 0x0000, 0x0000, 0x2018, 0x0018, 0x0018, 0x0018, 0x0018, 0x2018, 0x0008, 0x68AA, 0x4BE3,
    0x4BE3, 0x68AA, 0x0008, 0x2018, 0x0018, 0x0018, 0x0018, 0x2018, 0x0008, 0xC240, 0x68AA, 0xC240, 0x8571, 0xC589, 0xA220, 0x6D73,
    0x6D73, 0xA220, 0xC589, 0x8571, 0xC240, 0x68AA, 0xC238, 0x0008, 0x2018, 0x0018, 0x0018, 0x0018, 0x2018, 0x0008, 0x68AA, 0x4BE3,
    0x4BE3, 0x68AA, 0x0008, 0x2018, 0x0018, 0x0018, 0x0010, 0x0008, 0x6469, 0x6BEB, 0x8571, 0xC248, 0x4BEB, 0x4BE3, 0x88BA, 0x4030,
    0x4030, 0x88BA, 0x4BE3, 0x4BEB, 0xC248, 0x8571, 0x6BEB, 0x6469, 0x0008, 0x0010, 0x0018, 0x0018, 0x2018, 0x0008, 0x68AA, 0x4BE3,
    0x4BE3, 0x68AA, 0x0008, 0x2018, 0x0018, 0x2018, 0x2018, 0x0692, 0xACFB, 0x88BA, 0x6128, 0x2ADB, 0x6BEB, 0x2AE3, 0xCDFB, 0xA579,
    0xA579, 0xCDFB, 0x2AE3, 0x6BEB, 0x2ADB, 0x6128, 0xA8BA, 0xACFB, 0x0692, 0x2018, 0x2018, 0x0018, 0x2018, 0x0008, 0x68AA, 0x4BE3,
    0x4BE3, 0x68AA, 0x0008, 0x2018, 0x2018, 0x0008, 0xC248, 0x68AA, 0x48AA, 0xE248, 0xE248, 0x68AA, 0x279A, 0x279A, 0x48AA, 0xE350,
    0xE350, 0x48AA, 0x279A, 0x279A, 0x68AA, 0xE248, 0xE248, 0x48AA, 0x68AA, 0xC248, 0x0008, 0x2018, 0x2018, 0x0008, 0x68AA, 0x4BE3,
    0x4BE3, 0x68AA, 0x0008, 0x2018, 0x0010, 0x6128, 0xE348, 0xA240, 0x8138, 0x2018, 0xC248, 0xA240, 0xC240, 0xA240, 0xC240, 0x6128,
    0x6128, 0xC240, 0xA240, 0xC240, 0xA240, 0xC248, 0x2018, 0x8138, 0xA240, 0xE348, 0x6128, 0x0010, 0x2018, 0x0008, 0x68AA, 0x4BE3,
    0x4BE3, 0x68AA, 0x0008, 0x2018, 0x0010, 0x68B2, 0x4BEB, 0x8BF3, 0x279A, 0xE248, 0x6BEB, 0x4BE3, 0x4BE3, 0x2BE3, 0x8CFB, 0x6469,
    0x6471, 0x8CFB, 0x2BE3, 0x4BE3, 0x4BE3, 0x6BEB, 0xE248, 0x279A, 0x6BF3, 0x4BEB, 0x68B2, 0x0010, 0x2018, 0x0008, 0x68AA, 0x4BE3,
    0x4BE3, 0x68AA, 0x0010, 0x0010, 0xE248, 0x4BE3, 0x0AD3, 0x4BEB, 0x2359, 0x8579, 0x6BEB, 0x0AD3, 0x0ADB, 0x0AD3, 0x6BEB, 0x6469,
    0x6469, 0x6BEB, 0x0AD3, 0x0ADB, 0x0AD3, 0x6BEB, 0x8571, 0x2359, 0x4BEB, 0x0AD3, 0x4BE3, 0xE248, 0x0010, 0x0010, 0x68AA, 0x4BE3,
    0x4BE3, 0x68AA, 0x0010, 0x0008, 0xE689, 0x4BEB, 0x0AD3, 0x4BE3, 0xA240, 0x27A2, 0x4BEB, 0x0ADB, 0x2ADB, 0x0ADB, 0x6BEB, 0x6469,
    0x6469, 0x6BEB, 0x0ADB, 0x2ADB, 0x0ADB, 0x4BEB, 0x279A, 0xC240, 0x4BE3, 0x0AD3, 0x4BEB, 0xE689, 0x0008, 0x0010, 0x68AA, 0x4BE3,
    0x4BE3, 0x68AA, 0x0010, 0x0018, 0x68B2, 0x2AE3, 0x0ADB, 0x0AD3, 0x8138, 0x88B2, 0x2AE3, 0x0AD3, 0x0ADB, 0x0AD3, 0x4BEB, 0x4469,
    0x4469, 0x4BEB, 0x0AD3, 0x0ADB, 0x0AD3, 0x2AE3, 0x88B2, 0x8138, 0x0AD3, 0x0ADB, 0x2AE3, 0x68B2, 0x0010, 0x0010, 0x68AA, 0x4BE3,
    0x4BE3, 0x68AA, 0x0008, 0x4020, 0x0AD3, 0x6BEB, 0x6BEB, 0x2ADB, 0x8130, 0x0AD3, 0x6BF3, 0x4BEB, 0x4BEB, 0x4BEB, 0xACFB, 0x6471,
    0x6571, 0xACFB, 0x4BEB, 0x4BEB, 0x4BEB, 0x6BF3, 0xEAD2, 0x8130, 0x2ADB, 0x6BEB, 0x6BEB, 0x0AD3, 0x4020, 0x0008, 0x68AA, 0x4BE3,
    0x4BE3, 0x68AA, 0x0008, 0x4020, 0x8571, 0xA579, 0xA579, 0x8571, 0x4028, 0x8571, 0xA579, 0xA579, 0xA579, 0x8579, 0xC681, 0xC240,
    0xC240, 0xC681, 0x8579, 0xA579, 0xA579, 0xA579, 0x8571, 0x4028, 0x8571, 0xA579, 0xA579, 0x8571, 0x4020, 0x0008, 0x68AA, 0x4BE3,
    0x4BEB, 0x47AA, 0x0000, 0x0010, 0x0000, 0x0000, 0x0000, 0x0000, 0x0008, 0x0000, 0x0000, 0x0000, 0x0000, 0x0000, 0x0000, 0x0008,
    0x0008, 0x0000, 0x0000, 0x0000, 0x0000, 0x0000, 0x0000, 0x0008, 0x0000, 0x0000, 0x0000, 0x0000, 0x0010, 0x0000, 0x47AA, 0x4BEB,
    0x2ADB, 0xEAD2, 0x48AA, 0x68AA, 0x68AA, 0x68AA, 0x68AA, 0x68AA, 0x68AA, 0x68AA, 0x68AA, 0x68AA, 0x68AA, 0x68AA, 0x68AA, 0x68AA,
    0x68AA, 0x68AA, 0x68AA, 0x68AA, 0x68AA, 0x68AA, 0x68AA, 0x68AA, 0x68AA, 0x68AA, 0x68AA, 0x68AA, 0x68AA, 0x48AA, 0xEAD2, 0x2ADB,
    0x2ADB, 0x2ADB, 0x4BEB, 0x4BE3, 0x4BE3, 0x4BE3, 0x4BE3, 0x4BE3, 0x4BE3, 0x4BE3, 0x4BE3, 0x4BE3, 0x4BE3, 0x4BE3, 0x4BE3, 0x4BE3,
    0x4BE3, 0x4BE3, 0x4BE3, 0x4BE3, 0x4BE3, 0x4BE3, 0x4BE3, 0x4BE3, 0x4BE3, 0x4BE3, 0x4BE3, 0x4BE3, 0x4BE3, 0x4BEB, 0x2ADB, 0x2ADB
};

const uint16_t icon_orbital_napalm_barrage_stratagem_icon_background[] PROGMEM = {
    0x2ADB, 0x2ADB, 0x4BEB, 0x4BE3, 0x4BE3, 0x4BE3, 0x4BE3, 0x4BE3, 0x4BE3, 0x4BE3, 0x4BE3, 0x4BE3, 0x4BE3, 0x4BE3, 0x4BE3, 0x4BE3,
    0x4BE3, 0x4BE3, 0x4BE3, 0x4BE3, 0x4BE3, 0x4BE3, 0x4BE3, 0x4BE3, 0x4BE3, 0x4BE3, 0x4BE3, 0x4BE3, 0x4BE3, 0x4BEB, 0x2ADB, 0x2ADB,
    0x2ADB, 0xEAD2, 0x48AA, 0x68AA, 0x68AA, 0x68AA, 0x68AA, 0x68AA, 0x68AA, 0x68AA, 0x68AA, 0x68AA, 0x68AA, 0x68AA, 0x68AA, 0x68AA,
    0x68AA, 0x68AA, 0x68AA, 0x68AA, 0x68AA, 0x68AA, 0x68AA, 0x68AA, 0x68AA, 0x68AA, 0x68AA, 0x68AA, 0x68AA, 0x48AA, 0xEAD2, 0x2ADB,
    0x4BEB, 0x47AA, 0x0000, 0x0010, 0x0008, 0x0008, 0x0008, 0x0008, 0x0008, 0x0008, 0x0008, 0x0008, 0x0008, 0x0008, 0x0008, 0x0008,
    0x0008, 0x0008, 0x0008, 0x0008, 0x0008, 0x0008, 0x0008, 0x0008, 0x0008, 0x0008, 0x0008, 0x0008, 0x0010, 0x0000, 0x47AA, 0x4BEB,
    0x4BE3, 0x68AA, 0x0010, 0x2018, 0x2018, 0x2018, 0x2018, 0x2018, 0x2018, 0x2018, 0x2018, 0x2018, 0x2018, 0x2018, 0x2018, 0x2018,
    0x2018, 0x2018, 0x2018, 0x2018, 0x2018, 0x2018, 0x2018, 0x2018, 0x2018, 0x2018, 0x2018, 0x2018, 0x2018, 0x0010, 0x68AA, 0x4BE3,
    0x4BE3, 0x68AA, 0x0008, 0x2018, 0x0018, 0x0018, 0x0018, 0x0018, 0x0018, 0x0018, 0x0018, 0x0018, 0x0018, 0x0018, 0x0018, 0x0018,
    0x0018, 0x0018, 0x0018, 0x0018, 0x0018, 0x0018, 0x0018, 0x0018, 0x0018, 0x0018, 0x0018, 0x0018, 0x2018, 0x0008, 0x68AA, 0x4BE3,
    0x4BE3, 0x68AA, 0x0008, 0x2018, 0x0018, 0x0018, 0x0018, 0x0018, 0x0018, 0x0018, 0x0018, 0x0018, 0x0018, 0x0018, 0x0018, 0x0018,
    0x0018, 0x0018, 0x0018, 0x0018, 0x0018, 0x0018, 0x0018, 0x0018, 0x0018, 0x0018, 0x0018, 0x0018, 0x2018, 0x0008, 0x68AA, 0x4BE3,
    0x4BE3, 0x68AA, 0x0008, 0x2018, 0x0018, 0x0018, 0x0018, 0x0018, 0x0018, 0x0018, 0x0018, 0x0018, 0x0018, 0x0018, 0x0018, 0x2018,
    0x0018, 0x0018, 0x0018, 0x0018, 0x0018, 0x0018, 0x0018, 0x0018, 0x0018, 0x0018, 0x0018, 0x0018, 0x2018, 0x0008, 0x68AA, 0x4BE3,
    0x4BE3, 0x68AA, 0x0008, 0x2018, 0x0018, 0x0018, 0x0018, 0x0018, 0x0018, 0x0018, 0x0018, 0x0018, 0x0018, 0x0018, 0x0018, 0x0010,
    0x2018, 0x0018, 0x0018, 0x0018, 0x0018, 0x0018, 0x0018, 0x0018, 0x0018, 0x0018, 0x0018, 0x0018, 0x2018, 0x0008, 0x68AA, 0x4BE3,
    0x4BE3, 0x68AA, 0x0008, 0x2018, 0x0018, 0x0018, 0x0018, 0x0018, 0x0018, 0x0018, 0x0018, 0x0018, 0x2018, 0x0010, 0x0E8C, 0x8541,
    0x0008, 0x2018, 0x0018, 0x0018, 0x0018, 0x0018, 0x0018, 0x0018, 0x0018, 0x0018, 0x0018, 0x0018, 0x2018, 0x0008, 0x68AA, 0x4BE3,
    0x4BE3, 0x68AA, 0x0008, 0x2018, 0x0018, 0x0018, 0x0018, 0x0018, 0x0018, 0x0018, 0x0018, 0x0018, 0x2018, 0x0008, 0x74B5, 0x5CEF,
    0x0331, 0x0008, 0x2018, 0x0018, 0x0018, 0x0018, 0x0018, 0x0018, 0x0018, 0x0018, 0x0018, 0x0018, 0x2018, 0x0008, 0x68AA, 0x4BE3,
    0x4BE3, 0x68AA, 0x0008, 0x2018, 0x0018, 0x0018, 0x0018, 0x0018, 0x0018, 0x0018, 0x0018, 0x0018, 0x2018, 0x0008, 0xB19C, 0xFFFF,
    0xFAE6, 0x4431, 0x2010, 0x2018, 0x0018, 0x0018, 0x0018, 0x0018, 0x0018, 0x0018, 0x0018, 0x0018, 0x2018, 0x0008, 0x68AA, 0x4BE3,
    0x4BE3, 0x68AA, 0x0008, 0x2018, 0x0018, 0x0018, 0x0018, 0x0018, 0x2018, 0x0018, 0x0018, 0x2018, 0x2018, 0x0008, 0xF6C5, 0xDEFF,
    0xFFFF, 0x2F94, 0x0000, 0x2018, 0x0018, 0x2018, 0x2018, 0x0018, 0x0018, 0x0018, 0x0018, 0x0018, 0x2018, 0x0008, 0x68AA, 0x4BE3,
    0x4BE3, 0x68AA, 0x0008, 0x2018, 0x0018, 0x0018, 0x0018, 0x0018, 0x0010, 0x2018, 0x2018, 0x2018, 0x0008, 0xD2A4, 0xFEFF, 0xFDFF,
    0xFFFF, 0x0F8C, 0x2752, 0x2018, 0x0018, 0x0010, 0x0018, 0x2018, 0x0018, 0x0018, 0x0018, 0x0018, 0x2018, 0x0008, 0x68AA, 0x4BE3,
    0x4BE3, 0x68AA, 0x0008, 0x2018, 0x0018, 0x0018, 0x0010, 0x6120, 0xE330, 0x0008, 0x2018, 0x0010, 0xB19C, 0xFFFF, 0xFFFF, 0x57D6,
    0x1AE7, 0x94BD, 0xB8DE, 0xC228, 0x0010, 0x0331, 0x2018, 0x0010, 0x2018, 0x0018, 0x0018, 0x0018, 0x2018, 0x0008, 0x68AA, 0x4BE3,
    0x4BE3, 0x68AA, 0x0008, 0x2018, 0x0018, 0x2018, 0x0010, 0x6120, 0x57CE, 0x0752, 0x0008, 0x4018, 0xD9DE, 0xFFFF, 0x57D6, 0xA220,
    0xD9DE, 0xFEFF, 0xFEFF, 0xA962, 0x0000, 0xAD83, 0x53B5, 0x0008, 0x2018, 0x0018, 0x0018, 0x0018, 0x2018, 0x0008, 0x68AA, 0x4BE3,
    0x4BE3, 0x68AA, 0x0008, 0x2018, 0x0018, 0x2018, 0x0018, 0x0010, 0xF9E6, 0x9DF7, 0x0331, 0x0010, 0x5BEF, 0x99D6, 0x4118, 0x0008,
    0x2C73, 0x9CF7, 0xFFFF, 0x53B5, 0x0000, 0xEA6A, 0xFFFF, 0x4F94, 0x0008, 0x2018, 0x0018, 0x0018, 0x2018, 0x0008, 0x68AA, 0x4BE3,
    0x4BE3, 0x68AA, 0x0008, 0x2018, 0x0018, 0x2018, 0x0008, 0x2B73, 0xFEFF, 0xFFFF, 0xEA6A, 0x2010, 0x53B5, 0x7CF7, 0xA641, 0x0010,
    0x0008, 0x37CE, 0x9DF7, 0xC641, 0x8218, 0x37CE, 0xFFFF, 0x16C6, 0xC328, 0x2018, 0x0018, 0x0018, 0x2018, 0x0008, 0x68AA, 0x4BE3,
    0x4BE3, 0x68AA, 0x0008, 0x2018, 0x2018, 0x0008, 0x695A, 0xFFFF, 0x98DE, 0xF5C5, 0xB9DE, 0xCA6A, 0x0008, 0xF6C5, 0x1AE7, 0x0000,
    0xEA6A, 0x9DF7, 0xA539, 0x0008, 0x37CE, 0xFFFF, 0x74B5, 0xB8DE, 0xB4BD, 0x4018, 0x0018, 0x0018, 0x2018, 0x0008, 0x68AA, 0x4BE3,
    0x4BE3, 0x68AA, 0x0008, 0x2018, 0x2018, 0x0000, 0xB19C, 0xDADE, 0x8218, 0xCA6A, 0xFFFF, 0xD5BD, 0x0018, 0x8130, 0x4439, 0x0018,
    0xC228, 0xE330, 0xC250, 0x0341, 0xFDFF, 0x8D83, 0x4110, 0x77D6, 0xFFFF, 0xC649, 0x0008, 0x2018, 0x2018, 0x0008, 0x68AA, 0x4BE3,
    0x4BE3, 0x68AA, 0x0008, 0x2018, 0x2018, 0x0008, 0x4C73, 0x98D6, 0x6118, 0x8120, 0x7BF7, 0xEE7B, 0x8138, 0xC9C2, 0x88BA, 0x2359,
    0x0359, 0xA9CA, 0xEAD2, 0x4120, 0x98D6, 0x2B73, 0x0000, 0xEE8B, 0x3BE7, 0x0331, 0x0010, 0x2018, 0x2018, 0x0008, 0x68AA, 0x4BE3,
    0x4BE3, 0x68AA, 0x0008, 0x2018, 0x0018, 0x2018, 0x0010, 0x0B6B, 0x0339, 0x0331, 0xCA62, 0x8138, 0x0ADB, 0x6BEB, 0xCDFB, 0x8571,
    0x8571, 0xCCFB, 0x6BEB, 0xC589, 0x4439, 0x0B6B, 0x2018, 0xCA62, 0x4441, 0x0010, 0x2018, 0x0018, 0x2018, 0x0008, 0x68AA, 0x4BE3,
    0x4BE3, 0x68AA, 0x0008, 0x2018, 0x2018, 0x0008, 0xA238, 0x8148, 0xE350, 0x4028, 0x0020, 0x0792, 0x47A2, 0x079A, 0x48AA, 0xE350,
    0xE350, 0x48AA, 0x279A, 0x48AA, 0x2361, 0x0020, 0x6128, 0xA148, 0x2461, 0xE248, 0x0008, 0x2018, 0x2018, 0x0008, 0x68AA, 0x4BE3,
    0x4BE3, 0x68AA, 0x0008, 0x2018, 0x0010, 0x6128, 0xE350, 0x0351, 0xC240, 0x2020, 0x0351, 0xC240, 0xA240, 0xA240, 0xC240, 0x6128,
    0x6128, 0xC240, 0xA240, 0xA240, 0xE348, 0x0349, 0x2018, 0xE348, 0xE348, 0xE348, 0x6128, 0x0010, 0x2018, 0x0008, 0x68AA, 0x4BE3,
    0x4BE3, 0x68AA, 0x0008, 0x2018, 0x0010, 0x68B2, 0x4BEB, 0x6BF3, 0x079A, 0xC248, 0x6BEB, 0x4BE3, 0x4BE3, 0x2BE3, 0x8CFB, 0x6469,
    0x6471, 0x8CFB, 0x2BE3, 0x4BE3, 0x2BE3, 0x6BEB, 0xC248, 0x079A, 0x6BF3, 0x4BEB, 0x68B2, 0x0010, 0x2018, 0x0008, 0x68AA, 0x4BE3,
    0x4BE3, 0x68AA, 0x0010, 0x0010, 0xE248, 0x4BE3, 0x0AD3, 0x4BEB, 0x2359, 0x8579, 0x6BEB, 0x0AD3, 0x0ADB, 0x0AD3, 0x6BEB, 0x6469,
    0x6469, 0x6BEB, 0x0AD3, 0x0ADB, 0x0AD3, 0x6BEB, 0x8571, 0x2359, 0x4BEB, 0x0AD3, 0x4BE3, 0xE248, 0x0010, 0x0010, 0x68AA, 0x4BE3,
    0x4BE3, 0x68AA, 0x0010, 0x0008, 0xE689, 0x4BEB, 0x0AD3, 0x4BE3, 0xA240, 0x27A2, 0x4BEB, 0x0ADB, 0x2ADB, 0x0ADB, 0x6BEB, 0x6469,
    0x6469, 0x6BEB, 0x0ADB, 0x2ADB, 0x0ADB, 0x4BEB, 0x279A, 0xC240, 0x4BE3, 0x0AD3, 0x4BEB, 0xE689, 0x0008, 0x0010, 0x68AA, 0x4BE3,
    0x4BE3, 0x68AA, 0x0010, 0x0018, 0x68B2, 0x2AE3, 0x0ADB, 0x0AD3, 0x8138, 0x88B2, 0x2AE3, 0x0AD3, 0x0ADB, 0x0AD3, 0x4BEB, 0x4469,
    0x4469, 0x4BEB, 0x0AD3, 0x0ADB, 0x0AD3, 0x2AE3, 0x88B2, 0x8138, 0x0AD3, 0x0ADB, 0x2AE3, 0x68B2, 0x0010, 0x0010, 0x68AA, 0x4BE3,
    0x4BE3, 0x68AA, 0x0008, 0x4020, 0x0AD3, 0x6BEB, 0x6BEB, 0x2ADB, 0x8130, 0x0AD3, 0x6BF3, 0x4BEB, 0x4BEB, 0x4BEB, 0xACFB, 0x6471,
    0x6571, 0xACFB, 0x4BEB, 0x4BEB, 0x4BEB, 0x6BF3, 0xEAD2, 0x8130, 0x2ADB, 0x6BEB, 0x6BEB, 0x0AD3, 0x4020, 0x0008, 0x68AA, 0x4BE3,
    0x4BE3, 0x68AA, 0x0008, 0x4020, 0x8571, 0xA579, 0xA579, 0x8571, 0x4028, 0x8571, 0xA579, 0xA579, 0xA579, 0x8579, 0xC681, 0xC240,
    0xC240, 0xC681, 0x8579, 0xA579, 0xA579, 0xA579, 0x8571, 0x4028, 0x8571, 0xA579, 0xA579, 0x8571, 0x4020, 0x0008, 0x68AA, 0x4BE3,
    0x4BEB, 0x47AA, 0x0000, 0x0010, 0x0000, 0x0000, 0x0000, 0x0000, 0x0008, 0x0000, 0x0000, 0x0000, 0x0000, 0x0000, 0x0000, 0x0008,
    0x0008, 0x0000, 0x0000, 0x0000, 0x0000, 0x0000, 0x0000, 0x0008, 0x0000, 0x0000, 0x0000, 0x0000, 0x0010, 0x0000, 0x47AA, 0x4BEB,
    0x2ADB, 0xEAD2, 0x48AA, 0x68AA, 0x68AA, 0x68AA, 0x68AA, 0x68AA, 0x68AA, 0x68AA, 0x68AA, 0x68AA, 0x68AA, 0x68AA, 0x68AA, 0x68AA,
    0x68AA, 0x68AA, 0x68AA, 0x68AA, 0x68AA, 0x68AA, 0x68AA, 0x68AA, 0x68AA, 0x68AA, 0x68AA, 0x68AA, 0x68AA, 0x48AA, 0xEAD2, 0x2ADB,
    0x2ADB, 0x2ADB, 0x4BEB, 0x4BE3, 0x4BE3, 0x4BE3, 0x4BE3, 0x4BE3, 0x4BE3, 0x4BE3, 0x4BE3, 0x4BE3, 0x4BE3, 0x4BE3, 0x4BE3, 0x4BE3,
    0x4BE3, 0x4BE3, 0x4BE3, 0x4BE3, 0x4BE3, 0x4BE3, 0x4BE3, 0x4BE3, 0x4BE3, 0x4BE3, 0x4BE3, 0x4BE3, 0x4BE3, 0x4BEB, 0x2ADB, 0x2ADB
};

const uint16_t icon_orbital_precision_strike_stratagem_icon_background[] PROGMEM = {
    0x2ADB, 0x2ADB, 0x4BEB, 0x4BE3, 0x4BE3, 0x4BE3, 0x4BE3, 0x4BE3, 0x4BE3, 0x4BE3, 0x4BE3, 0x4BE3, 0x4BE3, 0x4BE3, 0x4BE3, 0x4BE3,
    0x4BE3, 0x4BE3, 0x4BE3, 0x4BE3, 0x4BE3, 0x4BE3, 0x4BE3, 0x4BE3, 0x4BE3, 0x4BE3, 0x4BE3, 0x4BE3, 0x4BE3, 0x4BEB, 0x2ADB, 0x2ADB,
    0x2ADB, 0xEAD2, 0x48AA, 0x68AA, 0x68AA, 0x68AA, 0x68AA, 0x68AA, 0x68AA, 0x68AA, 0x68AA, 0x68AA, 0x68AA, 0x68AA, 0x68AA, 0x68AA,
    0x68AA, 0x68AA, 0x68AA, 0x68AA, 0x68AA, 0x68AA, 0x68AA, 0x68AA, 0x68AA, 0x68AA, 0x68AA, 0x68AA, 0x68AA, 0x48AA, 0xEAD2, 0x2ADB,
    0x4BEB, 0x47AA, 0x0000, 0x0010, 0x0008, 0x0008, 0x0008, 0x0008, 0x0010, 0x0010, 0x0010, 0x0010, 0x0010, 0x0010, 0x0010, 0x0010,
    0x0010, 0x0010, 0x0010, 0x0010, 0x0010, 0x0010, 0x0010, 0x0010, 0x0008, 0x0008, 0x0008, 0x0008, 0x0010, 0x0000, 0x47AA, 0x4BEB,
    0x4BE3, 0x68AA, 0x0010, 0x2018, 0x2018, 0x2018, 0x2018, 0x2018, 0x0010, 0x0008, 0x0008, 0x0008, 0x0008, 0x0008, 0x0018, 0x0008,
    0x0008, 0x0018, 0x0008, 0x0008, 0x0008, 0x0008, 0x0008, 0x0010, 0x2018, 0x2018, 0x2018, 0x2018, 0x2018, 0x0010, 0x68AA, 0x4BE3,
    0x4BE3, 0x68AA, 0x0008, 0x2018, 0x0018, 0x0018, 0x2018, 0x0010, 0xE749, 0x308C, 0xEE8B, 0x0E8C, 0x0F8C, 0xAD83, 0x8228, 0xCE83,
    0xCE83, 0x8228, 0xAD83, 0x0F8C, 0x0E8C, 0xEE8B, 0x308C, 0xE749, 0x0010, 0x2018, 0x0018, 0x0018, 0x2018, 0x0008, 0x68AA, 0x4BE3,
    0x4BE3, 0x68AA, 0x0008, 0x2018, 0x0018, 0x0018, 0x2018, 0x0010, 0x0331, 0xBDF7, 0xFFFF, 0xFFFF, 0xFFFF, 0xDDFF, 0x2439, 0xFEFF,
    0xFEFF, 0x2439, 0xDDFF, 0xFFFF, 0xFFFF, 0xFFFF, 0xBDF7, 0x0331, 0x0010, 0x2018, 0x0018, 0x0018, 0x2018, 0x0008, 0x68AA, 0x4BE3,
    0x4BE3, 0x68AA, 0x0008, 0x2018, 0x0018, 0x0018, 0x0018, 0x2018, 0x0008, 0x485A, 0xFEFF, 0xBCF7, 0xDDFF, 0x3AEF, 0x0331, 0x7BEF,
    0x7BEF, 0x0331, 0x3AEF, 0xDDFF, 0xBCF7, 0xFEFF, 0x685A, 0x0000, 0x2018, 0x0018, 0x0018, 0x0018, 0x2018, 0x0008, 0x68AA, 0x4BE3,
    0x4BE3, 0x68AA, 0x0008, 0x2018, 0x0018, 0x0018, 0x0018, 0x0018, 0x2018, 0x0008, 0x12AD, 0xFFFF, 0xFDFF, 0x5BEF, 0x0331, 0x9CF7,
    0x9CF7, 0x0331, 0x5BEF, 0xFDFF, 0xFFFF, 0x12AD, 0x0008, 0x2018, 0x0018, 0x0018, 0x0018, 0x0018, 0x2018, 0x0008, 0x68AA, 0x4BE3,
    0x4BE3, 0x68AA, 0x0008, 0x2018, 0x0018, 0x0018, 0x0018, 0x0018, 0x2018, 0x0010, 0xA220, 0x3AE7, 0xFEFF, 0x3AE7, 0x0331, 0x9CF7,
    0x9CF7, 0x0331, 0x3AE7, 0xFEFF, 0x3BE7, 0xA220, 0x0010, 0x2018, 0x0018, 0x0018, 0x0018, 0x0018, 0x2018, 0x0008, 0x68AA, 0x4BE3,
    0x4BE3, 0x68AA, 0x0008, 0x2018, 0x0018, 0x0018, 0x0018, 0x0018, 0x0018, 0x2018, 0x0008, 0x8962, 0xFFFF, 0xFDFF, 0x2439, 0x9CF7,
    0x9CF7, 0x2439, 0xFDFF, 0xFFFF, 0x8962, 0x0008, 0x2018, 0x0018, 0x0018, 0x0018, 0x0018, 0x0018, 0x2018, 0x0008, 0x68AA, 0x4BE3,
    0x4BE3, 0x68AA, 0x0008, 0x2018, 0x0018, 0x0018, 0x0018, 0x0018, 0x0018, 0x0018, 0x2018, 0x0010, 0x4C7B, 0x4C73, 0x2018, 0x9CF7,
    0x9CF7, 0x2018, 0x4C73, 0x4C7B, 0x0010, 0x2018, 0x0018, 0x0018, 0x0018, 0x0018, 0x0018, 0x0018, 0x2018, 0x0008, 0x68AA, 0x4BE3,
    0x4BE3, 0x68AA, 0x0008, 0x2018, 0x0018, 0x0018, 0x0018, 0x0018, 0x0018, 0x0018, 0x0018, 0x2018, 0x0008, 0xAA62, 0x3094, 0xDCFF,
    0xDCFF, 0x3094, 0xAA62, 0x0008, 0x2018, 0x0018, 0x0018, 0x0018, 0x0018, 0x0018, 0x0018, 0x0018, 0x2018, 0x0008, 0x68AA, 0x4BE3,
    0x4BE3, 0x68AA, 0x0008, 0x2018, 0x0018, 0x0018, 0x0018, 0x0018, 0x0018, 0x0018, 0x0018, 0x2018, 0x0010, 0x6C7B, 0xFFFF, 0xFDFF,
    0xFDFF, 0xFFFF, 0x6C7B, 0x0010, 0x2018, 0x0018, 0x0018, 0x0018, 0x0018, 0x0018, 0x0018, 0x0018, 0x2018, 0x0008, 0x68AA, 0x4BE3,
    0x4BE3, 0x68AA, 0x0008, 0x2018, 0x0018, 0x0018, 0x0018, 0x0018, 0x0018, 0x0018, 0x0018, 0x0018, 0x2018, 0x0000, 0x12AD, 0xFFFF,
    0xFFFF, 0x32AD, 0x0008, 0x2018, 0x0018, 0x0018, 0x0018, 0x0018, 0x0018, 0x0018, 0x0018, 0x0018, 0x2018, 0x0008, 0x68AA, 0x4BE3,
    0x4BE3, 0x68AA, 0x0008, 0x2018, 0x0018, 0x0018, 0x0018, 0x0018, 0x0018, 0x0018, 0x0018, 0x0018, 0x2018, 0x0010, 0xA220, 0x9CF7,
    0x9CF7, 0xA220, 0x0010, 0x2018, 0x0018, 0x0018, 0x0018, 0x0018, 0x0018, 0x0018, 0x0018, 0x0018, 0x2018, 0x0008, 0x68AA, 0x4BE3,
    0x4BE3, 0x68AA, 0x0008, 0x2018, 0x0018, 0x0018, 0x0018, 0x0018, 0x0018, 0x0018, 0x0018, 0x2018, 0x0018, 0x2018, 0x0008, 0x0B6B,
    0x0B6B, 0x0008, 0x2018, 0x0018, 0x2018, 0x0018, 0x0018, 0x0018, 0x0018, 0x0018, 0x0018, 0x0018, 0x2018, 0x0008, 0x68AA, 0x4BE3,
    0x4BE3, 0x68AA, 0x0008, 0x2018, 0x0018, 0x0018, 0x0018, 0x0018, 0x0018, 0x2018, 0x0018, 0x0010, 0x2018, 0x0008, 0x0010, 0x0010,
    0x0010, 0x0010, 0x0008, 0x2018, 0x0010, 0x0018, 0x2018, 0x0018, 0x0018, 0x0018, 0x0018, 0x0018, 0x2018, 0x0008, 0x68AA, 0x4BE3,
    0x4BE3, 0x68AA, 0x0008, 0x2018, 0x0018, 0x0018, 0x0018, 0x0018, 0x2018, 0x0010, 0x0010, 0x8130, 0x0008, 0xC240, 0x88B2, 0x4461,
    0x4461, 0x88B2, 0xC240, 0x0008, 0x8130, 0x0010, 0x0010, 0x2018, 0x0018, 0x0018, 0x0018, 0x0018, 0x2018, 0x0008, 0x68AA, 0x4BE3,
    0x4BE3, 0x68AA, 0x0008, 0x2018, 0x0018, 0x0018, 0x0018, 0x2018, 0x0008, 0xA238, 0x47AA, 0xC240, 0x4461, 0x2BE3, 0x8CFB, 0x6469,
    0x6469, 0x8CFB, 0x2BE3, 0x4461, 0xC240, 0x47AA, 0xA238, 0x0008, 0x2018, 0x0018, 0x0018, 0x0018, 0x2018, 0x0008, 0x68AA, 0x4BE3,
    0x4BE3, 0x68AA, 0x0008, 0x2018, 0x0018, 0x0018, 0x0010, 0x0008, 0x6469, 0x6BEB, 0x8571, 0xC248, 0x4BEB, 0x0AD3, 0x4BEB, 0x4469,
    0x4469, 0x4BEB, 0x0AD3, 0x4BEB, 0xC248, 0x8571, 0x6BEB, 0x6469, 0x0008, 0x0010, 0x0018, 0x0018, 0x2018, 0x0008, 0x68AA, 0x4BE3,
    0x4BE3, 0x68AA, 0x0008, 0x2018, 0x0018, 0x2018, 0x2018, 0x0692, 0xACFB, 0x88BA, 0x6128, 0x2ADB, 0x6BEB, 0x2BE3, 0xACFB, 0x6471,
    0x6471, 0xACFB, 0x2BE3, 0x6BEB, 0x2ADB, 0x6128, 0x88BA, 0xACFB, 0x0692, 0x2018, 0x2018, 0x0018, 0x2018, 0x0008, 0x68AA, 0x4BE3,
    0x4BE3, 0x68AA, 0x0008, 0x2018, 0x2018, 0x0008, 0xC248, 0x68AA, 0x48AA, 0xE248, 0xE248, 0x68AA, 0x279A, 0x279A, 0x68AA, 0xE350,
    0xE350, 0x68AA, 0x279A, 0x279A, 0x68AA, 0xE248, 0xE248, 0x48AA, 0x68AA, 0xC248, 0x0008, 0x2018, 0x2018, 0x0008, 0x68AA, 0x4BE3,
    0x4BE3, 0x68AA, 0x0008, 0x2018, 0x0010, 0x6128, 0xE348, 0xA240, 0x8138, 0x2018, 0xC248, 0xA240, 0xC240, 0xA240, 0xC240, 0x6128,
    0x6128, 0xC240, 0xA240, 0xC240, 0xA240, 0xC248, 0x2018, 0x8138, 0xA240, 0xE348, 0x6128, 0x0010, 0x2018, 0x0008, 0x68AA, 0x4BE3,
    0x4BE3, 0x68AA, 0x0008, 0x2018, 0x0010, 0x68B2, 0x4BEB, 0x8BF3, 0x279A, 0xE248, 0x6BEB, 0x4BE3, 0x4BE3, 0x2BE3, 0x8CFB, 0x6469,
    0x6471, 0x8CFB, 0x2BE3, 0x4BE3, 0x4BE3, 0x6BEB, 0xE248, 0x279A, 0x6BF3, 0x4BEB, 0x68B2, 0x0010, 0x2018, 0x0008, 0x68AA, 0x4BE3,
    0x4BE3, 0x68AA, 0x0010, 0x0010, 0xE248, 0x4BE3, 0x0AD3, 0x4BEB, 0x2359, 0x8579, 0x6BEB, 0x0AD3, 0x0ADB, 0x0AD3, 0x6BEB, 0x6469,
    0x6469, 0x6BEB, 0x0AD3, 0x0ADB, 0x0AD3, 0x6BEB, 0x8571, 0x2359, 0x4BEB, 0x0AD3, 0x4BE3, 0xE248, 0x0010, 0x0010, 0x68AA, 0x4BE3,
    0x4BE3, 0x68AA, 0x0010, 0x0008, 0xE689, 0x4BEB, 0x0AD3, 0x4BE3, 0xA240, 0x27A2, 0x4BEB, 0x0ADB, 0x2ADB, 0x0ADB, 0x6BEB, 0x6469,
    0x6469, 0x6BEB, 0x0ADB, 0x2ADB, 0x0ADB, 0x4BEB, 0x279A, 0xC240, 0x4BE3, 0x0AD3, 0x4BEB, 0xE689, 0x0008, 0x0010, 0x68AA, 0x4BE3,
    0x4BE3, 0x68AA, 0x0010, 0x0018, 0x68B2, 0x2AE3, 0x0ADB, 0x0AD3, 0x8138, 0x88B2, 0x2AE3, 0x0AD3, 0x0ADB, 0x0AD3, 0x4BEB, 0x4469,
    0x4469, 0x4BEB, 0x0AD3, 0x0ADB, 0x0AD3, 0x2AE3, 0x88B2, 0x8138, 0x0AD3, 0x0ADB, 0x2AE3, 0x68B2, 0x0010, 0x0010, 0x68AA, 0x4BE3,
    0x4BE3, 0x68AA, 0x0008, 0x4020, 0x0AD3, 0x6BEB, 0x6BEB, 0x2ADB, 0x8130, 0x0AD3, 0x6BF3, 0x4BEB, 0x4BEB, 0x4BEB, 0xACFB, 0x6471,
    0x6571, 0xACFB, 0x4BEB, 0x4BEB, 0x4BEB, 0x6BF3, 0xEAD2, 0x8130, 0x2ADB, 0x6BEB, 0x6BEB, 0x0AD3, 0x4020, 0x0008, 0x68AA, 0x4BE3,
    0x4BE3, 0x68AA, 0x0008, 0x4020, 0x8571, 0xA579, 0xA579, 0x8571, 0x4028, 0x8571, 0xA579, 0xA579, 0xA579, 0x8579, 0xC681, 0xC240,
    0xC240, 0xC681, 0x8579, 0xA579, 0xA579, 0xA579, 0x8571, 0x4028, 0x8571, 0xA579, 0xA579, 0x8571, 0x4020, 0x0008, 0x68AA, 0x4BE3,
    0x4BEB, 0x47AA, 0x0000, 0x0010, 0x0000, 0x0000, 0x0000, 0x0000, 0x0008, 0x0000, 0x0000, 0x0000, 0x0000, 0x0000, 0x0000, 0x0008,
    0x0008, 0x0000, 0x0000, 0x0000, 0x0000, 0x0000, 0x0000, 0x0008, 0x0000, 0x0000, 0x0000, 0x0000, 0x0010, 0x0000, 0x47AA, 0x4BEB,
    0x2ADB, 0xEAD2, 0x48AA, 0x68AA, 0x68AA, 0x68AA, 0x68AA, 0x68AA, 0x68AA, 0x68AA, 0x68AA, 0x68AA, 0x68AA, 0x68AA, 0x68AA, 0x68AA,
    0x68AA, 0x68AA, 0x68AA, 0x68AA, 0x68AA, 0x68AA, 0x68AA, 0x68AA, 0x68AA, 0x68AA, 0x68AA, 0x68AA, 0x68AA, 0x48AA, 0xEAD2, 0x2ADB,
    0x2ADB, 0x2ADB, 0x4BEB, 0x4BE3, 0x4BE3, 0x4BE3, 0x4BE3, 0x4BE3, 0x4BE3, 0x4BE3, 0x4BE3, 0x4BE3, 0x4BE3, 0x4BE3, 0x4BE3, 0x4BE3,
    0x4BE3, 0x4BE3, 0x4BE3, 0x4BE3, 0x4BE3, 0x4BE3, 0x4BE3, 0x4BE3, 0x4BE3, 0x4BE3, 0x4BE3, 0x4BE3, 0x4BE3, 0x4BEB, 0x2ADB, 0x2ADB
};

const uint16_t icon_orbital_railcannon_strike_stratagem_icon_background[] PROGMEM = {
    0x2ADB, 0x2ADB, 0x4BEB, 0x4BE3, 0x4BE3, 0x4BE3, 0x4BE3, 0x4BE3, 0x4BE3, 0x4BE3, 0x4BE3, 0x4BE3, 0x4BE3, 0x4BE3, 0x4BE3, 0x4BE3,
    0x4BE3, 0x4BE3, 0x4BE3, 0x4BE3, 0x4BE3, 0x4BE3, 0x4BE3, 0x4BE3, 0x4BE3, 0x4BE3, 0x4BE3, 0x4BE3, 0x4BE3, 0x4BEB, 0x2ADB, 0x2ADB,
    0x2ADB, 0xEAD2, 0x48AA, 0x68AA, 0x68AA, 0x68AA, 0x68AA, 0x68AA, 0x68AA, 0x68AA, 0x68AA, 0x68AA, 0x68AA, 0x68AA, 0x68AA, 0x68AA,
    0x68AA, 0x68AA, 0x68AA, 0x68AA, 0x68AA, 0x68AA, 0x68AA, 0x68AA, 0x68AA, 0x68AA, 0x68AA, 0x68AA, 0x68AA, 0x48AA, 0xEAD2, 0x2ADB,
    0x4BEB, 0x47AA, 0x0000, 0x0010, 0x0008, 0x0008, 0x0008, 0x0008, 0x0008, 0x0008, 0x0008, 0x0008, 0x0008, 0x0010, 0x0010, 0x0010,
    0x0010, 0x0010, 0x0010, 0x0008, 0x0008, 0x0008, 0x0008, 0x0008, 0x0008, 0x0008, 0x0008, 0x0008, 0x0010, 0x0000, 0x47AA, 0x4BEB,
    0x4BE3, 0x68AA, 0x0010, 0x2018, 0x2018, 0x2018, 0x2018, 0x2018, 0x2018, 0x2018, 0x2018, 0x2018, 0x2018, 0x0018, 0x0008, 0x2018,
    0x2018, 0x0008, 0x0018, 0x2018, 0x2018, 0x2018, 0x2018, 0x2018, 0x2018, 0x2018, 0x2018, 0x2018, 0x2018, 0x0010, 0x68AA, 0x4BE3,
    0x4BE3, 0x68AA, 0x0008, 0x2018, 0x0018, 0x0018, 0x0018, 0x0018, 0x0018, 0x0018, 0x0018, 0x2018, 0x0010, 0x6120, 0xAD83, 0x2018,
    0x2018, 0xAD83, 0x6120, 0x0010, 0x2018, 0x0018, 0x0018, 0x0018, 0x0018, 0x0018, 0x0018, 0x0018, 0x2018, 0x0008, 0x68AA, 0x4BE3,
    0x4BE3, 0x68AA, 0x0008, 0x2018, 0x0018, 0x0018, 0x0018, 0x0018, 0x0018, 0x0018, 0x0018, 0x2018, 0x0018, 0x2010, 0x7BF7, 0xEB6A,
    0x0B6B, 0x7BF7, 0x2010, 0x0018, 0x2018, 0x0018, 0x0018, 0x0018, 0x0018, 0x0018, 0x0018, 0x0018, 0x2018, 0x0008, 0x68AA, 0x4BE3,
    0x4BE3, 0x68AA, 0x0008, 0x2018, 0x0018, 0x0018, 0x0018, 0x0018, 0x0018, 0x0018, 0x0018, 0x0018, 0x2018, 0x0008, 0xA649, 0xDDFF,
    0xDDFF, 0xA649, 0x0008, 0x2018, 0x0018, 0x0018, 0x0018, 0x0018, 0x0018, 0x0018, 0x0018, 0x0018, 0x2018, 0x0008, 0x68AA, 0x4BE3,
    0x4BE3, 0x68AA, 0x0008, 0x2018, 0x0018, 0x0018, 0x0018, 0x0018, 0x0018, 0x0018, 0x0018, 0x0018, 0x2018, 0x0008, 0x2B73, 0xFAE6,
    0xFAE6, 0x2B73, 0x0008, 0x2018, 0x0018, 0x0018, 0x0018, 0x0018, 0x0018, 0x0018, 0x0018, 0x0018, 0x2018, 0x0008, 0x68AA, 0x4BE3,
    0x4BE3, 0x68AA, 0x0008, 0x2018, 0x0018, 0x0018, 0x0018, 0x0018, 0x0018, 0x0018, 0x0018, 0x2018, 0x0010, 0x4118, 0x5BEF, 0xC649,
    0xC649, 0x5BEF, 0x4118, 0x0010, 0x2018, 0x0018, 0x0018, 0x0018, 0x0018, 0x0018, 0x0018, 0x0018, 0x2018, 0x0008, 0x68AA, 0x4BE3,
    0x4BE3, 0x68AA, 0x0008, 0x2018, 0x0018, 0x0018, 0x0018, 0x0018, 0x0018, 0x0018, 0x0018, 0x2018, 0x0010, 0xA228, 0x5BEF, 0x6120,
    0x6120, 0x5BEF, 0xA228, 0x0010, 0x2018, 0x0018, 0x0018, 0x0018, 0x0018, 0x0018, 0x0018, 0x0018, 0x2018, 0x0008, 0x68AA, 0x4BE3,
    0x4BE3, 0x68AA, 0x0008, 0x2018, 0x0018, 0x0018, 0x0018, 0x0018, 0x0018, 0x0018, 0x0018, 0x0018, 0x2018, 0x0008, 0x16C6, 0x5094,
    0x7094, 0x16C6, 0x0008, 0x2018, 0x0018, 0x0018, 0x0018, 0x0018, 0x0018, 0x0018, 0x0018, 0x0018, 0x2018, 0x0008, 0x68AA, 0x4BE3,
    0x4BE3, 0x68AA, 0x0008, 0x2018, 0x0018, 0x0018, 0x0018, 0x0018, 0x0018, 0x0018, 0x0018, 0x0018, 0x2018, 0x0008, 0x0331, 0xFFFF,
    0xFFFF, 0x0331, 0x0010, 0x2018, 0x0018, 0x0018, 0x0018, 0x0018, 0x0018, 0x0018, 0x0018, 0x0018, 0x2018, 0x0008, 0x68AA, 0x4BE3,
    0x4BE3, 0x68AA, 0x0008, 0x2018, 0x0018, 0x0018, 0x0018, 0x0018, 0x0018, 0x0018, 0x0018, 0x0018, 0x2018, 0x0008, 0xF2A4, 0xD5BD,
    0xD5C5, 0xF2A4, 0x0008, 0x2018, 0x0018, 0x0018, 0x0018, 0x0018, 0x0018, 0x0018, 0x0018, 0x0018, 0x2018, 0x0008, 0x68AA, 0x4BE3,
    0x4BE3, 0x68AA, 0x0008, 0x2018, 0x0018, 0x0018, 0x0018, 0x0018, 0x0018, 0x0018, 0x0018, 0x2018, 0x0010, 0x6120, 0xD9DE, 0xC228,
    0xC228, 0xD9DE, 0x6120, 0x0010, 0x2018, 0x0018, 0x0018, 0x0018, 0x0018, 0x0018, 0x0018, 0x0018, 0x2018, 0x0008, 0x68AA, 0x4BE3,
    0x4BE3, 0x68AA, 0x0008, 0x2018, 0x0018, 0x0018, 0x0018, 0x0018, 0x0018, 0x0018, 0x0018, 0x0018, 0x0018, 0x2018, 0xE330, 0xA228,
    0xA228, 0xE330, 0x2018, 0x0018, 0x0018, 0x0018, 0x0018, 0x0018, 0x0018, 0x0018, 0x0018, 0x0018, 0x2018, 0x0008, 0x68AA, 0x4BE3,
    0x4BE3, 0x68AA, 0x0008, 0x2018, 0x0018, 0x0018, 0x0018, 0x0018, 0x0018, 0x0018, 0x0018, 0x2018, 0x0010, 0x8120, 0xF9DE, 0x7CF7,
    0x7CF7, 0xF9DE, 0x8120, 0x0010, 0x2018, 0x0018, 0x0018, 0x0018, 0x0018, 0x0018, 0x0018, 0x0018, 0x2018, 0x0008, 0x68AA, 0x4BE3,
    0x4BE3, 0x68AA, 0x0008, 0x2018, 0x0018, 0x0018, 0x0018, 0x0018, 0x0018, 0x2018, 0x0018, 0x0010, 0x0010, 0x8228, 0xBCF7, 0xFEFF,
    0xFEFF, 0xBCF7, 0x8228, 0x0010, 0x0010, 0x0018, 0x2018, 0x0018, 0x0018, 0x0018, 0x0018, 0x0018, 0x2018, 0x0008, 0x68AA, 0x4BE3,
    0x4BE3, 0x68AA, 0x0008, 0x2018, 0x0018, 0x0018, 0x0018, 0x0018, 0x2018, 0x0010, 0x0010, 0x8130, 0x0008, 0x8220, 0x7BEF, 0xFEFF,
    0xFEFF, 0x7BEF, 0x8220, 0x0008, 0x8130, 0x0010, 0x0010, 0x2018, 0x0018, 0x0018, 0x0018, 0x0018, 0x2018, 0x0008, 0x68AA, 0x4BE3,
    0x4BE3, 0x68AA, 0x0008, 0x2018, 0x0018, 0x0018, 0x0018, 0x2018, 0x0008, 0xA238, 0x47A2, 0xC240, 0x0359, 0xE338, 0x9CF7, 0xFEFF,
    0xFEFF, 0x9CF7, 0xE338, 0x0359, 0xC240, 0x47A2, 0xA238, 0x0008, 0x2018, 0x0018, 0x0018, 0x0018, 0x2018, 0x0008, 0x68AA, 0x4BE3,
    0x4BE3, 0x68AA, 0x0008, 0x2018, 0x0018, 0x0018, 0x0010, 0x0008, 0x6469, 0x6BEB, 0x6471, 0xE248, 0x0ADB, 0x4120, 0x98D6, 0xFEFF,
    0xFEFF, 0x98D6, 0x4120, 0x0ADB, 0xE248, 0x8571, 0x6BEB, 0x6469, 0x0008, 0x0010, 0x0018, 0x0018, 0x2018, 0x0008, 0x68AA, 0x4BE3,
    0x4BE3, 0x68AA, 0x0008, 0x2018, 0x0018, 0x2018, 0x2018, 0x0692, 0xACFB, 0x88BA, 0x6128, 0x2ADB, 0x8CF3, 0xA589, 0x4439, 0xDDFF,
    0xDDFF, 0x4439, 0xA589, 0x8CF3, 0x2ADB, 0x6128, 0xA8BA, 0xACFB, 0x0692, 0x2018, 0x2018, 0x0018, 0x2018, 0x0008, 0x68AA, 0x4BE3,
    0x4BE3, 0x68AA, 0x0008, 0x2018, 0x2018, 0x0008, 0xC248, 0x68AA, 0x48AA, 0xE248, 0xE248, 0x68AA, 0x27A2, 0x079A, 0x8128, 0x9CF7,
    0x9CF7, 0x8128, 0x079A, 0x27A2, 0x68AA, 0xE248, 0xE248, 0x48AA, 0x68AA, 0xC248, 0x0008, 0x2018, 0x2018, 0x0008, 0x68AA, 0x4BE3,
    0x4BE3, 0x68AA, 0x0008, 0x2018, 0x0010, 0x6128, 0xE348, 0xA240, 0x8138, 0x2018, 0xC248, 0xA240, 0xC240, 0x8138, 0xA228, 0x9CF7,
    0x9CF7, 0xA228, 0x8138, 0xC240, 0xA240, 0xC248, 0x2018, 0x8138, 0xA240, 0xE348, 0x6128, 0x0010, 0x2018, 0x0008, 0x68AA, 0x4BE3,
    0x4BE3, 0x68AA, 0x0008, 0x2018, 0x0010, 0x68B2, 0x4BEB, 0x8BF3, 0x279A, 0xE248, 0x6BEB, 0x4BE3, 0x6BEB, 0x0AD3, 0x6128, 0x9CF7,
    0x9CF7, 0x6128, 0x0AD3, 0x6BEB, 0x4BE3, 0x6BEB, 0xE248, 0x279A, 0x6BF3, 0x4BEB, 0x68B2, 0x0010, 0x2018, 0x0008, 0x68AA, 0x4BE3,
    0x4BE3, 0x68AA, 0x0010, 0x0010, 0xE248, 0x4BE3, 0x0AD3, 0x4BEB, 0x2359, 0x8579, 0x6BEB, 0x0AD3, 0x0ADB, 0x4BE3, 0xC258, 0x2B6B,
    0x2B6B, 0xC258, 0x4BE3, 0x0ADB, 0x0AD3, 0x6BEB, 0x8571, 0x2359, 0x4BEB, 0x0AD3, 0x4BE3, 0xE248, 0x0010, 0x0010, 0x68AA, 0x4BE3,
    0x4BE3, 0x68AA, 0x0010, 0x0008, 0xE689, 0x4BEB, 0x0AD3, 0x4BE3, 0xA240, 0x27A2, 0x4BEB, 0x0ADB, 0x2ADB, 0x2ADB, 0x2ADB, 0x4030,
    0x4030, 0x2ADB, 0x2ADB, 0x2ADB, 0x0ADB, 0x4BEB, 0x279A, 0xC240, 0x4BE3, 0x0AD3, 0x4BEB, 0xE689, 0x0008, 0x0010, 0x68AA, 0x4BE3,
    0x4BE3, 0x68AA, 0x0010, 0x0018, 0x68B2, 0x2AE3, 0x0ADB, 0x0AD3, 0x8138, 0x88B2, 0x2AE3, 0x0AD3, 0x0ADB, 0x0AD3, 0x6BEB, 0x6469,
    0x6469, 0x6BEB, 0x0AD3, 0x0ADB, 0x0AD3, 0x2AE3, 0x88B2, 0x8138, 0x0AD3, 0x0ADB, 0x2AE3, 0x68B2, 0x0010, 0x0010, 0x68AA, 0x4BE3,
    0x4BE3, 0x68AA, 0x0008, 0x4020, 0x0AD3, 0x6BEB, 0x6BEB, 0x2ADB, 0x8130, 0x0AD3, 0x6BF3, 0x4BEB, 0x4BEB, 0x4BEB, 0xACFB, 0x6471,
    0x6571, 0xACFB, 0x4BEB, 0x4BEB, 0x4BEB, 0x6BF3, 0xEAD2, 0x8130, 0x2ADB, 0x6BEB, 0x6BEB, 0x0AD3, 0x4020, 0x0008, 0x68AA, 0x4BE3,
    0x4BE3, 0x68AA, 0x0008, 0x4020, 0x8571, 0xA579, 0xA579, 0x8571, 0x4028, 0x8571, 0xA579, 0xA579, 0xA579, 0x8579, 0xC681, 0xC240,
    0xC240, 0xC681, 0x8579, 0xA579, 0xA579, 0xA579, 0x8571, 0x4028, 0x8571, 0xA579, 0xA579, 0x8571, 0x4020, 0x0008, 0x68AA, 0x4BE3,
    0x4BEB, 0x47AA, 0x0000, 0x0010, 0x0000, 0x0000, 0x0000, 0x0000, 0x0008, 0x0000, 0x0000, 0x0000, 0x0000, 0x0000, 0x0000, 0x0008,
    0x0008, 0x0000, 0x0000, 0x0000, 0x0000, 0x0000, 0x0000, 0x0008, 0x0000, 0x0000, 0x0000, 0x0000, 0x0010, 0x0000, 0x47AA, 0x4BEB,
    0x2ADB, 0xEAD2, 0x48AA, 0x68AA, 0x68AA, 0x68AA, 0x68AA, 0x68AA, 0x68AA, 0x68AA, 0x68AA, 0x68AA, 0x68AA, 0x68AA, 0x68AA, 0x68AA,
    0x68AA, 0x68AA, 0x68AA, 0x68AA, 0x68AA, 0x68AA, 0x68AA, 0x68AA, 0x68AA, 0x68AA, 0x68AA, 0x68AA, 0x68AA, 0x48AA, 0xEAD2, 0x2ADB,
    0x2ADB, 0x2ADB, 0x4BEB, 0x4BE3, 0x4BE3, 0x4BE3, 0x4BE3, 0x4BE3, 0x4BE3, 0x4BE3, 0x4BE3, 0x4BE3, 0x4BE3, 0x4BE3, 0x4BE3, 0x4BE3,
    0x4BE3, 0x4BE3, 0x4BE3, 0x4BE3, 0x4BE3, 0x4BE3, 0x4BE3, 0x4BE3, 0x4BE3, 0x4BE3, 0x4BE3, 0x4BE3, 0x4BE3, 0x4BEB, 0x2ADB, 0x2ADB
};

const uint16_t icon_orbital_smoke_strike_stratagem_icon_background[] PROGMEM = {
    0x2ADB, 0x2ADB, 0x4BEB, 0x4BE3, 0x4BE3, 0x4BE3, 0x4BE3, 0x4BE3, 0x4BE3, 0x4BE3, 0x4BE3, 0x4BE3, 0x4BE3, 0x4BE3, 0x4BE3, 0x4BE3,
    0x4BE3, 0x4BE3, 0x4BE3, 0x4BE3, 0x4BE3, 0x4BE3, 0x4BE3, 0x4BE3, 0x4BE3, 0x4BE3, 0x4BE3, 0x4BE3, 0x4BE3, 0x4BEB, 0x2ADB, 0x2ADB,
    0x2ADB, 0xEAD2, 0x48AA, 0x68AA, 0x68AA, 0x68AA, 0x68AA, 0x68AA, 0x68AA, 0x68AA, 0x68AA, 0x68AA, 0x68AA, 0x68AA, 0x68AA, 0x68AA,
    0x68AA, 0x68AA, 0x68AA, 0x68AA, 0x68AA, 0x68AA, 0x68AA, 0x68AA, 0x68AA, 0x68AA, 0x68AA, 0x68AA, 0x68AA, 0x48AA, 0xEAD2, 0x2ADB,
    0x4BEB, 0x47AA, 0x0000, 0x0010, 0x0008, 0x0008, 0x0008, 0x0008, 0x0008, 0x0008, 0x0008, 0x0008, 0x0008, 0x0008, 0x0008, 0x0008,
    0x0008, 0x0008, 0x0008, 0x0008, 0x0008, 0x0008, 0x0008, 0x0008, 0x0008, 0x0008, 0x0008, 0x0008, 0x0010, 0x0000, 0x47AA, 0x4BEB,
    0x4BE3, 0x68AA, 0x0010, 0x2018, 0x2018, 0x2018, 0x2018, 0x2018, 0x2018, 0x2018, 0x2018, 0x2018, 0x2018, 0x2018, 0x2018, 0x2018,
    0x2018, 0x2018, 0x2018, 0x2018, 0x2018, 0x2018, 0x2018, 0x2018, 0x2018, 0x2018, 0x2018, 0x2018, 0x2018, 0x0010, 0x68AA, 0x4BE3,
    0x4BE3, 0x68AA, 0x0008, 0x2018, 0x0018, 0x0018, 0x0018, 0x0018, 0x0018, 0x0018, 0x0018, 0x0018, 0x0018, 0x0018, 0x0018, 0x0018,
    0x0018, 0x0018, 0x0018, 0x0018, 0x0018, 0x0018, 0x0018, 0x0018, 0x0018, 0x0018, 0x0018, 0x0018, 0x2018, 0x0008, 0x68AA, 0x4BE3,
    0x4BE3, 0x68AA, 0x0008, 0x2018, 0x0018, 0x0018, 0x0018, 0x0018, 0x0018, 0x0018, 0x0018, 0x0018, 0x0018, 0x0018, 0x0018, 0x2018,
    0x2018, 0x0018, 0x0018, 0x0018, 0x0018, 0x0018, 0x0018, 0x0018, 0x0018, 0x0018, 0x0018, 0x0018, 0x2018, 0x0008, 0x68AA, 0x4BE3,
    0x4BE3, 0x68AA, 0x0008, 0x2018, 0x0018, 0x0018, 0x0018, 0x0018, 0x0018, 0x0018, 0x0018, 0x0018, 0x0018, 0x2018, 0x2018, 0x0010,
    0x0010, 0x2018, 0x2018, 0x0018, 0x0018, 0x0018, 0x0018, 0x0018, 0x0018, 0x0018, 0x0018, 0x0018, 0x2018, 0x0008, 0x68AA, 0x4BE3,
    0x4BE3, 0x68AA, 0x0008, 0x2018, 0x0018, 0x0018, 0x0018, 0x0018, 0x0018, 0x0018, 0x0018, 0x0018, 0x2018, 0x0010, 0x0008, 0x6120,
    0x6120, 0x0008, 0x0010, 0x2018, 0x0018, 0x0018, 0x0018, 0x0018, 0x0018, 0x0018, 0x0018, 0x0018, 0x2018, 0x0008, 0x68AA, 0x4BE3,
    0x4BE3, 0x68AA, 0x0008, 0x2018, 0x0018, 0x0018, 0x0018, 0x0018, 0x0018, 0x0018, 0x0018, 0x2018, 0x0010, 0xA228, 0x13AD, 0x3BE7,
    0x3BE7, 0xF3AC, 0xA220, 0x0010, 0x2018, 0x0018, 0x0018, 0x0018, 0x0018, 0x0018, 0x0018, 0x0018, 0x2018, 0x0008, 0x68AA, 0x4BE3,
    0x4BE3, 0x68AA, 0x0008, 0x2018, 0x0018, 0x0018, 0x0018, 0x0018, 0x0018, 0x2018, 0x2018, 0x0010, 0x4118, 0xB8DE, 0xFFFF, 0xFEFF,
    0xFEFF, 0xFFFF, 0xB8DE, 0x4118, 0x0010, 0x2018, 0x2018, 0x0018, 0x0018, 0x0018, 0x0018, 0x0018, 0x2018, 0x0008, 0x68AA, 0x4BE3,
    0x4BE3, 0x68AA, 0x0008, 0x2018, 0x0018, 0x0018, 0x0018, 0x0018, 0x2018, 0x0008, 0x0010, 0x8220, 0xE328, 0xD2A4, 0xDDFF, 0xFDFF,
    0xFDFF, 0xDDFF, 0xD2A4, 0xE328, 0x8220, 0x0010, 0x0008, 0x2018, 0x0018, 0x0018, 0x0018, 0x0018, 0x2018, 0x0008, 0x68AA, 0x4BE3,
    0x4BE3, 0x68AA, 0x0008, 0x2018, 0x0018, 0x0018, 0x0018, 0x2018, 0x0008, 0xE649, 0x37CE, 0x7BEF, 0x5BEF, 0x1AE7, 0xFDFF, 0xFDFF,
    0xFDFF, 0xFDFF, 0x1AE7, 0x5BEF, 0x7BEF, 0x17CE, 0xE649, 0x0008, 0x2018, 0x0018, 0x0018, 0x0018, 0x2018, 0x0008, 0x68AA, 0x4BE3,
    0x4BE3, 0x68AA, 0x0008, 0x2018, 0x0018, 0x0018, 0x2018, 0x0010, 0x8541, 0xFFFF, 0xFFFF, 0xFEFF, 0xFEFF, 0xFEFF, 0xFDFF, 0xFDFF,
    0xFDFF, 0xFDFF, 0xFEFF, 0xFEFF, 0xFEFF, 0xFFFF, 0xFFFF, 0x8541, 0x0010, 0x2018, 0x0018, 0x0018, 0x2018, 0x0008, 0x68AA, 0x4BE3,
    0x4BE3, 0x68AA, 0x0008, 0x2018, 0x0018, 0x0018, 0x2018, 0x0008, 0x2439, 0xAE7B, 0x94B5, 0xDDFF, 0xFDFF, 0xFDFF, 0xFDFF, 0xFDFF,
    0xFDFF, 0xFDFF, 0xFDFF, 0xFDFF, 0xDDFF, 0x94B5, 0xAE7B, 0x2439, 0x0008, 0x2018, 0x0018, 0x0018, 0x2018, 0x0008, 0x68AA, 0x4BE3,
    0x4BE3, 0x68AA, 0x0008, 0x2018, 0x0018, 0x2018, 0x0008, 0x2339, 0x4C73, 0x6C7B, 0xEE83, 0x1AE7, 0xDDFF, 0xDDFF, 0xFDFF, 0xFEFF,
    0xFEFF, 0xFDFF, 0xDDFF, 0xDDFF, 0x1AE7, 0xEE83, 0x6C7B, 0x4C73, 0x2339, 0x0008, 0x2018, 0x0018, 0x2018, 0x0008, 0x68AA, 0x4BE3,
    0x4BE3, 0x68AA, 0x0008, 0x2018, 0x2018, 0x0008, 0x074A, 0x7CF7, 0xFFFF, 0xFFFF, 0xFFFF, 0xFFFF, 0xFFFF, 0xFFFF, 0xFDFF, 0x9CF7,
    0x9CF7, 0xFDFF, 0xFFFF, 0xFFFF, 0xFFFF, 0xFFFF, 0xFFFF, 0xFFFF, 0x7CF7, 0x074A, 0x0008, 0x2018, 0x2018, 0x0008, 0x68AA, 0x4BE3,
    0x4BE3, 0x68AA, 0x0008, 0x2018, 0x2018, 0x2010, 0x77D6, 0xFFFF, 0xBCF7, 0xFFFF, 0xFDFF, 0x37C6, 0x0F8C, 0x074A, 0x2431, 0xE330,
    0xE330, 0x2431, 0x074A, 0x0F8C, 0x37C6, 0xFDFF, 0xFFFF, 0xBCF7, 0xFFFF, 0x77D6, 0x2010, 0x2018, 0x2018, 0x0008, 0x68AA, 0x4BE3,
    0x4BE3, 0x68AA, 0x0008, 0x2018, 0x0010, 0x8128, 0x7BEF, 0xFEFF, 0xFFFF, 0x74AD, 0xC641, 0x6130, 0x0000, 0x4138, 0x47AA, 0x0359,
    0x0359, 0x47AA, 0x4138, 0x0000, 0x6130, 0xC641, 0x74AD, 0xFFFF, 0xFEFF, 0x7BEF, 0x8128, 0x0010, 0x2018, 0x0008, 0x68AA, 0x4BE3,
    0x4BE3, 0x68AA, 0x0008, 0x2018, 0x2018, 0x0010, 0x98D6, 0xBDF7, 0x8952, 0x6130, 0x069A, 0xC240, 0x6469, 0x4BE3, 0xACFB, 0x6469,
    0x6469, 0xACFB, 0x4BE3, 0x6469, 0xC240, 0x069A, 0x6130, 0x8952, 0xBDF7, 0x98D6, 0x2010, 0x2018, 0x2018, 0x0008, 0x68AA, 0x4BE3,
    0x4BE3, 0x68AA, 0x0008, 0x2018, 0x2018, 0x0010, 0xE749, 0x6539, 0xE258, 0x8CF3, 0x8571, 0xC248, 0x4BEB, 0x0AD3, 0x4BEB, 0x4469,
    0x4469, 0x4BEB, 0x0AD3, 0x4BEB, 0xC248, 0x8571, 0x6BF3, 0xE258, 0x6539, 0xE749, 0x0010, 0x2018, 0x2018, 0x0008, 0x68AA, 0x4BE3,
    0x4BE3, 0x68AA, 0x0008, 0x2018, 0x0018, 0x2018, 0x0010, 0xC589, 0xCDFB, 0x88BA, 0x6128, 0x2ADB, 0x6BEB, 0x2BE3, 0xACFB, 0x6471,
    0x6471, 0xACFB, 0x2BE3, 0x6BEB, 0x2ADB, 0x6128, 0xA8BA, 0xCDFB, 0xC589, 0x0010, 0x2018, 0x0018, 0x2018, 0x0008, 0x68AA, 0x4BE3,
    0x4BE3, 0x68AA, 0x0008, 0x2018, 0x2018, 0x0008, 0xE248, 0x68AA, 0x48AA, 0xE248, 0xE248, 0x68AA, 0x279A, 0x279A, 0x68AA, 0xE350,
    0xE350, 0x68AA, 0x279A, 0x279A, 0x68AA, 0xE248, 0xE248, 0x48AA, 0x68AA, 0xE248, 0x0008, 0x2018, 0x2018, 0x0008, 0x68AA, 0x4BE3,
    0x4BE3, 0x68AA, 0x0008, 0x2018, 0x0010, 0x6128, 0xE348, 0xA240, 0x8138, 0x2018, 0xC248, 0xA240, 0xC240, 0xA240, 0xC240, 0x6128,
    0x6128, 0xC240, 0xA240, 0xC240, 0xA240, 0xC248, 0x2018, 0x8138, 0xA240, 0xE348, 0x6128, 0x0010, 0x2018, 0x0008, 0x68AA, 0x4BE3,
    0x4BE3, 0x68AA, 0x0008, 0x2018, 0x0010, 0x68B2, 0x4BEB, 0x8BF3, 0x279A, 0xE248, 0x6BEB, 0x4BE3, 0x4BE3, 0x2BE3, 0x8CFB, 0x6469,
    0x6471, 0x8CFB, 0x2BE3, 0x4BE3, 0x4BE3, 0x6BEB, 0xE248, 0x279A, 0x6BF3, 0x4BEB, 0x68B2, 0x0010, 0x2018, 0x0008, 0x68AA, 0x4BE3,
    0x4BE3, 0x68AA, 0x0010, 0x0010, 0xE248, 0x4BE3, 0x0AD3, 0x4BEB, 0x2359, 0x8579, 0x6BEB, 0x0AD3, 0x0ADB, 0x0AD3, 0x6BEB, 0x6469,
    0x6469, 0x6BEB, 0x0AD3, 0x0ADB, 0x0AD3, 0x6BEB, 0x8571, 0x2359, 0x4BEB, 0x0AD3, 0x4BE3, 0xE248, 0x0010, 0x0010, 0x68AA, 0x4BE3,
    0x4BE3, 0x68AA, 0x0010, 0x0008, 0xE689, 0x4BEB, 0x0AD3, 0x4BE3, 0xA240, 0x27A2, 0x4BEB, 0x0ADB, 0x2ADB, 0x0ADB, 0x6BEB, 0x6469,
    0x6469, 0x6BEB, 0x0ADB, 0x2ADB, 0x0ADB, 0x4BEB, 0x279A, 0xC240, 0x4BE3, 0x0AD3, 0x4BEB, 0xE689, 0x0008, 0x0010, 0x68AA, 0x4BE3,
    0x4BE3, 0x68AA, 0x0010, 0x0018, 0x68B2, 0x2AE3, 0x0ADB, 0x0AD3, 0x8138, 0x88B2, 0x2AE3, 0x0AD3, 0x0ADB, 0x0AD3, 0x4BEB, 0x4469,
    0x4469, 0x4BEB, 0x0AD3, 0x0ADB, 0x0AD3, 0x2AE3, 0x88B2, 0x8138, 0x0AD3, 0x0ADB, 0x2AE3, 0x68B2, 0x0010, 0x0010, 0x68AA, 0x4BE3,
    0x4BE3, 0x68AA, 0x0008, 0x4020, 0x0AD3, 0x6BEB, 0x6BEB, 0x2ADB, 0x8130, 0x0AD3, 0x6BF3, 0x4BEB, 0x4BEB, 0x4BEB, 0xACFB, 0x6471,
    0x6571, 0xACFB, 0x4BEB, 0x4BEB, 0x4BEB, 0x6BF3, 0xEAD2, 0x8130, 0x2ADB, 0x6BEB, 0x6BEB, 0x0AD3, 0x4020, 0x0008, 0x68AA, 0x4BE3,
    0x4BE3, 0x68AA, 0x0008, 0x4020, 0x8571, 0xA579, 0xA579, 0x8571, 0x4028, 0x8571, 0xA579, 0xA579, 0xA579, 0x8579, 0xC681, 0xC240,
    0xC240, 0xC681, 0x8579, 0xA579, 0xA579, 0xA579, 0x8571, 0x4028, 0x8571, 0xA579, 0xA579, 0x8571, 0x4020, 0x0008, 0x68AA, 0x4BE3,
    0x4BEB, 0x47AA, 0x0000, 0x0010, 0x0000, 0x0000, 0x0000, 0x0000, 0x0008, 0x0000, 0x0000, 0x0000, 0x0000, 0x0000, 0x0000, 0x0008,
    0x0008, 0x0000, 0x0000, 0x0000, 0x0000, 0x0000, 0x0000, 0x0008, 0x0000, 0x0000, 0x0000, 0x0000, 0x0010, 0x0000, 0x47AA, 0x4BEB,
    0x2ADB, 0xEAD2, 0x48AA, 0x68AA, 0x68AA, 0x68AA, 0x68AA, 0x68AA, 0x68AA, 0x68AA, 0x68AA, 0x68AA, 0x68AA, 0x68AA, 0x68AA, 0x68AA,
    0x68AA, 0x68AA, 0x68AA, 0x68AA, 0x68AA, 0x68AA, 0x68AA, 0x68AA, 0x68AA, 0x68AA, 0x68AA, 0x68AA, 0x68AA, 0x48AA, 0xEAD2, 0x2ADB,
    0x2ADB, 0x2ADB, 0x4BEB, 0x4BE3, 0x4BE3, 0x4BE3, 0x4BE3, 0x4BE3, 0x4BE3, 0x4BE3, 0x4BE3, 0x4BE3, 0x4BE3, 0x4BE3, 0x4BE3, 0x4BE3,
    0x4BE3, 0x4BE3, 0x4BE3, 0x4BE3, 0x4BE3, 0x4BE3, 0x4BE3, 0x4BE3, 0x4BE3, 0x4BE3, 0x4BE3, 0x4BE3, 0x4BE3, 0x4BEB, 0x2ADB, 0x2ADB
};

const uint16_t icon_orbital_walking_barrage_stratagem_icon_background[] PROGMEM = {
    0x2ADB, 0x2ADB, 0x4BEB, 0x4BE3, 0x4BE3, 0x4BE3, 0x4BE3, 0x4BE3, 0x4BE3, 0x4BE3, 0x4BE3, 0x4BE3, 0x4BE3, 0x4BE3, 0x4BE3, 0x4BE3,
    0x4BE3, 0x4BE3, 0x4BE3, 0x4BE3, 0x4BE3, 0x4BE3, 0x4BE3, 0x4BE3, 0x4BE3, 0x4BE3, 0x4BE3, 0x4BE3, 0x4BE3, 0x4BEB, 0x2ADB, 0x2ADB,
    0x2ADB, 0xEAD2, 0x48AA, 0x68AA, 0x68AA, 0x68AA, 0x68AA, 0x68AA, 0x68AA, 0x68AA, 0x68AA, 0x68AA, 0x68AA, 0x68AA, 0x68AA, 0x68AA,
    0x68AA, 0x68AA, 0x68AA, 0x68AA, 0x68AA, 0x68AA, 0x68AA, 0x68AA, 0x68AA, 0x68AA, 0x68AA, 0x68AA, 0x68AA, 0x48AA, 0xEAD2, 0x2ADB,
    0x4BEB, 0x47AA, 0x0000, 0x0010, 0x0008, 0x0008, 0x0008, 0x0008, 0x0008, 0x0008, 0x0008, 0x0008, 0x0008, 0x0008, 0x0008, 0x0010,
    0x0010, 0x0010, 0x0010, 0x0008, 0x0008, 0x0008, 0x0008, 0x0008, 0x0008, 0x0008, 0x0008, 0x0008, 0x0010, 0x0000, 0x47AA, 0x4BEB,
    0x4BE3, 0x68AA, 0x0010, 0x2018, 0x2018, 0x2018, 0x2018, 0x2018, 0x2018, 0x2018, 0x2018, 0x2018, 0x2018, 0x2018, 0x2018, 0x0018,
    0x0018, 0x0018, 0x0018, 0x2018, 0x2018, 0x2018, 0x2018, 0x2018, 0x2018, 0x2018, 0x2018, 0x2018, 0x2018, 0x0010, 0x68AA, 0x4BE3,
    0x4BE3, 0x68AA, 0x0008, 0x2018, 0x0018, 0x0018, 0x0018, 0x0018, 0x0018, 0x0018, 0x0018, 0x0018, 0x0018, 0x0018, 0x0018, 0x6120,
    0x4120, 0x6120, 0x8120, 0x0010, 0x0018, 0x0018, 0x0018, 0x0018, 0x0018, 0x0018, 0x0018, 0x0018, 0x2018, 0x0008, 0x68AA, 0x4BE3,
    0x4BE3, 0x68AA, 0x0008, 0x2018, 0x0018, 0x0018, 0x0018, 0x0018, 0x0018, 0x0018, 0x0018, 0x0018, 0x0018, 0x2018, 0x0000, 0x709C,
    0xAD83, 0x4C73, 0x0F8C, 0x0000, 0x2018, 0x0018, 0x0018, 0x0018, 0x0018, 0x0018, 0x0018, 0x0018, 0x2018, 0x0008, 0x68AA, 0x4BE3,
    0x4BE3, 0x68AA, 0x0008, 0x2018, 0x0018, 0x0018, 0x0018, 0x0018, 0x0018, 0x0018, 0x0018, 0x0018, 0x0018, 0x2018, 0x0000, 0xB1A4,
    0x919C, 0xA218, 0xE330, 0x0010, 0x2018, 0x0018, 0x0018, 0x0018, 0x0018, 0x0018, 0x0018, 0x0018, 0x2018, 0x0008, 0x68AA, 0x4BE3,
    0x4BE3, 0x68AA, 0x0008, 0x2018, 0x0018, 0x0018, 0x0018, 0x0018, 0x0018, 0x0018, 0x0018, 0x0018, 0x0018, 0x2018, 0x0000, 0xB1A4,
    0x0E8C, 0x2B73, 0xEE8B, 0x0008, 0x2018, 0x0018, 0x0018, 0x0018, 0x0018, 0x0018, 0x0018, 0x0018, 0x2018, 0x0008, 0x68AA, 0x4BE3,
    0x4BE3, 0x68AA, 0x0008, 0x2018, 0x0018, 0x0018, 0x0018, 0x0018, 0x0018, 0x0018, 0x0018, 0x0018, 0x0018, 0x2018, 0x0000, 0xB19C,
    0x909C, 0xA218, 0x0331, 0x0010, 0x2018, 0x0018, 0x0018, 0x0018, 0x0018, 0x0018, 0x0018, 0x0018, 0x2018, 0x0008, 0x68AA, 0x4BE3,
    0x4BE3, 0x68AA, 0x0008, 0x2018, 0x0018, 0x0018, 0x0018, 0x0018, 0x0018, 0x0018, 0x0018, 0x0018, 0x0018, 0x2018, 0x0000, 0xB1A4,
    0x0E8C, 0x2B73, 0xEE8B, 0x0008, 0x2018, 0x0018, 0x0018, 0x0018, 0x0018, 0x0018, 0x0018, 0x0018, 0x2018, 0x0008, 0x68AA, 0x4BE3,
    0x4BE3, 0x68AA, 0x0008, 0x2018, 0x0018, 0x0018, 0x0018, 0x0018, 0x0018, 0x0018, 0x0018, 0x0018, 0x0018, 0x2018, 0x0000, 0xB19C,
    0x909C, 0xA218, 0x0331, 0x0010, 0x2018, 0x0018, 0x0018, 0x0018, 0x0018, 0x0018, 0x0018, 0x0018, 0x2018, 0x0008, 0x68AA, 0x4BE3,
    0x4BE3, 0x68AA, 0x0008, 0x2018, 0x0018, 0x0018, 0x0018, 0x0018, 0x0018, 0x0018, 0x0018, 0x0018, 0x0018, 0x2018, 0x0000, 0xB1A4,
    0x0E8C, 0x2B73, 0xEE8B, 0x0008, 0x2018, 0x0018, 0x0018, 0x0018, 0x0018, 0x0018, 0x0018, 0x0018, 0x2018, 0x0008, 0x68AA, 0x4BE3,
    0x4BE3, 0x68AA, 0x0008, 0x2018, 0x0018, 0x0018, 0x0018, 0x0018, 0x0018, 0x0018, 0x0018, 0x0018, 0x0018, 0x2018, 0x0000, 0xB19C,
    0x909C, 0xA218, 0x0331, 0x0010, 0x2018, 0x0018, 0x0018, 0x0018, 0x0018, 0x0018, 0x0018, 0x0018, 0x2018, 0x0008, 0x68AA, 0x4BE3,
    0x4BE3, 0x68AA, 0x0008, 0x2018, 0x0018, 0x0018, 0x0018, 0x0018, 0x0018, 0x0018, 0x0018, 0x2018, 0x0018, 0x4018, 0x0000, 0xB1A4,
    0x0E8C, 0x2B73, 0xEE8B, 0x0008, 0x2018, 0x0018, 0x0018, 0x0018, 0x0018, 0x0018, 0x0018, 0x0018, 0x2018, 0x0008, 0x68AA, 0x4BE3,
    0x4BE3, 0x68AA, 0x0008, 0x2018, 0x0018, 0x0018, 0x0018, 0x0018, 0x0018, 0x2018, 0x0018, 0x0008, 0x0018, 0x0018, 0x0000, 0xB1A4,
    0x919C, 0xA218, 0xE330, 0x0010, 0x2018, 0x0018, 0x0018, 0x0018, 0x0018, 0x0018, 0x0018, 0x0018, 0x2018, 0x0008, 0x68AA, 0x4BE3,
    0x4BE3, 0x68AA, 0x0008, 0x2018, 0x0018, 0x0018, 0x0018, 0x2018, 0x0018, 0x0008, 0x2018, 0x0752, 0x2018, 0x33AD, 0x6539, 0x0F8C,
    0xCE83, 0x4C73, 0x0F8C, 0x0000, 0x2018, 0x0018, 0x0018, 0x0018, 0x0018, 0x0018, 0x0018, 0x0018, 0x2018, 0x0008, 0x68AA, 0x4BE3,
    0x4BE3, 0x68AA, 0x0008, 0x2018, 0x0018, 0x0018, 0x2018, 0x0010, 0x4118, 0x485A, 0xA228, 0x53AD, 0xE330, 0x6539, 0x8220, 0x6120,
    0x6120, 0x4118, 0x4118, 0x2018, 0x0010, 0x0018, 0x2018, 0x0018, 0x0018, 0x0018, 0x0018, 0x0018, 0x2018, 0x0008, 0x68AA, 0x4BE3,
    0x4BE3, 0x68AA, 0x0008, 0x2018, 0x0018, 0x0018, 0x0018, 0x6120, 0xC228, 0x33A5, 0x8220, 0x4028, 0x0008, 0x6138, 0x68B2, 0x2361,
    0x2361, 0x68B2, 0xA240, 0x0008, 0x8130, 0x0010, 0x0010, 0x2018, 0x0018, 0x0018, 0x0018, 0x0018, 0x2018, 0x0008, 0x68AA, 0x4BE3,
    0x4BE3, 0x68AA, 0x0008, 0x2018, 0x0018, 0x0018, 0x2018, 0xB5BD, 0x4431, 0x2028, 0x47AA, 0xC240, 0x4461, 0x4BE3, 0x8CFB, 0x6469,
    0x6469, 0x8CFB, 0x4BE3, 0x4461, 0xC240, 0x47AA, 0xA238, 0x0008, 0x2018, 0x0018, 0x0018, 0x0018, 0x2018, 0x0008, 0x68AA, 0x4BE3,
    0x4BE3, 0x68AA, 0x0008, 0x2018, 0x0018, 0x0018, 0x0010, 0xC220, 0x8571, 0x6BEB, 0x8571, 0xC248, 0x4BEB, 0x0AD3, 0x4BEB, 0x4469,
    0x4469, 0x4BEB, 0x0AD3, 0x4BEB, 0xC248, 0x8571, 0x6BEB, 0x6469, 0x0008, 0x0010, 0x0018, 0x0018, 0x2018, 0x0008, 0x68AA, 0x4BE3,
    0x4BE3, 0x68AA, 0x0008, 0x2018, 0x0018, 0x2018, 0x2018, 0xC691, 0xACFB, 0xA8BA, 0x6128, 0x2ADB, 0x6BEB, 0x2BE3, 0xACFB, 0x6471,
    0x6471, 0xACFB, 0x2BE3, 0x6BEB, 0x2ADB, 0x6128, 0x88BA, 0xACFB, 0x0692, 0x2018, 0x2018, 0x0018, 0x2018, 0x0008, 0x68AA, 0x4BE3,
    0x4BE3, 0x68AA, 0x0008, 0x2018, 0x2018, 0x0008, 0xC248, 0x68AA, 0x68AA, 0xE248, 0xE248, 0x68AA, 0x279A, 0x279A, 0x68AA, 0xE350,
    0xE350, 0x68AA, 0x279A, 0x279A, 0x68AA, 0xE248, 0xE248, 0x48AA, 0x68AA, 0xC248, 0x0008, 0x2018, 0x2018, 0x0008, 0x68AA, 0x4BE3,
    0x4BE3, 0x68AA, 0x0008, 0x2018, 0x0010, 0x6128, 0xE348, 0xA240, 0x8138, 0x2018, 0xC248, 0xA240, 0xC240, 0xA240, 0xC240, 0x6128,
    0x6128, 0xC240, 0xA240, 0xC240, 0xA240, 0xC248, 0x2018, 0x8138, 0xA240, 0xE348, 0x6128, 0x0010, 0x2018, 0x0008, 0x68AA, 0x4BE3,
    0x4BE3, 0x68AA, 0x0008, 0x2018, 0x0010, 0x68B2, 0x4BEB, 0x8BF3, 0x279A, 0xE248, 0x6BEB, 0x4BE3, 0x4BE3, 0x2BE3, 0x8CFB, 0x6469,
    0x6471, 0x8CFB, 0x2BE3, 0x4BE3, 0x4BE3, 0x6BEB, 0xE248, 0x279A, 0x6BF3, 0x4BEB, 0x68B2, 0x0010, 0x2018, 0x0008, 0x68AA, 0x4BE3,
    0x4BE3, 0x68AA, 0x0010, 0x0010, 0xE248, 0x4BE3, 0x0AD3, 0x4BEB, 0x2359, 0x8579, 0x6BEB, 0x0AD3, 0x0ADB, 0x0AD3, 0x6BEB, 0x6469,
    0x6469, 0x6BEB, 0x0AD3, 0x0ADB, 0x0AD3, 0x6BEB, 0x8571, 0x2359, 0x4BEB, 0x0AD3, 0x4BE3, 0xE248, 0x0010, 0x0010, 0x68AA, 0x4BE3,
    0x4BE3, 0x68AA, 0x0010, 0x0008, 0xE689, 0x4BEB, 0x0AD3, 0x4BE3, 0xA240, 0x27A2, 0x4BEB, 0x0ADB, 0x2ADB, 0x0ADB, 0x6BEB, 0x6469,
    0x6469, 0x6BEB, 0x0ADB, 0x2ADB, 0x0ADB, 0x4BEB, 0x279A, 0xC240, 0x4BE3, 0x0AD3, 0x4BEB, 0xE689, 0x0008, 0x0010, 0x68AA, 0x4BE3,
    0x4BE3, 0x68AA, 0x0010, 0x0018, 0x68B2, 0x2AE3, 0x0ADB, 0x0AD3, 0x8138, 0x88B2, 0x2AE3, 0x0AD3, 0x0ADB, 0x0AD3, 0x4BEB, 0x4469,
    0x4469, 0x4BEB, 0x0AD3, 0x0ADB, 0x0AD3, 0x2AE3, 0x88B2, 0x8138, 0x0AD3, 0x0ADB, 0x2AE3, 0x68B2, 0x0010, 0x0010, 0x68AA, 0x4BE3,
    0x4BE3, 0x68AA, 0x0008, 0x4020, 0x0AD3, 0x6BEB, 0x6BEB, 0x2ADB, 0x8130, 0x0AD3, 0x6BF3, 0x4BEB, 0x4BEB, 0x4BEB, 0xACFB, 0x6471,
    0x6571, 0xACFB, 0x4BEB, 0x4BEB, 0x4BEB, 0x6BF3, 0xEAD2, 0x8130, 0x2ADB, 0x6BEB, 0x6BEB, 0x0AD3, 0x4020, 0x0008, 0x68AA, 0x4BE3,
    0x4BE3, 0x68AA, 0x0008, 0x4020, 0x8571, 0xA579, 0xA579, 0x8571, 0x4028, 0x8571, 0xA579, 0xA579, 0xA579, 0x8579, 0xC681, 0xC240,
    0xC240, 0xC681, 0x8579, 0xA579, 0xA579, 0xA579, 0x8571, 0x4028, 0x8571, 0xA579, 0xA579, 0x8571, 0x4020, 0x0008, 0x68AA, 0x4BE3,
    0x4BEB, 0x47AA, 0x0000, 0x0010, 0x0000, 0x0000, 0x0000, 0x0000, 0x0008, 0x0000, 0x0000, 0x0000, 0x0000, 0x0000, 0x0000, 0x0008,
    0x0008, 0x0000, 0x0000, 0x0000, 0x0000, 0x0000, 0x0000, 0x0008, 0x0000, 0x0000, 0x0000, 0x0000, 0x0010, 0x0000, 0x47AA, 0x4BEB,
    0x2ADB, 0xEAD2, 0x48AA, 0x68AA, 0x68AA, 0x68AA, 0x68AA, 0x68AA, 0x68AA, 0x68AA, 0x68AA, 0x68AA, 0x68AA, 0x68AA, 0x68AA, 0x68AA,
    0x68AA, 0x68AA, 0x68AA, 0x68AA, 0x68AA, 0x68AA, 0x68AA, 0x68AA, 0x68AA, 0x68AA, 0x68AA, 0x68AA, 0x68AA, 0x48AA, 0xEAD2, 0x2ADB,
    0x2ADB, 0x2ADB, 0x4BEB, 0x4BE3, 0x4BE3, 0x4BE3, 0x4BE3, 0x4BE3, 0x4BE3, 0x4BE3, 0x4BE3, 0x4BE3, 0x4BE3, 0x4BE3, 0x4BE3, 0x4BE3,
    0x4BE3, 0x4BE3, 0x4BE3, 0x4BE3, 0x4BE3, 0x4BE3, 0x4BE3, 0x4BE3, 0x4BE3, 0x4BE3, 0x4BE3, 0x4BE3, 0x4BE3, 0x4BEB, 0x2ADB, 0x2ADB
};

const uint16_t icon_patriot_exosuit_stratagem_icon_background[] PROGMEM = {
    0xDA55, 0xDA55, 0x1B5E, 0x1B5E, 0x1B5E, 0x1B5E, 0x1B5E, 0x1B5E, 0x1B5E, 0x1B5E, 0x1B5E, 0x1B5E, 0x1B5E, 0x1B5E, 0x1B5E, 0x1B5E,
    0x1B5E, 0x1B5E, 0x1B5E, 0x1B5E, 0x1B5E, 0x1B5E, 0x1B5E, 0x1B5E, 0x1B5E, 0x1B5E, 0x1B5E, 0x1B5E, 0x1B5E, 0x1B5E, 0xDA55, 0xDA55,
    0xFA55, 0x7855, 0x7444, 0x9444, 0x7444, 0x7444, 0x7444, 0x7444, 0x7444, 0x7444, 0x7444, 0x7444, 0x7444, 0x7444, 0x7444, 0x7444,
    0x7444, 0x7444, 0x7444, 0x7444, 0x7444, 0x7444, 0x7444, 0x7444, 0x7444, 0x7444, 0x7444, 0x7444, 0x9444, 0x7444, 0x7855, 0xFA55,
    0x1B5E, 0x743C, 0x0000, 0x6200, 0x6200, 0x6200, 0x6200, 0x6200, 0x6200, 0x6200, 0x6200, 0x6200, 0x6200, 0x6200, 0x6200, 0x6200,
    0x6200, 0x6200, 0x6200, 0x6200, 0x6200, 0x6200, 0x6200, 0x6200, 0x6200, 0x6200, 0x6200, 0x6200, 0x6200, 0x0000, 0x743C, 0x1B5E,
    0x1B5E, 0x7444, 0x6200, 0xA300, 0x8200, 0x8200, 0x8200, 0x8200, 0x8200, 0xA300, 0xC300, 0xC300, 0xA300, 0xA300, 0xA300, 0xA300,
    0xA300, 0xA300, 0xA300, 0x6200, 0xA300, 0xA300, 0xA300, 0xA300, 0xA300, 0xA300, 0xA300, 0xA300, 0xC300, 0x6200, 0x7444, 0x1B5E,
    0x1B5E, 0x7444, 0x4100, 0xE408, 0x0411, 0x0411, 0x0411, 0x0411, 0x0511, 0x8300, 0x0000, 0x0100, 0x6200, 0xA300, 0xA300, 0xA300,
    0xA300, 0xA300, 0x8200, 0xA721, 0xC408, 0xA300, 0xC300, 0xC300, 0xC300, 0xC300, 0xC300, 0xC300, 0xA300, 0x6200, 0x7444, 0x1B5E,
    0x1B5E, 0x9444, 0x0000, 0x307C, 0xBEF7, 0x9CF7, 0xBCF7, 0xBCF7, 0xBDF7, 0xD9D6, 0x95AD, 0xD294, 0x2519, 0x8200, 0xA300, 0xA300,
    0xA300, 0xA300, 0x0100, 0x2F7C, 0xEE73, 0x0000, 0x2100, 0x0100, 0x0100, 0x0100, 0x0100, 0x0100, 0x8200, 0x6200, 0x7444, 0x1B5E,
    0x1B5E, 0x9444, 0x0000, 0x0F7C, 0x9DEF, 0x7BEF, 0x9CEF, 0x7CEF, 0x9CEF, 0xD9D6, 0xD6B5, 0x139D, 0x4519, 0x8200, 0xA300, 0xA300,
    0xA300, 0xA300, 0x4200, 0xAA4A, 0xF394, 0x2F7C, 0x307C, 0x307C, 0x307C, 0x307C, 0x307C, 0xEF73, 0x6519, 0x4100, 0x9444, 0x1B5E,
    0x1B5E, 0x7444, 0x4100, 0x2511, 0x8621, 0x8619, 0x8621, 0x6619, 0x8621, 0x8200, 0x0000, 0x0000, 0x4200, 0xA300, 0xA300, 0xA300,
    0xA300, 0xC300, 0x0000, 0xB28C, 0xFFFF, 0xFFFF, 0xFFFF, 0xFFFF, 0xFFFF, 0xFFFF, 0xFFFF, 0xFFFF, 0x0F74, 0x0000, 0x9444, 0x1B5E,
    0x1B5E, 0x9444, 0x0000, 0x0F7C, 0x9DEF, 0x7BEF, 0x9CEF, 0x7BEF, 0x9CEF, 0xB9D6, 0xB5B5, 0xF394, 0x4519, 0x8200, 0xA300, 0xA300,
    0xA300, 0xA300, 0x4200, 0xAA4A, 0xF394, 0x2F7C, 0x307C, 0x307C, 0x307C, 0x307C, 0x307C, 0xEF73, 0x6519, 0x4100, 0x9444, 0x1B5E,
    0x1B5E, 0x9444, 0x0000, 0x307C, 0xBEF7, 0x9CF7, 0xBCF7, 0xBCF7, 0xBDF7, 0xD9D6, 0xB5B5, 0xF294, 0x2519, 0x8200, 0xA300, 0xA300,
    0xA300, 0xA300, 0x0100, 0x2F7C, 0xCE73, 0x0000, 0x2100, 0x0100, 0x0100, 0x0100, 0x0100, 0x0100, 0x8200, 0x6200, 0x7444, 0x1B5E,
    0x1B5E, 0x7444, 0x4100, 0xE408, 0x0411, 0x0411, 0x0411, 0x0411, 0x0511, 0x8300, 0x0000, 0x0100, 0x6200, 0xA300, 0xA300, 0xA300,
    0xA300, 0xA300, 0x8200, 0xA621, 0xC308, 0xA300, 0xC300, 0xC300, 0xC300, 0xC300, 0xC300, 0xC300, 0xA300, 0x6200, 0x7444, 0x1B5E,
    0x1B5E, 0x7444, 0x6200, 0xA300, 0x8200, 0x8200, 0x8200, 0x8200, 0x8200, 0x8300, 0xA300, 0xC300, 0xA300, 0xA300, 0x8300, 0x8200,
    0x8200, 0x8300, 0xA300, 0x6200, 0xA300, 0xA300, 0xA300, 0xA300, 0xA300, 0xA300, 0xA300, 0xA300, 0xA300, 0x6200, 0x7444, 0x1B5E,
    0x1B5E, 0x7444, 0x6200, 0xA300, 0xA300, 0xA300, 0xA300, 0xA300, 0xA300, 0xA300, 0xA300, 0x8300, 0x8200, 0x6200, 0xA300, 0xE400,
    0xE400, 0xA300, 0x6200, 0x8200, 0x8300, 0xA300, 0xA300, 0xA300, 0xA300, 0xA300, 0xA300, 0xA300, 0xA300, 0x6200, 0x7444, 0x1B5E,
    0x1B5E, 0x7444, 0x6200, 0xA300, 0xA300, 0xA300, 0xA300, 0xA300, 0xA300, 0xA300, 0x6200, 0xA300, 0xE400, 0x6611, 0xF64C, 0xB955,
    0x9955, 0x164D, 0x8711, 0xE400, 0xA300, 0x6200, 0xA300, 0xA300, 0xA300, 0xA300, 0xA300, 0xA300, 0xA300, 0x6200, 0x7444, 0x1B5E,
    0x1B5E, 0x7444, 0x6200, 0xA300, 0xA300, 0xA300, 0xA300, 0xA300, 0xA300, 0x8200, 0x4609, 0xF64C, 0x9955, 0xB955, 0xDA55, 0x9955,
    0x9955, 0xDA55, 0xB955, 0x9855, 0xF64C, 0x4609, 0x8200, 0xA300, 0xA300, 0xA300, 0xA300, 0xA300, 0xA300, 0x6200, 0x7444, 0x1B5E,
    0x1B5E, 0x7444, 0x6200, 0xA300, 0xA300, 0xA300, 0xA300, 0xA300, 0xA300, 0x2100, 0x4F2B, 0x5C5E, 0xB955, 0x3C5E, 0x6F2B, 0xC300,
    0xC300, 0x6F2B, 0x3C5E, 0xB955, 0x5C5E, 0x4F2B, 0x2100, 0xA300, 0xA300, 0xA300, 0xA300, 0xA300, 0xA300, 0x6200, 0x7444, 0x1B5E,
    0x1B5E, 0x7444, 0x6200, 0xA300, 0xA300, 0xA300, 0xA300, 0xA300, 0xA300, 0x4100, 0x2E2B, 0x1B5E, 0x7955, 0x3B5E, 0x0D23, 0x0000,
    0x0000, 0x0D23, 0x3B5E, 0x7955, 0x1B5E, 0x2E2B, 0x4100, 0xA300, 0xA300, 0xA300, 0xA300, 0xA300, 0xA300, 0x6200, 0x7444, 0x1B5E,
    0x1B5E, 0x7444, 0x6200, 0xA300, 0xA300, 0xA300, 0xA300, 0xA300, 0xA300, 0x2100, 0x6F2B, 0xBE66, 0x1B5E, 0x3C5E, 0x9444, 0x0E2B,
    0x0E2B, 0x9444, 0x3C5E, 0x1B5E, 0xBE66, 0x6F2B, 0x2100, 0xA300, 0xA300, 0xA300, 0xA300, 0xA300, 0xA300, 0x6200, 0x7444, 0x1B5E,
    0x1B5E, 0x7444, 0x6200, 0xA300, 0xA300, 0xA300, 0xA300, 0xA300, 0xA300, 0x6200, 0xA811, 0x0D23, 0xCC2A, 0x9444, 0x3C5E, 0x3B5E,
    0x3B5E, 0x3C5E, 0x9444, 0xCC2A, 0x0D23, 0xA811, 0x6200, 0xA300, 0xA300, 0xA300, 0xA300, 0xA300, 0xA300, 0x6200, 0x7444, 0x1B5E,
    0x1B5E, 0x7444, 0x6200, 0xA300, 0xA300, 0xA300, 0xA300, 0xA300, 0xA300, 0x6200, 0xA711, 0x4F2B, 0x0509, 0xCC22, 0x3C5E, 0x9955,
    0x9955, 0x3C5E, 0xCC22, 0x0509, 0x4F2B, 0xA711, 0x6200, 0xA300, 0xA300, 0xA300, 0xA300, 0xA300, 0xA300, 0x6200, 0x7444, 0x1B5E,
    0x1B5E, 0x7444, 0x6200, 0xA300, 0xA300, 0xA300, 0xA300, 0xA300, 0xA300, 0x2100, 0x4F2B, 0x3F6F, 0x0D23, 0xED22, 0x5C5E, 0xB955,
    0xB955, 0x5C5E, 0xED22, 0x0D23, 0x3F6F, 0x4F2B, 0x2100, 0xA300, 0xA300, 0xA300, 0xA300, 0xA300, 0xA300, 0x6200, 0x7444, 0x1B5E,
    0x1B5E, 0x7444, 0x6200, 0xA300, 0xA300, 0xA300, 0xA300, 0xA300, 0xA300, 0x4100, 0x0D2B, 0x9D66, 0xAC22, 0x2A1A, 0x5C5E, 0xDA55,
    0xDA55, 0x5C5E, 0x2A1A, 0xAC22, 0x9D66, 0x0D2B, 0x4100, 0xA300, 0xA300, 0xA300, 0xA300, 0xA300, 0xA300, 0x6200, 0x7444, 0x1B5E,
    0x1B5E, 0x7444, 0x6200, 0xA300, 0xA300, 0xA300, 0xA300, 0xA300, 0xA300, 0x4100, 0x4E2B, 0x9D66, 0x4F2B, 0x0000, 0x2E2B, 0x9955,
    0x9955, 0x4F2B, 0x0000, 0x4F2B, 0x9D66, 0x4E2B, 0x4100, 0xA300, 0xA300, 0xA300, 0xA300, 0xA300, 0xA300, 0x6200, 0x7444, 0x1B5E,
    0x1B5E, 0x7444, 0x6200, 0xA300, 0xA300, 0xA300, 0xA300, 0xA300, 0xA300, 0x4100, 0x8B22, 0x3C5E, 0xB955, 0x2A1A, 0x4100, 0x0401,
    0x0401, 0x4100, 0x291A, 0xB955, 0x3C5E, 0x8B22, 0x4100, 0xA300, 0xA300, 0xA300, 0xA300, 0xA300, 0xA300, 0x6200, 0x7444, 0x1B5E,
    0x1B5E, 0x7444, 0x6200, 0xA300, 0xA300, 0xA300, 0xA300, 0xA300, 0xA300, 0xA300, 0x6200, 0x2E2B, 0x3B5E, 0x784D, 0xE400, 0x8200,
    0x8200, 0xE400, 0x784D, 0x3B5E, 0x2E2B, 0x6200, 0xA300, 0xA300, 0xA300, 0xA300, 0xA300, 0xA300, 0xA300, 0x6200, 0x7444, 0x1B5E,
    0x1B5E, 0x7444, 0x6200, 0xA300, 0xA300, 0xA300, 0xA300, 0xA300, 0xA300, 0xA300, 0x6200, 0x6200, 0x784D, 0x7855, 0xA300, 0x8200,
    0x8200, 0xA300, 0x7855, 0x784D, 0x8200, 0x6200, 0xA300, 0xA300, 0xA300, 0xA300, 0xA300, 0xA300, 0xA300, 0x6200, 0x7444, 0x1B5E,
    0x1B5E, 0x7444, 0x6200, 0xA300, 0xA300, 0xA300, 0xA300, 0xA300, 0xA300, 0xA300, 0x8300, 0xB033, 0x5C5E, 0x5C5E, 0xB033, 0x8300,
    0x8300, 0xB033, 0x5C5E, 0x5C5E, 0xB033, 0x8300, 0xA300, 0xA300, 0xA300, 0xA300, 0xA300, 0xA300, 0xA300, 0x6200, 0x7444, 0x1B5E,
    0x1B5E, 0x7444, 0x6200, 0xA300, 0xA300, 0xA300, 0xA300, 0xA300, 0xA300, 0x8200, 0x4609, 0x6F2B, 0x2E2B, 0x2E2B, 0x6F2B, 0x2509,
    0x2509, 0x6F2B, 0x2E2B, 0x2E2B, 0x6F2B, 0x4609, 0x8200, 0xA300, 0xA300, 0xA300, 0xA300, 0xA300, 0xA300, 0x6200, 0x7444, 0x1B5E,
    0x1B5E, 0x7444, 0x6200, 0xC300, 0xA300, 0xA300, 0xA300, 0xA300, 0xA300, 0xA300, 0x8300, 0x4100, 0x4100, 0x4100, 0x4100, 0xA300,
    0xA300, 0x4100, 0x4100, 0x4100, 0x4100, 0x8300, 0xA300, 0xA300, 0xA300, 0xA300, 0xA300, 0xA300, 0xC300, 0x6200, 0x7444, 0x1B5E,
    0x1B5E, 0x743C, 0x0000, 0x6200, 0x6200, 0x6200, 0x6200, 0x6200, 0x6200, 0x6200, 0x6200, 0x6200, 0x6200, 0x6200, 0x6200, 0x6200,
    0x6200, 0x6200, 0x6200, 0x6200, 0x6200, 0x6200, 0x6200, 0x6200, 0x6200, 0x6200, 0x6200, 0x6200, 0x6200, 0x0000, 0x743C, 0x1B5E,
    0xFA55, 0x7855, 0x7444, 0x9444, 0x7444, 0x7444, 0x7444, 0x7444, 0x7444, 0x7444, 0x7444, 0x7444, 0x7444, 0x7444, 0x7444, 0x7444,
    0x7444, 0x7444, 0x7444, 0x7444, 0x7444, 0x7444, 0x7444, 0x7444, 0x7444, 0x7444, 0x7444, 0x7444, 0x9444, 0x7444, 0x7855, 0xFA55,
    0xDA55, 0xDA55, 0x1B5E, 0x1B5E, 0x1B5E, 0x1B5E, 0x1B5E, 0x1B5E, 0x1B5E, 0x1B5E, 0x1B5E, 0x1B5E, 0x1B5E, 0x1B5E, 0x1B5E, 0x1B5E,
    0x1B5E, 0x1B5E, 0x1B5E, 0x1B5E, 0x1B5E, 0x1B5E, 0x1B5E, 0x1B5E, 0x1B5E, 0x1B5E, 0x1B5E, 0x1B5E, 0x1B5E, 0x1B5E, 0xDA55, 0xDA55
};

const uint16_t icon_portable_hellbomb_stratagem_icon_background[] PROGMEM = {
    0xDA55, 0xDA55, 0x1B5E, 0x1B5E, 0x1B5E, 0x1B5E, 0x1B5E, 0x1B5E, 0x1B5E, 0x1B5E, 0x1B5E, 0x1B5E, 0x1B5E, 0x1B5E, 0x1B5E, 0x1B5E,
    0x1B5E, 0x1B5E, 0x1B5E, 0x1B5E, 0x1B5E, 0x1B5E, 0x1B5E, 0x1B5E, 0x1B5E, 0x1B5E, 0x1B5E, 0x1B5E, 0x1B5E, 0x1B5E, 0xDA55, 0xDA55,
    0xFA55, 0x7855, 0x7444, 0x9444, 0x7444, 0x7444, 0x7444, 0x7444, 0x7444, 0x7444, 0x7444, 0x7444, 0x7444, 0x7444, 0x7444, 0x7444,
    0x7444, 0x7444, 0x7444, 0x7444, 0x7444, 0x7444, 0x7444, 0x7444, 0x7444, 0x7444, 0x7444, 0x7444, 0x9444, 0x7444, 0x7855, 0xFA55,
    0x1B5E, 0x743C, 0x0000, 0x6200, 0x6200, 0x6200, 0x6200, 0x6200, 0x6200, 0x6200, 0x6200, 0x6200, 0x6200, 0x6200, 0x6200, 0x6200,
    0x6200, 0x6200, 0x6200, 0x6200, 0x6200, 0x6200, 0x6200, 0x6200, 0x6200, 0x6200, 0x6200, 0x6200, 0x6200, 0x0000, 0x743C, 0x1B5E,
    0x1B5E, 0x7444, 0x6200, 0xC300, 0xA300, 0xA300, 0xA300, 0xA300, 0xA300, 0xA300, 0xA300, 0xA300, 0xA300, 0xA300, 0xC300, 0xC300,
    0xC300, 0xC300, 0xC300, 0xC300, 0xC300, 0xC300, 0xC300, 0xC300, 0xC300, 0xC300, 0xC300, 0xA300, 0xA300, 0x6200, 0x7444, 0x1B5E,
    0x1B5E, 0x7444, 0x6200, 0xA300, 0xA300, 0xA300, 0xA300, 0xA300, 0xA300, 0xA300, 0xA300, 0xA300, 0xA300, 0x8300, 0x4100, 0x2100,
    0x4100, 0x4100, 0x4100, 0x4100, 0x4100, 0x4100, 0x4100, 0x4100, 0x4100, 0x2100, 0x4100, 0x8300, 0xA300, 0x6200, 0x7444, 0x1B5E,
    0x1B5E, 0x7444, 0x6200, 0xA300, 0xA300, 0xA300, 0xA300, 0xA300, 0xA300, 0xA300, 0xA300, 0xA300, 0x8300, 0xC300, 0x0D2B, 0x4E2B,
    0x2E2B, 0x2E2B, 0x2E2B, 0x2E2B, 0x2E2B, 0x2E2B, 0x2E2B, 0x2E2B, 0x2E2B, 0x4E2B, 0x0D2B, 0xC300, 0xA300, 0x6200, 0x7444, 0x1B5E,
    0x1B5E, 0x7444, 0x6200, 0xA300, 0xA300, 0xA300, 0xA300, 0xA300, 0xA300, 0xA300, 0xA300, 0xA300, 0x8200, 0x0501, 0xFA5D, 0x3C5E,
    0x3B5E, 0x3C5E, 0x3C5E, 0x3C5E, 0x3C5E, 0x3C5E, 0x3C5E, 0x3C5E, 0x3B5E, 0x3C5E, 0xFA5D, 0x0501, 0x8200, 0x6200, 0x7444, 0x1B5E,
    0x1B5E, 0x7444, 0x6200, 0xA300, 0xA300, 0xA300, 0xA300, 0xA300, 0xA300, 0xA300, 0xA300, 0xA300, 0x8300, 0xA300, 0xF644, 0x1B5E,
    0x9955, 0xB955, 0xB955, 0xB955, 0xB955, 0xB955, 0xB955, 0xB955, 0x9955, 0x1B5E, 0xF644, 0xA300, 0xA300, 0x6200, 0x7444, 0x1B5E,
    0x1B5E, 0x7444, 0x6200, 0xA300, 0xA300, 0xA300, 0xA300, 0xA300, 0xA300, 0xA300, 0xA300, 0xA300, 0xA300, 0x8200, 0x0509, 0x374D,
    0x3B5E, 0xDA55, 0xFA55, 0xFA55, 0xFA55, 0xFA55, 0xFA55, 0xDA55, 0x3B5E, 0x374D, 0x0509, 0x8200, 0xA300, 0x6200, 0x7444, 0x1B5E,
    0x1B5E, 0x7444, 0x6200, 0xA300, 0xA300, 0xA300, 0xA300, 0xA300, 0xA300, 0xA300, 0xA300, 0xA300, 0x8200, 0x2509, 0x2E2B, 0x0509,
    0xD544, 0x7855, 0x784D, 0x784D, 0x584D, 0x784D, 0x784D, 0x7855, 0xD644, 0x0509, 0x2E2B, 0x2509, 0x8200, 0x6200, 0x7444, 0x1B5E,
    0x1B5E, 0x7444, 0x6200, 0xA300, 0xA300, 0xA300, 0xA300, 0xA300, 0xA300, 0x4200, 0x4100, 0x6200, 0xA300, 0xE400, 0xDA55, 0xB033,
    0xE408, 0x6609, 0x0509, 0x0509, 0x4609, 0x0509, 0x0509, 0x6609, 0xE408, 0xB033, 0xFA55, 0xE400, 0x8300, 0x6200, 0x7444, 0x1B5E,
    0x1B5E, 0x7444, 0x6200, 0xA300, 0xA300, 0xA300, 0xA300, 0x8200, 0x0000, 0xCB4A, 0xF7BD, 0xCB4A, 0x0000, 0xE400, 0xDA55, 0x3B5E,
    0x584D, 0xDA55, 0x8C22, 0x8B22, 0x5C5E, 0x8B22, 0x8C22, 0xDA55, 0x584D, 0x1B5E, 0x784D, 0xE400, 0x8300, 0x6200, 0x7444, 0x1B5E,
    0x1B5E, 0x7444, 0x6200, 0xA300, 0xA300, 0xA300, 0x2100, 0x4519, 0xB5B5, 0xDDF7, 0xFFFF, 0xDDF7, 0xB5B5, 0x4519, 0x8B1A, 0xDA55,
    0xDA55, 0x7C5E, 0xCD22, 0x8B22, 0x7D5E, 0x8B22, 0xCD22, 0x7C5E, 0xDA55, 0xDA55, 0x7855, 0xE400, 0x8300, 0x6200, 0x7444, 0x1B5E,
    0x1B5E, 0x7444, 0x6200, 0xA300, 0xA300, 0x6200, 0x8A4A, 0xFBDE, 0xFFFF, 0xFDFF, 0xFDFF, 0xFDFF, 0xFFFF, 0x1BDF, 0x073A, 0x2E23,
    0x1B5E, 0x1B5E, 0x4F2B, 0xC308, 0x8609, 0xC308, 0x4F2B, 0x3B5E, 0xB955, 0xFA55, 0x7855, 0xE400, 0x8300, 0x6200, 0x7444, 0x1B5E,
    0x1B5E, 0x7444, 0x6200, 0xA300, 0xC300, 0x2100, 0xF6B5, 0xFFFF, 0xFEFF, 0xFEFF, 0xFDFF, 0xFEFF, 0xFEFF, 0xFFFF, 0xB4B5, 0xA809,
    0x3B5E, 0xDA55, 0xB955, 0x784D, 0x584D, 0x784D, 0xB955, 0xDA55, 0xDA55, 0xFA55, 0x7855, 0xE400, 0x8300, 0x6200, 0x7444, 0x1B5E,
    0x1B5E, 0x7444, 0x6200, 0xA300, 0xA300, 0x6200, 0x6942, 0x38C6, 0x58CE, 0x9CF7, 0xFEFF, 0x9CF7, 0x58CE, 0x38C6, 0x283A, 0x4F2B,
    0x3B5E, 0xB955, 0xDA55, 0xFA55, 0xFA55, 0xFA55, 0xDA55, 0xDA55, 0xDA55, 0xFA55, 0x7855, 0xE400, 0x8300, 0x6200, 0x7444, 0x1B5E,
    0x1B5E, 0x7444, 0x6200, 0xA300, 0xA300, 0xA300, 0x0100, 0x0000, 0x0000, 0x4C5B, 0xFFFF, 0x4C5B, 0x0000, 0x0000, 0x8701, 0xDA55,
    0xFB5D, 0xDA55, 0xDA55, 0xDA55, 0xDA55, 0xDA55, 0xDA55, 0xDA55, 0xDA55, 0xFA55, 0x7855, 0xE400, 0x8300, 0x6200, 0x7444, 0x1B5E,
    0x1B5E, 0x7444, 0x6200, 0xA300, 0xA300, 0xA300, 0x2832, 0xAE6B, 0x5084, 0x33A5, 0xFDFF, 0x33A5, 0x5084, 0xAE6B, 0x493A, 0xC819,
    0x374D, 0xFA55, 0xDA55, 0xDA55, 0xDA55, 0xDA55, 0xDA55, 0xDA55, 0xDA55, 0xFA55, 0x7855, 0xE400, 0x8300, 0x6200, 0x7444, 0x1B5E,
    0x1B5E, 0x7444, 0x6200, 0xC300, 0x4100, 0x8A42, 0xFFFF, 0xB9D6, 0xB194, 0x5084, 0x1ADF, 0x5084, 0xB194, 0xB9D6, 0xFFFF, 0xC639,
    0x2E23, 0x5C5E, 0xB955, 0xDA55, 0xDA55, 0xDA55, 0xDA55, 0xDA55, 0xDA55, 0xFA55, 0x7855, 0xE400, 0x8300, 0x6200, 0x7444, 0x1B5E,
    0x1B5E, 0x7444, 0x6200, 0xA300, 0xA300, 0xA300, 0xC729, 0x4D63, 0x507C, 0xD294, 0x1ADF, 0xD294, 0x507C, 0x6D63, 0xC729, 0xE919,
    0x7855, 0xFA55, 0xDA55, 0xDA55, 0xDA55, 0xDA55, 0xDA55, 0xDA55, 0xDA55, 0xFA55, 0x7855, 0xE400, 0x8300, 0x6200, 0x7444, 0x1B5E,
    0x1B5E, 0x7444, 0x6200, 0xA300, 0xA300, 0xA300, 0x6200, 0x0000, 0x0000, 0xA300, 0xF6B5, 0xA300, 0x0000, 0x0000, 0x8B1A, 0xDA55,
    0xB544, 0xFA55, 0xDA55, 0xDA55, 0xDA55, 0xDA55, 0xDA55, 0xDA55, 0xDA55, 0xDA55, 0x9955, 0x0401, 0x8300, 0x6200, 0x7444, 0x1B5E,
    0x1B5E, 0x7444, 0x6200, 0xA300, 0xA300, 0x8300, 0x8200, 0x0C53, 0x2511, 0xE408, 0xB9D6, 0xE408, 0x4511, 0xAA52, 0xCD22, 0x0912,
    0xED22, 0x3B5E, 0x9955, 0xB955, 0xB955, 0xB955, 0xB955, 0xB955, 0xB955, 0x1B5E, 0xF644, 0xA300, 0xA300, 0x6200, 0x7444, 0x1B5E,
    0x1B5E, 0x7444, 0x6200, 0xA300, 0xA300, 0x2511, 0x0000, 0x53A5, 0x58C6, 0xA621, 0x7BEF, 0xA621, 0x57C6, 0x53A5, 0x0000, 0xA208,
    0xB033, 0x9D66, 0x1B5E, 0x3C5E, 0x3C5E, 0x3C5E, 0x3C5E, 0x3B5E, 0x5C5E, 0x374D, 0x2509, 0x6200, 0xA300, 0x6200, 0x7444, 0x1B5E,
    0x1B5E, 0x7444, 0x6200, 0xA300, 0x0000, 0xEF73, 0x6D63, 0x0F7C, 0xFFFF, 0x1ADF, 0xBCF7, 0x1ADF, 0xFFFF, 0x0F7C, 0x6D63, 0xCE73,
    0xE500, 0x6F33, 0x2E2B, 0x2E2B, 0x2E2B, 0x2E2B, 0x2E2B, 0x2E2B, 0x4F2B, 0x4609, 0x4100, 0xA300, 0xA300, 0x6200, 0x7444, 0x1B5E,
    0x1B5E, 0x9444, 0x4100, 0x4511, 0x8D73, 0xD6B5, 0xFDFF, 0xB8D6, 0xDDFF, 0xFDFF, 0xFDFF, 0xFDFF, 0xDDFF, 0x98D6, 0xFDFF, 0xD6B5,
    0x6D6B, 0xC310, 0x2100, 0x4100, 0x4100, 0x4100, 0x4100, 0x4100, 0x2100, 0x8200, 0xA300, 0xA300, 0xA300, 0x6200, 0x7444, 0x1B5E,
    0x1B5E, 0x7444, 0x6200, 0x8200, 0x918C, 0xFFFF, 0xFFFF, 0xFFFF, 0xFFFF, 0xFFFF, 0xFFFF, 0xFFFF, 0xFFFF, 0xFFFF, 0xFFFF, 0xFFFF,
    0xB18C, 0x8300, 0xC300, 0xA300, 0xA300, 0xA300, 0xA300, 0xA300, 0xA300, 0xA300, 0xA300, 0xA300, 0xA300, 0x6200, 0x7444, 0x1B5E,
    0x1B5E, 0x7444, 0x6200, 0xA300, 0x2100, 0x2C5B, 0x5184, 0x307C, 0x5084, 0x5084, 0x5084, 0x5084, 0x5084, 0x307C, 0x5184, 0x2C5B,
    0x2100, 0x8300, 0xA300, 0xA300, 0xA300, 0xA300, 0xA300, 0xA300, 0xA300, 0xA300, 0xA300, 0xA300, 0xA300, 0x6200, 0x7444, 0x1B5E,
    0x1B5E, 0x7444, 0x6200, 0xA300, 0xA300, 0x2100, 0x0100, 0x0100, 0x0100, 0x0100, 0x0100, 0x0100, 0x0100, 0x0100, 0x0100, 0x2100,
    0xA300, 0xA300, 0xA300, 0xA300, 0xA300, 0xA300, 0xA300, 0xA300, 0xA300, 0xA300, 0xA300, 0xA300, 0xA300, 0x6200, 0x7444, 0x1B5E,
    0x1B5E, 0x7444, 0x6200, 0xC300, 0xA300, 0xC300, 0xC300, 0xC300, 0xC300, 0xC300, 0xC300, 0xC300, 0xC300, 0xC300, 0xC300, 0xC300,
    0xA300, 0xA300, 0xA300, 0xA300, 0xA300, 0xA300, 0xA300, 0xA300, 0xA300, 0xA300, 0xA300, 0xA300, 0xC300, 0x6200, 0x7444, 0x1B5E,
    0x1B5E, 0x743C, 0x0000, 0x6200, 0x6200, 0x6200, 0x6200, 0x6200, 0x6200, 0x6200, 0x6200, 0x6200, 0x6200, 0x6200, 0x6200, 0x6200,
    0x6200, 0x6200, 0x6200, 0x6200, 0x6200, 0x6200, 0x6200, 0x6200, 0x6200, 0x6200, 0x6200, 0x6200, 0x6200, 0x0000, 0x743C, 0x1B5E,
    0xFA55, 0x7855, 0x7444, 0x9444, 0x7444, 0x7444, 0x7444, 0x7444, 0x7444, 0x7444, 0x7444, 0x7444, 0x7444, 0x7444, 0x7444, 0x7444,
    0x7444, 0x7444, 0x7444, 0x7444, 0x7444, 0x7444, 0x7444, 0x7444, 0x7444, 0x7444, 0x7444, 0x7444, 0x9444, 0x7444, 0x7855, 0xFA55,
    0xDA55, 0xDA55, 0x1B5E, 0x1B5E, 0x1B5E, 0x1B5E, 0x1B5E, 0x1B5E, 0x1B5E, 0x1B5E, 0x1B5E, 0x1B5E, 0x1B5E, 0x1B5E, 0x1B5E, 0x1B5E,
    0x1B5E, 0x1B5E, 0x1B5E, 0x1B5E, 0x1B5E, 0x1B5E, 0x1B5E, 0x1B5E, 0x1B5E, 0x1B5E, 0x1B5E, 0x1B5E, 0x1B5E, 0x1B5E, 0xDA55, 0xDA55
};

const uint16_t icon_quasar_cannon_stratagem_icon_background[] PROGMEM = {
    0xDA55, 0xDA55, 0x1B5E, 0x1B5E, 0x1B5E, 0x1B5E, 0x1B5E, 0x1B5E, 0x1B5E, 0x1B5E, 0x1B5E, 0x1B5E, 0x1B5E, 0x1B5E, 0x1B5E, 0x1B5E,
    0x1B5E, 0x1B5E, 0x1B5E, 0x1B5E, 0x1B5E, 0x1B5E, 0x1B5E, 0x1B5E, 0x1B5E, 0x1B5E, 0x1B5E, 0x1B5E, 0x1B5E, 0x1B5E, 0xDA55, 0xDA55,
    0xFA55, 0x7855, 0x7444, 0x9444, 0x7444, 0x7444, 0x7444, 0x7444, 0x7444, 0x7444, 0x7444, 0x7444, 0x7444, 0x7444, 0x7444, 0x7444,
    0x7444, 0x7444, 0x7444, 0x7444, 0x7444, 0x7444, 0x7444, 0x7444, 0x7444, 0x7444, 0x7444, 0x7444, 0x9444, 0x7444, 0x7855, 0xFA55,
    0x1B5E, 0x743C, 0x0000, 0x6200, 0x6200, 0x6200, 0x6200, 0x6200, 0x6200, 0x6200, 0x6200, 0x6200, 0x6200, 0x6200, 0x6200, 0x6200,
    0x6200, 0x6200, 0x6200, 0x6200, 0x6200, 0x6200, 0x6200, 0x6200, 0x6200, 0x6200, 0x6200, 0x6200, 0x6200, 0x0000, 0x743C, 0x1B5E,
    0x1B5E, 0x7444, 0x6200, 0xC300, 0xA300, 0xA300, 0xA300, 0xA300, 0xA300, 0xA300, 0xA300, 0xA300, 0xA300, 0xA300, 0xA300, 0xA300,
    0xA300, 0xA300, 0xA300, 0x8300, 0x8300, 0xA300, 0xA300, 0xA300, 0xA300, 0xA300, 0xA300, 0xA300, 0xC300, 0x6200, 0x7444, 0x1B5E,
    0x1B5E, 0x7444, 0x6200, 0xA300, 0xA300, 0xA300, 0xA300, 0xA300, 0xA300, 0xA300, 0xA300, 0xA300, 0xA300, 0xA300, 0xA300, 0xA300,
    0xA300, 0xA300, 0x8300, 0xE408, 0xE408, 0x8300, 0xA300, 0xA300, 0xA300, 0xA300, 0xA300, 0xA300, 0xA300, 0x6200, 0x7444, 0x1B5E,
    0x1B5E, 0x7444, 0x6200, 0xA300, 0xA300, 0xA300, 0xA300, 0xA300, 0xA300, 0xA300, 0xA300, 0xA300, 0xA300, 0xA300, 0xA300, 0xA300,
    0x4100, 0x6200, 0x0000, 0xB18C, 0xB18C, 0x0000, 0x6200, 0x4100, 0xA300, 0xA300, 0xA300, 0xA300, 0xA300, 0x6200, 0x7444, 0x1B5E,
    0x1B5E, 0x7444, 0x6200, 0xA300, 0xA300, 0xA300, 0xA300, 0xA300, 0xA300, 0xA300, 0xA300, 0xA300, 0xA300, 0xA300, 0xA300, 0x4100,
    0x918C, 0x4C5B, 0x0000, 0xB18C, 0xB18C, 0x0000, 0x4C5B, 0x918C, 0x4100, 0xA300, 0xA300, 0xA300, 0xA300, 0x6200, 0x7444, 0x1B5E,
    0x1B5E, 0x7444, 0x6200, 0xA300, 0xA300, 0xA300, 0xA300, 0xC300, 0xC300, 0xC300, 0xC300, 0xC300, 0xC300, 0xC300, 0xC300, 0x6200,
    0x4C5B, 0x3BE7, 0xC308, 0xE410, 0x0411, 0xC308, 0x1ADF, 0x4C5B, 0x6200, 0xA300, 0xA300, 0xA300, 0xA300, 0x6200, 0x7444, 0x1B5E,
    0x1B5E, 0x7444, 0x6200, 0xA300, 0xA300, 0xA300, 0x8300, 0x0000, 0x0000, 0x0000, 0x0000, 0x0000, 0x0000, 0x0000, 0x0000, 0x0000,
    0x0000, 0x2100, 0xEB52, 0xFADE, 0xFADE, 0xEB52, 0xC310, 0x0000, 0x0000, 0x8300, 0xA300, 0xA300, 0xA300, 0x6200, 0x7444, 0x1B5E,
    0x1B5E, 0x7444, 0x6200, 0xA300, 0xA300, 0x8200, 0xE408, 0x918C, 0xD294, 0xD294, 0xD294, 0xD294, 0xD294, 0xD294, 0xD294, 0xD294,
    0xF294, 0xB294, 0x9CF7, 0xFEFF, 0xFFFF, 0x3AE7, 0xE408, 0xB18C, 0xB18C, 0xE408, 0x8200, 0xA300, 0xA300, 0x6200, 0x7444, 0x1B5E,
    0x1B5E, 0x7444, 0x6200, 0xA300, 0xA300, 0x8200, 0xE408, 0x918C, 0xD294, 0xD294, 0xD294, 0xD294, 0xD294, 0xD294, 0xD294, 0xD294,
    0xF294, 0xB294, 0x9CF7, 0xFEFF, 0xFFFF, 0x3AE7, 0xE408, 0xB18C, 0xB18C, 0xE408, 0x8200, 0xA300, 0xA300, 0x6200, 0x7444, 0x1B5E,
    0x1B5E, 0x7444, 0x6200, 0xA300, 0xA300, 0xA300, 0x8300, 0x0000, 0x0000, 0x0000, 0x0000, 0x0000, 0x0000, 0x0000, 0x0000, 0x0000,
    0x0000, 0x2100, 0xEB52, 0xFADE, 0xFADE, 0xEB52, 0xC308, 0x0000, 0x0000, 0x8300, 0xA300, 0xA300, 0xA300, 0x6200, 0x7444, 0x1B5E,
    0x1B5E, 0x7444, 0x6200, 0xA300, 0xA300, 0xA300, 0xA300, 0xC300, 0xC300, 0xC300, 0xC300, 0xC300, 0xC300, 0xC300, 0xC300, 0x6200,
    0x4C5B, 0x3BE7, 0xC308, 0xE410, 0x0411, 0xC308, 0x1ADF, 0x4C5B, 0x6200, 0xA300, 0xA300, 0xA300, 0xA300, 0x6200, 0x7444, 0x1B5E,
    0x1B5E, 0x7444, 0x6200, 0xA300, 0xA300, 0xA300, 0xA300, 0xA300, 0xA300, 0xA300, 0xA300, 0xA300, 0xA300, 0xA300, 0xA300, 0x4100,
    0x918C, 0x4C5B, 0x0000, 0xB18C, 0xB18C, 0x0000, 0x4C5B, 0x918C, 0x4100, 0xA300, 0xA300, 0xA300, 0xA300, 0x6200, 0x7444, 0x1B5E,
    0x1B5E, 0x7444, 0x6200, 0xA300, 0xA300, 0xA300, 0xA300, 0xA300, 0xA300, 0xA300, 0xA300, 0xA300, 0xA300, 0xA300, 0xA300, 0xA300,
    0x4100, 0x6200, 0x0000, 0xB18C, 0xB18C, 0x0000, 0x6200, 0x4100, 0xA300, 0xA300, 0xA300, 0xA300, 0xA300, 0x6200, 0x7444, 0x1B5E,
    0x1B5E, 0x7444, 0x6200, 0xA300, 0xA300, 0xA300, 0xA300, 0xA300, 0xA300, 0xA300, 0xA300, 0xA300, 0xA300, 0xA300, 0xA300, 0xA300,
    0xA300, 0xA300, 0x8300, 0xE408, 0xE408, 0x8300, 0xA300, 0xA300, 0xA300, 0xA300, 0xA300, 0xA300, 0xA300, 0x6200, 0x7444, 0x1B5E,
    0x1B5E, 0x7444, 0x6200, 0xA300, 0x8200, 0x4100, 0x4100, 0x4100, 0x4100, 0x4100, 0x4100, 0x4100, 0x4100, 0x8300, 0xA300, 0xA300,
    0xA300, 0xA300, 0xA300, 0x8200, 0x8200, 0xA300, 0xA300, 0xA300, 0xA300, 0xA300, 0xA300, 0xA300, 0xA300, 0x6200, 0x7444, 0x1B5E,
    0x1B5E, 0x7444, 0x6200, 0xA300, 0x2509, 0xD133, 0x0D2B, 0x2E2B, 0x2E2B, 0x2E2B, 0xCC22, 0x2E2B, 0xB033, 0xE400, 0xA300, 0xA300,
    0xA300, 0xA300, 0xA300, 0xA300, 0xA300, 0xA300, 0xA300, 0xA300, 0xA300, 0xA300, 0xA300, 0xA300, 0xA300, 0x6200, 0x7444, 0x1B5E,
    0x1B5E, 0x7444, 0x6200, 0x4100, 0x4609, 0x1B5E, 0x3B5E, 0x3C5E, 0x3C5E, 0x3C5E, 0x1B5E, 0x3C5E, 0xBA55, 0xA300, 0x4100, 0xA300,
    0xA300, 0x4100, 0x4100, 0x6200, 0xA300, 0xA300, 0xA300, 0xA300, 0xA300, 0xA300, 0xA300, 0xA300, 0xA300, 0x6200, 0x7444, 0x1B5E,
    0x1B5E, 0x7444, 0x4100, 0x6609, 0xAC22, 0xB955, 0xBA55, 0xB955, 0xB955, 0xB955, 0xB955, 0xDA55, 0x7855, 0xED22, 0xC811, 0x6200,
    0xA300, 0x091A, 0x8B22, 0x4609, 0x6200, 0x6200, 0x6200, 0x6200, 0x4100, 0x6200, 0x4100, 0x4100, 0x8200, 0x6200, 0x7444, 0x1B5E,
    0x1B5E, 0x7444, 0x6200, 0x174D, 0x3C5E, 0xDA55, 0xDA55, 0xDA55, 0xDA55, 0xDA55, 0xDA55, 0xDA55, 0xDA55, 0x3B5E, 0xDA55, 0x9444,
    0xD644, 0x1B5E, 0x3B5E, 0x9955, 0xB544, 0x9444, 0x7444, 0x533C, 0x323C, 0x333C, 0xD133, 0x123C, 0x8B22, 0x2000, 0x9444, 0x1B5E,
    0x1B5E, 0x7444, 0x6200, 0xF64C, 0xFA55, 0xB955, 0xDA55, 0xBA55, 0xB955, 0xDA55, 0xDA55, 0xDA55, 0xDA55, 0xB955, 0xB955, 0x1B5E,
    0x1B5E, 0xBA55, 0xB955, 0xDA55, 0x1B5E, 0xFB5D, 0xFB5D, 0x3B5E, 0x7D5E, 0x7C5E, 0x7C5E, 0xBE66, 0x374D, 0x4100, 0x9444, 0x1B5E,
    0x1B5E, 0x7444, 0x6200, 0x174D, 0x3C5E, 0xFB5D, 0x1B5E, 0x1B5E, 0x1B5E, 0xDA55, 0xDA55, 0xDA55, 0xB955, 0xFA55, 0x3C5E, 0xDA55,
    0xBA55, 0xDA55, 0xFA55, 0xFA55, 0xFA55, 0x3B5E, 0x3B5E, 0x784D, 0x123C, 0x533C, 0xF133, 0xF233, 0x9033, 0x6200, 0x7444, 0x1B5E,
    0x1B5E, 0x7444, 0x4100, 0x8711, 0x091A, 0xE911, 0xE911, 0x091A, 0xD133, 0x9955, 0xFA55, 0xDA55, 0x3C5E, 0x584D, 0xCC22, 0x9444,
    0xFB5D, 0x7855, 0x784D, 0xF644, 0xF644, 0x2E2B, 0xCC22, 0x6611, 0x4100, 0x6200, 0x4100, 0x4100, 0x6200, 0x6200, 0x7444, 0x1B5E,
    0x1B5E, 0x7444, 0x6200, 0x8200, 0x4100, 0x4100, 0x4100, 0x4100, 0x4100, 0x0509, 0x374D, 0x784D, 0x2A1A, 0x4609, 0x0000, 0xA711,
    0x5C5E, 0x4A1A, 0x6200, 0xE811, 0xD133, 0x0000, 0x4100, 0x6200, 0xA300, 0xA300, 0xA300, 0xA300, 0xC300, 0x6200, 0x7444, 0x1B5E,
    0x1B5E, 0x7444, 0x6200, 0xA300, 0xA300, 0xA300, 0xA300, 0xA300, 0xC300, 0x0000, 0x0E2B, 0x9855, 0x4100, 0x6200, 0xC300, 0xF64C,
    0xD133, 0x8200, 0x4100, 0x6609, 0xED22, 0x8200, 0xC300, 0xA300, 0xA300, 0xA300, 0xA300, 0xA300, 0xA300, 0x6200, 0x7444, 0x1B5E,
    0x1B5E, 0x7444, 0x6200, 0xA300, 0xA300, 0xA300, 0xA300, 0xA300, 0xA300, 0x8200, 0x6609, 0x291A, 0xA300, 0xA300, 0xC400, 0x4F2B,
    0x2509, 0x6200, 0xA300, 0x8200, 0x6200, 0xA300, 0xA300, 0xA300, 0xA300, 0xA300, 0xA300, 0xA300, 0xA300, 0x6200, 0x7444, 0x1B5E,
    0x1B5E, 0x7444, 0x6200, 0xA300, 0xA300, 0xA300, 0xA300, 0xA300, 0xA300, 0xA300, 0x8200, 0x4100, 0xA300, 0xA300, 0x8200, 0x4100,
    0x8300, 0xA300, 0xA300, 0xA300, 0xA300, 0xA300, 0xA300, 0xA300, 0xA300, 0xA300, 0xA300, 0xA300, 0xA300, 0x6200, 0x7444, 0x1B5E,
    0x1B5E, 0x7444, 0x6200, 0xC300, 0xA300, 0xA300, 0xA300, 0xA300, 0xA300, 0xA300, 0xA300, 0xC300, 0xA300, 0xA300, 0xA300, 0xC300,
    0xA300, 0xA300, 0xA300, 0xA300, 0xA300, 0xA300, 0xA300, 0xA300, 0xA300, 0xA300, 0xA300, 0xA300, 0xC300, 0x6200, 0x7444, 0x1B5E,
    0x1B5E, 0x743C, 0x0000, 0x6200, 0x6200, 0x6200, 0x6200, 0x6200, 0x6200, 0x6200, 0x6200, 0x6200, 0x6200, 0x6200, 0x6200, 0x6200,
    0x6200, 0x6200, 0x6200, 0x6200, 0x6200, 0x6200, 0x6200, 0x6200, 0x6200, 0x6200, 0x6200, 0x6200, 0x6200, 0x0000, 0x743C, 0x1B5E,
    0xFA55, 0x7855, 0x7444, 0x9444, 0x7444, 0x7444, 0x7444, 0x7444, 0x7444, 0x7444, 0x7444, 0x7444, 0x7444, 0x7444, 0x7444, 0x7444,
    0x7444, 0x7444, 0x7444, 0x7444, 0x7444, 0x7444, 0x7444, 0x7444, 0x7444, 0x7444, 0x7444, 0x7444, 0x9444, 0x7444, 0x7855, 0xFA55,
    0xDA55, 0xDA55, 0x1B5E, 0x1B5E, 0x1B5E, 0x1B5E, 0x1B5E, 0x1B5E, 0x1B5E, 0x1B5E, 0x1B5E, 0x1B5E, 0x1B5E, 0x1B5E, 0x1B5E, 0x1B5E,
    0x1B5E, 0x1B5E, 0x1B5E, 0x1B5E, 0x1B5E, 0x1B5E, 0x1B5E, 0x1B5E, 0x1B5E, 0x1B5E, 0x1B5E, 0x1B5E, 0x1B5E, 0x1B5E, 0xDA55, 0xDA55
};

const uint16_t icon_railgun_stratagem_icon_background[] PROGMEM = {
    0xDA55, 0xDA55, 0x1B5E, 0x1B5E, 0x1B5E, 0x1B5E, 0x1B5E, 0x1B5E, 0x1B5E, 0x1B5E, 0x1B5E, 0x1B5E, 0x1B5E, 0x1B5E, 0x1B5E, 0x1B5E,
    0x1B5E, 0x1B5E, 0x1B5E, 0x1B5E, 0x1B5E, 0x1B5E, 0x1B5E, 0x1B5E, 0x1B5E, 0x1B5E, 0x1B5E, 0x1B5E, 0x1B5E, 0x1B5E, 0xDA55, 0xDA55,
    0xFA55, 0x7855, 0x7444, 0x9444, 0x7444, 0x7444, 0x7444, 0x7444, 0x7444, 0x7444, 0x7444, 0x7444, 0x7444, 0x7444, 0x7444, 0x7444,
    0x7444, 0x7444, 0x7444, 0x7444, 0x7444, 0x7444, 0x7444, 0x7444, 0x7444, 0x7444, 0x7444, 0x7444, 0x9444, 0x7444, 0x7855, 0xFA55,
    0x1B5E, 0x743C, 0x0000, 0x6200, 0x6200, 0x6200, 0x6200, 0x6200, 0x6200, 0x6200, 0x6200, 0x6200, 0x6200, 0x6200, 0x6200, 0x6200,
    0x6200, 0x6200, 0x6200, 0x6200, 0x6200, 0x6200, 0x6200, 0x6200, 0x6200, 0x6200, 0x6200, 0x6200, 0x6200, 0x0000, 0x743C, 0x1B5E,
    0x1B5E, 0x7444, 0x6200, 0xC300, 0xA300, 0xA300, 0xA300, 0xA300, 0xA300, 0xA300, 0xA300, 0xA300, 0xA300, 0xA300, 0xA300, 0xA300,
    0xA300, 0xA300, 0xA300, 0xA300, 0xA300, 0xA300, 0xA300, 0xA300, 0xA300, 0xA300, 0xA300, 0xA300, 0xC300, 0x6200, 0x7444, 0x1B5E,
    0x1B5E, 0x7444, 0x6200, 0xA300, 0xA300, 0xA300, 0xA300, 0xA300, 0xA300, 0xA300, 0xA300, 0xA300, 0xA300, 0xA300, 0xA300, 0xA300,
    0xA300, 0xA300, 0xA300, 0xA300, 0xA300, 0xA300, 0xA300, 0xA300, 0xA300, 0xA300, 0xA300, 0xA300, 0xA300, 0x6200, 0x7444, 0x1B5E,
    0x1B5E, 0x7444, 0x6200, 0xA300, 0xA300, 0xA300, 0xA300, 0xA300, 0xA300, 0xA300, 0xA300, 0xA300, 0xA300, 0xA300, 0xA300, 0xA300,
    0xA300, 0xA300, 0xA300, 0xA300, 0xA300, 0xA300, 0xA300, 0xA300, 0xA300, 0xA300, 0xA300, 0xA300, 0xA300, 0x6200, 0x7444, 0x1B5E,
    0x1B5E, 0x7444, 0x6200, 0xA300, 0xA300, 0xA300, 0xA300, 0xA300, 0xA300, 0xA300, 0xA300, 0xA300, 0xA300, 0xA300, 0xA300, 0xA300,
    0xA300, 0xA300, 0xA300, 0xA300, 0xA300, 0xA300, 0xA300, 0xA300, 0xA300, 0xA300, 0xA300, 0xA300, 0xA300, 0x6200, 0x7444, 0x1B5E,
    0x1B5E, 0x7444, 0x6200, 0xA300, 0x8300, 0x8200, 0xA300, 0xA300, 0xA300, 0x6200, 0x8200, 0xA300, 0xA300, 0x8300, 0x8200, 0x8300,
    0x8200, 0x8200, 0x8200, 0x8200, 0x8200, 0xA300, 0xC300, 0xC300, 0xC300, 0xA300, 0xA300, 0xA300, 0xA300, 0x6200, 0x7444, 0x1B5E,
    0x1B5E, 0x7444, 0x6200, 0xA300, 0xA300, 0xE408, 0x2100, 0x4200, 0x4100, 0x2511, 0xC300, 0x2100, 0x4100, 0xA300, 0xE408, 0xC300,
    0x0511, 0x0411, 0x0411, 0x0411, 0x0411, 0x4100, 0x0100, 0x0100, 0x0100, 0x2100, 0xA300, 0xA300, 0xA300, 0x6200, 0x7444, 0x1B5E,
    0x1B5E, 0x7444, 0x6200, 0x8200, 0x0409, 0x1ADF, 0x139D, 0x8629, 0x37C6, 0x5BE7, 0x3BE7, 0x8D63, 0x283A, 0x3BE7, 0x6D63, 0x8D63,
    0x9EEF, 0x7BEF, 0x9CEF, 0x7CEF, 0x9CEF, 0x33A5, 0x2F84, 0x5084, 0x5184, 0x6D63, 0x4100, 0x8300, 0xA300, 0x6200, 0x7444, 0x1B5E,
    0x1B5E, 0x7444, 0x6200, 0xA300, 0xA300, 0x6521, 0xF6BD, 0xDEFF, 0xB18C, 0xE418, 0x283A, 0x1AE7, 0xDDF7, 0x4D5B, 0x4100, 0x5084,
    0xFFFF, 0xFDFF, 0xFEFF, 0xFEFF, 0xFEFF, 0xFFFF, 0xFFFF, 0xFFFF, 0xFFFF, 0xFFFF, 0x918C, 0x6200, 0xA300, 0x6200, 0x7444, 0x1B5E,
    0x1B5E, 0x7444, 0x6200, 0xA300, 0xA300, 0x6621, 0xF6BD, 0xDEFF, 0xB18C, 0x0419, 0x283A, 0x1AE7, 0xBDF7, 0x4D5B, 0x4100, 0x5084,
    0xFFFF, 0xFDFF, 0xFEFF, 0xFEFF, 0xFEFF, 0xFFFF, 0xFFFF, 0xFFFF, 0xFFFF, 0xFFFF, 0x918C, 0x6200, 0xA300, 0x6200, 0x7444, 0x1B5E,
    0x1B5E, 0x7444, 0x6200, 0x8200, 0x0409, 0x1ADF, 0x139D, 0x8621, 0x37BE, 0x5BE7, 0x3BE7, 0x8D63, 0x0832, 0x3BE7, 0x6D63, 0x8D63,
    0x9EEF, 0x7BEF, 0x9CEF, 0x7CEF, 0x7CEF, 0x339D, 0x2F84, 0x5084, 0x5184, 0x6D63, 0x4100, 0x8300, 0xA300, 0x6200, 0x7444, 0x1B5E,
    0x1B5E, 0x7444, 0x6200, 0xA300, 0xA300, 0xE408, 0x2100, 0x4200, 0x4100, 0x2511, 0xC300, 0x2100, 0x4100, 0xA300, 0xE408, 0xC300,
    0x0511, 0x0411, 0x0411, 0x0411, 0x0411, 0x4100, 0x0100, 0x0100, 0x0100, 0x2100, 0xA300, 0xA300, 0xA300, 0x6200, 0x7444, 0x1B5E,
    0x1B5E, 0x7444, 0x6200, 0xA300, 0x8300, 0x8200, 0xA300, 0xA300, 0xA300, 0x6200, 0x8200, 0xA300, 0xA300, 0x8300, 0x8200, 0x8300,
    0x8200, 0x8200, 0x8200, 0x8200, 0x8200, 0xA300, 0xC300, 0xC300, 0xC300, 0xA300, 0xA300, 0xA300, 0xA300, 0x6200, 0x7444, 0x1B5E,
    0x1B5E, 0x7444, 0x6200, 0xA300, 0xA300, 0xA300, 0xA300, 0xA300, 0xA300, 0xA300, 0xA300, 0xA300, 0xA300, 0xA300, 0xA300, 0xA300,
    0xA300, 0xA300, 0xA300, 0xA300, 0xA300, 0xA300, 0xA300, 0xA300, 0xA300, 0xA300, 0xA300, 0xA300, 0xA300, 0x6200, 0x7444, 0x1B5E,
    0x1B5E, 0x7444, 0x6200, 0xA300, 0xA300, 0xA300, 0xA300, 0xA300, 0xA300, 0xA300, 0xA300, 0xA300, 0xA300, 0xA300, 0xA300, 0xA300,
    0xA300, 0xA300, 0xA300, 0xA300, 0xA300, 0xA300, 0xA300, 0xA300, 0xA300, 0xA300, 0xA300, 0xA300, 0xA300, 0x6200, 0x7444, 0x1B5E,
    0x1B5E, 0x7444, 0x6200, 0xC300, 0xA300, 0xA300, 0xA300, 0xA300, 0xA300, 0xA300, 0xA300, 0xA300, 0x8300, 0x8300, 0x8300, 0x8300,
    0xA300, 0xA300, 0xA300, 0x8300, 0xA300, 0xA300, 0xA300, 0xA300, 0xA300, 0xA300, 0xA300, 0xA300, 0xA300, 0x6200, 0x7444, 0x1B5E,
    0x1B5E, 0x7444, 0x4100, 0x6200, 0x6200, 0x6200, 0x6200, 0x6200, 0x6200, 0x6200, 0x6200, 0x8200, 0xA300, 0xA300, 0xA300, 0xA300,
    0x8200, 0x4100, 0x8200, 0xA300, 0xA300, 0xA300, 0xA300, 0xA300, 0xA300, 0xA300, 0xA300, 0xA300, 0xC300, 0x6200, 0x7444, 0x1B5E,
    0x1B5E, 0x743C, 0x8300, 0x333C, 0x9444, 0x743C, 0x743C, 0x743C, 0x743C, 0x7444, 0x743C, 0xD544, 0x164D, 0xF644, 0xF644, 0x164D,
    0xB544, 0x743C, 0xB544, 0xF64C, 0xF644, 0xF644, 0xF644, 0xF644, 0xF644, 0xF644, 0xF644, 0x164D, 0x743C, 0x8200, 0x743C, 0x1B5E,
    0x1B5E, 0x743C, 0xC300, 0xDA55, 0x3B5E, 0x1B5E, 0x1B5E, 0x1B5E, 0x1B5E, 0x1B5E, 0x1B5E, 0xFB5D, 0xFA55, 0xFA55, 0xFA55, 0xFA55,
    0xFB5D, 0x1B5E, 0x1B5E, 0xFB5D, 0xFA55, 0xFA55, 0xFA55, 0xFA55, 0xFA55, 0xFA55, 0xDA55, 0x3B5E, 0xB544, 0x6200, 0x743C, 0x1B5E,
    0x1B5E, 0x743C, 0xA300, 0x784D, 0xDA55, 0xB955, 0xB955, 0xB955, 0xFB5D, 0xDA55, 0xB955, 0xDA55, 0xDA55, 0x1B5E, 0x1B5E, 0x1B5E,
    0x1B5E, 0xFB5D, 0xB955, 0xBA55, 0x1B5E, 0x1B5E, 0x1B5E, 0x1B5E, 0x1B5E, 0x1B5E, 0x1B5E, 0x3B5E, 0xFA55, 0xC300, 0x743C, 0x1B5E,
    0x1B5E, 0x743C, 0xA300, 0xDA55, 0x3C5E, 0x1B5E, 0x1B5E, 0xFB5D, 0x6B1A, 0x4F2B, 0x7D5E, 0xB544, 0xB544, 0xAC22, 0x8C22, 0x8C22,
    0xAC22, 0x4A1A, 0x6609, 0x8711, 0x6B1A, 0xAC22, 0x8C22, 0xAC22, 0xAC22, 0xAC22, 0x8C22, 0xAC22, 0x6B1A, 0x6200, 0x7444, 0x1B5E,
    0x1B5E, 0x743C, 0x6200, 0x6B1A, 0x2E2B, 0xD133, 0x533C, 0x3C5E, 0x9033, 0x574D, 0xB133, 0x8711, 0x4609, 0x2100, 0x4100, 0x4100,
    0x4100, 0x4100, 0x6200, 0x6200, 0x4100, 0x4100, 0x4100, 0x4100, 0x4100, 0x4100, 0x4100, 0x4100, 0x6200, 0x4100, 0x7444, 0x1B5E,
    0x1B5E, 0x7444, 0x4100, 0x6200, 0x4100, 0x4100, 0x6200, 0xCD22, 0x1B5E, 0x323C, 0x4100, 0x6200, 0x8200, 0xA300, 0xA300, 0xA300,
    0xA300, 0xA300, 0xA300, 0xA300, 0xA300, 0xA300, 0xA300, 0xA300, 0xA300, 0xA300, 0xA300, 0xA300, 0xC300, 0x6200, 0x7444, 0x1B5E,
    0x1B5E, 0x7444, 0x6200, 0xC300, 0xA300, 0xA300, 0xA300, 0x4100, 0xE400, 0xA300, 0x8200, 0xA300, 0xA300, 0xA300, 0xA300, 0xA300,
    0xA300, 0xA300, 0xA300, 0xA300, 0xA300, 0xA300, 0xA300, 0xA300, 0xA300, 0xA300, 0xA300, 0xA300, 0xA300, 0x6200, 0x7444, 0x1B5E,
    0x1B5E, 0x7444, 0x6200, 0xA300, 0xA300, 0xA300, 0xA300, 0xA300, 0x8200, 0x8300, 0xA300, 0xA300, 0xA300, 0xA300, 0xA300, 0xA300,
    0xA300, 0xA300, 0xA300, 0xA300, 0xA300, 0xA300, 0xA300, 0xA300, 0xA300, 0xA300, 0xA300, 0xA300, 0xA300, 0x6200, 0x7444, 0x1B5E,
    0x1B5E, 0x7444, 0x6200, 0xA300, 0xA300, 0xA300, 0xA300, 0xA300, 0xA300, 0xA300, 0xA300, 0xA300, 0xA300, 0xA300, 0xA300, 0xA300,
    0xA300, 0xA300, 0xA300, 0xA300, 0xA300, 0xA300, 0xA300, 0xA300, 0xA300, 0xA300, 0xA300, 0xA300, 0xA300, 0x6200, 0x7444, 0x1B5E,
    0x1B5E, 0x7444, 0x6200, 0xC300, 0xA300, 0xA300, 0xA300, 0xA300, 0xA300, 0xA300, 0xA300, 0xA300, 0xA300, 0xA300, 0xA300, 0xA300,
    0xA300, 0xA300, 0xA300, 0xA300, 0xA300, 0xA300, 0xA300, 0xA300, 0xA300, 0xA300, 0xA300, 0xA300, 0xC300, 0x6200, 0x7444, 0x1B5E,
    0x1B5E, 0x743C, 0x0000, 0x6200, 0x6200, 0x6200, 0x6200, 0x6200, 0x6200, 0x6200, 0x6200, 0x6200, 0x6200, 0x6200, 0x6200, 0x6200,
    0x6200, 0x6200, 0x6200, 0x6200, 0x6200, 0x6200, 0x6200, 0x6200, 0x6200, 0x6200, 0x6200, 0x6200, 0x6200, 0x0000, 0x743C, 0x1B5E,
    0xFA55, 0x7855, 0x7444, 0x9444, 0x7444, 0x7444, 0x7444, 0x7444, 0x7444, 0x7444, 0x7444, 0x7444, 0x7444, 0x7444, 0x7444, 0x7444,
    0x7444, 0x7444, 0x7444, 0x7444, 0x7444, 0x7444, 0x7444, 0x7444, 0x7444, 0x7444, 0x7444, 0x7444, 0x9444, 0x7444, 0x7855, 0xFA55,
    0xDA55, 0xDA55, 0x1B5E, 0x1B5E, 0x1B5E, 0x1B5E, 0x1B5E, 0x1B5E, 0x1B5E, 0x1B5E, 0x1B5E, 0x1B5E, 0x1B5E, 0x1B5E, 0x1B5E, 0x1B5E,
    0x1B5E, 0x1B5E, 0x1B5E, 0x1B5E, 0x1B5E, 0x1B5E, 0x1B5E, 0x1B5E, 0x1B5E, 0x1B5E, 0x1B5E, 0x1B5E, 0x1B5E, 0x1B5E, 0xDA55, 0xDA55
};

const uint16_t icon_recoilless_rifle_stratagem_icon_background[] PROGMEM = {
    0xDA55, 0xDA55, 0x1B5E, 0x1B5E, 0x1B5E, 0x1B5E, 0x1B5E, 0x1B5E, 0x1B5E, 0x1B5E, 0x1B5E, 0x1B5E, 0x1B5E, 0x1B5E, 0x1B5E, 0x1B5E,
    0x1B5E, 0x1B5E, 0x1B5E, 0x1B5E, 0x1B5E, 0x1B5E, 0x1B5E, 0x1B5E, 0x1B5E, 0x1B5E, 0x1B5E, 0x1B5E, 0x1B5E, 0x1B5E, 0xDA55, 0xDA55,
    0xFA55, 0x7855, 0x7444, 0x9444, 0x7444, 0x7444, 0x7444, 0x7444, 0x7444, 0x7444, 0x7444, 0x7444, 0x7444, 0x7444, 0x7444, 0x7444,
    0x7444, 0x7444, 0x7444, 0x7444, 0x7444, 0x7444, 0x7444, 0x7444, 0x7444, 0x7444, 0x7444, 0x7444, 0x9444, 0x7444, 0x7855, 0xFA55,
    0x1B5E, 0x743C, 0x0000, 0x6200, 0x6200, 0x6200, 0x6200, 0x6200, 0x6200, 0x6200, 0x6200, 0x6200, 0x6200, 0x6200, 0x6200, 0x6200,
    0x6200, 0x6200, 0x6200, 0x6200, 0x6200, 0x6200, 0x6200, 0x6200, 0x6200, 0x6200, 0x6200, 0x6200, 0x6200, 0x0000, 0x743C, 0x1B5E,
    0x1B5E, 0x7444, 0x6200, 0xC300, 0xA300, 0xA300, 0xA300, 0xA300, 0xA300, 0xA300, 0xA300, 0xA300, 0xA300, 0xA300, 0xA300, 0xA300,
    0xA300, 0xA300, 0xA300, 0xA300, 0xA300, 0xA300, 0xA300, 0xA300, 0xA300, 0xA300, 0xA300, 0xA300, 0xC300, 0x6200, 0x7444, 0x1B5E,
    0x1B5E, 0x7444, 0x6200, 0xA300, 0xA300, 0xA300, 0xA300, 0xA300, 0xA300, 0xA300, 0xA300, 0xA300, 0xA300, 0xA300, 0xA300, 0xA300,
    0xA300, 0xA300, 0xA300, 0xA300, 0xA300, 0xA300, 0xA300, 0xA300, 0xA300, 0xA300, 0xA300, 0xA300, 0xA300, 0x6200, 0x7444, 0x1B5E,
    0x1B5E, 0x7444, 0x6200, 0xA300, 0xA300, 0xA300, 0xA300, 0xA300, 0xA300, 0xA300, 0xA300, 0xA300, 0xA300, 0xA300, 0xA300, 0xA300,
    0xA300, 0xA300, 0xA300, 0xA300, 0xA300, 0xA300, 0xA300, 0xA300, 0xA300, 0xA300, 0xA300, 0xA300, 0xA300, 0x6200, 0x7444, 0x1B5E,
    0x1B5E, 0x7444, 0x6200, 0xA300, 0xA300, 0xA300, 0x8200, 0x8200, 0x8200, 0xA300, 0xA300, 0xA300, 0xA300, 0xA300, 0xA300, 0xA300,
    0xA300, 0xA300, 0xA300, 0xC300, 0xA300, 0xA300, 0xA300, 0xA300, 0xA300, 0xA300, 0xA300, 0xA300, 0xA300, 0x6200, 0x7444, 0x1B5E,
    0x1B5E, 0x7444, 0x6200, 0xA300, 0x8300, 0xA300, 0x2411, 0x0411, 0x0411, 0x8200, 0xA300, 0xA300, 0xA300, 0xA300, 0xA300, 0xC300,
    0xA300, 0x6200, 0x2100, 0x0100, 0x2100, 0x6200, 0xA300, 0xC300, 0xA300, 0xA300, 0xA300, 0xA300, 0xA300, 0x6200, 0x7444, 0x1B5E,
    0x1B5E, 0x7444, 0x6200, 0xA300, 0xA300, 0x8200, 0x37BE, 0x9CEF, 0x7CEF, 0x6942, 0x2100, 0x8300, 0x8200, 0x6200, 0x2100, 0x2100,
    0x6200, 0x4519, 0xAA4A, 0xEF73, 0xCB4A, 0x4519, 0x8200, 0x2100, 0x2100, 0x6200, 0xA300, 0xA300, 0xA300, 0x6200, 0x7444, 0x1B5E,
    0x1B5E, 0x7444, 0x6200, 0xA300, 0xC300, 0x0100, 0x507C, 0xFFFF, 0xFFFF, 0x37BE, 0xC310, 0x0411, 0xE408, 0x8621, 0x0C5B, 0xD294,
    0x78CE, 0x9CF7, 0xFEFF, 0xFFFF, 0xFFFF, 0xBCF7, 0x78CE, 0xF294, 0x2C5B, 0xA621, 0xA300, 0xA300, 0xA300, 0x6200, 0x7444, 0x1B5E,
    0x1B5E, 0x7444, 0x6200, 0xA300, 0xA300, 0x6200, 0xC721, 0xDDFF, 0xFDFF, 0xFEFF, 0xFDFF, 0xFDFF, 0xFDFF, 0xFEFF, 0xFFFF, 0xFFFF,
    0xFEFF, 0xFDFF, 0xFDFF, 0xDDFF, 0xFDFF, 0xFDFF, 0xFEFF, 0xFFFF, 0xFFFF, 0xBCF7, 0x0411, 0x8200, 0xA300, 0x6200, 0x7444, 0x1B5E,
    0x1B5E, 0x7444, 0x6200, 0xA300, 0xA300, 0x4100, 0x2832, 0xDDFF, 0xFDFF, 0xDDFF, 0x57C6, 0x37C6, 0x37C6, 0xB9D6, 0xBCF7, 0xFEFF,
    0xFFFF, 0xFFFF, 0xFEFF, 0xFDFF, 0xFEFF, 0xFEFF, 0xFFFF, 0xFEFF, 0xBDF7, 0x78CE, 0xE408, 0x8200, 0xA300, 0x6200, 0x7444, 0x1B5E,
    0x1B5E, 0x7444, 0x6200, 0xA300, 0xA300, 0x2100, 0x339D, 0xFFFF, 0xFFFF, 0x53A5, 0x0000, 0x4200, 0x4100, 0x8300, 0x8621, 0x0B53,
    0xB18C, 0x37C6, 0x9CEF, 0xFEFF, 0x9CF7, 0x57C6, 0xD294, 0x0C5B, 0xA621, 0xA300, 0x8300, 0xA300, 0xA300, 0x6200, 0x7444, 0x1B5E,
    0x1B5E, 0x7444, 0x6200, 0xA300, 0x8300, 0xA300, 0x33A5, 0x17BE, 0x17BE, 0xA721, 0x6200, 0xC300, 0xA300, 0xA300, 0x6200, 0x2100,
    0x2100, 0x6200, 0x4511, 0x283A, 0x4519, 0x6200, 0x2100, 0x2100, 0x6200, 0x8300, 0xA300, 0xA300, 0xA300, 0x6200, 0x7444, 0x1B5E,
    0x1B5E, 0x7444, 0x6200, 0xA300, 0xA300, 0xA300, 0x6200, 0x4100, 0x4100, 0x8200, 0xA300, 0xA300, 0xA300, 0xA300, 0xA300, 0xA300,
    0xC300, 0xA300, 0x6200, 0x4100, 0x6200, 0xA300, 0xC300, 0xA300, 0xA300, 0xA300, 0xA300, 0xA300, 0xA300, 0x6200, 0x7444, 0x1B5E,
    0x1B5E, 0x7444, 0x6200, 0xA300, 0xA300, 0xA300, 0xA300, 0xA300, 0xA300, 0xA300, 0xA300, 0xA300, 0xA300, 0xA300, 0xA300, 0xA300,
    0xA300, 0xA300, 0xA300, 0xA300, 0xA300, 0xA300, 0xA300, 0xA300, 0xA300, 0xA300, 0xA300, 0xA300, 0xA300, 0x6200, 0x7444, 0x1B5E,
    0x1B5E, 0x7444, 0x6200, 0xA300, 0xA300, 0xA300, 0xA300, 0xA300, 0xA300, 0xA300, 0xA300, 0xA300, 0xA300, 0xA300, 0xA300, 0xA300,
    0xA300, 0xA300, 0xA300, 0xA300, 0xA300, 0xA300, 0xA300, 0xA300, 0xA300, 0xA300, 0xA300, 0xA300, 0xC300, 0x6200, 0x7444, 0x1B5E,
    0x1B5E, 0x7444, 0x4100, 0xC400, 0xA300, 0x4100, 0x4100, 0x4100, 0x4100, 0x4100, 0x4100, 0x6200, 0x6200, 0x6200, 0x6200, 0x6200,
    0x6200, 0x6200, 0x6200, 0x6200, 0x6200, 0x6200, 0x4100, 0x4100, 0x4100, 0x4100, 0x4100, 0x4100, 0x6200, 0x4100, 0x7444, 0x1B5E,
    0x1B5E, 0x743C, 0x8300, 0xF644, 0xF644, 0xB033, 0x6B1A, 0xE811, 0x0912, 0xC811, 0xED22, 0xB544, 0x743C, 0x743C, 0x743C, 0x743C,
    0x743C, 0x743C, 0x743C, 0x743C, 0x9444, 0x533C, 0x2A1A, 0xE811, 0xE911, 0x091A, 0x8B22, 0x8B22, 0x0912, 0x6200, 0x743C, 0x1B5E,
    0x1B5E, 0x743C, 0xC300, 0xB955, 0x1B5E, 0x1B5E, 0x1B5E, 0x1B5E, 0x1B5E, 0x1B5E, 0x1B5E, 0x1B5E, 0x1B5E, 0x1B5E, 0x1B5E, 0x1B5E,
    0x1B5E, 0x1B5E, 0x1B5E, 0x1B5E, 0x1B5E, 0x1B5E, 0x1B5E, 0x1B5E, 0x1B5E, 0x1B5E, 0x1B5E, 0x3C5E, 0xBA55, 0xA300, 0x743C, 0x1B5E,
    0x1B5E, 0x743C, 0xA300, 0x784D, 0xDA55, 0x9955, 0xB955, 0xB955, 0xB955, 0xB955, 0xB955, 0xBA55, 0xBA55, 0xB955, 0xB955, 0xB955,
    0xB955, 0xB955, 0xB955, 0xBA55, 0xB955, 0xB955, 0xBA55, 0xB955, 0xBA55, 0xBA55, 0xB955, 0xDA55, 0x784D, 0xA300, 0x743C, 0x1B5E,
    0x1B5E, 0x743C, 0xC300, 0xBA55, 0x3C5E, 0x3B5E, 0xFA55, 0xFB5D, 0x3B5E, 0x1B5E, 0xDA55, 0xDA55, 0xDA55, 0xFB5D, 0x3B5E, 0x1B5E,
    0x1B5E, 0x3B5E, 0xFB5D, 0xB955, 0x1B5E, 0xFB5D, 0xDA55, 0x1B5E, 0xDA55, 0xDA55, 0xFB5D, 0x1B5E, 0x9955, 0xA300, 0x743C, 0x1B5E,
    0x1B5E, 0x743C, 0x8200, 0x743C, 0x533C, 0xED22, 0xA711, 0x8B22, 0x2E2B, 0x9033, 0xB955, 0xDA55, 0xFA55, 0x123C, 0x2E2B, 0x0E2B,
    0xAC22, 0x6B22, 0xB033, 0x5C5E, 0x323C, 0x743C, 0xFB5D, 0x1234, 0x0D2B, 0x8711, 0xE911, 0xE911, 0x8711, 0x6200, 0x7444, 0x1B5E,
    0x1B5E, 0x7444, 0x4100, 0x8200, 0x6200, 0x4100, 0x6200, 0x6200, 0x4100, 0x6200, 0x6609, 0x784D, 0x3C5E, 0x4A1A, 0x0000, 0x6200,
    0x4100, 0x0000, 0x9444, 0xB955, 0x743C, 0x7855, 0xD644, 0x2100, 0x6200, 0x6200, 0x4100, 0x4100, 0x8200, 0x6200, 0x7444, 0x1B5E,
    0x1B5E, 0x7444, 0x6200, 0xA300, 0xA300, 0xA300, 0xA300, 0xA300, 0xA300, 0xC300, 0x2100, 0x9033, 0x7D66, 0x8B22, 0x6200, 0xC400,
    0x6200, 0x9033, 0x3B5E, 0x6609, 0xCC22, 0x9033, 0xC811, 0x6200, 0xA300, 0xA300, 0xA300, 0xA300, 0xA300, 0x6200, 0x7444, 0x1B5E,
    0x1B5E, 0x7444, 0x6200, 0xA300, 0xA300, 0xA300, 0xA300, 0xA300, 0xA300, 0xA300, 0x6200, 0x6609, 0x1B5E, 0x8B22, 0x4100, 0xA300,
    0x6200, 0x6F2B, 0x4F2B, 0x4100, 0x4100, 0x2100, 0x6200, 0xA300, 0xA300, 0xA300, 0xA300, 0xA300, 0xA300, 0x6200, 0x7444, 0x1B5E,
    0x1B5E, 0x7444, 0x6200, 0xA300, 0xA300, 0xA300, 0xA300, 0xA300, 0xA300, 0xA300, 0xA300, 0x8200, 0x6609, 0xE400, 0x8200, 0xA300,
    0xA300, 0x4100, 0x8200, 0xA300, 0xA300, 0xA300, 0xA300, 0xA300, 0xA300, 0xA300, 0xA300, 0xA300, 0xA300, 0x6200, 0x7444, 0x1B5E,
    0x1B5E, 0x7444, 0x6200, 0xA300, 0xA300, 0xA300, 0xA300, 0xA300, 0xA300, 0xA300, 0xA300, 0xA300, 0x6200, 0x8200, 0xA300, 0xA300,
    0xA300, 0xA300, 0xA300, 0xA300, 0xA300, 0xA300, 0xA300, 0xA300, 0xA300, 0xA300, 0xA300, 0xA300, 0xA300, 0x6200, 0x7444, 0x1B5E,
    0x1B5E, 0x7444, 0x6200, 0xC300, 0xA300, 0xA300, 0xA300, 0xA300, 0xA300, 0xA300, 0xA300, 0xA300, 0xA300, 0xA300, 0xA300, 0xA300,
    0xA300, 0xA300, 0xA300, 0xA300, 0xA300, 0xA300, 0xA300, 0xA300, 0xA300, 0xA300, 0xA300, 0xA300, 0xC300, 0x6200, 0x7444, 0x1B5E,
    0x1B5E, 0x743C, 0x0000, 0x6200, 0x6200, 0x6200, 0x6200, 0x6200, 0x6200, 0x6200, 0x6200, 0x6200, 0x6200, 0x6200, 0x6200, 0x6200,
    0x6200, 0x6200, 0x6200, 0x6200, 0x6200, 0x6200, 0x6200, 0x6200, 0x6200, 0x6200, 0x6200, 0x6200, 0x6200, 0x0000, 0x743C, 0x1B5E,
    0xFA55, 0x7855, 0x7444, 0x9444, 0x7444, 0x7444, 0x7444, 0x7444, 0x7444, 0x7444, 0x7444, 0x7444, 0x7444, 0x7444, 0x7444, 0x7444,
    0x7444, 0x7444, 0x7444, 0x7444, 0x7444, 0x7444, 0x7444, 0x7444, 0x7444, 0x7444, 0x7444, 0x7444, 0x9444, 0x7444, 0x7855, 0xFA55,
    0xDA55, 0xDA55, 0x1B5E, 0x1B5E, 0x1B5E, 0x1B5E, 0x1B5E, 0x1B5E, 0x1B5E, 0x1B5E, 0x1B5E, 0x1B5E, 0x1B5E, 0x1B5E, 0x1B5E, 0x1B5E,
    0x1B5E, 0x1B5E, 0x1B5E, 0x1B5E, 0x1B5E, 0x1B5E, 0x1B5E, 0x1B5E, 0x1B5E, 0x1B5E, 0x1B5E, 0x1B5E, 0x1B5E, 0x1B5E, 0xDA55, 0xDA55
};

const uint16_t icon_reinforce_stratagem_icon_background[] PROGMEM = {
    0x8DCD, 0xADCD, 0xCDD5, 0xCDD5, 0xCDD5, 0xCDD5, 0xCDD5, 0xCDD5, 0xCDD5, 0xCDD5, 0xCDD5, 0xCDD5, 0xCDD5, 0xCDD5, 0xCDD5, 0xCDD5,
    0xCDD5, 0xCDD5, 0xCDD5, 0xCDD5, 0xCDD5, 0xCDD5, 0xCDD5, 0xCDD5, 0xCDD5, 0xCDD5, 0xCDD5, 0xCDD5, 0xCDD5, 0xCDD5, 0xADCD, 0x8DCD,
    0xADCD, 0x4CC5, 0x8AA4, 0x8AA4, 0x8AA4, 0x8AA4, 0x6AA4, 0x8BA4, 0x8BA4, 0x8BA4, 0x8BA4, 0x8BA4, 0x8BA4, 0x8BA4, 0x8BA4, 0x8BA4,
    0x8BA4, 0x8BA4, 0x8BA4, 0x8BA4, 0x8BA4, 0x8BA4, 0x8BA4, 0x8BA4, 0x8BA4, 0x6AA4, 0x8AA4, 0x8AA4, 0x8AA4, 0x8AA4, 0x4CC5, 0xADCD,
    0xCDD5, 0x8AA4, 0x4429, 0xA539, 0xA439, 0xA439, 0xC539, 0x6429, 0x6429, 0x6429, 0x6429, 0x6429, 0x6429, 0x6429, 0x6429, 0x6429,
    0x6429, 0x6429, 0x6429, 0x6429, 0x6429, 0x6429, 0x6429, 0x6429, 0x6429, 0xC539, 0xA439, 0xA439, 0xA539, 0x4429, 0x8AA4, 0xCDD5,
    0xCDD5, 0x8AA4, 0xA439, 0x2CBD, 0x6CC5, 0x8DCD, 0x6873, 0x8431, 0xA439, 0xA431, 0xA431, 0xA431, 0xA431, 0xA431, 0xA431, 0xA431,
    0xA431, 0xA431, 0xA431, 0xA431, 0xA431, 0xA431, 0xA431, 0xA439, 0x8431, 0x4873, 0x8DCD, 0x6CC5, 0x2CBD, 0xA439, 0x8AA4, 0xCDD5,
    0xCDD5, 0x8AA4, 0xA439, 0x6CC5, 0xEEDD, 0xA983, 0x6429, 0xA431, 0xA431, 0xA431, 0xA431, 0xA431, 0xA431, 0xA431, 0xA431, 0xA431,
    0xA431, 0xA431, 0xA431, 0xA431, 0xA431, 0xA431, 0xA539, 0xA539, 0xA431, 0x6429, 0xA983, 0xEEDD, 0x6CC5, 0xA439, 0x8AA4, 0xCDD5,
    0xCDD5, 0x8AA4, 0xA439, 0x8DCD, 0xA983, 0x4429, 0xA431, 0xA431, 0xA431, 0xA431, 0xA431, 0xA431, 0xA431, 0xA431, 0xA431, 0xA431,
    0xA431, 0xA431, 0xA431, 0xA431, 0xA431, 0xA431, 0x6329, 0x6329, 0xA431, 0xA431, 0x4429, 0xA983, 0x8DCD, 0xA439, 0x8AA4, 0xCDD5,
    0xCDD5, 0x6AA4, 0xC539, 0x687B, 0x6429, 0xA431, 0xA431, 0xA431, 0xA431, 0xA431, 0xA431, 0xA431, 0xA431, 0xA431, 0xA431, 0xA431,
    0xA431, 0xA431, 0xA431, 0xA431, 0xA431, 0x4329, 0x73AD, 0x73AD, 0x4329, 0xA539, 0xA431, 0x6429, 0x4873, 0xC539, 0x6AA4, 0xCDD5,
    0xCDD5, 0x8BA4, 0x6429, 0x8431, 0xA431, 0xA431, 0xA431, 0xA431, 0xA431, 0xA431, 0xA431, 0xA431, 0xA431, 0xA431, 0xA431, 0xA431,
    0xA431, 0xA431, 0xA431, 0xA539, 0xC539, 0x4329, 0xF9DE, 0xF9DE, 0x4329, 0xC539, 0xA539, 0xA431, 0x8431, 0x6429, 0x8BA4, 0xCDD5,
    0xCDD5, 0x8BA4, 0x6429, 0xA539, 0xA431, 0xA431, 0xA431, 0xA431, 0xA431, 0xA431, 0xA431, 0xA431, 0xA539, 0xA539, 0xA539, 0xA539,
    0xA431, 0xA431, 0x8431, 0x4329, 0x4329, 0xE220, 0x98D6, 0x98D6, 0xE220, 0x4329, 0x4329, 0x8431, 0xA539, 0x6429, 0x8BA4, 0xCDD5,
    0xCDD5, 0x8BA4, 0x6429, 0xA431, 0xA431, 0xA431, 0xA431, 0xA431, 0xA431, 0xA431, 0xA431, 0xA539, 0x4329, 0x2229, 0x2229, 0x4329,
    0xA539, 0x8431, 0x0642, 0x2B6B, 0x2B6B, 0xE95A, 0x1AE7, 0x1AE7, 0xE95A, 0x2B6B, 0x2B6B, 0x0642, 0x8431, 0x6431, 0x8BA4, 0xCDD5,
    0xCDD5, 0x8BA4, 0x6429, 0xA431, 0xA431, 0xA431, 0xA431, 0xA431, 0xA431, 0xA431, 0x8431, 0x4329, 0xEA62, 0x9094, 0x9094, 0xEA62,
    0x6329, 0x2329, 0x6B6B, 0xFFFF, 0xFFFF, 0xFFFF, 0xFEFF, 0xFEFF, 0xFFFF, 0xFFFF, 0xFFFF, 0x6B6B, 0x4329, 0x8431, 0x8BA4, 0xCDD5,
    0xCDD5, 0x8BA4, 0x6429, 0xA431, 0xA431, 0xA431, 0xA431, 0xA431, 0xA431, 0xA431, 0x6431, 0x53AD, 0xFEFF, 0xFFFF, 0xFFFF, 0xFEFF,
    0x53AD, 0x6329, 0x0642, 0x2B6B, 0x2B6B, 0xE95A, 0x1AE7, 0x1AE7, 0xE95A, 0x2B6B, 0x2B6B, 0x0642, 0x8431, 0x6429, 0x8BA4, 0xCDD5,
    0xCDD5, 0x8BA4, 0x6429, 0xA431, 0xA431, 0xA431, 0xA431, 0xA431, 0xA539, 0x4329, 0x6F8C, 0xFFFF, 0xDDFF, 0xDCFF, 0xDCFF, 0xDDFF,
    0xFFFF, 0x6F8C, 0x4329, 0x6329, 0x4329, 0xE220, 0x98D6, 0x98D6, 0xE220, 0x4329, 0x4329, 0x8431, 0xA539, 0x6429, 0x8BA4, 0xCDD5,
    0xCDD5, 0x8BA4, 0x6429, 0xA431, 0xA431, 0xA431, 0xA431, 0xA431, 0x8431, 0x2329, 0x19E7, 0xFFFF, 0xFFFF, 0xFFFF, 0xFFFF, 0xFFFF,
    0xFFFF, 0xF9E6, 0x2329, 0xA431, 0xC539, 0x4329, 0xF9DE, 0xF9DE, 0x4329, 0xC539, 0xA539, 0xA431, 0xA431, 0x6429, 0x8BA4, 0xCDD5,
    0xCDD5, 0x8BA4, 0x6429, 0xA431, 0xA431, 0xA431, 0xA431, 0x8431, 0xC539, 0xD19C, 0x9CF7, 0xF2A4, 0xD19C, 0xF19C, 0xF19C, 0xD19C,
    0xF2A4, 0x9CF7, 0xD19C, 0xC539, 0xA431, 0x6329, 0x73AD, 0x73AD, 0x4329, 0xA431, 0xA431, 0xA431, 0xA431, 0x6429, 0x8BA4, 0xCDD5,
    0xCDD5, 0x8BA4, 0x6429, 0xA431, 0xA431, 0xA431, 0xA431, 0x8431, 0x0642, 0xFEFF, 0xBCF7, 0xA539, 0x0221, 0xA118, 0xA118, 0x0221,
    0xA539, 0xBCF7, 0xFEFF, 0x0642, 0x8431, 0xA539, 0x6329, 0x6329, 0xA431, 0xA431, 0xA431, 0xA431, 0xA431, 0x6429, 0x8BA4, 0xCDD5,
    0xCDD5, 0x8BA4, 0x6429, 0xA431, 0xA431, 0xA431, 0xA431, 0x8431, 0xE641, 0x9CF7, 0xBCF7, 0x8431, 0xE539, 0xF19C, 0xF19C, 0xE539,
    0x8431, 0xBCF7, 0x9CF7, 0xE641, 0x8431, 0xA431, 0xA539, 0xA539, 0xA431, 0xA431, 0xA431, 0xA431, 0xA431, 0x6429, 0x8BA4, 0xCDD5,
    0xCDD5, 0x8BA4, 0x6429, 0xA431, 0xA431, 0xA431, 0xA431, 0x8431, 0x0642, 0xDDFF, 0xDDFF, 0xD19C, 0xF5C5, 0xFFFF, 0xFFFF, 0xF5C5,
    0xD19C, 0xDDFF, 0xDDFF, 0x0642, 0x8431, 0xA431, 0xA431, 0xA431, 0xA431, 0xA431, 0xA431, 0xA431, 0xA431, 0x6429, 0x8BA4, 0xCDD5,
    0xCDD5, 0x8BA4, 0x6429, 0xA431, 0xA431, 0xA431, 0xA431, 0x8431, 0xA539, 0xB8D6, 0xFFFF, 0xFFFF, 0xFEFF, 0xFDFF, 0xFDFF, 0xFEFF,
    0xFFFF, 0xFFFF, 0xB8D6, 0xA539, 0x8431, 0xA431, 0xA431, 0xA431, 0xA431, 0xA431, 0xA431, 0xA431, 0xA431, 0x6429, 0x8BA4, 0xCDD5,
    0xCDD5, 0x8BA4, 0x6429, 0xA431, 0xA431, 0xA539, 0xA539, 0xC539, 0xA431, 0xE539, 0xD5BD, 0xFFFF, 0xDDFF, 0xFDFF, 0xFDFF, 0xDDFF,
    0xFFFF, 0xF5BD, 0xE641, 0xA431, 0xC539, 0xA539, 0xA539, 0xA431, 0xA431, 0xA431, 0xA431, 0xA431, 0xA431, 0x6429, 0x8BA4, 0xCDD5,
    0xCDD5, 0x8BA4, 0x6429, 0xA431, 0xA431, 0x6329, 0x2221, 0x2221, 0x2329, 0x2221, 0x6329, 0xB19C, 0xFEFF, 0xFEFF, 0xFEFF, 0xFEFF,
    0xD19C, 0x6329, 0x2221, 0x2329, 0x2221, 0x2221, 0x6329, 0xA431, 0xA431, 0xA431, 0xA431, 0xA431, 0xA431, 0x6429, 0x8BA4, 0xCDD5,
    0xCDD5, 0x8BA4, 0x6429, 0xA539, 0x6329, 0x2A63, 0xD29C, 0xB09C, 0xD19C, 0x0E84, 0x6329, 0x2329, 0xAC73, 0xDDFF, 0xDDFF, 0xAD7B,
    0x2329, 0x6329, 0x0E84, 0xD19C, 0xB09C, 0xD29C, 0x2A63, 0x6329, 0xA431, 0xA431, 0xA431, 0xA431, 0xA431, 0x6429, 0x8BA4, 0xCDD5,
    0xCDD5, 0x8BA4, 0x6429, 0xC539, 0x0221, 0x32A5, 0xFFFF, 0xFFFF, 0xFFFF, 0xFFFF, 0xD19C, 0x2329, 0xA118, 0x674A, 0x674A, 0xA118,
    0x2329, 0xD19C, 0xFFFF, 0xFFFF, 0xFFFF, 0xFFFF, 0x32A5, 0x0221, 0xA539, 0xA431, 0xA431, 0xA431, 0xA431, 0x6429, 0x8BA4, 0xCDD5,
    0xCDD5, 0x8BA4, 0x6429, 0xC539, 0x4329, 0xED7B, 0xFFFF, 0xDDFF, 0xBCF7, 0xDDFF, 0xFEFF, 0x94B5, 0xB094, 0x9094, 0x9094, 0xB094,
    0x73B5, 0xFEFF, 0xDDFF, 0xDCFF, 0xDDFF, 0xFFFF, 0xED83, 0x4329, 0xA539, 0xA431, 0xA431, 0xA431, 0xA539, 0x6429, 0x8BA4, 0xCDD5,
    0xCDD5, 0x8BA4, 0x6429, 0x8431, 0xA539, 0x4329, 0xD09C, 0xFFFF, 0xFFFF, 0xFFFF, 0xFFFF, 0xFFFF, 0xFFFF, 0xFFFF, 0xFFFF, 0xFFFF,
    0xFFFF, 0xFFFF, 0xFFFF, 0xFFFF, 0xFFFF, 0xD19C, 0x4329, 0xA539, 0xA431, 0xA431, 0xA431, 0xA431, 0x8431, 0x6429, 0x8BA4, 0xCDD5,
    0xCDD5, 0x6AA4, 0xC539, 0x6873, 0x6429, 0xA431, 0x4329, 0x0E84, 0xD19C, 0xD19C, 0xD19C, 0xB09C, 0xB094, 0xB094, 0xB094, 0xB094,
    0xB09C, 0xD19C, 0xD19C, 0xD19C, 0x0E84, 0x4329, 0xA431, 0xA431, 0xA431, 0xA431, 0xA431, 0x6429, 0x4873, 0xC539, 0x6AA4, 0xCDD5,
    0xCDD5, 0x8AA4, 0xA439, 0x8DCD, 0xA983, 0x4429, 0xA539, 0x4329, 0x2221, 0x2221, 0x2221, 0x2221, 0x2221, 0x2221, 0x2221, 0x2221,
    0x2221, 0x2221, 0x2221, 0x2221, 0x4329, 0xA539, 0xA431, 0xA431, 0xA431, 0xA431, 0x4429, 0xA983, 0x8DCD, 0xA439, 0x8AA4, 0xCDD5,
    0xCDD5, 0x8AA4, 0xA439, 0x6CC5, 0xEEDD, 0xA983, 0x6429, 0xA539, 0xC539, 0xA539, 0xC539, 0xC539, 0xC539, 0xC539, 0xC539, 0xC539,
    0xC539, 0xC539, 0xA539, 0xC539, 0xA539, 0xA431, 0xA431, 0xA431, 0xA431, 0x6429, 0xA983, 0xEEDD, 0x6CC5, 0xA439, 0x8AA4, 0xCDD5,
    0xCDD5, 0x8AA4, 0xA439, 0x2CBD, 0x6CC5, 0x8DCD, 0x6873, 0x8431, 0xA439, 0xA431, 0xA431, 0xA431, 0xA431, 0xA431, 0xA431, 0xA431,
    0xA431, 0xA431, 0xA431, 0xA431, 0xA431, 0xA431, 0xA431, 0xA439, 0x8431, 0x4873, 0x8DCD, 0x6CC5, 0x2CBD, 0xA439, 0x8AA4, 0xCDD5,
    0xCDD5, 0x8AA4, 0x4429, 0xA539, 0xA439, 0xA439, 0xC539, 0x6429, 0x6429, 0x6429, 0x6429, 0x6429, 0x6429, 0x6429, 0x6429, 0x6429,
    0x6429, 0x6429, 0x6429, 0x6429, 0x6429, 0x6429, 0x6429, 0x6429, 0x6429, 0xC539, 0xA439, 0xA439, 0xA539, 0x4429, 0x8AA4, 0xCDD5,
    0xADCD, 0x4CC5, 0x8AA4, 0x8AA4, 0x8AA4, 0x8AA4, 0x6AA4, 0x8BA4, 0x8BA4, 0x8BA4, 0x8BA4, 0x8BA4, 0x8BA4, 0x8BA4, 0x8BA4, 0x8BA4,
    0x8BA4, 0x8BA4, 0x8BA4, 0x8BA4, 0x8BA4, 0x8BA4, 0x8BA4, 0x8BA4, 0x8BA4, 0x6AA4, 0x8AA4, 0x8AA4, 0x8AA4, 0x8AA4, 0x4CC5, 0xADCD,
    0x8DCD, 0xADCD, 0xCDD5, 0xCDD5, 0xCDD5, 0xCDD5, 0xCDD5, 0xCDD5, 0xCDD5, 0xCDD5, 0xCDD5, 0xCDD5, 0xCDD5, 0xCDD5, 0xCDD5, 0xCDD5,
    0xCDD5, 0xCDD5, 0xCDD5, 0xCDD5, 0xCDD5, 0xCDD5, 0xCDD5, 0xCDD5, 0xCDD5, 0xCDD5, 0xCDD5, 0xCDD5, 0xCDD5, 0xCDD5, 0xADCD, 0x8DCD
};

const uint16_t icon_resupply_stratagem_icon_background[] PROGMEM = {
    0x8DCD, 0xADCD, 0xCDD5, 0xCDD5, 0xCDD5, 0xCDD5, 0xCDD5, 0xCDD5, 0xCDD5, 0xCDD5, 0xCDD5, 0xCDD5, 0xCDD5, 0xCDD5, 0xCDD5, 0xCDD5,
    0xCDD5, 0xCDD5, 0xCDD5, 0xCDD5, 0xCDD5, 0xCDD5, 0xCDD5, 0xCDD5, 0xCDD5, 0xCDD5, 0xCDD5, 0xCDD5, 0xCDD5, 0xCDD5, 0xADCD, 0x8DCD,
    0xADCD, 0x4CC5, 0x8AA4, 0x8AA4, 0x8AA4, 0x8AA4, 0x6AA4, 0x8BA4, 0x8BA4, 0x8BA4, 0x8BA4, 0x8BA4, 0x8BA4, 0x8BA4, 0x8BA4, 0x8BA4,
    0x8BA4, 0x8BA4, 0x8BA4, 0x8BA4, 0x8BA4, 0x8BA4, 0x8BA4, 0x8BA4, 0x8BA4, 0x6AA4, 0x8AA4, 0x8AA4, 0x8AA4, 0x8AA4, 0x4CC5, 0xADCD,
    0xCDD5, 0x8AA4, 0x4429, 0xA539, 0xA439, 0xA439, 0xC539, 0x6429, 0x6429, 0x6429, 0x6429, 0x6429, 0x6429, 0x6429, 0x6429, 0x6429,
    0x6429, 0x6429, 0x6429, 0x6429, 0x6429, 0x6429, 0x6429, 0x6429, 0x6429, 0xC539, 0xA439, 0xA439, 0xA539, 0x4429, 0x8AA4, 0xCDD5,
    0xCDD5, 0x8AA4, 0xA439, 0x2CBD, 0x6CC5, 0x8DCD, 0x6873, 0x8431, 0xA439, 0xA431, 0xA431, 0xA431, 0xA431, 0xA431, 0xA431, 0xA431,
    0xA431, 0xA431, 0xA431, 0xA431, 0xA431, 0xA431, 0xA431, 0xA439, 0x8431, 0x4873, 0x8DCD, 0x6CC5, 0x2CBD, 0xA439, 0x8AA4, 0xCDD5,
    0xCDD5, 0x8AA4, 0xA439, 0x6CC5, 0xEEDD, 0xA983, 0x6429, 0xA431, 0xA431, 0xA431, 0xA431, 0xA431, 0xA431, 0xA431, 0xA431, 0xA431,
    0xA431, 0xA431, 0xA431, 0xA431, 0xA431, 0xA431, 0xA431, 0xA431, 0xA431, 0x6429, 0xA983, 0xEEDD, 0x6CC5, 0xA439, 0x8AA4, 0xCDD5,
    0xCDD5, 0x8AA4, 0xA439, 0x8DCD, 0xA983, 0x4429, 0xA539, 0xA439, 0xA439, 0xA439, 0xA439, 0xA439, 0xA431, 0xA539, 0xA539, 0xA431,
    0xA431, 0xA539, 0xA539, 0xA431, 0xA439, 0xA439, 0xA439, 0xA439, 0xA439, 0xA539, 0x4429, 0xA983, 0x8DCD, 0xA439, 0x8AA4, 0xCDD5,
    0xCDD5, 0x6AA4, 0xC539, 0x6873, 0x6429, 0x8431, 0x4429, 0x4429, 0x4429, 0x4429, 0x4429, 0x4429, 0x8431, 0x2329, 0x2321, 0x8431,
    0x8431, 0x2321, 0x2329, 0x8431, 0x4429, 0x4429, 0x4429, 0x4429, 0x4429, 0x4429, 0x8431, 0x6429, 0x4873, 0xC539, 0x6AA4, 0xCDD5,
    0xCDD5, 0x8BA4, 0x6429, 0x8431, 0x8431, 0x6652, 0xC983, 0x887B, 0x8983, 0x887B, 0xA983, 0x687B, 0xE541, 0x9094, 0xB094, 0xE539,
    0xE539, 0xB094, 0x9094, 0xE541, 0x687B, 0xA983, 0x887B, 0x8983, 0x887B, 0xC983, 0x6652, 0x8431, 0x8431, 0x6429, 0x8BA4, 0xCDD5,
    0xCDD5, 0x8BA4, 0x6429, 0xA539, 0x8431, 0xE541, 0x6CC5, 0xEEDD, 0xCDD5, 0xCDD5, 0xEED5, 0x6CC5, 0x464A, 0xFEFF, 0xFEFF, 0x6431,
    0x6431, 0xFEFF, 0xFEFF, 0x464A, 0x6CC5, 0xEED5, 0xCDD5, 0xCDD5, 0xEEDD, 0x6CC5, 0xE541, 0x8431, 0xA539, 0x6429, 0x8BA4, 0xCDD5,
    0xCDD5, 0x8BA4, 0x6429, 0xA431, 0xA439, 0x4429, 0x076B, 0xCDD5, 0x6CC5, 0x6DC5, 0x8DCD, 0x2CBD, 0x464A, 0x7BEF, 0xDDFF, 0xF19C,
    0xF19C, 0xDDFF, 0x7BEF, 0x464A, 0x2CBD, 0x8DCD, 0x6DC5, 0x6CC5, 0xCDD5, 0x076B, 0x4429, 0xA439, 0xA431, 0x6429, 0x8BA4, 0xCDD5,
    0xCDD5, 0x8BA4, 0x6429, 0xA431, 0xA431, 0xA431, 0x8431, 0xABAC, 0xCDD5, 0x8DC5, 0xADCD, 0x2CBD, 0x464A, 0x9CEF, 0xFEFF, 0xFFFF,
    0xFFFF, 0xFEFF, 0x9CEF, 0x464A, 0x2CBD, 0xADCD, 0x8DC5, 0xCDD5, 0xABAC, 0x8431, 0xA431, 0xA431, 0xA431, 0x6429, 0x8BA4, 0xCDD5,
    0xCDD5, 0x8BA4, 0x6429, 0xA431, 0xA431, 0xA439, 0x6429, 0x865A, 0xADCD, 0x6DC5, 0x8DCD, 0x2CBD, 0x464A, 0x7BEF, 0xDDFF, 0xBCF7,
    0xBCF7, 0xDDFF, 0x7BEF, 0x464A, 0x2CBD, 0x8DCD, 0x6DC5, 0xADCD, 0x865A, 0x6429, 0xA439, 0xA431, 0xA431, 0x6429, 0x8BA4, 0xCDD5,
    0xCDD5, 0x8BA4, 0x6429, 0xA431, 0xA431, 0xA431, 0xA439, 0x6429, 0x2A94, 0x2EDE, 0x0EDE, 0x8CCD, 0x474A, 0xFEFF, 0xFFFF, 0xFFFF,
    0xFFFF, 0xFFFF, 0xFEFF, 0x474A, 0x8CCD, 0x0EDE, 0x2EDE, 0x2A94, 0x6429, 0xA439, 0xA431, 0xA431, 0xA431, 0x6429, 0x8BA4, 0xCDD5,
    0xCDD5, 0x8BA4, 0x6429, 0xA431, 0xA431, 0xA431, 0xA431, 0x8431, 0x054A, 0x687B, 0x2773, 0x2773, 0x0642, 0x4F8C, 0x4F8C, 0x9094,
    0x9094, 0x4F8C, 0x4F8C, 0x0642, 0x2773, 0x2773, 0x687B, 0x054A, 0x8431, 0xA431, 0xA431, 0xA431, 0xA431, 0x6429, 0x8BA4, 0xCDD5,
    0xCDD5, 0x8BA4, 0x6429, 0xA431, 0xA431, 0xA431, 0xA431, 0xA539, 0x4329, 0xCA5A, 0x918C, 0x0A63, 0x2329, 0xC95A, 0x508C, 0x6852,
    0x6852, 0x508C, 0xC95A, 0x2329, 0x0A63, 0x918C, 0xCA5A, 0x4329, 0xA539, 0xA431, 0xA431, 0xA431, 0xA431, 0x6429, 0x8BA4, 0xCDD5,
    0xCDD5, 0x8BA4, 0x6429, 0xA431, 0xA431, 0xA431, 0xA431, 0xA539, 0x2221, 0xF1A4, 0xFFFF, 0xF19C, 0x0000, 0xF19C, 0xFFFF, 0x9094,
    0x9094, 0xFFFF, 0xF19C, 0x0000, 0xF19C, 0xFFFF, 0xF1A4, 0x2221, 0xA539, 0xA431, 0xA431, 0xA431, 0xA431, 0x6429, 0x8BA4, 0xCDD5,
    0xCDD5, 0x8BA4, 0x6429, 0xA431, 0xA431, 0xA431, 0xA431, 0xA539, 0x2221, 0xB094, 0xFFFF, 0x57CE, 0x4F8C, 0x57CE, 0xFFFF, 0x2F8C,
    0x2F8C, 0xFFFF, 0x57CE, 0x4F8C, 0x57CE, 0xFFFF, 0xB094, 0x2221, 0xA539, 0xA431, 0xA431, 0xA431, 0xA431, 0x6429, 0x8BA4, 0xCDD5,
    0xCDD5, 0x8BA4, 0x6429, 0xA431, 0xA431, 0xA431, 0xA431, 0xA539, 0x2221, 0xD19C, 0xFFFF, 0xFEFF, 0xFFFF, 0xFEFF, 0xFFFF, 0x4F8C,
    0x4F8C, 0xFFFF, 0xFEFF, 0xFFFF, 0xFEFF, 0xFFFF, 0xD19C, 0x2221, 0xA539, 0xA431, 0xA431, 0xA431, 0xA431, 0x6429, 0x8BA4, 0xCDD5,
    0xCDD5, 0x8BA4, 0x6429, 0xA431, 0xA431, 0xA431, 0xA431, 0xA539, 0x2221, 0xD19C, 0xFFFF, 0xBCF7, 0xDCFF, 0xBCF7, 0xFFFF, 0x4F8C,
    0x4F8C, 0xFFFF, 0xBCF7, 0xDCFF, 0xBCF7, 0xFFFF, 0xD19C, 0x2221, 0xA539, 0xA431, 0xA431, 0xA431, 0xA431, 0x6429, 0x8BA4, 0xCDD5,
    0xCDD5, 0x8BA4, 0x6429, 0xA431, 0xA431, 0xA431, 0xA431, 0xA539, 0x2221, 0x12A5, 0xFFFF, 0xFFFF, 0xFFFF, 0xFFFF, 0xFFFF, 0x9094,
    0x9094, 0xFFFF, 0xFFFF, 0xFFFF, 0xFFFF, 0xFFFF, 0x12A5, 0x2221, 0xA539, 0xA431, 0xA431, 0xA431, 0xA431, 0x6429, 0x8BA4, 0xCDD5,
    0xCDD5, 0x8BA4, 0x6429, 0xA431, 0xA431, 0xA431, 0xA431, 0xA539, 0x6329, 0x2B6B, 0xD29C, 0xD19C, 0xD19C, 0xB094, 0x718C, 0xA952,
    0xA952, 0x718C, 0xB094, 0xD19C, 0xD19C, 0xD29C, 0x2B6B, 0x6329, 0xA539, 0xA431, 0xA431, 0xA431, 0xA431, 0x6429, 0x8BA4, 0xCDD5,
    0xCDD5, 0x8BA4, 0x6429, 0xA431, 0xA431, 0xA431, 0xA431, 0xA431, 0xA431, 0x6329, 0x2221, 0x2329, 0x0221, 0x0442, 0x4773, 0x487B,
    0x487B, 0x4773, 0x0442, 0x0221, 0x2329, 0x2221, 0x6329, 0xA431, 0xA431, 0xA431, 0xA431, 0xA431, 0xA431, 0x6429, 0x8BA4, 0xCDD5,
    0xCDD5, 0x8BA4, 0x6429, 0xA431, 0xA431, 0xA431, 0xA431, 0xA431, 0xA431, 0xA539, 0xA539, 0xC539, 0xA531, 0x264A, 0xADCD, 0xEED5,
    0xEED5, 0xADCD, 0x264A, 0xA531, 0xC539, 0xA539, 0xA539, 0xA431, 0xA431, 0xA431, 0xA431, 0xA431, 0xA431, 0x6429, 0x8BA4, 0xCDD5,
    0xCDD5, 0x8BA4, 0x6429, 0xA539, 0xA431, 0xA431, 0xA431, 0xA431, 0xA431, 0xA431, 0xA431, 0xA431, 0xA439, 0x4429, 0x2873, 0xADCD,
    0xADCD, 0x2873, 0x4429, 0xA439, 0xA431, 0xA431, 0xA431, 0xA431, 0xA431, 0xA431, 0xA431, 0xA431, 0xA539, 0x6429, 0x8BA4, 0xCDD5,
    0xCDD5, 0x8BA4, 0x6429, 0x8431, 0xA431, 0xA431, 0xA431, 0xA431, 0xA431, 0xA431, 0xA431, 0xA431, 0xA431, 0xA431, 0x8431, 0x0CB5,
    0x0CB5, 0x8431, 0xA431, 0xA431, 0xA431, 0xA431, 0xA431, 0xA431, 0xA431, 0xA431, 0xA431, 0xA431, 0x8431, 0x6429, 0x8BA4, 0xCDD5,
    0xCDD5, 0x6AA4, 0xC539, 0x6873, 0x6429, 0xA431, 0xA431, 0xA431, 0xA431, 0xA431, 0xA431, 0xA431, 0xA431, 0xA439, 0x6429, 0xE762,
    0xE762, 0x6429, 0xA439, 0xA431, 0xA431, 0xA431, 0xA431, 0xA431, 0xA431, 0xA431, 0xA431, 0x6429, 0x4873, 0xC539, 0x6AA4, 0xCDD5,
    0xCDD5, 0x8AA4, 0xA439, 0x8DCD, 0xA983, 0x4429, 0xA431, 0xA431, 0xA431, 0xA431, 0xA431, 0xA431, 0xA431, 0xA431, 0xA431, 0x8431,
    0x8431, 0xA431, 0xA431, 0xA431, 0xA431, 0xA431, 0xA431, 0xA431, 0xA431, 0xA431, 0x4429, 0xA983, 0x8DCD, 0xA439, 0x8AA4, 0xCDD5,
    0xCDD5, 0x8AA4, 0xA439, 0x6CC5, 0xEEDD, 0xA983, 0x6429, 0xA431, 0xA431, 0xA431, 0xA431, 0xA431, 0xA431, 0xA431, 0xA431, 0xA431,
    0xA431, 0xA431, 0xA431, 0xA431, 0xA431, 0xA431, 0xA431, 0xA431, 0xA431, 0x6429, 0xA983, 0xEEDD, 0x6CC5, 0xA439, 0x8AA4, 0xCDD5,
    0xCDD5, 0x8AA4, 0xA439, 0x2CBD, 0x6CC5, 0x8DCD, 0x6873, 0x8431, 0xA439, 0xA431, 0xA431, 0xA431, 0xA431, 0xA431, 0xA431, 0xA431,
    0xA431, 0xA431, 0xA431, 0xA431, 0xA431, 0xA431, 0xA431, 0xA439, 0x8431, 0x4873, 0x8DCD, 0x6CC5, 0x2CBD, 0xA439, 0x8AA4, 0xCDD5,
    0xCDD5, 0x8AA4, 0x4429, 0xA539, 0xA439, 0xA439, 0xC539, 0x6429, 0x6429, 0x6429, 0x6429, 0x6429, 0x6429, 0x6429, 0x6429, 0x6429,
    0x6429, 0x6429, 0x6429, 0x6429, 0x6429, 0x6429, 0x6429, 0x6429, 0x6429, 0xC539, 0xA439, 0xA439, 0xA539, 0x4429, 0x8AA4, 0xCDD5,
    0xADCD, 0x4CC5, 0x8AA4, 0x8AA4, 0x8AA4, 0x8AA4, 0x6AA4, 0x8BA4, 0x8BA4, 0x8BA4, 0x8BA4, 0x8BA4, 0x8BA4, 0x8BA4, 0x8BA4, 0x8BA4,
    0x8BA4, 0x8BA4, 0x8BA4, 0x8BA4, 0x8BA4, 0x8BA4, 0x8BA4, 0x8BA4, 0x8BA4, 0x6AA4, 0x8AA4, 0x8AA4, 0x8AA4, 0x8AA4, 0x4CC5, 0xADCD,
    0x8DCD, 0xADCD, 0xCDD5, 0xCDD5, 0xCDD5, 0xCDD5, 0xCDD5, 0xCDD5, 0xCDD5, 0xCDD5, 0xCDD5, 0xCDD5, 0xCDD5, 0xCDD5, 0xCDD5, 0xCDD5,
    0xCDD5, 0xCDD5, 0xCDD5, 0xCDD5, 0xCDD5, 0xCDD5, 0xCDD5, 0xCDD5, 0xCDD5, 0xCDD5, 0xCDD5, 0xCDD5, 0xCDD5, 0xCDD5, 0xADCD, 0x8DCD
};

const uint16_t icon_rocket_sentry_stratagem_icon_background[] PROGMEM = {
    0xAA6C, 0xCA6C, 0xEB6C, 0xEB6C, 0xEB6C, 0xEB6C, 0xEB6C, 0xEB6C, 0xEB6C, 0xEB6C, 0xEB6C, 0xEB6C, 0xEB6C, 0xEB6C, 0xEB6C, 0xEB6C,
    0xEB6C, 0xEB6C, 0xEB6C, 0xEB6C, 0xEB6C, 0xEB6C, 0xEB6C, 0xEB6C, 0xEB6C, 0xEB6C, 0xEB6C, 0xEB6C, 0xEB6C, 0xEB6C, 0xCA6C, 0xAA6C,
    0xCA6C, 0x6A64, 0xA84B, 0xA853, 0xA853, 0xA853, 0xA853, 0xA853, 0xA853, 0xA853, 0xA853, 0xA853, 0xA853, 0xA853, 0xA853, 0xA853,
    0xA853, 0xA853, 0xA853, 0xA853, 0xA853, 0xA853, 0xA853, 0xA853, 0xA853, 0xA853, 0xA853, 0xA853, 0xA853, 0xA84B, 0x6A64, 0xCA6C,
    0xEB6C, 0xA753, 0x6000, 0xA000, 0x8000, 0x8000, 0x8000, 0x8000, 0x8000, 0x8000, 0x8000, 0x8000, 0x8000, 0x8000, 0x8000, 0x8000,
    0x8000, 0x8000, 0x8000, 0x8000, 0x8000, 0x8000, 0x8000, 0x8000, 0x8000, 0x8000, 0x8000, 0x8000, 0xA000, 0x6000, 0xA753, 0xEB6C,
    0xEB6C, 0xA853, 0xA000, 0xC008, 0xC008, 0xC008, 0xC008, 0xC008, 0xC008, 0xE008, 0xE008, 0xE008, 0xE008, 0xE008, 0xE008, 0xE008,
    0xC008, 0xC008, 0xC008, 0xE008, 0xE008, 0xE008, 0xE008, 0xE008, 0xE008, 0xE008, 0xE008, 0xE008, 0xC008, 0xA000, 0xA853, 0xEB6C,
    0xEB6C, 0xA853, 0x8000, 0xC008, 0xC008, 0xC008, 0xC008, 0xC008, 0xC008, 0x8000, 0x8000, 0x8000, 0x8000, 0x8000, 0x8000, 0x8000,
    0xA000, 0xC008, 0xA000, 0x6000, 0x6000, 0x8000, 0x8000, 0x8000, 0x8000, 0x8000, 0x8000, 0x8000, 0xC008, 0x8000, 0xA853, 0xEB6C,
    0xEB6C, 0xA853, 0x8000, 0xC008, 0xC008, 0xC008, 0xC008, 0xC000, 0xE008, 0xA532, 0xC53A, 0xA53A, 0xA53A, 0xA53A, 0x6432, 0xE321,
    0x0009, 0x6000, 0xA219, 0x0643, 0xC53A, 0xA53A, 0xC53A, 0xA53A, 0xC53A, 0xA53A, 0xC53A, 0xA532, 0xE008, 0x8000, 0xA853, 0xEB6C,
    0xEB6C, 0xA853, 0x8000, 0xC008, 0xC008, 0xC008, 0xC008, 0xA000, 0x0009, 0xAA6C, 0x0B75, 0xEB74, 0x0B75, 0x0B75, 0x0B75, 0xEB74,
    0x8A64, 0x2643, 0x6219, 0x6432, 0x0B75, 0x0B75, 0xEB6C, 0xEB74, 0xEB74, 0xEB74, 0x0B75, 0xAA6C, 0x0009, 0x8000, 0xA853, 0xEB6C,
    0xEB6C, 0xA853, 0x8000, 0xC008, 0xC008, 0xC008, 0xC008, 0xA000, 0x0009, 0x6964, 0xAA6C, 0xAA6C, 0xAA6C, 0x295C, 0x495C, 0x495C,
    0x8A64, 0xEB74, 0x8A64, 0xC221, 0x6111, 0x8A64, 0xCA6C, 0xAA6C, 0xAA6C, 0xAA6C, 0xCA6C, 0x6A64, 0x0009, 0x8000, 0xA853, 0xEB6C,
    0xEB6C, 0xA853, 0x8000, 0xC008, 0xC008, 0xC008, 0xC008, 0xA000, 0x0009, 0x6964, 0xEB6C, 0x6A64, 0x4111, 0x6219, 0x8219, 0x6219,
    0x4111, 0x6964, 0xCB6C, 0x0B75, 0x0322, 0xA219, 0x8A64, 0x6964, 0x6A64, 0x6A64, 0x8A64, 0x295C, 0x0009, 0x8000, 0xA853, 0xEB6C,
    0xEB6C, 0xA853, 0x8000, 0xC008, 0xC008, 0xC008, 0xC008, 0xA000, 0x0009, 0x8A64, 0x8A64, 0xE008, 0x0E7C, 0x7CEF, 0x7BEF, 0xF9DE,
    0x6219, 0x495C, 0xCA6C, 0xAA6C, 0xEB6C, 0xA219, 0xC008, 0x0111, 0x0009, 0x0009, 0x0009, 0x0009, 0xC008, 0x8000, 0xA853, 0xEB6C,
    0xEB6C, 0xA853, 0x8000, 0xC008, 0xC008, 0xC008, 0xE008, 0xC008, 0x4111, 0x4964, 0x0009, 0x2E7C, 0xFFFF, 0xFEFF, 0xFEFF, 0x9BEF,
    0x8219, 0x495C, 0xCA6C, 0xAA64, 0xCB6C, 0x085C, 0xA000, 0xA000, 0xA000, 0xA000, 0xA000, 0xA000, 0xC008, 0x8000, 0xA853, 0xEB6C,
    0xEB6C, 0xA853, 0x8000, 0xC008, 0xC008, 0xE008, 0xA000, 0x2000, 0x8000, 0xA000, 0x2E7C, 0xFFFF, 0xDDFF, 0xFDFF, 0xFEFF, 0xBCF7,
    0x6219, 0x495C, 0xCA6C, 0xAA6C, 0xAA64, 0xEB6C, 0x032A, 0x8000, 0xC008, 0xC008, 0xC008, 0xC008, 0xC008, 0x8000, 0xA853, 0xEB6C,
    0xEB6C, 0xA853, 0x8000, 0xC008, 0xE008, 0x6000, 0xA329, 0x6F84, 0x2E7C, 0x32A5, 0xFFFF, 0xFDFF, 0xFDFF, 0xFDFF, 0xFFFF, 0x0E7C,
    0x4111, 0xAA6C, 0xAA6C, 0xAA6C, 0xAA6C, 0xEB6C, 0x474B, 0x8000, 0xC008, 0xC008, 0xC008, 0xC008, 0xC008, 0x8000, 0xA853, 0xEB6C,
    0xEB6C, 0xA853, 0x8000, 0xE008, 0x6000, 0x8321, 0x1ADF, 0xFFFF, 0xFFFF, 0xFFFF, 0xFDFF, 0xFDFF, 0xFDFF, 0xFFFF, 0x2E7C, 0xE008,
    0x6A64, 0xCB6C, 0xAA6C, 0xAA6C, 0xAA6C, 0xCB6C, 0x085C, 0xC008, 0xC008, 0xC008, 0xC008, 0xC008, 0xC008, 0x8000, 0xA853, 0xEB6C,
    0xEB6C, 0xA853, 0xA000, 0x8000, 0xA429, 0x3BE7, 0xFFFF, 0xFDFF, 0xFDFF, 0xFDFF, 0xFDFF, 0xFDFF, 0xFFFF, 0x2E7C, 0xE000, 0x8A64,
    0xCB6C, 0xAA6C, 0xAA6C, 0xAA6C, 0xAA6C, 0xCA6C, 0x6964, 0x0009, 0xA000, 0xC008, 0xC008, 0xC008, 0xC008, 0x8000, 0xA853, 0xEB6C,
    0xEB6C, 0xC853, 0x6000, 0x6321, 0xB8D6, 0x9DF7, 0x3AE7, 0x7BEF, 0x9CF7, 0xFDFF, 0xFDFF, 0xFFFF, 0x32A5, 0xC000, 0x6A64, 0xCB6C,
    0x8A64, 0xAA6C, 0xAA64, 0xAA64, 0x8A64, 0xAA6C, 0x6964, 0x0009, 0xA000, 0xC008, 0xC008, 0xC008, 0xC008, 0x8000, 0xA853, 0xEB6C,
    0xEB6C, 0xA853, 0x8000, 0x2111, 0x0111, 0x2111, 0x0532, 0x4219, 0xA321, 0x9CF7, 0xFDFF, 0xFFFF, 0xED73, 0x832A, 0x8D85, 0xEB6C,
    0x0B75, 0x0B75, 0x0B75, 0x0B75, 0x0B75, 0x0B75, 0xAA6C, 0x0009, 0xA000, 0xC008, 0xC008, 0xC008, 0xC008, 0x8000, 0xA853, 0xEB6C,
    0xEB6C, 0xA853, 0xA000, 0x8000, 0xE531, 0x3BE7, 0x329D, 0x8000, 0x4219, 0x9BEF, 0xFDFF, 0xFFFF, 0x6F84, 0xE008, 0xA53A, 0x6432,
    0x6432, 0x6432, 0x6432, 0x6432, 0x6432, 0xC53A, 0xA532, 0xE008, 0xC000, 0xC008, 0xC008, 0xC008, 0xC008, 0x8000, 0xA853, 0xEB6C,
    0xEB6C, 0xA853, 0xA000, 0xA000, 0x8B63, 0x4F84, 0x4219, 0x32A5, 0x2532, 0x3AE7, 0xFFFF, 0x1ADF, 0x8321, 0x042A, 0x8432, 0x6432,
    0x6432, 0x6432, 0x6432, 0x6432, 0x442A, 0x8000, 0x6000, 0xC008, 0xC008, 0xC008, 0xC008, 0xC008, 0xC008, 0x8000, 0xA853, 0xEB6C,
    0xEB6C, 0xA853, 0x8000, 0xC008, 0x8000, 0x0000, 0x8F8C, 0x9BEF, 0x2111, 0xDDFF, 0x1AE7, 0x4219, 0xA432, 0x2B75, 0x0B75, 0x0B75,
    0x0B75, 0x0B75, 0x0B75, 0x0B75, 0xCA6C, 0x2111, 0xC000, 0xC008, 0xC008, 0xC008, 0xC008, 0xC008, 0xC008, 0x8000, 0xA853, 0xEB6C,
    0xEB6C, 0xA853, 0x8000, 0xC008, 0xE008, 0x8000, 0x8B6B, 0xE531, 0x2111, 0xB8D6, 0xA321, 0xA432, 0x2C75, 0xAA6C, 0xAA6C, 0xAA6C,
    0xAA6C, 0xAA6C, 0xAA6C, 0xCA6C, 0x6A64, 0x0009, 0xC000, 0xC008, 0xC008, 0xC008, 0xC008, 0xC008, 0xC008, 0x8000, 0xA853, 0xEB6C,
    0xEB6C, 0xA853, 0x8000, 0xC008, 0xC008, 0xC008, 0xA000, 0x8000, 0x2111, 0x4219, 0xA000, 0x6A64, 0x6964, 0x4964, 0x6964, 0x6964,
    0x6964, 0x6964, 0x4964, 0x6964, 0x295C, 0xE008, 0xA000, 0xC008, 0xC008, 0xC008, 0xC008, 0xC008, 0xC008, 0x8000, 0xA853, 0xEB6C,
    0xEB6C, 0xA853, 0x8000, 0xC008, 0xC008, 0xC008, 0xC008, 0xE008, 0xA000, 0xE008, 0x2111, 0x2111, 0x4111, 0x4111, 0x4111, 0x4111,
    0x4111, 0x4111, 0x4111, 0x4111, 0x4111, 0x0009, 0x0009, 0xA000, 0xC008, 0xC008, 0xC008, 0xC008, 0xC008, 0x8000, 0xA853, 0xEB6C,
    0xEB6C, 0xA853, 0x8000, 0xC008, 0xC008, 0xC008, 0xE008, 0x8000, 0x6432, 0xAA6C, 0x6964, 0x6964, 0x6964, 0x6964, 0x6964, 0x6964,
    0x6964, 0x6964, 0x6964, 0x6964, 0x6964, 0x6964, 0x8A64, 0x6432, 0x8000, 0xC008, 0xC008, 0xC008, 0xC008, 0x8000, 0xA853, 0xEB6C,
    0xEB6C, 0xA853, 0x8000, 0xC008, 0xC008, 0xC008, 0x6000, 0xE321, 0xCA6C, 0xAA6C, 0xAA6C, 0xAA6C, 0xAA6C, 0xAA6C, 0xAA6C, 0xAA6C,
    0xAA6C, 0xAA6C, 0xAA6C, 0xAA6C, 0xAA6C, 0xAA6C, 0xAA6C, 0xCA6C, 0xE321, 0x6000, 0xC008, 0xC008, 0xC008, 0x8000, 0xA853, 0xEB6C,
    0xEB6C, 0xA853, 0x8000, 0xC008, 0xC008, 0xA000, 0xC321, 0xEB6C, 0x0B75, 0xEB6C, 0xEB74, 0xEB74, 0xEB74, 0xEB74, 0xEB74, 0xEB74,
    0xEB74, 0xEB74, 0xEB74, 0xEB74, 0xEB74, 0xEB74, 0xEB6C, 0x0B75, 0xEB6C, 0xC321, 0xA000, 0xC008, 0xC008, 0x8000, 0xA853, 0xEB6C,
    0xEB6C, 0xA853, 0x8000, 0xC008, 0xC008, 0xA000, 0x442A, 0xE53A, 0xA532, 0xC53A, 0xA53A, 0xC53A, 0xC53A, 0xC53A, 0xC53A, 0xC53A,
    0xC53A, 0xC53A, 0xC53A, 0xC53A, 0xC53A, 0xA53A, 0xC53A, 0xA532, 0xE53A, 0x442A, 0xA000, 0xC008, 0xC008, 0x8000, 0xA853, 0xEB6C,
    0xEB6C, 0xA853, 0x8000, 0xC008, 0xC008, 0xC008, 0x8000, 0x6000, 0x8000, 0x8000, 0x8000, 0x8000, 0x8000, 0x8000, 0x8000, 0x8000,
    0x8000, 0x8000, 0x8000, 0x8000, 0x8000, 0x8000, 0x8000, 0x8000, 0x6000, 0x8000, 0xC008, 0xC008, 0xC008, 0x8000, 0xA853, 0xEB6C,
    0xEB6C, 0xA853, 0xA000, 0xC008, 0xC008, 0xC008, 0xE008, 0xE008, 0xE008, 0xE008, 0xE008, 0xE008, 0xE008, 0xE008, 0xE008, 0xE008,
    0xE008, 0xE008, 0xE008, 0xE008, 0xE008, 0xE008, 0xE008, 0xE008, 0xE008, 0xE008, 0xC008, 0xC008, 0xC008, 0xA000, 0xA853, 0xEB6C,
    0xEB6C, 0xA753, 0x6000, 0xA000, 0x8000, 0x8000, 0x8000, 0x8000, 0x8000, 0x8000, 0x8000, 0x8000, 0x8000, 0x8000, 0x8000, 0x8000,
    0x8000, 0x8000, 0x8000, 0x8000, 0x8000, 0x8000, 0x8000, 0x8000, 0x8000, 0x8000, 0x8000, 0x8000, 0xA000, 0x6000, 0xA753, 0xEB6C,
    0xCA6C, 0x6A64, 0xA84B, 0xA853, 0xA853, 0xA853, 0xA853, 0xA853, 0xA853, 0xA853, 0xA853, 0xA853, 0xA853, 0xA853, 0xA853, 0xA853,
    0xA853, 0xA853, 0xA853, 0xA853, 0xA853, 0xA853, 0xA853, 0xA853, 0xA853, 0xA853, 0xA853, 0xA853, 0xA853, 0xA84B, 0x6A64, 0xCA6C,
    0xAA6C, 0xCA6C, 0xEB6C, 0xEB6C, 0xEB6C, 0xEB6C, 0xEB6C, 0xEB6C, 0xEB6C, 0xEB6C, 0xEB6C, 0xEB6C, 0xEB6C, 0xEB6C, 0xEB6C, 0xEB6C,
    0xEB6C, 0xEB6C, 0xEB6C, 0xEB6C, 0xEB6C, 0xEB6C, 0xEB6C, 0xEB6C, 0xEB6C, 0xEB6C, 0xEB6C, 0xEB6C, 0xEB6C, 0xEB6C, 0xCA6C, 0xAA6C
};

const uint16_t icon_rover_stratagem_icon_background[] PROGMEM = {
    0xDA55, 0xDA55, 0x1B5E, 0x1B5E, 0x1B5E, 0x1B5E, 0x1B5E, 0x1B5E, 0x1B5E, 0x1B5E, 0x1B5E, 0x1B5E, 0x1B5E, 0x1B5E, 0x1B5E, 0x1B5E,
    0x1B5E, 0x1B5E, 0x1B5E, 0x1B5E, 0x1B5E, 0x1B5E, 0x1B5E, 0x1B5E, 0x1B5E, 0x1B5E, 0x1B5E, 0x1B5E, 0x1B5E, 0x1B5E, 0xDA55, 0xDA55,
    0xFA55, 0x7855, 0x7444, 0x9444, 0x7444, 0x7444, 0x7444, 0x7444, 0x7444, 0x7444, 0x7444, 0x7444, 0x7444, 0x7444, 0x7444, 0x7444,
    0x7444, 0x7444, 0x7444, 0x7444, 0x7444, 0x7444, 0x7444, 0x7444, 0x7444, 0x7444, 0x7444, 0x7444, 0x9444, 0x7444, 0x7855, 0xFA55,
    0x1B5E, 0x743C, 0x0000, 0x6200, 0x6200, 0x6200, 0x6200, 0x6200, 0x6200, 0x6200, 0x6200, 0x6200, 0x6200, 0x6200, 0x6200, 0x6200,
    0x6200, 0x6200, 0x6200, 0x6200, 0x6200, 0x6200, 0x6200, 0x6200, 0x6200, 0x6200, 0x6200, 0x6200, 0x6200, 0x0000, 0x743C, 0x1B5E,
    0x1B5E, 0x7444, 0x6200, 0xC300, 0xA300, 0xA300, 0xA300, 0xA300, 0xA300, 0xA300, 0xA300, 0xA300, 0xA300, 0xA300, 0xC300, 0xC300,
    0xC300, 0xC300, 0xC300, 0xC300, 0xC300, 0xC300, 0xC300, 0xC300, 0xC300, 0xC300, 0xC300, 0xA300, 0xA300, 0x6200, 0x7444, 0x1B5E,
    0x1B5E, 0x7444, 0x6200, 0xA300, 0xA300, 0xA300, 0xA300, 0xA300, 0xA300, 0xA300, 0xA300, 0xA300, 0xA300, 0x8300, 0x4100, 0x2100,
    0x4100, 0x4100, 0x4100, 0x4100, 0x4100, 0x4100, 0x4100, 0x4100, 0x4100, 0x2100, 0x4100, 0x8300, 0xA300, 0x6200, 0x7444, 0x1B5E,
    0x1B5E, 0x7444, 0x6200, 0xA300, 0xA300, 0xA300, 0xA300, 0xA300, 0xA300, 0xA300, 0xA300, 0xA300, 0x8300, 0xC300, 0x0D2B, 0x4E2B,
    0x2E2B, 0x2E2B, 0x2E2B, 0x2E2B, 0x2E2B, 0x2E2B, 0x2E2B, 0x2E2B, 0x2E2B, 0x4E2B, 0x0D2B, 0xC300, 0xA300, 0x6200, 0x7444, 0x1B5E,
    0x1B5E, 0x7444, 0x6200, 0xA300, 0xA300, 0xA300, 0xA300, 0xA300, 0xA300, 0xA300, 0xA300, 0xA300, 0x8200, 0x0501, 0xFA5D, 0x3C5E,
    0x3B5E, 0x3C5E, 0x3C5E, 0x3C5E, 0x3C5E, 0x3C5E, 0x3C5E, 0x3C5E, 0x3B5E, 0x3C5E, 0xFA5D, 0x0501, 0x8200, 0x6200, 0x7444, 0x1B5E,
    0x1B5E, 0x7444, 0x6200, 0xA300, 0xA300, 0xA300, 0xA300, 0xA300, 0xA300, 0xA300, 0xA300, 0xA300, 0x8300, 0xA300, 0xF644, 0x1B5E,
    0x9955, 0xB955, 0xB955, 0xB955, 0xB955, 0xB955, 0xB955, 0xB955, 0x9955, 0x1B5E, 0xF644, 0xA300, 0xA300, 0x6200, 0x7444, 0x1B5E,
    0x1B5E, 0x7444, 0x6200, 0xA300, 0xA300, 0xA300, 0xA300, 0xA300, 0xA300, 0xC300, 0xC300, 0xA300, 0xA300, 0x8200, 0x0509, 0x374D,
    0x3B5E, 0xDA55, 0xFA55, 0xFA55, 0xFA55, 0xFA55, 0xFA55, 0xDA55, 0x3B5E, 0x374D, 0x0509, 0x8200, 0xA300, 0x6200, 0x7444, 0x1B5E,
    0x1B5E, 0x7444, 0x6200, 0xA300, 0xA300, 0xA300, 0xA300, 0xA300, 0x8200, 0x0100, 0x0100, 0x8300, 0x8200, 0x4609, 0x4E2B, 0x0509,
    0xD544, 0x7855, 0x784D, 0x784D, 0x584D, 0x784D, 0x784D, 0x7855, 0xD644, 0x0509, 0x2E2B, 0x2509, 0x8200, 0x6200, 0x7444, 0x1B5E,
    0x1B5E, 0x7444, 0x6200, 0xA300, 0xA300, 0xA300, 0x8200, 0x8200, 0x0409, 0x307C, 0x307C, 0x0409, 0x8200, 0x8300, 0x9955, 0xD133,
    0xE400, 0x6609, 0x0509, 0x0509, 0x4609, 0x0509, 0x0509, 0x6609, 0xE408, 0xB033, 0xFA55, 0xE400, 0x8300, 0x6200, 0x7444, 0x1B5E,
    0x1B5E, 0x7444, 0x6200, 0xA300, 0xA300, 0x8300, 0x4519, 0x4100, 0x2C53, 0xFFFF, 0xFFFF, 0x2C53, 0x4200, 0x0411, 0x2A1A, 0x5C5E,
    0x584D, 0xDA55, 0x8C22, 0x8B22, 0x5C5E, 0x8B22, 0x8C22, 0xDA55, 0x584D, 0x1B5E, 0x784D, 0xE400, 0x8300, 0x6200, 0x7444, 0x1B5E,
    0x1B5E, 0x7444, 0x6200, 0xC300, 0x2100, 0x8A42, 0x0F74, 0x0000, 0x95AD, 0xDEFF, 0xDEFF, 0x95AD, 0x0000, 0x0F74, 0x283A, 0x902B,
    0x3C5E, 0x5C5E, 0xCD22, 0x8B22, 0x7D5E, 0x8B22, 0xCD22, 0x7C5E, 0xDA55, 0xDA55, 0x7855, 0xE400, 0x8300, 0x6200, 0x7444, 0x1B5E,
    0x1B5E, 0x7444, 0x6200, 0xA300, 0x6200, 0x98CE, 0x78CE, 0x0F7C, 0xBCF7, 0xFEFF, 0xFEFF, 0xBCF7, 0x0F7C, 0x78CE, 0x78CE, 0xC400,
    0x584D, 0x5C5E, 0x4F2B, 0xC308, 0x8609, 0xC308, 0x4F2B, 0x3B5E, 0xB955, 0xFA55, 0x7855, 0xE400, 0x8300, 0x6200, 0x7444, 0x1B5E,
    0x1B5E, 0x7444, 0x6200, 0x4100, 0xEF73, 0xFFFF, 0xFEFF, 0xFFFF, 0xFDFF, 0xBCF7, 0xBCF7, 0xFDFF, 0xFFFF, 0xFEFF, 0xFFFF, 0x8D6B,
    0x0A12, 0x3B5E, 0x9955, 0x784D, 0x584D, 0x784D, 0xB955, 0xDA55, 0xDA55, 0xFA55, 0x7855, 0xE400, 0x8300, 0x6200, 0x7444, 0x1B5E,
    0x1B5E, 0x9444, 0x4100, 0xE408, 0x7BEF, 0xFEFF, 0xDDFF, 0x7BEF, 0xFFFF, 0xCE73, 0xCE73, 0xFFFF, 0x7BEF, 0xDDFF, 0xFEFF, 0x5BEF,
    0x2509, 0x584D, 0xFA5D, 0xDA55, 0xFA55, 0xFA55, 0xDA55, 0xDA55, 0xDA55, 0xFA55, 0x7855, 0xE400, 0x8300, 0x6200, 0x7444, 0x1B5E,
    0x1B5E, 0x9444, 0x4100, 0x2511, 0x7BEF, 0xDEFF, 0x7CEF, 0x8621, 0xD6B5, 0xB28C, 0xB28C, 0xF6BD, 0x8621, 0x7CEF, 0xFEFF, 0x7BEF,
    0x8619, 0x584D, 0xFA5D, 0xBA55, 0xDA55, 0xDA55, 0xDA55, 0xDA55, 0xDA55, 0xFA55, 0x7855, 0xE400, 0x8300, 0x6200, 0x7444, 0x1B5E,
    0x1B5E, 0x9444, 0x4100, 0x2511, 0xFEFF, 0xFFFF, 0xFFFF, 0x17BE, 0x307C, 0x139D, 0x139D, 0xEE73, 0xF6BD, 0xFFFF, 0xFEFF, 0x7BEF,
    0x6611, 0x584D, 0xFA5D, 0xDA55, 0xDA55, 0xDA55, 0xDA55, 0xDA55, 0xDA55, 0xFA55, 0x7855, 0xE400, 0x8300, 0x6200, 0x7444, 0x1B5E,
    0x1B5E, 0x7444, 0x4100, 0xE408, 0x8D63, 0xCE6B, 0xAE6B, 0x0F74, 0x2C5B, 0x4200, 0x0000, 0x339D, 0x928C, 0xCE6B, 0xDDFF, 0x7BEF,
    0x6611, 0x584D, 0xFA5D, 0xDA55, 0xDA55, 0xDA55, 0xDA55, 0xDA55, 0xDA55, 0xFA55, 0x7855, 0xE400, 0x8300, 0x6200, 0x7444, 0x1B5E,
    0x1B5E, 0x7444, 0x4100, 0xE408, 0x8D63, 0xCE6B, 0xAE6B, 0x0F74, 0x2C5B, 0x4200, 0x0000, 0x339D, 0x928C, 0xCE6B, 0xDDFF, 0x7BEF,
    0x6611, 0x584D, 0xFA5D, 0xDA55, 0xDA55, 0xDA55, 0xDA55, 0xDA55, 0xDA55, 0xFA55, 0x7855, 0xE400, 0x8300, 0x6200, 0x7444, 0x1B5E,
    0x1B5E, 0x9444, 0x4100, 0x2511, 0xFEFF, 0xFFFF, 0xFFFF, 0x17BE, 0x307C, 0x139D, 0x139D, 0xCE73, 0xF6BD, 0xFFFF, 0xFEFF, 0x7BEF,
    0x6611, 0x584D, 0xFA5D, 0xDA55, 0xDA55, 0xDA55, 0xDA55, 0xDA55, 0xDA55, 0xDA55, 0x9955, 0x0401, 0x8300, 0x6200, 0x7444, 0x1B5E,
    0x1B5E, 0x9444, 0x4100, 0x2511, 0x7BEF, 0xDEFF, 0x7CEF, 0x8621, 0xD6B5, 0xB28C, 0xB28C, 0xF6BD, 0x8621, 0x7CEF, 0xFEFF, 0x7BEF,
    0x6619, 0x374D, 0xDA55, 0xB955, 0xB955, 0xB955, 0xB955, 0xB955, 0xB955, 0x1B5E, 0xF644, 0xA300, 0xA300, 0x6200, 0x7444, 0x1B5E,
    0x1B5E, 0x9444, 0x4100, 0xE408, 0x7BEF, 0xFEFF, 0xDDFF, 0x7BEF, 0xFFFF, 0xCE73, 0xCE73, 0xFFFF, 0x7BEF, 0xDDFF, 0xFEFF, 0x5BEF,
    0x4511, 0xBA55, 0x5C5E, 0x3B5E, 0x3C5E, 0x3C5E, 0x3C5E, 0x3B5E, 0x5C5E, 0x374D, 0x2509, 0x6200, 0xA300, 0x6200, 0x7444, 0x1B5E,
    0x1B5E, 0x7444, 0x6200, 0x4100, 0xEF73, 0xFFFF, 0xFEFF, 0xFFFF, 0xFDFF, 0xBCF7, 0xBCF7, 0xFDFF, 0xFFFF, 0xFEFF, 0xFFFF, 0xEE73,
    0x4200, 0x2E2B, 0x4E2B, 0x2E2B, 0x2E2B, 0x2E2B, 0x2E2B, 0x2E2B, 0x4F2B, 0x4609, 0x4100, 0xA300, 0xA300, 0x6200, 0x7444, 0x1B5E,
    0x1B5E, 0x7444, 0x6200, 0xA300, 0x6200, 0x98CE, 0x78CE, 0x0F7C, 0xBCF7, 0xFEFF, 0xFEFF, 0xBCF7, 0x0F7C, 0x78CE, 0x98CE, 0x6200,
    0x8300, 0x4100, 0x2100, 0x4100, 0x4100, 0x4100, 0x4100, 0x4100, 0x2100, 0x8200, 0xA300, 0xA300, 0xA300, 0x6200, 0x7444, 0x1B5E,
    0x1B5E, 0x7444, 0x6200, 0xC300, 0x2100, 0x8A42, 0x0F74, 0x0000, 0x95AD, 0xDEFF, 0xDEFF, 0x95AD, 0x0000, 0x0F74, 0x8A42, 0x2100,
    0xA300, 0xA300, 0xA300, 0xA300, 0xA300, 0xA300, 0xA300, 0xA300, 0xA300, 0xA300, 0xA300, 0xA300, 0xA300, 0x6200, 0x7444, 0x1B5E,
    0x1B5E, 0x7444, 0x6200, 0xA300, 0xA300, 0x8300, 0x4519, 0x4100, 0x0C53, 0xFFFF, 0xFFFF, 0x2C53, 0x4100, 0x4519, 0x8300, 0xA300,
    0xA300, 0xA300, 0xA300, 0xA300, 0xA300, 0xA300, 0xA300, 0xA300, 0xA300, 0xA300, 0xA300, 0xA300, 0xA300, 0x6200, 0x7444, 0x1B5E,
    0x1B5E, 0x7444, 0x6200, 0xA300, 0xA300, 0xA300, 0x8200, 0x8200, 0x0409, 0x307C, 0x307C, 0x0409, 0x8200, 0x8200, 0xA300, 0xA300,
    0xA300, 0xA300, 0xA300, 0xA300, 0xA300, 0xA300, 0xA300, 0xA300, 0xA300, 0xA300, 0xA300, 0xA300, 0xA300, 0x6200, 0x7444, 0x1B5E,
    0x1B5E, 0x7444, 0x6200, 0xC300, 0xA300, 0xA300, 0xA300, 0xA300, 0xA300, 0x2100, 0x2100, 0xA300, 0xA300, 0xA300, 0xA300, 0xA300,
    0xA300, 0xA300, 0xA300, 0xA300, 0xA300, 0xA300, 0xA300, 0xA300, 0xA300, 0xA300, 0xA300, 0xA300, 0xC300, 0x6200, 0x7444, 0x1B5E,
    0x1B5E, 0x743C, 0x0000, 0x6200, 0x6200, 0x6200, 0x6200, 0x6200, 0x6200, 0x8200, 0x8200, 0x6200, 0x6200, 0x6200, 0x6200, 0x6200,
    0x6200, 0x6200, 0x6200, 0x6200, 0x6200, 0x6200, 0x6200, 0x6200, 0x6200, 0x6200, 0x6200, 0x6200, 0x6200, 0x0000, 0x743C, 0x1B5E,
    0xFA55, 0x7855, 0x7444, 0x9444, 0x7444, 0x7444, 0x7444, 0x7444, 0x7444, 0x7444, 0x7444, 0x7444, 0x7444, 0x7444, 0x7444, 0x7444,
    0x7444, 0x7444, 0x7444, 0x7444, 0x7444, 0x7444, 0x7444, 0x7444, 0x7444, 0x7444, 0x7444, 0x7444, 0x9444, 0x7444, 0x7855, 0xFA55,
    0xDA55, 0xDA55, 0x1B5E, 0x1B5E, 0x1B5E, 0x1B5E, 0x1B5E, 0x1B5E, 0x1B5E, 0x1B5E, 0x1B5E, 0x1B5E, 0x1B5E, 0x1B5E, 0x1B5E, 0x1B5E,
    0x1B5E, 0x1B5E, 0x1B5E, 0x1B5E, 0x1B5E, 0x1B5E, 0x1B5E, 0x1B5E, 0x1B5E, 0x1B5E, 0x1B5E, 0x1B5E, 0x1B5E, 0x1B5E, 0xDA55, 0xDA55
};

const uint16_t icon_seaf_artillery_stratagem_icon_background[] PROGMEM = {
    0x8DCD, 0xADCD, 0xCDD5, 0xCDD5, 0xCDD5, 0xCDD5, 0xCDD5, 0xCDD5, 0xCDD5, 0xCDD5, 0xCDD5, 0xCDD5, 0xCDD5, 0xCDD5, 0xCDD5, 0xCDD5,
    0xCDD5, 0xCDD5, 0xCDD5, 0xCDD5, 0xCDD5, 0xCDD5, 0xCDD5, 0xCDD5, 0xCDD5, 0xCDD5, 0xCDD5, 0xCDD5, 0xCDD5, 0xCDD5, 0xADCD, 0x8DCD,
    0xADCD, 0x4CC5, 0x8AA4, 0x8BA4, 0x8BA4, 0x8BA4, 0x8BA4, 0x8BA4, 0x8BA4, 0x8BA4, 0x8BA4, 0x8BA4, 0x8BA4, 0x8BA4, 0x8BA4, 0x8BA4,
    0x8BA4, 0x8BA4, 0x8BA4, 0x8BA4, 0x8BA4, 0x8BA4, 0x8BA4, 0x8BA4, 0x8BA4, 0x8BA4, 0x8BA4, 0x8BA4, 0x8BA4, 0x8AA4, 0x4CC5, 0xADCD,
    0xCDD5, 0x8AA4, 0x2421, 0x6431, 0x6429, 0x6429, 0x6429, 0x6429, 0x6431, 0x8431, 0x8431, 0x8431, 0x8431, 0x8431, 0x6429, 0x8431,
    0x8431, 0x6429, 0x8431, 0x8431, 0x8431, 0x8431, 0x8431, 0x6431, 0x6429, 0x6429, 0x6429, 0x6429, 0x6431, 0x2421, 0x8AA4, 0xCDD5,
    0xCDD5, 0x8BA4, 0x6431, 0xA539, 0xA431, 0xA431, 0xA431, 0xA539, 0x6431, 0x2221, 0x2329, 0x2329, 0x2229, 0x2329, 0x8431, 0x2329,
    0x2329, 0x8431, 0x2329, 0x2229, 0x2329, 0x2329, 0x2221, 0x6431, 0xA539, 0xA431, 0xA431, 0xA431, 0xA539, 0x6431, 0x8BA4, 0xCDD5,
    0xCDD5, 0x8BA4, 0x6429, 0xA431, 0xA431, 0xA431, 0xA539, 0x6329, 0x2A63, 0xF29C, 0xD09C, 0xD19C, 0xD19C, 0x9094, 0x0642, 0xB094,
    0x9094, 0x0642, 0x9094, 0xD19C, 0xD19C, 0xD09C, 0xF29C, 0x2A63, 0x6329, 0xA539, 0xA431, 0xA431, 0xA431, 0x6429, 0x8BA4, 0xCDD5,
    0xCDD5, 0x8BA4, 0x6429, 0xA431, 0xA431, 0xA431, 0xA431, 0x6431, 0x474A, 0xDDFF, 0xFFFF, 0xFFFF, 0xFFFF, 0xFDFF, 0x6852, 0xFEFF,
    0xFEFF, 0x6852, 0xFDFF, 0xFFFF, 0xFFFF, 0xFFFF, 0xDDFF, 0x474A, 0x6431, 0xA431, 0xA431, 0xA431, 0xA431, 0x6429, 0x8BA4, 0xCDD5,
    0xCDD5, 0x8BA4, 0x6429, 0xA431, 0xA431, 0xA431, 0xA431, 0xA539, 0x2221, 0x6C73, 0xFEFF, 0xDCFF, 0xFDFF, 0x5BEF, 0x674A, 0x9BF7,
    0x7BF7, 0x674A, 0x7BEF, 0xFDFF, 0xDDFF, 0xFEFF, 0x6C73, 0x2221, 0xA539, 0xA431, 0xA431, 0xA431, 0xA431, 0x6429, 0x8BA4, 0xCDD5,
    0xCDD5, 0x8BA4, 0x6429, 0xA431, 0xA431, 0xA431, 0xA431, 0xA431, 0xA539, 0x2329, 0xB4B5, 0xFFFF, 0xFDFF, 0x7BEF, 0x674A, 0x9CF7,
    0x9CF7, 0x674A, 0x7BEF, 0xFDFF, 0xFFFF, 0xB4B5, 0x2329, 0xA539, 0xA431, 0xA431, 0xA431, 0xA431, 0xA431, 0x6429, 0x8BA4, 0xCDD5,
    0xCDD5, 0x8BA4, 0x6429, 0xA431, 0xA431, 0xA431, 0xA431, 0xA431, 0xA431, 0x8431, 0xE641, 0x5BEF, 0xFEFF, 0x5BEF, 0x674A, 0x9CF7,
    0x9CF7, 0x674A, 0x5BEF, 0xFEFF, 0x5BEF, 0x0642, 0x8431, 0xA431, 0xA431, 0xA431, 0xA431, 0xA431, 0xA431, 0x6429, 0x8BA4, 0xCDD5,
    0xCDD5, 0x8BA4, 0x6429, 0xA431, 0xA431, 0xA431, 0xA431, 0xA431, 0xA431, 0xA539, 0x4329, 0x8C73, 0xFFFF, 0xFDFF, 0x8852, 0x9CF7,
    0x9CF7, 0x8852, 0xFDFF, 0xFFFF, 0x8C73, 0x4329, 0xA539, 0xA431, 0xA431, 0xA431, 0xA431, 0xA431, 0xA431, 0x6429, 0x8BA4, 0xCDD5,
    0xCDD5, 0x8BA4, 0x6429, 0xA431, 0xA431, 0xA431, 0xA431, 0xA431, 0xA431, 0xA431, 0xA431, 0x6431, 0x4F8C, 0x2F8C, 0xA539, 0x9CF7,
    0x9CF7, 0xA539, 0x4F8C, 0x4F8C, 0x6431, 0xA431, 0xA431, 0xA431, 0xA431, 0xA431, 0xA431, 0xA431, 0xA431, 0x6429, 0x8BA4, 0xCDD5,
    0xCDD5, 0x8BA4, 0x6429, 0xA431, 0xA431, 0xA431, 0xA431, 0xA431, 0xA431, 0xA431, 0xA431, 0xA431, 0x2321, 0xAD7B, 0xF29C, 0xDDFF,
    0xDDFF, 0xF29C, 0xAD7B, 0x2329, 0xA539, 0xA431, 0xA431, 0xA431, 0xA431, 0xA431, 0xA431, 0xA431, 0xA431, 0x6429, 0x8BA4, 0xCDD5,
    0xCDD5, 0x8BA4, 0x6429, 0xA431, 0xA431, 0xA431, 0xA431, 0xA431, 0xA431, 0xA431, 0xA431, 0xA539, 0x6329, 0x4F8C, 0xFFFF, 0xFDFF,
    0xFDFF, 0xFFFF, 0x4F8C, 0x6329, 0xA539, 0xA431, 0xA431, 0xA431, 0xA431, 0xA431, 0xA431, 0xA431, 0xA431, 0x6429, 0x8BA4, 0xCDD5,
    0xCDD5, 0x8BA4, 0x6429, 0xA431, 0xA431, 0xA431, 0xA431, 0xA431, 0xA431, 0xA431, 0xA431, 0xA431, 0xA539, 0x2221, 0xB4B5, 0xFFFF,
    0xFFFF, 0xB4B5, 0x2221, 0xA539, 0xA431, 0xA431, 0xA431, 0xA431, 0xA431, 0xA431, 0xA431, 0xA431, 0xA431, 0x6429, 0x8BA4, 0xCDD5,
    0xCDD5, 0x8BA4, 0x6429, 0xA431, 0xA431, 0xA431, 0xA431, 0xA431, 0xA431, 0xA431, 0xA431, 0xA431, 0xA431, 0x8431, 0x0642, 0x9CF7,
    0x9CF7, 0x0642, 0x8431, 0xA431, 0xA431, 0xA431, 0xA431, 0xA431, 0xA431, 0xA431, 0xA431, 0xA431, 0xA431, 0x6429, 0x8BA4, 0xCDD5,
    0xCDD5, 0x8BA4, 0x6429, 0xA431, 0xA431, 0xA431, 0xA431, 0xA431, 0xA431, 0xA431, 0xA431, 0xA431, 0xA431, 0xC539, 0x2329, 0xEE83,
    0xEE83, 0x2329, 0xC539, 0xA431, 0xA431, 0xA431, 0xA431, 0xA431, 0xA431, 0xA431, 0xA431, 0xA431, 0xA431, 0x6429, 0x8BA4, 0xCDD5,
    0xCDD5, 0x8BA4, 0x6429, 0xA431, 0xA431, 0xA431, 0xA431, 0xA431, 0xA431, 0xA439, 0xA431, 0x8431, 0xA439, 0x6429, 0x8431, 0x8431,
    0x8431, 0x8431, 0x6429, 0xA439, 0x8431, 0xA431, 0xA439, 0xA431, 0xA431, 0xA431, 0xA431, 0xA431, 0xA431, 0x6429, 0x8BA4, 0xCDD5,
    0xCDD5, 0x8BA4, 0x6429, 0xA431, 0xA431, 0xA431, 0xA431, 0xA431, 0xA439, 0x6429, 0x8431, 0x264A, 0x6429, 0x8652, 0xCBAC, 0x286B,
    0x286B, 0xCBAC, 0x8652, 0x6429, 0x264A, 0x8431, 0x6429, 0xA439, 0xA431, 0xA431, 0xA431, 0xA431, 0xA431, 0x6429, 0x8BA4, 0xCDD5,
    0xCDD5, 0x8BA4, 0x6429, 0xA431, 0xA431, 0xA431, 0xA431, 0xA431, 0x4429, 0x4652, 0x8AA4, 0x6652, 0x2873, 0xADCD, 0x2EDE, 0x4873,
    0x4873, 0x2EDE, 0xADCD, 0x2873, 0x6652, 0x8AA4, 0x6652, 0x4429, 0xA431, 0xA431, 0xA431, 0xA431, 0xA431, 0x6429, 0x8BA4, 0xCDD5,
    0xCDD5, 0x8BA4, 0x6429, 0xA431, 0xA431, 0xA431, 0x8431, 0x6429, 0x4873, 0xEDD5, 0x687B, 0x865A, 0xCDD5, 0x6CC5, 0xCDD5, 0x4873,
    0x4873, 0xCDD5, 0x6CC5, 0xCDD5, 0x865A, 0x687B, 0xEDD5, 0x4873, 0x6429, 0x8431, 0xA431, 0xA431, 0xA431, 0x6429, 0x8BA4, 0xCDD5,
    0xCDD5, 0x8BA4, 0x6429, 0xA431, 0xA431, 0xA431, 0xA431, 0x2A94, 0x4EE6, 0xEBB4, 0x0542, 0x8DCD, 0xEDD5, 0xADCD, 0x2EE6, 0x687B,
    0x687B, 0x2EE6, 0xADCD, 0xEDD5, 0xADCD, 0x0542, 0xEBB4, 0x4EE6, 0x2A94, 0xA439, 0xA431, 0xA431, 0xA431, 0x6429, 0x8BA4, 0xCDD5,
    0xCDD5, 0x8BA4, 0x6429, 0xA431, 0xA439, 0x6429, 0x865A, 0x8BA4, 0x8BA4, 0xA65A, 0xA65A, 0xABA4, 0x4A9C, 0x4A9C, 0x8BA4, 0xC762,
    0xC762, 0x8BA4, 0x4A9C, 0x4A9C, 0xABA4, 0xA75A, 0xA65A, 0x8BA4, 0x8BA4, 0x865A, 0x6429, 0xA439, 0xA431, 0x6429, 0x8BA4, 0xCDD5,
    0xCDD5, 0x8BA4, 0x6429, 0xA439, 0x8431, 0x0542, 0xA75A, 0x6652, 0x464A, 0xA431, 0x865A, 0x6652, 0x6652, 0x6652, 0x865A, 0xE541,
    0xE541, 0x865A, 0x6652, 0x6652, 0x6652, 0x865A, 0xA431, 0x464A, 0x6652, 0xA75A, 0x0542, 0x8431, 0xA439, 0x6429, 0x8BA4, 0xCDD5,
    0xCDD5, 0x8BA4, 0x6429, 0xA439, 0x8431, 0xABAC, 0xEDD5, 0x0EDE, 0x4A9C, 0xA65A, 0xEDD5, 0xCDD5, 0xCDD5, 0xADCD, 0x2EE6, 0x687B,
    0x6873, 0x2EE6, 0xADCD, 0xCDD5, 0xCDD5, 0xEDDD, 0xA65A, 0x4A9C, 0x0EDE, 0xEDD5, 0xABAC, 0x8431, 0xA439, 0x6429, 0x8BA4, 0xCDD5,
    0xCDD5, 0x8BA4, 0x6431, 0x6431, 0xA65A, 0xADCD, 0x6CC5, 0xEDD5, 0x076B, 0x887B, 0xEDD5, 0x6CC5, 0x8DCD, 0x6CC5, 0xEDD5, 0x4873,
    0x4873, 0xEDD5, 0x6CC5, 0x8DCD, 0x6CC5, 0xEDD5, 0x887B, 0x076B, 0xEDD5, 0x6CC5, 0xADCD, 0xA75A, 0x6431, 0x6431, 0x8BA4, 0xCDD5,
    0xCDD5, 0x8BA4, 0x8431, 0x6429, 0xE98B, 0xCDD5, 0x6CC5, 0xCDD5, 0x6652, 0x4A9C, 0xCDD5, 0x8DC5, 0x8DCD, 0x8DC5, 0xEDD5, 0x4873,
    0x4873, 0xEDD5, 0x8DC5, 0x8DCD, 0x8DC5, 0xCDD5, 0x4A9C, 0x6652, 0xCDCD, 0x6CC5, 0xCDD5, 0xE98B, 0x6429, 0x8431, 0x8BA4, 0xCDD5,
    0xCDD5, 0x8BA4, 0x6429, 0x8431, 0xABAC, 0xADCD, 0x8DC5, 0x6CC5, 0x464A, 0xCBAC, 0xADCD, 0x6CC5, 0x8DC5, 0x6CC5, 0xEDD5, 0x4873,
    0x4873, 0xEDD5, 0x6CC5, 0x8DC5, 0x6CC5, 0xADCD, 0xCBAC, 0x464A, 0x6CC5, 0x8DC5, 0xADCD, 0xABAC, 0x8431, 0x6429, 0x8BA4, 0xCDD5,
    0xCDD5, 0x8BA4, 0x6429, 0xC539, 0x6CC5, 0xEED5, 0xEDD5, 0x8DCD, 0x264A, 0x6CC5, 0xEEDD, 0xCDD5, 0xEDD5, 0xCDD5, 0x4EE6, 0x687B,
    0x687B, 0x4EE6, 0xCDD5, 0xEDD5, 0xCDD5, 0xEEDD, 0x6CC5, 0x264A, 0x8DCD, 0xEDD5, 0xEED5, 0x6CC5, 0xC539, 0x6429, 0x8BA4, 0xCDD5,
    0xCDD5, 0x8BA4, 0x6429, 0xC539, 0x887B, 0xA983, 0xA983, 0x687B, 0xE541, 0x687B, 0xA983, 0xA983, 0xA983, 0x897B, 0xC98B, 0x8652,
    0x8652, 0xC98B, 0x897B, 0xA983, 0xA983, 0xA983, 0x687B, 0xE541, 0x687B, 0xA983, 0xA983, 0x887B, 0xC539, 0x6429, 0x8BA4, 0xCDD5,
    0xCDD5, 0x8AA4, 0x4429, 0x6429, 0x2321, 0x2321, 0x2321, 0x2321, 0x6429, 0x2321, 0x2321, 0x2321, 0x2321, 0x2321, 0x0321, 0x4429,
    0x4429, 0x0321, 0x2321, 0x2321, 0x2321, 0x2321, 0x2321, 0x6429, 0x2321, 0x2321, 0x2321, 0x2321, 0x6429, 0x4429, 0x8AA4, 0xCDD5,
    0xADCD, 0x4CC5, 0x8AA4, 0x8BA4, 0xABA4, 0xABA4, 0xABA4, 0xABA4, 0x8BA4, 0xABA4, 0xABA4, 0xABA4, 0xABA4, 0xABA4, 0xABA4, 0x8BA4,
    0x8BA4, 0xABA4, 0xABA4, 0xABA4, 0xABA4, 0xABA4, 0xABA4, 0x8BA4, 0xABA4, 0xABA4, 0xABA4, 0xABA4, 0x8BA4, 0x8AA4, 0x4CC5, 0xADCD,
    0x8DCD, 0xADCD, 0xCDD5, 0xCDD5, 0xCDD5, 0xCDD5, 0xCDD5, 0xCDD5, 0xCDD5, 0xCDD5, 0xCDD5, 0xCDD5, 0xCDD5, 0xCDD5, 0xCDD5, 0xCDD5,
    0xCDD5, 0xCDD5, 0xCDD5, 0xCDD5, 0xCDD5, 0xCDD5, 0xCDD5, 0xCDD5, 0xCDD5, 0xCDD5, 0xCDD5, 0xCDD5, 0xCDD5, 0xCDD5, 0xADCD, 0x8DCD
};

const uint16_t icon_sos_beacon_stratagem_icon_background[] PROGMEM = {
    0x8DCD, 0xADCD, 0xCDD5, 0xCDD5, 0xCDD5, 0xCDD5, 0xCDD5, 0xCDD5, 0xCDD5, 0xCDD5, 0xCDD5, 0xCDD5, 0xCDD5, 0xCDD5, 0xCDD5, 0xCDD5,
    0xCDD5, 0xCDD5, 0xCDD5, 0xCDD5, 0xCDD5, 0xCDD5, 0xCDD5, 0xCDD5, 0xCDD5, 0xCDD5, 0xCDD5, 0xCDD5, 0xCDD5, 0xCDD5, 0xADCD, 0x8DCD,
    0xADCD, 0x4CC5, 0x8AA4, 0x8AA4, 0x8AA4, 0x8AA4, 0x6AA4, 0x8BA4, 0x8BA4, 0x8BA4, 0x8BA4, 0x8BA4, 0x8BA4, 0x8BA4, 0x8BA4, 0x8BA4,
    0x8BA4, 0x8BA4, 0x8BA4, 0x8BA4, 0x8BA4, 0x8BA4, 0x8BA4, 0x8BA4, 0x8BA4, 0x6AA4, 0x8AA4, 0x8AA4, 0x8AA4, 0x8AA4, 0x4CC5, 0xADCD,
    0xCDD5, 0x8AA4, 0x4429, 0xA539, 0xA439, 0xA439, 0xC539, 0x6429, 0x6429, 0x6429, 0x6429, 0x6429, 0x6429, 0x6429, 0x6429, 0x6429,
    0x6429, 0x6429, 0x6429, 0x6429, 0x6429, 0x6429, 0x6429, 0x6429, 0x6429, 0xC539, 0xA439, 0xA439, 0xA539, 0x4429, 0x8AA4, 0xCDD5,
    0xCDD5, 0x8AA4, 0xA439, 0x2CBD, 0x6CC5, 0x8DCD, 0x6873, 0x8431, 0xA439, 0xA431, 0xA431, 0xA431, 0xA431, 0xA431, 0xA431, 0xA431,
    0xA431, 0xA431, 0xA431, 0xA431, 0xA431, 0xA431, 0xA431, 0xA439, 0x8431, 0x4873, 0x8DCD, 0x6CC5, 0x2CBD, 0xA439, 0x8AA4, 0xCDD5,
    0xCDD5, 0x8AA4, 0xA439, 0x6CC5, 0xEEDD, 0xA983, 0x6429, 0xA431, 0xA431, 0xA431, 0xA431, 0xA431, 0xA431, 0xA431, 0xA431, 0xA431,
    0xA431, 0xA431, 0xA431, 0xA431, 0xA431, 0xA431, 0xA431, 0xA431, 0xA431, 0x6429, 0xA983, 0xEEDD, 0x6CC5, 0xA439, 0x8AA4, 0xCDD5,
    0xCDD5, 0x8AA4, 0xA439, 0x8DCD, 0xA983, 0x4429, 0xA431, 0xA431, 0xA431, 0xA431, 0xA431, 0xA431, 0xA431, 0xA431, 0xA431, 0xA431,
    0xA431, 0xA431, 0xA431, 0xA431, 0xA431, 0xA431, 0xA431, 0xA431, 0xA431, 0xA431, 0x4429, 0xA983, 0x8DCD, 0xA439, 0x8AA4, 0xCDD5,
    0xCDD5, 0x6AA4, 0xC539, 0x687B, 0x6429, 0xA431, 0xA431, 0xA431, 0xA431, 0xA431, 0xA431, 0xA431, 0xA539, 0xA539, 0x8431, 0x8431,
    0x8431, 0x8431, 0xA539, 0xA539, 0xA431, 0xA431, 0xA431, 0xA431, 0xA431, 0xA431, 0xA431, 0x6429, 0x4873, 0xC539, 0x6AA4, 0xCDD5,
    0xCDD5, 0x8BA4, 0x6429, 0x8431, 0xA431, 0xA431, 0xA431, 0xA431, 0xA431, 0xA431, 0xA539, 0x8431, 0x2329, 0x2229, 0xA539, 0x0642,
    0x0642, 0xA539, 0x2229, 0x2229, 0x8431, 0xA539, 0xA431, 0xA431, 0xA431, 0xA431, 0xA431, 0xA431, 0x8431, 0x6429, 0x8BA4, 0xCDD5,
    0xCDD5, 0x8BA4, 0x6429, 0xA539, 0xA431, 0xA431, 0xA431, 0xA431, 0xA431, 0xA539, 0x4329, 0x8431, 0x0E84, 0x37C6, 0xF9DE, 0xF9E6,
    0xF9E6, 0xF9DE, 0x37C6, 0x0E84, 0x8431, 0x4329, 0xA539, 0xA431, 0xA431, 0xA431, 0xA431, 0xA431, 0xA539, 0x6429, 0x8BA4, 0xCDD5,
    0xCDD5, 0x8BA4, 0x6429, 0xA431, 0xA431, 0xA431, 0xA431, 0xA431, 0xA539, 0x4329, 0x4B6B, 0x1BE7, 0x58CE, 0xED7B, 0xE95A, 0xC95A,
    0xC95A, 0xE95A, 0xED7B, 0x58CE, 0x1BE7, 0x4B6B, 0x4329, 0xA539, 0xA431, 0xA431, 0xA431, 0xA431, 0xA431, 0x6429, 0x8BA4, 0xCDD5,
    0xCDD5, 0x8BA4, 0x6429, 0xA431, 0xA431, 0xA431, 0xA431, 0xA539, 0x4329, 0x0E84, 0x9CF7, 0x4B6B, 0x674A, 0x33A5, 0x98D6, 0xD9DE,
    0xD9DE, 0x98D6, 0x33A5, 0x474A, 0x4B6B, 0x9CF7, 0x0E84, 0x4329, 0xA539, 0xA431, 0xA431, 0xA431, 0xA431, 0x6429, 0x8BA4, 0xCDD5,
    0xCDD5, 0x8BA4, 0x6429, 0xA431, 0xA431, 0xA431, 0xA431, 0xA431, 0x6431, 0xE95A, 0xA852, 0x7094, 0x7CEF, 0xD19C, 0xEA62, 0xC95A,
    0xC95A, 0xEA62, 0xD19C, 0x7CEF, 0x7094, 0xA852, 0xE95A, 0x6431, 0xA431, 0xA431, 0xA431, 0xA431, 0xA431, 0x6429, 0x8BA4, 0xCDD5,
    0xCDD5, 0x8BA4, 0x6429, 0xA431, 0xA431, 0xA431, 0xA431, 0xA431, 0xA539, 0x2329, 0x0642, 0x16C6, 0x6852, 0xAD73, 0x78CE, 0xF9DE,
    0xF9DE, 0x78CE, 0xAD73, 0x6852, 0x16C6, 0x0642, 0x2329, 0xA539, 0xA431, 0xA431, 0xA431, 0xA431, 0xA431, 0x6429, 0x8BA4, 0xCDD5,
    0xCDD5, 0x8BA4, 0x6429, 0xA431, 0xA431, 0xA431, 0xA431, 0xA431, 0xA539, 0xC539, 0xC539, 0xE220, 0x32A5, 0x1AE7, 0xAC73, 0x674A,
    0x6752, 0xAD73, 0x1AE7, 0x32A5, 0xE220, 0xC539, 0xC539, 0xA431, 0xA431, 0xA431, 0xA431, 0xA431, 0xA431, 0x6429, 0x8BA4, 0xCDD5,
    0xCDD5, 0x8BA4, 0x6429, 0xA431, 0xA431, 0xA431, 0xA431, 0xA431, 0x4329, 0x2221, 0x2329, 0x6431, 0x8852, 0xC539, 0xE118, 0x0221,
    0x0221, 0xE118, 0xC539, 0x8852, 0x6329, 0x2329, 0x2229, 0x6329, 0xA431, 0xA431, 0xA431, 0xA431, 0xA431, 0x6429, 0x8BA4, 0xCDD5,
    0xCDD5, 0x8BA4, 0x6429, 0xA431, 0xA431, 0xA431, 0xA431, 0x6431, 0x0A63, 0x4F8C, 0x0E84, 0x6752, 0x4329, 0x6431, 0xC95A, 0x4F8C,
    0x4F8C, 0xC95A, 0x6431, 0x4329, 0xC95A, 0x2F84, 0x2F84, 0xA95A, 0x6429, 0xA431, 0xA431, 0xA431, 0xA431, 0x6429, 0x8BA4, 0xCDD5,
    0xCDD5, 0x8BA4, 0x6429, 0xA431, 0xA431, 0xA539, 0x6329, 0x0A63, 0xFDFF, 0x5BEF, 0xBDF7, 0x5BEF, 0xC539, 0x674A, 0xBCF7, 0xD9DE,
    0xD9DE, 0xBCF7, 0x474A, 0x474A, 0xBCF7, 0x7CEF, 0x9CF7, 0xBCF7, 0x674A, 0x6431, 0xA431, 0xA431, 0xA431, 0x6429, 0x8BA4, 0xCDD5,
    0xCDD5, 0x8BA4, 0x6429, 0xA431, 0xA431, 0xA539, 0x2221, 0x9094, 0x9CF7, 0x2221, 0x674A, 0xFEFF, 0x474A, 0x4B6B, 0x7BEF, 0x4329,
    0x4329, 0x7BEF, 0x2A63, 0x2A63, 0xFFFF, 0xC539, 0xA431, 0xFDFF, 0x6B6B, 0x4329, 0xA539, 0xA431, 0xA431, 0x6429, 0x8BA4, 0xCDD5,
    0xCDD5, 0x8BA4, 0x6429, 0xA431, 0xA431, 0xA539, 0x6329, 0xC95A, 0x9DF7, 0x37C6, 0x474A, 0x474A, 0x6329, 0x6B6B, 0x3AE7, 0xA431,
    0xA431, 0x5AEF, 0x4B6B, 0xC539, 0x5BEF, 0xB9DE, 0x8852, 0x2642, 0xE539, 0x8431, 0xA431, 0xA431, 0xA431, 0x6429, 0x8BA4, 0xCDD5,
    0xCDD5, 0x8BA4, 0x6429, 0xA431, 0xA431, 0xA431, 0xA539, 0x2329, 0x0642, 0x98D6, 0xBDF7, 0x4B6B, 0xE220, 0x8C73, 0x5AEF, 0xA431,
    0xA431, 0x5AEF, 0x8C73, 0xE220, 0xA539, 0xF6BD, 0xFEFF, 0xCD7B, 0x4329, 0xA539, 0xA431, 0xA431, 0xA431, 0x6429, 0x8BA4, 0xCDD5,
    0xCDD5, 0x8BA4, 0x6429, 0xA431, 0xA431, 0xA431, 0x6431, 0x8852, 0x6B6B, 0xE120, 0x708C, 0xFEFF, 0xE539, 0x4B6B, 0x3AE7, 0x4329,
    0x4329, 0x3AE7, 0x4B6B, 0xE539, 0xCD7B, 0x0221, 0xAC73, 0xFEFF, 0xE95A, 0x4329, 0xA539, 0xA431, 0xA431, 0x6429, 0x8BA4, 0xCDD5,
    0xCDD5, 0x8BA4, 0x6429, 0xA431, 0xA431, 0xA539, 0x2221, 0x6F8C, 0xFEFF, 0x674A, 0x2B6B, 0xFEFF, 0x474A, 0x0A63, 0xDDFF, 0xC95A,
    0xC95A, 0xFDFF, 0xEA62, 0x0A63, 0xFFFF, 0xEA62, 0x8852, 0xFEFF, 0x6C73, 0x2329, 0xA539, 0xA431, 0xA431, 0x6429, 0x8BA4, 0xCDD5,
    0xCDD5, 0x8BA4, 0x6429, 0xA431, 0xA431, 0xA431, 0x6431, 0x674A, 0x1AE7, 0xDDFF, 0xFEFF, 0x36C6, 0x8431, 0xC539, 0x36C6, 0x9CF7,
    0x9CF7, 0x36C6, 0xA539, 0xE641, 0xB8D6, 0xFDFF, 0xFEFF, 0xB9DE, 0xE641, 0x8431, 0xA431, 0xA431, 0xA431, 0x6429, 0x8BA4, 0xCDD5,
    0xCDD5, 0x8BA4, 0x6429, 0xA539, 0xA431, 0xA431, 0xA431, 0x6431, 0xE641, 0xC95A, 0xA852, 0xA431, 0x8431, 0x8431, 0x8431, 0x0642,
    0x0642, 0x8431, 0x8431, 0x8431, 0xC539, 0xA95A, 0xA95A, 0xC539, 0x6431, 0xA431, 0xA431, 0xA431, 0xA539, 0x6429, 0x8BA4, 0xCDD5,
    0xCDD5, 0x8BA4, 0x6429, 0x8431, 0xA431, 0xA431, 0xA431, 0xA431, 0x8431, 0x6329, 0x6329, 0xA431, 0xA431, 0xA431, 0xA431, 0x8431,
    0x8431, 0xA431, 0xA431, 0xA431, 0x8431, 0x6329, 0x6329, 0x8431, 0xA431, 0xA431, 0xA431, 0xA431, 0x8431, 0x6429, 0x8BA4, 0xCDD5,
    0xCDD5, 0x6AA4, 0xC539, 0x687B, 0x6429, 0xA431, 0xA431, 0xA431, 0xA431, 0xA539, 0xA539, 0xA431, 0xA431, 0xA431, 0xA431, 0xA431,
    0xA431, 0xA431, 0xA431, 0xA431, 0xA431, 0xA539, 0xA539, 0xA431, 0xA431, 0xA431, 0xA431, 0x6429, 0x687B, 0xC539, 0x6AA4, 0xCDD5,
    0xCDD5, 0x8AA4, 0xA439, 0x8DCD, 0xA983, 0x4429, 0xA431, 0xA431, 0xA431, 0xA431, 0xA431, 0xA431, 0xA431, 0xA431, 0xA431, 0xA431,
    0xA431, 0xA431, 0xA431, 0xA431, 0xA431, 0xA431, 0xA431, 0xA431, 0xA431, 0xA431, 0x4429, 0xA983, 0x8DCD, 0xA439, 0x8AA4, 0xCDD5,
    0xCDD5, 0x8AA4, 0xA439, 0x6CC5, 0xEEDD, 0xA983, 0x6429, 0xA431, 0xA431, 0xA431, 0xA431, 0xA431, 0xA431, 0xA431, 0xA431, 0xA431,
    0xA431, 0xA431, 0xA431, 0xA431, 0xA431, 0xA431, 0xA431, 0xA431, 0xA431, 0x6429, 0xA983, 0xEEDD, 0x6CC5, 0xA439, 0x8AA4, 0xCDD5,
    0xCDD5, 0x8AA4, 0xA439, 0x2CBD, 0x6CC5, 0x8DCD, 0x687B, 0x8431, 0xA439, 0xA431, 0xA431, 0xA431, 0xA431, 0xA431, 0xA431, 0xA431,
    0xA431, 0xA431, 0xA431, 0xA431, 0xA431, 0xA431, 0xA431, 0xA439, 0x8431, 0x687B, 0x8DCD, 0x6CC5, 0x2CBD, 0xA439, 0x8AA4, 0xCDD5,
    0xCDD5, 0x8AA4, 0x4429, 0xA539, 0xA439, 0xA439, 0xC539, 0x6429, 0x6429, 0x6429, 0x6429, 0x6429, 0x6429, 0x6429, 0x6429, 0x6429,
    0x6429, 0x6429, 0x6429, 0x6429, 0x6429, 0x6429, 0x6429, 0x6429, 0x6429, 0xC539, 0xA439, 0xA439, 0xA539, 0x4429, 0x8AA4, 0xCDD5,
    0xADCD, 0x4CC5, 0x8AA4, 0x8AA4, 0x8AA4, 0x8AA4, 0x6AA4, 0x8BA4, 0x8BA4, 0x8BA4, 0x8BA4, 0x8BA4, 0x8BA4, 0x8BA4, 0x8BA4, 0x8BA4,
    0x8BA4, 0x8BA4, 0x8BA4, 0x8BA4, 0x8BA4, 0x8BA4, 0x8BA4, 0x8BA4, 0x8BA4, 0x6AA4, 0x8AA4, 0x8AA4, 0x8AA4, 0x8AA4, 0x4CC5, 0xADCD,
    0x8DCD, 0xADCD, 0xCDD5, 0xCDD5, 0xCDD5, 0xCDD5, 0xCDD5, 0xCDD5, 0xCDD5, 0xCDD5, 0xCDD5, 0xCDD5, 0xCDD5, 0xCDD5, 0xCDD5, 0xCDD5,
    0xCDD5, 0xCDD5, 0xCDD5, 0xCDD5, 0xCDD5, 0xCDD5, 0xCDD5, 0xCDD5, 0xCDD5, 0xCDD5, 0xCDD5, 0xCDD5, 0xCDD5, 0xCDD5, 0xADCD, 0x8DCD
};

const uint16_t icon_seismic_probe_stratagem_icon_background[] PROGMEM = {
    0x8DCD, 0xADCD, 0xCDD5, 0xCDD5, 0xCDD5, 0xCDD5, 0xCDD5, 0xCDD5, 0xCDD5, 0xCDD5, 0xCDD5, 0xCDD5, 0xCDD5, 0xCDD5, 0xCDD5, 0xCDD5,
    0xCDD5, 0xCDD5, 0xCDD5, 0xCDD5, 0xCDD5, 0xCDD5, 0xCDD5, 0xCDD5, 0xCDD5, 0xCDD5, 0xCDD5, 0xCDD5, 0xCDD5, 0xCDD5, 0xADCD, 0x8DCD,
    0xADCD, 0x4CC5, 0x8AA4, 0x8AA4, 0x8AA4, 0x8AA4, 0x6AA4, 0x8BA4, 0x8BA4, 0x8BA4, 0x8BA4, 0x8BA4, 0x8BA4, 0x8BA4, 0x8BA4, 0x8BA4,
    0x8BA4, 0x8BA4, 0x8BA4, 0x8BA4, 0x8BA4, 0x8BA4, 0x8BA4, 0x8BA4, 0x8BA4, 0x6AA4, 0x8AA4, 0x8AA4, 0x8AA4, 0x8AA4, 0x4CC5, 0xADCD,
    0xCDD5, 0x8AA4, 0x4429, 0xA539, 0xA439, 0xA439, 0xC539, 0x6429, 0x6429, 0x6429, 0x6429, 0x6429, 0x6429, 0x6429, 0x6429, 0x6429,
    0x6429, 0x6429, 0x6429, 0x6429, 0x6429, 0x6429, 0x6429, 0x6429, 0x6429, 0xC539, 0xA439, 0xA439, 0xA539, 0x4429, 0x8AA4, 0xCDD5,
    0xCDD5, 0x8AA4, 0xA439, 0x2CBD, 0x6CC5, 0x8DCD, 0x6873, 0x8431, 0xA439, 0xA431, 0xA431, 0xA431, 0xA431, 0xA431, 0xA431, 0xA431,
    0xA431, 0xA431, 0xA431, 0xA431, 0xA431, 0xA431, 0xA431, 0xA439, 0x8431, 0x4873, 0x8DCD, 0x6CC5, 0x2CBD, 0xA439, 0x8AA4, 0xCDD5,
    0xCDD5, 0x8AA4, 0xA439, 0x6CC5, 0xEEDD, 0xA983, 0x6429, 0xA431, 0xA431, 0xA431, 0xA431, 0xA431, 0xA431, 0xA431, 0xA431, 0xA431,
    0xA431, 0xA431, 0xA431, 0xA431, 0xA431, 0xA431, 0xA431, 0xA431, 0xA431, 0x6429, 0xA983, 0xEEDD, 0x6CC5, 0xA439, 0x8AA4, 0xCDD5,
    0xCDD5, 0x8AA4, 0xA439, 0x8DCD, 0xA983, 0x4429, 0xA431, 0xA431, 0xA431, 0xA431, 0xA431, 0xA431, 0xA431, 0xA431, 0xA431, 0xA431,
    0xA431, 0xA431, 0xA431, 0xA431, 0xA431, 0xA431, 0xA431, 0xA431, 0xA431, 0xA431, 0x4429, 0xA983, 0x8DCD, 0xA439, 0x8AA4, 0xCDD5,
    0xCDD5, 0x6AA4, 0xC539, 0x687B, 0x6429, 0xA431, 0xA431, 0xA431, 0xA431, 0xA431, 0xA431, 0xA431, 0xA431, 0xA431, 0xA431, 0xA431,
    0xA431, 0xA431, 0xA431, 0xA431, 0xA431, 0xA431, 0xA431, 0xA431, 0xA431, 0xA431, 0xA431, 0x6429, 0x4873, 0xC539, 0x6AA4, 0xCDD5,
    0xCDD5, 0x8BA4, 0x6429, 0x8431, 0xA431, 0xA431, 0xA431, 0xA431, 0xA431, 0xA431, 0xA431, 0xA431, 0xA431, 0xA431, 0x6431, 0x8431,
    0x8431, 0xA539, 0xA431, 0xA431, 0xA431, 0xA431, 0xA431, 0xA431, 0xA431, 0xA431, 0xA431, 0xA431, 0x8431, 0x6429, 0x8BA4, 0xCDD5,
    0xCDD5, 0x8BA4, 0x6429, 0xA539, 0xA431, 0xA431, 0xA431, 0xA431, 0xA431, 0xA431, 0xA431, 0xA431, 0xA539, 0x0221, 0x6F94, 0xD9DE,
    0xC539, 0x6431, 0xA539, 0xA431, 0xA431, 0xA431, 0xA431, 0xA431, 0xA431, 0xA431, 0xA431, 0xA431, 0xA539, 0x6429, 0x8BA4, 0xCDD5,
    0xCDD5, 0x8BA4, 0x6429, 0xA431, 0xA431, 0xA431, 0xA431, 0xA431, 0xA431, 0xA431, 0xA431, 0xA539, 0x2221, 0x2E84, 0xFFFF, 0xF5BD,
    0x274A, 0x0642, 0x6431, 0xC539, 0xA539, 0xA431, 0xA431, 0xA431, 0xA431, 0xA431, 0xA431, 0xA431, 0xA431, 0x6429, 0x8BA4, 0xCDD5,
    0xCDD5, 0x8BA4, 0x6429, 0xA431, 0xA431, 0xA431, 0xA431, 0xA431, 0xA431, 0xA431, 0xA431, 0x0221, 0x2E84, 0xFFFF, 0xB4B5, 0xA431,
    0xB9D6, 0xD9DE, 0xC539, 0x2229, 0x6329, 0xA431, 0xA431, 0xA431, 0xA431, 0xA431, 0xA431, 0xA431, 0xA431, 0x6429, 0x8BA4, 0xCDD5,
    0xCDD5, 0x8BA4, 0x6429, 0xA431, 0xA431, 0xA431, 0xA431, 0xA431, 0xA431, 0xA431, 0x6431, 0x9094, 0xFFFF, 0xB4B5, 0xA539, 0x98D6,
    0xFFFF, 0xFFFF, 0x57CE, 0xB194, 0xCD7B, 0x6329, 0xA539, 0xA431, 0xA431, 0xA431, 0xA431, 0xA431, 0xA431, 0x6429, 0x8BA4, 0xCDD5,
    0xCDD5, 0x8BA4, 0x6429, 0xA431, 0xA431, 0xA431, 0xA431, 0xA431, 0xA431, 0xA431, 0x6329, 0xF5BD, 0xF5BD, 0xA431, 0x98D6, 0xFFFF,
    0xFDFF, 0xFDFF, 0xFEFF, 0xFFFF, 0x9CF7, 0x274A, 0x8431, 0xA431, 0xA431, 0xA431, 0xA431, 0xA431, 0xA431, 0x6429, 0x8BA4, 0xCDD5,
    0xCDD5, 0x8BA4, 0x6429, 0xA431, 0xA431, 0xA431, 0xA431, 0xA431, 0xA431, 0xA431, 0x8431, 0x8431, 0xE541, 0xD9DE, 0xFFFF, 0xFDFF,
    0xFDFF, 0xFDFF, 0xFDFF, 0xFEFF, 0x1AE7, 0xE641, 0x4329, 0xA539, 0xA431, 0xA431, 0xA431, 0xA431, 0xA431, 0x6429, 0x8BA4, 0xCDD5,
    0xCDD5, 0x8BA4, 0x6429, 0xA431, 0xA431, 0xA431, 0xA431, 0xA431, 0xA431, 0xA431, 0xA431, 0x8431, 0xA539, 0xD5BD, 0xFFFF, 0xFDFF,
    0xFDFF, 0xFDFF, 0xFDFF, 0xFDFF, 0xFEFF, 0x77CE, 0x0642, 0xA431, 0xA539, 0xA431, 0xA431, 0xA431, 0xA431, 0x6429, 0x8BA4, 0xCDD5,
    0xCDD5, 0x8BA4, 0x6429, 0xA431, 0xA431, 0xA431, 0xA431, 0xA431, 0xA431, 0xA431, 0xA431, 0xA431, 0x8431, 0x4329, 0x53AD, 0xFEFF,
    0xDDFF, 0xFDFF, 0xFDFF, 0xFDFF, 0xDCFF, 0xFFFF, 0x32A5, 0xC118, 0x8431, 0xA431, 0xA431, 0xA431, 0xA431, 0x6429, 0x8BA4, 0xCDD5,
    0xCDD5, 0x8BA4, 0x6429, 0xA431, 0xA431, 0xA431, 0xA431, 0xA431, 0xA431, 0xA431, 0xA431, 0xA431, 0xC539, 0x2221, 0x6F8C, 0xFEFF,
    0xFEFF, 0xFDFF, 0xFDFF, 0xFDFF, 0xFFFF, 0x16C6, 0x0642, 0xF2A4, 0x6852, 0x6431, 0xA431, 0xA431, 0xA431, 0x6429, 0x8BA4, 0xCDD5,
    0xCDD5, 0x8BA4, 0x6429, 0xA431, 0xA431, 0xA431, 0xA431, 0xA431, 0xA431, 0xA431, 0xA431, 0xA539, 0x2321, 0x9094, 0xFFFF, 0xDDFF,
    0x77D6, 0xFEFF, 0xDDFF, 0xFFFF, 0x37C6, 0xA439, 0x16C6, 0xFFFF, 0x6B6B, 0x4329, 0xA539, 0xA431, 0xA431, 0x6429, 0x8BA4, 0xCDD5,
    0xCDD5, 0x8BA4, 0x6429, 0xA431, 0xA431, 0xA431, 0xA431, 0xA431, 0xA431, 0xA431, 0xA539, 0x2329, 0x9094, 0xFFFF, 0xFEFF, 0x0E84,
    0x2221, 0x94B5, 0xFFFF, 0x16C6, 0xA431, 0x16C6, 0xFFFF, 0xCD7B, 0x4329, 0xA539, 0xA431, 0xA431, 0xA431, 0x6429, 0x8BA4, 0xCDD5,
    0xCDD5, 0x8BA4, 0x6429, 0xA431, 0xA431, 0xA431, 0xA431, 0xA431, 0xA431, 0xA539, 0x2329, 0x9094, 0xFFFF, 0xFEFF, 0x0E84, 0x2329,
    0x8431, 0x8431, 0x6F8C, 0x474A, 0x16C6, 0xFFFF, 0xCD7B, 0x2221, 0xA539, 0xA431, 0xA431, 0xA431, 0xA431, 0x6429, 0x8BA4, 0xCDD5,
    0xCDD5, 0x8BA4, 0x6429, 0xA431, 0xA431, 0xA431, 0xA431, 0xA431, 0xA539, 0x2329, 0x9094, 0xFFFF, 0xFEFF, 0x0E84, 0x2221, 0xA539,
    0xA431, 0xA539, 0xC118, 0x6F94, 0xFFFF, 0xCD7B, 0x2221, 0xC539, 0xA431, 0xA431, 0xA431, 0xA431, 0xA431, 0x6429, 0x8BA4, 0xCDD5,
    0xCDD5, 0x8BA4, 0x6429, 0xA431, 0xA431, 0xA431, 0xA431, 0xA431, 0x2221, 0x9094, 0xFFFF, 0xFEFF, 0x0E84, 0x2221, 0xA539, 0xA431,
    0xA431, 0xA431, 0xA431, 0xE641, 0x0A63, 0x4329, 0xA539, 0xA431, 0xA431, 0xA431, 0xA431, 0xA431, 0xA431, 0x6429, 0x8BA4, 0xCDD5,
    0xCDD5, 0x8BA4, 0x6429, 0xA431, 0xA431, 0xA431, 0xA431, 0x8431, 0xD19C, 0xFFFF, 0xFEFF, 0x2E84, 0x2221, 0xA539, 0xA431, 0xA431,
    0xA431, 0xA431, 0xA431, 0x8431, 0x4329, 0xA539, 0xA431, 0xA431, 0xA431, 0xA431, 0xA431, 0xA431, 0xA431, 0x6429, 0x8BA4, 0xCDD5,
    0xCDD5, 0x8BA4, 0x6429, 0xA539, 0xA431, 0xA431, 0xA431, 0x8431, 0x77CE, 0xFFFF, 0x0E84, 0x2221, 0xA539, 0xA431, 0xA431, 0xA431,
    0xA431, 0xA431, 0xA431, 0xA431, 0xA539, 0xA431, 0xA431, 0xA431, 0xA431, 0xA431, 0xA431, 0xA431, 0xA539, 0x6429, 0x8BA4, 0xCDD5,
    0xCDD5, 0x8BA4, 0x6429, 0x8431, 0xA431, 0xA431, 0xA431, 0x6431, 0x0642, 0x8C73, 0x4329, 0xA539, 0xA431, 0xA431, 0xA431, 0xA431,
    0xA431, 0xA431, 0xA431, 0xA431, 0xA431, 0xA431, 0xA431, 0xA431, 0xA431, 0xA431, 0xA431, 0xA431, 0x8431, 0x6429, 0x8BA4, 0xCDD5,
    0xCDD5, 0x6AA4, 0xC539, 0x6873, 0x6429, 0xA431, 0xA431, 0xA431, 0x8431, 0x4329, 0xA539, 0xA431, 0xA431, 0xA431, 0xA431, 0xA431,
    0xA431, 0xA431, 0xA431, 0xA431, 0xA431, 0xA431, 0xA431, 0xA431, 0xA431, 0xA431, 0xA431, 0x6429, 0x4873, 0xC539, 0x6AA4, 0xCDD5,
    0xCDD5, 0x8AA4, 0xA439, 0x8DCD, 0xA983, 0x4429, 0xA431, 0xA431, 0xA431, 0xA539, 0xA431, 0xA431, 0xA431, 0xA431, 0xA431, 0xA431,
    0xA431, 0xA431, 0xA431, 0xA431, 0xA431, 0xA431, 0xA431, 0xA431, 0xA431, 0xA431, 0x4429, 0xA983, 0x8DCD, 0xA439, 0x8AA4, 0xCDD5,
    0xCDD5, 0x8AA4, 0xA439, 0x6CC5, 0xEEDD, 0xA983, 0x6429, 0xA431, 0xA431, 0xA431, 0xA431, 0xA431, 0xA431, 0xA431, 0xA431, 0xA431,
    0xA431, 0xA431, 0xA431, 0xA431, 0xA431, 0xA431, 0xA431, 0xA431, 0xA431, 0x6429, 0xA983, 0xEEDD, 0x6CC5, 0xA439, 0x8AA4, 0xCDD5,
    0xCDD5, 0x8AA4, 0xA439, 0x2CBD, 0x6CC5, 0x8DCD, 0x6873, 0x8431, 0xA439, 0xA431, 0xA431, 0xA431, 0xA431, 0xA431, 0xA431, 0xA431,
    0xA431, 0xA431, 0xA431, 0xA431, 0xA431, 0xA431, 0xA431, 0xA439, 0x8431, 0x4873, 0x8DCD, 0x6CC5, 0x2CBD, 0xA439, 0x8AA4, 0xCDD5,
    0xCDD5, 0x8AA4, 0x4429, 0xA539, 0xA439, 0xA439, 0xC539, 0x6429, 0x6429, 0x6429, 0x6429, 0x6429, 0x6429, 0x6429, 0x6429, 0x6429,
    0x6429, 0x6429, 0x6429, 0x6429, 0x6429, 0x6429, 0x6429, 0x6429, 0x6429, 0xC539, 0xA439, 0xA439, 0xA539, 0x4429, 0x8AA4, 0xCDD5,
    0xADCD, 0x4CC5, 0x8AA4, 0x8AA4, 0x8AA4, 0x8AA4, 0x6AA4, 0x8BA4, 0x8BA4, 0x8BA4, 0x8BA4, 0x8BA4, 0x8BA4, 0x8BA4, 0x8BA4, 0x8BA4,
    0x8BA4, 0x8BA4, 0x8BA4, 0x8BA4, 0x8BA4, 0x8BA4, 0x8BA4, 0x8BA4, 0x8BA4, 0x6AA4, 0x8AA4, 0x8AA4, 0x8AA4, 0x8AA4, 0x4CC5, 0xADCD,
    0x8DCD, 0xADCD, 0xCDD5, 0xCDD5, 0xCDD5, 0xCDD5, 0xCDD5, 0xCDD5, 0xCDD5, 0xCDD5, 0xCDD5, 0xCDD5, 0xCDD5, 0xCDD5, 0xCDD5, 0xCDD5,
    0xCDD5, 0xCDD5, 0xCDD5, 0xCDD5, 0xCDD5, 0xCDD5, 0xCDD5, 0xCDD5, 0xCDD5, 0xCDD5, 0xCDD5, 0xCDD5, 0xCDD5, 0xCDD5, 0xADCD, 0x8DCD
};

const uint16_t icon_shield_generator_pack_stratagem_icon_background[] PROGMEM = {
    0xDA55, 0xDA55, 0x1B5E, 0x1B5E, 0x1B5E, 0x1B5E, 0x1B5E, 0x1B5E, 0x1B5E, 0x1B5E, 0x1B5E, 0x1B5E, 0x1B5E, 0x1B5E, 0x1B5E, 0x1B5E,
    0x1B5E, 0x1B5E, 0x1B5E, 0x1B5E, 0x1B5E, 0x1B5E, 0x1B5E, 0x1B5E, 0x1B5E, 0x1B5E, 0x1B5E, 0x1B5E, 0x1B5E, 0x1B5E, 0xDA55, 0xDA55,
    0xFA55, 0x7855, 0x7444, 0x9444, 0x7444, 0x7444, 0x7444, 0x7444, 0x7444, 0x7444, 0x7444, 0x7444, 0x7444, 0x7444, 0x7444, 0x7444,
    0x7444, 0x7444, 0x7444, 0x7444, 0x7444, 0x7444, 0x7444, 0x7444, 0x7444, 0x7444, 0x7444, 0x7444, 0x9444, 0x7444, 0x7855, 0xFA55,
    0x1B5E, 0x743C, 0x0000, 0x6200, 0x6200, 0x6200, 0x6200, 0x6200, 0x6200, 0x6200, 0x6200, 0x6200, 0x6200, 0x6200, 0x6200, 0x6200,
    0x6200, 0x6200, 0x6200, 0x6200, 0x6200, 0x6200, 0x6200, 0x6200, 0x6200, 0x6200, 0x6200, 0x6200, 0x6200, 0x0000, 0x743C, 0x1B5E,
    0x1B5E, 0x7444, 0x6200, 0xC300, 0xA300, 0xA300, 0xA300, 0xA300, 0xA300, 0xA300, 0xA300, 0xA300, 0xA300, 0xA300, 0xC300, 0xC300,
    0xC300, 0xC300, 0xC300, 0xC300, 0xC300, 0xC300, 0xC300, 0xC300, 0xC300, 0xC300, 0xC300, 0xA300, 0xA300, 0x6200, 0x7444, 0x1B5E,
    0x1B5E, 0x7444, 0x6200, 0xA300, 0xA300, 0xA300, 0xA300, 0xA300, 0xA300, 0xA300, 0xA300, 0xA300, 0xA300, 0x8300, 0x4100, 0x2100,
    0x4100, 0x4100, 0x4100, 0x4100, 0x4100, 0x4100, 0x4100, 0x4100, 0x4100, 0x2100, 0x4100, 0x8300, 0xA300, 0x6200, 0x7444, 0x1B5E,
    0x1B5E, 0x7444, 0x6200, 0xA300, 0xA300, 0xA300, 0xA300, 0xA300, 0xA300, 0xA300, 0xA300, 0xA300, 0x8300, 0xC300, 0x0D2B, 0x4E2B,
    0x2E2B, 0x2E2B, 0x2E2B, 0x2E2B, 0x2E2B, 0x2E2B, 0x2E2B, 0x2E2B, 0x2E2B, 0x4E2B, 0x0D2B, 0xC300, 0xA300, 0x6200, 0x7444, 0x1B5E,
    0x1B5E, 0x7444, 0x6200, 0xA300, 0xA300, 0xA300, 0xA300, 0xA300, 0xA300, 0xA300, 0xA300, 0xA300, 0x8200, 0x0501, 0xFA5D, 0x3C5E,
    0x3B5E, 0x3C5E, 0x3C5E, 0x3C5E, 0x3C5E, 0x3C5E, 0x3C5E, 0x3C5E, 0x3B5E, 0x3C5E, 0xFA5D, 0x0501, 0x8200, 0x6200, 0x7444, 0x1B5E,
    0x1B5E, 0x7444, 0x6200, 0xA300, 0xA300, 0xA300, 0xA300, 0xA300, 0xA300, 0xA300, 0xA300, 0xA300, 0x8300, 0xA300, 0xF644, 0x1B5E,
    0x9955, 0xB955, 0xB955, 0xB955, 0xB955, 0xB955, 0xB955, 0xB955, 0x9955, 0x1B5E, 0xF644, 0xA300, 0xA300, 0x6200, 0x7444, 0x1B5E,
    0x1B5E, 0x7444, 0x6200, 0xA300, 0xA300, 0xA300, 0xA300, 0xA300, 0xA300, 0xA300, 0xA300, 0xA300, 0xA300, 0x8200, 0x0509, 0x374D,
    0x3B5E, 0xDA55, 0xFA55, 0xFA55, 0xFA55, 0xFA55, 0xFA55, 0xDA55, 0x3B5E, 0x374D, 0x0509, 0x8200, 0xA300, 0x6200, 0x7444, 0x1B5E,
    0x1B5E, 0x7444, 0x6200, 0xA300, 0xA300, 0xA300, 0xA300, 0xA300, 0xA300, 0xA300, 0xA300, 0xA300, 0x8200, 0x2509, 0x2E2B, 0x0509,
    0xD544, 0x7855, 0x784D, 0x784D, 0x584D, 0x784D, 0x784D, 0x7855, 0xD644, 0x0509, 0x2E2B, 0x2509, 0x8200, 0x6200, 0x7444, 0x1B5E,
    0x1B5E, 0x7444, 0x6200, 0xA300, 0xA300, 0xA300, 0xA300, 0xA300, 0xA300, 0xC300, 0xA300, 0xA300, 0x8200, 0xE400, 0xDA55, 0xB033,
    0xE400, 0x6609, 0x0509, 0x0509, 0x4609, 0x0509, 0x0509, 0x6609, 0xE408, 0xB033, 0xFA55, 0xE400, 0x8300, 0x6200, 0x7444, 0x1B5E,
    0x1B5E, 0x7444, 0x6200, 0xA300, 0xA300, 0xC300, 0xA300, 0x8200, 0x4100, 0x2100, 0x2100, 0x6200, 0x6200, 0x0509, 0xDA5D, 0x7D66,
    0x784D, 0xDA55, 0x8C22, 0x8B22, 0x5C5E, 0x8B22, 0x8C22, 0xDA55, 0x584D, 0x1B5E, 0x784D, 0xE400, 0x8300, 0x6200, 0x7444, 0x1B5E,
    0x1B5E, 0x7444, 0x6200, 0xA300, 0x2100, 0x2100, 0x6200, 0x2511, 0x493A, 0xCE6B, 0x2C5B, 0xC729, 0xC300, 0x4200, 0x8C12, 0x1234,
    0x7855, 0x7D66, 0xCD22, 0x8B22, 0x7D5E, 0x8B22, 0xCD22, 0x7C5E, 0xDA55, 0xDA55, 0x7855, 0xE400, 0x8300, 0x6200, 0x7444, 0x1B5E,
    0x1B5E, 0x9444, 0x4100, 0xC300, 0x0C5B, 0xD294, 0x57C6, 0x7BEF, 0xFEFF, 0xFFFF, 0xFFFF, 0xFDFF, 0xFADE, 0x95AD, 0xCF73, 0x2421,
    0xED22, 0x9D66, 0x4E2B, 0xC308, 0x8609, 0xC308, 0x4F2B, 0x3B5E, 0xB955, 0xFA55, 0x7855, 0xE400, 0x8300, 0x6200, 0x7444, 0x1B5E,
    0x1B5E, 0x9444, 0x4100, 0x2511, 0xFDFF, 0xFFFF, 0xFEFF, 0xFEFF, 0xFDFF, 0xFDFF, 0xFADE, 0xFDFF, 0xFEFF, 0xFEFF, 0xFFFF, 0x2F84,
    0x8C12, 0x5C66, 0x9955, 0x784D, 0x584D, 0x784D, 0xB955, 0xDA55, 0xDA55, 0xFA55, 0x7855, 0xE400, 0x8300, 0x6200, 0x7444, 0x1B5E,
    0x1B5E, 0x9444, 0x4100, 0x2511, 0x7BEF, 0xDDFF, 0xFDFF, 0xFDFF, 0xFFFF, 0x57C6, 0xD294, 0xFFFF, 0xDDFF, 0xDCFF, 0xDFFF, 0xEE7B,
    0xAC1A, 0x5C66, 0xBA55, 0xFA55, 0xFA55, 0xFA55, 0xDA55, 0xDA55, 0xDA55, 0xFA55, 0x7855, 0xE400, 0x8300, 0x6200, 0x7444, 0x1B5E,
    0x1B5E, 0x9444, 0x4100, 0x2511, 0x9CEF, 0xFEFF, 0xFDFF, 0xFDFF, 0xDEFF, 0xE729, 0xF6B5, 0xFFFF, 0xFDFF, 0xDDFF, 0xFFFF, 0xEE7B,
    0xAC1A, 0x5C66, 0xB955, 0xDA55, 0xDA55, 0xDA55, 0xDA55, 0xDA55, 0xDA55, 0xFA55, 0x7855, 0xE400, 0x8300, 0x6200, 0x7444, 0x1B5E,
    0x1B5E, 0x9444, 0x4100, 0x2511, 0x9CEF, 0xFEFF, 0xDDFF, 0xFFFF, 0x2F7C, 0x0409, 0xFEFF, 0xFFFF, 0xFDFF, 0xDDFF, 0xFFFF, 0xEE7B,
    0xAC1A, 0x5C66, 0xB955, 0xDA55, 0xDA55, 0xDA55, 0xDA55, 0xDA55, 0xDA55, 0xFA55, 0x7855, 0xE400, 0x8300, 0x6200, 0x7444, 0x1B5E,
    0x1B5E, 0x9444, 0x4100, 0x2511, 0x9CEF, 0xFDFF, 0xFEFF, 0xD6B5, 0x0000, 0xE408, 0xAE63, 0x2C5B, 0xB9D6, 0xFEFF, 0xFFFF, 0xEE7B,
    0xAC1A, 0x5C66, 0xB955, 0xDA55, 0xDA55, 0xDA55, 0xDA55, 0xDA55, 0xDA55, 0xFA55, 0x7855, 0xE400, 0x8300, 0x6200, 0x7444, 0x1B5E,
    0x1B5E, 0x9444, 0x4100, 0x2511, 0x9CEF, 0xFEFF, 0xFEFF, 0x5084, 0x2C63, 0xAA42, 0x0000, 0x493A, 0xBDF7, 0xDDFF, 0xFFFF, 0xEE7B,
    0xAC1A, 0x5C66, 0xB955, 0xDA55, 0xDA55, 0xDA55, 0xDA55, 0xDA55, 0xDA55, 0xFA55, 0x7855, 0xE400, 0x8300, 0x6200, 0x7444, 0x1B5E,
    0x1B5E, 0x9444, 0x4100, 0x2511, 0x9CEF, 0xFEFF, 0xFDFF, 0xFEFF, 0xFFFF, 0xD294, 0xC308, 0x7CEF, 0xFEFF, 0xDDFF, 0xFFFF, 0xEE7B,
    0xAC1A, 0x5C66, 0xB955, 0xDA55, 0xDA55, 0xDA55, 0xDA55, 0xDA55, 0xDA55, 0xDA55, 0x9955, 0x0401, 0x8300, 0x6200, 0x7444, 0x1B5E,
    0x1B5E, 0x9444, 0x4100, 0x2511, 0x7BEF, 0xFEFF, 0xFDFF, 0xDDFF, 0xFFFF, 0x693A, 0x339D, 0xFFFF, 0xFDFF, 0xDDFF, 0xFFFF, 0xEE7B,
    0xAC1A, 0x3C5E, 0x9955, 0xB955, 0xB955, 0xB955, 0xB955, 0xB955, 0xB955, 0x1B5E, 0xF644, 0xA300, 0xA300, 0x6200, 0x7444, 0x1B5E,
    0x1B5E, 0x9444, 0x4100, 0x2511, 0xFDFF, 0xFEFF, 0xDDFF, 0xFEFF, 0x3AE7, 0x307C, 0xFEFF, 0xFDFF, 0xFDFF, 0xDDFF, 0xFFFF, 0x0F7C,
    0xCD1A, 0xBE66, 0x1B5E, 0x3C5E, 0x3C5E, 0x3C5E, 0x3C5E, 0x3B5E, 0x5C5E, 0x374D, 0x2509, 0x6200, 0xA300, 0x6200, 0x7444, 0x1B5E,
    0x1B5E, 0x7444, 0x6200, 0x8300, 0x8D6B, 0x5CEF, 0xFFFF, 0xFEFF, 0x5BE7, 0x9CF7, 0xFEFF, 0xDDFF, 0xFEFF, 0xFFFF, 0xD6B5, 0x6521,
    0xC811, 0x6F33, 0x2E2B, 0x2E2B, 0x2E2B, 0x2E2B, 0x2E2B, 0x2E2B, 0x4F2B, 0x4609, 0x4100, 0xA300, 0xA300, 0x6200, 0x7444, 0x1B5E,
    0x1B5E, 0x7444, 0x6200, 0xA300, 0x2100, 0x2519, 0xD294, 0xFEFF, 0xFFFF, 0xFDFF, 0xFDFF, 0xFFFF, 0xD9D6, 0xEB52, 0x4100, 0x6200,
    0x6200, 0x2100, 0x4100, 0x4100, 0x4100, 0x4100, 0x4100, 0x4100, 0x2100, 0x8200, 0xA300, 0xA300, 0xA300, 0x6200, 0x7444, 0x1B5E,
    0x1B5E, 0x7444, 0x6200, 0xA300, 0xC300, 0x6200, 0x2100, 0x0832, 0xF6BD, 0xFFFF, 0x9CF7, 0x0F7C, 0xC308, 0x2100, 0xA300, 0xA300,
    0xA300, 0xA300, 0xA300, 0xA300, 0xA300, 0xA300, 0xA300, 0xA300, 0xA300, 0xA300, 0xA300, 0xA300, 0xA300, 0x6200, 0x7444, 0x1B5E,
    0x1B5E, 0x7444, 0x6200, 0xA300, 0xA300, 0xA300, 0xC300, 0x4100, 0x6200, 0x0C53, 0xC729, 0x0000, 0x8300, 0xA300, 0xA300, 0xA300,
    0xA300, 0xA300, 0xA300, 0xA300, 0xA300, 0xA300, 0xA300, 0xA300, 0xA300, 0xA300, 0xA300, 0xA300, 0xA300, 0x6200, 0x7444, 0x1B5E,
    0x1B5E, 0x7444, 0x6200, 0xA300, 0xA300, 0xA300, 0xA300, 0xA300, 0xA300, 0x2100, 0x6200, 0xC300, 0xA300, 0xA300, 0xA300, 0xA300,
    0xA300, 0xA300, 0xA300, 0xA300, 0xA300, 0xA300, 0xA300, 0xA300, 0xA300, 0xA300, 0xA300, 0xA300, 0xA300, 0x6200, 0x7444, 0x1B5E,
    0x1B5E, 0x7444, 0x6200, 0xC300, 0xA300, 0xA300, 0xA300, 0xA300, 0xA300, 0xC300, 0xA300, 0xA300, 0xA300, 0xA300, 0xA300, 0xA300,
    0xA300, 0xA300, 0xA300, 0xA300, 0xA300, 0xA300, 0xA300, 0xA300, 0xA300, 0xA300, 0xA300, 0xA300, 0xC300, 0x6200, 0x7444, 0x1B5E,
    0x1B5E, 0x743C, 0x0000, 0x6200, 0x6200, 0x6200, 0x6200, 0x6200, 0x6200, 0x6200, 0x6200, 0x6200, 0x6200, 0x6200, 0x6200, 0x6200,
    0x6200, 0x6200, 0x6200, 0x6200, 0x6200, 0x6200, 0x6200, 0x6200, 0x6200, 0x6200, 0x6200, 0x6200, 0x6200, 0x0000, 0x743C, 0x1B5E,
    0xFA55, 0x7855, 0x7444, 0x9444, 0x7444, 0x7444, 0x7444, 0x7444, 0x7444, 0x7444, 0x7444, 0x7444, 0x7444, 0x7444, 0x7444, 0x7444,
    0x7444, 0x7444, 0x7444, 0x7444, 0x7444, 0x7444, 0x7444, 0x7444, 0x7444, 0x7444, 0x7444, 0x7444, 0x9444, 0x7444, 0x7855, 0xFA55,
    0xDA55, 0xDA55, 0x1B5E, 0x1B5E, 0x1B5E, 0x1B5E, 0x1B5E, 0x1B5E, 0x1B5E, 0x1B5E, 0x1B5E, 0x1B5E, 0x1B5E, 0x1B5E, 0x1B5E, 0x1B5E,
    0x1B5E, 0x1B5E, 0x1B5E, 0x1B5E, 0x1B5E, 0x1B5E, 0x1B5E, 0x1B5E, 0x1B5E, 0x1B5E, 0x1B5E, 0x1B5E, 0x1B5E, 0x1B5E, 0xDA55, 0xDA55
};

const uint16_t icon_shield_generator_relay_stratagem_icon_background[] PROGMEM = {
    0xAA6C, 0xCA6C, 0xEB6C, 0xEB6C, 0xEB6C, 0xEB6C, 0xEB6C, 0xEB6C, 0xEB6C, 0xEB6C, 0xEB6C, 0xEB6C, 0xEB6C, 0xEB6C, 0xEB6C, 0xEB6C,
    0xEB6C, 0xEB6C, 0xEB6C, 0xEB6C, 0xEB6C, 0xEB6C, 0xEB6C, 0xEB6C, 0xEB6C, 0xEB6C, 0xEB6C, 0xEB6C, 0xEB6C, 0xEB6C, 0xCA6C, 0xAA6C,
    0xCA6C, 0x6A64, 0xA84B, 0xA853, 0xA853, 0xA853, 0xA853, 0xA853, 0xA853, 0xA853, 0xA853, 0xA853, 0xA853, 0xA853, 0xA853, 0xA853,
    0xA853, 0xA853, 0xA853, 0xA853, 0xA853, 0xA853, 0xA853, 0xA853, 0xA853, 0xA853, 0xA853, 0xA853, 0xA853, 0xA84B, 0x6A64, 0xCA6C,
    0xEB6C, 0xA753, 0x6000, 0xA000, 0x8000, 0x8000, 0x8000, 0x8000, 0x8000, 0x8000, 0x8000, 0x8000, 0x8000, 0x8000, 0x8000, 0x8000,
    0x8000, 0x8000, 0x8000, 0x8000, 0x8000, 0x8000, 0x8000, 0x8000, 0x8000, 0x8000, 0x8000, 0x8000, 0xA000, 0x6000, 0xA753, 0xEB6C,
    0xEB6C, 0xA853, 0xA000, 0xC008, 0xC008, 0xC008, 0xC008, 0xC008, 0xC008, 0xC008, 0xC008, 0xC008, 0xC008, 0xC008, 0xC008, 0xC008,
    0xC008, 0xC008, 0xC008, 0xC008, 0xC008, 0xC008, 0xC008, 0xC008, 0xC008, 0xC008, 0xC008, 0xC008, 0xC008, 0xA000, 0xA853, 0xEB6C,
    0xEB6C, 0xA853, 0x8000, 0xC008, 0xC008, 0xC008, 0xC008, 0xC008, 0xC008, 0xC008, 0xC008, 0xC008, 0xC008, 0xC008, 0xC008, 0xC008,
    0xC008, 0xC008, 0xC008, 0xC008, 0xC008, 0xC008, 0xC008, 0xC008, 0xC008, 0xC008, 0xC008, 0xC008, 0xC008, 0x8000, 0xA853, 0xEB6C,
    0xEB6C, 0xA853, 0x8000, 0xC008, 0xC008, 0xC008, 0xC008, 0xC008, 0xC008, 0xC008, 0xC008, 0xC008, 0xE008, 0xE008, 0xE008, 0xC000,
    0xA000, 0xE008, 0xE008, 0xE008, 0xC008, 0xC008, 0xC008, 0xC008, 0xC008, 0xC008, 0xC008, 0xC008, 0xC008, 0x8000, 0xA853, 0xEB6C,
    0xEB6C, 0xA853, 0x8000, 0xC008, 0xC008, 0xC008, 0xC008, 0xC008, 0xC008, 0xC008, 0xC008, 0xA000, 0x6000, 0x4000, 0x6000, 0xE008,
    0xE008, 0x6000, 0x4000, 0x6000, 0xA000, 0xC008, 0xC008, 0xC008, 0xC008, 0xC008, 0xC008, 0xC008, 0xC008, 0x8000, 0xA853, 0xEB6C,
    0xEB6C, 0xA853, 0x8000, 0xC008, 0xC008, 0xC008, 0xC008, 0xC008, 0xC008, 0xC008, 0xA000, 0x6219, 0x8742, 0xED73, 0x73AD, 0xF9DE,
    0xF9DE, 0x94AD, 0x0D7C, 0xA74A, 0x6219, 0xA000, 0xC008, 0xC008, 0xC008, 0xC008, 0xC008, 0xC008, 0xC008, 0x8000, 0xA853, 0xEB6C,
    0xEB6C, 0xA853, 0x8000, 0xC008, 0xC008, 0xC008, 0xC008, 0xC008, 0xC008, 0x8000, 0x119D, 0x9DEF, 0xFEFF, 0xFFFF, 0xFFFF, 0xFEFF,
    0xFFFF, 0xFFFF, 0xFFFF, 0xFEFF, 0x9DF7, 0x329D, 0x8000, 0xC008, 0xC008, 0xC008, 0xC008, 0xC008, 0xC008, 0x8000, 0xA853, 0xEB6C,
    0xEB6C, 0xA853, 0x8000, 0xC008, 0xC008, 0xC008, 0xC008, 0xC008, 0xC008, 0x6000, 0x57CE, 0xFFFF, 0xDDFF, 0xFDFF, 0xDDFF, 0xFEFF,
    0x3AE7, 0x9CF7, 0xFDFF, 0xDDFF, 0xFFFF, 0x57CE, 0x6000, 0xC008, 0xC008, 0xC008, 0xC008, 0xC008, 0xC008, 0x8000, 0xA853, 0xEB6C,
    0xEB6C, 0xA853, 0x8000, 0xC008, 0xC008, 0xC008, 0xC008, 0xC008, 0xC008, 0x6000, 0x15BE, 0xFFFF, 0xFDFF, 0xFDFF, 0xFEFF, 0x7BEF,
    0x0D7C, 0xDEFF, 0xFDFF, 0xFDFF, 0xFFFF, 0x15BE, 0x6000, 0xC008, 0xC008, 0xC008, 0xC008, 0xC008, 0xC008, 0x8000, 0xA853, 0xEB6C,
    0xEB6C, 0xA853, 0x8000, 0xC008, 0xC008, 0xC008, 0xC008, 0xC008, 0xC008, 0x6000, 0x36C6, 0xFFFF, 0xFDFF, 0xFDFF, 0xFFFF, 0x295B,
    0xED73, 0xFFFF, 0xDDFF, 0xFDFF, 0xFFFF, 0x36C6, 0x6000, 0xC008, 0xC008, 0xC008, 0xC008, 0xC008, 0xC008, 0x8000, 0xA853, 0xEB6C,
    0xEB6C, 0xA853, 0x8000, 0xC008, 0xC008, 0xC008, 0xC008, 0xC008, 0xC008, 0x6000, 0x36C6, 0xFFFF, 0xDCFF, 0xFFFF, 0xD4B5, 0x4000,
    0xD8D6, 0xFFFF, 0xFEFF, 0xFDFF, 0xFFFF, 0x36C6, 0x6000, 0xC008, 0xC008, 0xC008, 0xC008, 0xC008, 0xC008, 0x8000, 0xA853, 0xEB6C,
    0xEB6C, 0xA853, 0x8000, 0xC008, 0xC008, 0xC008, 0xC008, 0xC008, 0xC008, 0x6000, 0x36C6, 0xFFFF, 0xFEFF, 0xB8D6, 0x8000, 0x4000,
    0x2D7C, 0x0E7C, 0xF5B5, 0xFEFF, 0xFFFF, 0x36C6, 0x6000, 0xC008, 0xC008, 0xC008, 0xC008, 0xC008, 0xC008, 0x8000, 0xA853, 0xEB6C,
    0xEB6C, 0xA853, 0x8000, 0xC008, 0xC008, 0xC008, 0xC008, 0xC008, 0xC008, 0x6000, 0x36C6, 0xFFFF, 0xFEFF, 0xF5B5, 0x0E7C, 0x2D7C,
    0x4000, 0x8000, 0xB8D6, 0xFEFF, 0xFFFF, 0x36C6, 0x6000, 0xC008, 0xC008, 0xC008, 0xC008, 0xC008, 0xC008, 0x8000, 0xA853, 0xEB6C,
    0xEB6C, 0xA853, 0x8000, 0xC008, 0xC008, 0xC008, 0xC008, 0xC008, 0xC008, 0x6000, 0x36C6, 0xFFFF, 0xFDFF, 0xFEFF, 0xFFFF, 0xD8D6,
    0x4000, 0xD4B5, 0xFFFF, 0xDCFF, 0xFFFF, 0x36C6, 0x6000, 0xC008, 0xC008, 0xC008, 0xC008, 0xC008, 0xC008, 0x8000, 0xA853, 0xEB6C,
    0xEB6C, 0xA853, 0x8000, 0xC008, 0xC008, 0xC008, 0xC008, 0xC008, 0xC008, 0x6000, 0x15BE, 0xFFFF, 0xFDFF, 0xDDFF, 0xFFFF, 0xED73,
    0x295B, 0xFFFF, 0xFDFF, 0xFDFF, 0xFFFF, 0x15BE, 0x6000, 0xC008, 0xC008, 0xC008, 0xC008, 0xC008, 0xC008, 0x8000, 0xA853, 0xEB6C,
    0xEB6C, 0xA853, 0x8000, 0xC008, 0xC008, 0xC008, 0xC008, 0xC008, 0xC008, 0x6000, 0x57C6, 0xFFFF, 0xDDFF, 0xFDFF, 0xDEFF, 0x0D7C,
    0x7BEF, 0xFEFF, 0xFDFF, 0xDDFF, 0xFFFF, 0x57C6, 0x6000, 0xC008, 0xC008, 0xC008, 0xC008, 0xC008, 0xC008, 0x8000, 0xA853, 0xEB6C,
    0xEB6C, 0xA853, 0x8000, 0xC008, 0xC008, 0xC008, 0xC008, 0xC008, 0xC008, 0x6000, 0x329D, 0xFFFF, 0xFEFF, 0xFDFF, 0xBCF7, 0x3AE7,
    0xFEFF, 0xFDFF, 0xFDFF, 0xFEFF, 0xFFFF, 0x329D, 0x6000, 0xC008, 0xC008, 0xC008, 0xC008, 0xC008, 0xC008, 0x8000, 0xA853, 0xEB6C,
    0xEB6C, 0xA853, 0x8000, 0xC008, 0xC008, 0xC008, 0xC008, 0xC008, 0xC008, 0xC008, 0xA000, 0x4B63, 0x1ADF, 0xFFFF, 0xFEFF, 0xFDFF,
    0xDDFF, 0xFDFF, 0xFFFF, 0x1AE7, 0x6B63, 0xA000, 0xC008, 0xC008, 0xC008, 0xC008, 0xC008, 0xC008, 0xC008, 0x8000, 0xA853, 0xEB6C,
    0xEB6C, 0xA853, 0x8000, 0xC008, 0xC008, 0xC008, 0xC008, 0xC008, 0xC008, 0xC008, 0xC008, 0x4000, 0x0111, 0x908C, 0xDDF7, 0xFFFF,
    0xFFFF, 0xDDFF, 0xB08C, 0x2211, 0x4000, 0xC008, 0xC008, 0xC008, 0xC008, 0xC008, 0xC008, 0xC008, 0xC008, 0x8000, 0xA853, 0xEB6C,
    0xEB6C, 0xA853, 0x8000, 0xC008, 0xC008, 0xC008, 0xC008, 0xC008, 0xC008, 0xC008, 0xC008, 0xE008, 0xA000, 0x4000, 0xE531, 0xF5BD,
    0xF5BD, 0xE531, 0x4000, 0xA000, 0xE008, 0xC008, 0xC008, 0xC008, 0xC008, 0xC008, 0xC008, 0xC008, 0xC008, 0x8000, 0xA853, 0xEB6C,
    0xEB6C, 0xA853, 0xA000, 0xE008, 0xC008, 0x8000, 0xA000, 0xA000, 0x8000, 0xC008, 0xC008, 0xC008, 0xE008, 0xE008, 0x2000, 0x8000,
    0x8000, 0x2000, 0xE008, 0xE008, 0xC008, 0xC008, 0xC008, 0x8000, 0xA000, 0xA000, 0x8000, 0xC008, 0xE008, 0xA000, 0xA853, 0xEB6C,
    0xEB6C, 0xA853, 0x8000, 0x8000, 0xC008, 0x032A, 0xC853, 0xC853, 0x032A, 0xC008, 0x8000, 0xA000, 0x8000, 0xC008, 0x232A, 0xC853,
    0xE853, 0x242A, 0xC008, 0x8000, 0xA000, 0x8000, 0xC008, 0x032A, 0xC853, 0xC853, 0x032A, 0xC008, 0x8000, 0x8000, 0xA853, 0xEB6C,
    0xEB6C, 0xA753, 0xE008, 0x8432, 0x095C, 0xEB6C, 0xEB6C, 0xEB6C, 0xEB6C, 0x295C, 0x8432, 0x4111, 0x6432, 0x295C, 0xEB6C, 0xEB6C,
    0xEB6C, 0xEB6C, 0x295C, 0x8432, 0x4111, 0x6432, 0x295C, 0xEB6C, 0xEB6C, 0xEB6C, 0xEB6C, 0x295C, 0x8532, 0xE008, 0xA753, 0xEB6C,
    0xEB6C, 0xC853, 0xE853, 0x0B75, 0xCB6C, 0xAA6C, 0xAA6C, 0xAA6C, 0xAA6C, 0xCB6C, 0xEB6C, 0xAA6C, 0xEB6C, 0xCB6C, 0xAA6C, 0xAA6C,
    0xAA6C, 0xAA6C, 0xCB6C, 0xEB6C, 0xAA6C, 0xEB6C, 0xCB6C, 0xAA6C, 0xAA6C, 0xAA6C, 0xAA6C, 0xCB6C, 0x0B75, 0xE853, 0xC853, 0xEB6C,
    0xCB6C, 0xE85B, 0x4964, 0xAA6C, 0xAA6C, 0xAA6C, 0xAA6C, 0xAA6C, 0xAA6C, 0xAA6C, 0xAA6C, 0xAA6C, 0xAA6C, 0xAA6C, 0xAA6C, 0xAA6C,
    0xAA6C, 0xAA6C, 0xAA6C, 0xAA6C, 0xAA6C, 0xAA6C, 0xAA6C, 0xAA6C, 0xAA6C, 0xAA6C, 0xAA6C, 0xAA6C, 0xAA6C, 0x4964, 0xE85B, 0xCB6C,
    0xCB6C, 0xE853, 0x295C, 0xCA6C, 0xAA6C, 0xAA6C, 0xAA6C, 0xAA6C, 0xAA6C, 0xAA6C, 0xAA6C, 0xAA6C, 0xAA6C, 0xAA6C, 0xAA6C, 0xAA6C,
    0xAA6C, 0xAA6C, 0xAA6C, 0xAA6C, 0xAA6C, 0xAA6C, 0xAA6C, 0xAA6C, 0xAA6C, 0xAA6C, 0xAA6C, 0xAA6C, 0xCA6C, 0x295C, 0xE853, 0xCB6C,
    0xCB6C, 0xE853, 0x4964, 0xEB6C, 0xCA6C, 0xCA6C, 0xCA6C, 0xCA6C, 0xCA6C, 0xCA6C, 0xCA6C, 0xCA6C, 0xCA6C, 0xCA6C, 0xCA6C, 0xCA6C,
    0xCA6C, 0xCA6C, 0xCA6C, 0xCA6C, 0xCA6C, 0xCA6C, 0xCA6C, 0xCA6C, 0xCA6C, 0xCA6C, 0xCA6C, 0xCA6C, 0xEB6C, 0x4964, 0xE853, 0xCB6C,
    0xCB6C, 0xE853, 0xC853, 0x4964, 0x495C, 0x495C, 0x495C, 0x495C, 0x495C, 0x495C, 0x495C, 0x495C, 0x495C, 0x495C, 0x495C, 0x495C,
    0x495C, 0x495C, 0x495C, 0x495C, 0x495C, 0x495C, 0x495C, 0x495C, 0x495C, 0x495C, 0x495C, 0x495C, 0x4964, 0xC853, 0xE853, 0xCB6C,
    0xCA6C, 0x6A64, 0xE853, 0xE853, 0xE853, 0xE853, 0xE853, 0xE853, 0xE853, 0xE853, 0xE853, 0xE853, 0xE853, 0xE853, 0xE853, 0xE853,
    0xE853, 0xE853, 0xE853, 0xE853, 0xE853, 0xE853, 0xE853, 0xE853, 0xE853, 0xE853, 0xE853, 0xE853, 0xE853, 0xE853, 0x6A64, 0xCA6C,
    0xAA6C, 0xCA6C, 0xCB6C, 0xCB6C, 0xCB6C, 0xCB6C, 0xCB6C, 0xCB6C, 0xCB6C, 0xCB6C, 0xCB6C, 0xCB6C, 0xCB6C, 0xCB6C, 0xCB6C, 0xCB6C,
    0xCB6C, 0xCB6C, 0xCB6C, 0xCB6C, 0xCB6C, 0xCB6C, 0xCB6C, 0xCB6C, 0xCB6C, 0xCB6C, 0xCB6C, 0xCB6C, 0xCB6C, 0xCB6C, 0xCA6C, 0xAA6C
};

const uint16_t icon_solo_silo_stratagem_icon_background[] PROGMEM = {
    0xDA55, 0xDA55, 0x1B5E, 0x1B5E, 0x1B5E, 0x1B5E, 0x1B5E, 0x1B5E, 0x1B5E, 0x1B5E, 0x1B5E, 0x1B5E, 0x1B5E, 0x1B5E, 0x1B5E, 0x1B5E,
    0x1B5E, 0x1B5E, 0x1B5E, 0x1B5E, 0x1B5E, 0x1B5E, 0x1B5E, 0x1B5E, 0x1B5E, 0x1B5E, 0x1B5E, 0x1B5E, 0x1B5E, 0x1B5E, 0xDA55, 0xDA55,
    0xFA55, 0x7855, 0x7444, 0x9444, 0x7444, 0x7444, 0x7444, 0x7444, 0x7444, 0x7444, 0x7444, 0x7444, 0x7444, 0x7444, 0x7444, 0x7444,
    0x7444, 0x7444, 0x7444, 0x7444, 0x7444, 0x7444, 0x7444, 0x7444, 0x7444, 0x7444, 0x7444, 0x7444, 0x9444, 0x7444, 0x7855, 0xFA55,
    0x1B5E, 0x743C, 0x0000, 0x6200, 0x6200, 0x6200, 0x6200, 0x6200, 0x6200, 0x6200, 0x6200, 0x6200, 0x6200, 0x6200, 0x6200, 0x6200,
    0x6200, 0x6200, 0x6200, 0x6200, 0x6200, 0x6200, 0x6200, 0x6200, 0x6200, 0x6200, 0x6200, 0x6200, 0x6200, 0x0000, 0x743C, 0x1B5E,
    0x1B5E, 0x7444, 0x6200, 0xC300, 0xA300, 0xA300, 0xA300, 0xA300, 0xA300, 0xA300, 0xA300, 0xA300, 0xA300, 0xA300, 0xA300, 0xA300,
    0xA300, 0xA300, 0xA300, 0xA300, 0xA300, 0xA300, 0xA300, 0xA300, 0xA300, 0xA300, 0xA300, 0xA300, 0xC300, 0x6200, 0x7444, 0x1B5E,
    0x1B5E, 0x7444, 0x6200, 0xA300, 0xA300, 0xA300, 0xA300, 0xA300, 0xA300, 0xA300, 0xA300, 0xA300, 0xA300, 0xA300, 0xA300, 0xA300,
    0xA300, 0xA300, 0xA300, 0xA300, 0xA300, 0xA300, 0xA300, 0xA300, 0xA300, 0xA300, 0xA300, 0xA300, 0xA300, 0x6200, 0x7444, 0x1B5E,
    0x1B5E, 0x7444, 0x6200, 0xA300, 0xA300, 0xA300, 0xA300, 0xA300, 0xA300, 0xA300, 0xA300, 0xA300, 0xA300, 0xA300, 0xA300, 0x6200,
    0x6200, 0xA300, 0xA300, 0xA300, 0xA300, 0xA300, 0xA300, 0xA300, 0xA300, 0xA300, 0xA300, 0xA300, 0xA300, 0x6200, 0x7444, 0x1B5E,
    0x1B5E, 0x7444, 0x6200, 0xA300, 0xA300, 0xA300, 0xA300, 0xA300, 0xA300, 0xA300, 0xA300, 0xA300, 0xA300, 0xA300, 0x0100, 0x9184,
    0x918C, 0x0100, 0xA300, 0xA300, 0xA300, 0xA300, 0xA300, 0xA300, 0xA300, 0xA300, 0xA300, 0xA300, 0xA300, 0x6200, 0x7444, 0x1B5E,
    0x1B5E, 0x7444, 0x6200, 0xA300, 0xA300, 0xA300, 0xA300, 0xA300, 0xA300, 0xA300, 0xA300, 0xA300, 0xA300, 0x6200, 0x307C, 0xFFFF,
    0xFFFF, 0x507C, 0x6200, 0xA300, 0xA300, 0xA300, 0xA300, 0xA300, 0xA300, 0xA300, 0xA300, 0xA300, 0xA300, 0x6200, 0x7444, 0x1B5E,
    0x1B5E, 0x7444, 0x6200, 0xA300, 0xA300, 0xA300, 0xA300, 0xA300, 0xA300, 0xA300, 0xA300, 0xA300, 0x8200, 0x0411, 0xDDFF, 0xFEFF,
    0xFEFF, 0xDDFF, 0x0411, 0x8200, 0xA300, 0xA300, 0xA300, 0xA300, 0xA300, 0xA300, 0xA300, 0xA300, 0xA300, 0x6200, 0x7444, 0x1B5E,
    0x1B5E, 0x7444, 0x6200, 0xA300, 0xA300, 0xA300, 0xA300, 0xA300, 0xA300, 0xA300, 0xA300, 0xA300, 0x8200, 0x0411, 0x7BEF, 0xFEFF,
    0xFEFF, 0x7BEF, 0x0411, 0x8200, 0xA300, 0xA300, 0xA300, 0xA300, 0xA300, 0xA300, 0xA300, 0xA300, 0xA300, 0x6200, 0x7444, 0x1B5E,
    0x1B5E, 0x7444, 0x6200, 0xA300, 0xA300, 0xA300, 0xA300, 0xA300, 0xA300, 0xA300, 0xA300, 0xA300, 0x8200, 0x0411, 0x9CEF, 0xFEFF,
    0xFEFF, 0x9CEF, 0x0411, 0x8200, 0xA300, 0xA300, 0xA300, 0xA300, 0xA300, 0xA300, 0xA300, 0xA300, 0xA300, 0x6200, 0x7444, 0x1B5E,
    0x1B5E, 0x7444, 0x6200, 0xA300, 0xA300, 0xA300, 0xA300, 0xA300, 0xA300, 0xA300, 0xA300, 0xA300, 0x8200, 0x0411, 0x9CEF, 0xFEFF,
    0xFEFF, 0x9CEF, 0x0411, 0x8200, 0xA300, 0xA300, 0xA300, 0xA300, 0xA300, 0xA300, 0xA300, 0xA300, 0xA300, 0x6200, 0x7444, 0x1B5E,
    0x1B5E, 0x7444, 0x6200, 0xA300, 0xA300, 0xA300, 0xA300, 0xA300, 0xA300, 0xA300, 0xA300, 0xA300, 0x8200, 0x0411, 0x9CEF, 0xFEFF,
    0xFEFF, 0x9CEF, 0x0411, 0x8200, 0xA300, 0xA300, 0xA300, 0xA300, 0xA300, 0xA300, 0xA300, 0xA300, 0xA300, 0x6200, 0x7444, 0x1B5E,
    0x1B5E, 0x7444, 0x6200, 0xA300, 0xA300, 0xA300, 0xA300, 0xA300, 0xA300, 0xA300, 0xA300, 0xA300, 0x8200, 0x0411, 0x9CEF, 0xFEFF,
    0xFEFF, 0x9CEF, 0x0411, 0x8200, 0xA300, 0xA300, 0xA300, 0xA300, 0xA300, 0xA300, 0xA300, 0xA300, 0xA300, 0x6200, 0x7444, 0x1B5E,
    0x1B5E, 0x7444, 0x6200, 0xA300, 0xA300, 0xA300, 0xA300, 0xA300, 0xA300, 0xA300, 0xA300, 0xA300, 0x8200, 0x0411, 0x9CEF, 0xFEFF,
    0xFEFF, 0x9CEF, 0x0411, 0x8200, 0xA300, 0xA300, 0xA300, 0xA300, 0xA300, 0xA300, 0xA300, 0xA300, 0xA300, 0x6200, 0x7444, 0x1B5E,
    0x1B5E, 0x7444, 0x6200, 0xA300, 0xA300, 0xA300, 0xA300, 0xA300, 0xA300, 0xA300, 0xA300, 0xA300, 0x8200, 0x0411, 0x9CEF, 0xFEFF,
    0xFEFF, 0x9CEF, 0x0411, 0x8200, 0xA300, 0xA300, 0xA300, 0xA300, 0xA300, 0xA300, 0xA300, 0xA300, 0xA300, 0x6200, 0x7444, 0x1B5E,
    0x1B5E, 0x7444, 0x6200, 0xA300, 0xA300, 0xA300, 0xA300, 0xA300, 0xA300, 0xA300, 0xA300, 0xA300, 0x8200, 0x0411, 0x9CEF, 0xFEFF,
    0xFEFF, 0x9CEF, 0x0411, 0x8200, 0xA300, 0xA300, 0xA300, 0xA300, 0xA300, 0xA300, 0xA300, 0xA300, 0xA300, 0x6200, 0x7444, 0x1B5E,
    0x1B5E, 0x7444, 0x6200, 0xA300, 0xA300, 0xA300, 0xA300, 0xA300, 0xA300, 0xA300, 0xA300, 0xA300, 0x4200, 0x0411, 0x9CEF, 0xFEFF,
    0xFEFF, 0x9CEF, 0x0411, 0x4200, 0xA300, 0xA300, 0xA300, 0xA300, 0xA300, 0xA300, 0xA300, 0xA300, 0xA300, 0x6200, 0x7444, 0x1B5E,
    0x1B5E, 0x7444, 0x6200, 0xA300, 0xA300, 0xA300, 0xA300, 0xA300, 0xA300, 0xA300, 0xA300, 0x4200, 0x693A, 0xC729, 0x5BEF, 0xFEFF,
    0xFEFF, 0x5BEF, 0xC729, 0x693A, 0x4200, 0xA300, 0xA300, 0xA300, 0xA300, 0xA300, 0xA300, 0xA300, 0xA300, 0x6200, 0x7444, 0x1B5E,
    0x1B5E, 0x7444, 0x6200, 0xA300, 0xA300, 0xA300, 0xA300, 0xA300, 0xA300, 0xA300, 0x8200, 0x2511, 0xB8D6, 0xC729, 0x5BEF, 0xFEFF,
    0xFEFF, 0x5BEF, 0xC729, 0xB8D6, 0x2511, 0x8200, 0xA300, 0xA300, 0xA300, 0xA300, 0xA300, 0xA300, 0xA300, 0x6200, 0x7444, 0x1B5E,
    0x1B5E, 0x7444, 0x6200, 0xA300, 0xA300, 0xA300, 0xA300, 0xA300, 0xA300, 0xC300, 0x0100, 0x339D, 0xFDFF, 0x6619, 0x5BE7, 0xFEFF,
    0xFEFF, 0x5BE7, 0x6619, 0xFDFF, 0x339D, 0x0100, 0xC300, 0xA300, 0xA300, 0xA300, 0xA300, 0xA300, 0xA300, 0x6200, 0x7444, 0x1B5E,
    0x1B5E, 0x7444, 0x6200, 0xA300, 0xA300, 0xA300, 0xA300, 0xA300, 0xC300, 0x2100, 0x493A, 0xFEFF, 0x3BE7, 0x8621, 0xFDFF, 0xFDFF,
    0xDDFF, 0xFDFF, 0x8621, 0x3BE7, 0xFEFF, 0x493A, 0x2100, 0xC300, 0xA300, 0xA300, 0xA300, 0xA300, 0xA300, 0x6200, 0x7444, 0x1B5E,
    0x1B5E, 0x7444, 0x6200, 0xC300, 0xA300, 0x4100, 0x8200, 0x8200, 0x2100, 0xC308, 0x5BE7, 0xFFFF, 0xDDFF, 0x8621, 0x2F84, 0xC729,
    0xA729, 0x0F7C, 0x8621, 0xDDF7, 0xFFFF, 0x5BE7, 0xE410, 0x2100, 0x8200, 0x8200, 0x4100, 0x8300, 0xC300, 0x6200, 0x7444, 0x1B5E,
    0x1B5E, 0x7444, 0x4100, 0x4100, 0xA300, 0x4A1A, 0xB544, 0xB544, 0x4A1A, 0x0411, 0xCE73, 0x37C6, 0x8D6B, 0xA300, 0xE909, 0x743C,
    0x743C, 0xE911, 0xA300, 0x8D6B, 0x37C6, 0xEE7B, 0xE410, 0x4A1A, 0xB544, 0xB544, 0x4A1A, 0xA300, 0x4100, 0x4100, 0x7444, 0x1B5E,
    0x1B5E, 0x743C, 0xC300, 0xED22, 0x164D, 0x1B5E, 0x1B5E, 0x1B5E, 0x1B5E, 0xF644, 0x6B12, 0x2509, 0x6B12, 0x164D, 0x3C5E, 0x1B5E,
    0x1B5E, 0x3C5E, 0x174D, 0x6B1A, 0x0509, 0x6B12, 0xF644, 0x1B5E, 0x1B5E, 0x1B5E, 0x1B5E, 0x174D, 0xED2A, 0xC300, 0x743C, 0x1B5E,
    0x1B5E, 0xB544, 0xD644, 0x5C5E, 0xFB5D, 0xBA55, 0xBA55, 0xBA55, 0xB955, 0xFB5D, 0x3C5E, 0xDA55, 0x3C5E, 0xFB5D, 0xBA55, 0xBA55,
    0xBA55, 0xBA55, 0xFB5D, 0x3C5E, 0xDA55, 0x3C5E, 0x1B5E, 0xBA55, 0xBA55, 0xBA55, 0xBA55, 0xFA5D, 0x5C5E, 0xD644, 0xB544, 0x1B5E,
    0x1B5E, 0xD644, 0x584D, 0xDA55, 0xB955, 0xDA55, 0xDA55, 0xDA55, 0xDA55, 0xDA55, 0xBA55, 0xDA55, 0xBA55, 0xDA55, 0xDA55, 0xDA55,
    0xDA55, 0xDA55, 0xDA55, 0xBA55, 0xDA55, 0xBA55, 0xDA55, 0xDA55, 0xDA55, 0xDA55, 0xDA55, 0xBA55, 0xDA55, 0x584D, 0xD644, 0x1B5E,
    0x1B5E, 0xD544, 0x374D, 0xFA55, 0xBA55, 0xDA55, 0xDA55, 0xDA55, 0xDA55, 0xDA55, 0xDA55, 0xDA55, 0xDA55, 0xDA55, 0xDA55, 0xDA55,
    0xDA55, 0xDA55, 0xDA55, 0xDA55, 0xDA55, 0xDA55, 0xDA55, 0xDA55, 0xDA55, 0xDA55, 0xDA55, 0xBA55, 0xFA55, 0x374D, 0xD544, 0x1B5E,
    0x1B5E, 0xD644, 0x584D, 0x1B5E, 0xFA55, 0xFA55, 0xFA55, 0xFA55, 0xFA55, 0xFA55, 0xFA55, 0xFA55, 0xFA55, 0xFA55, 0xFA55, 0xFA55,
    0xFA55, 0xFA55, 0xFA55, 0xFA55, 0xFA55, 0xFA55, 0xFA55, 0xFA55, 0xFA55, 0xFA55, 0xFA55, 0xFA55, 0x1B5E, 0x584D, 0xD644, 0x1B5E,
    0x1B5E, 0xB544, 0xB544, 0x584D, 0x374D, 0x374D, 0x374D, 0x374D, 0x374D, 0x374D, 0x374D, 0x374D, 0x374D, 0x374D, 0x374D, 0x374D,
    0x374D, 0x374D, 0x374D, 0x374D, 0x374D, 0x374D, 0x374D, 0x374D, 0x374D, 0x374D, 0x374D, 0x374D, 0x584D, 0xB544, 0xB544, 0x1B5E,
    0xDA55, 0x7855, 0xB544, 0xD644, 0xD544, 0xD544, 0xD544, 0xD544, 0xD544, 0xD544, 0xD544, 0xD544, 0xD544, 0xD544, 0xD544, 0xD544,
    0xD544, 0xD544, 0xD544, 0xD544, 0xD544, 0xD544, 0xD544, 0xD544, 0xD544, 0xD544, 0xD544, 0xD544, 0xD644, 0xB544, 0x7855, 0xDA55,
    0xDA55, 0xDA55, 0x1B5E, 0xFB5D, 0x1B5E, 0x1B5E, 0x1B5E, 0x1B5E, 0x1B5E, 0x1B5E, 0x1B5E, 0x1B5E, 0x1B5E, 0x1B5E, 0x1B5E, 0x1B5E,
    0x1B5E, 0x1B5E, 0x1B5E, 0x1B5E, 0x1B5E, 0x1B5E, 0x1B5E, 0x1B5E, 0x1B5E, 0x1B5E, 0x1B5E, 0x1B5E, 0xFB5D, 0x1B5E, 0xDA55, 0xDA55
};

const uint16_t icon_spear_stratagem_icon_background[] PROGMEM = {
    0xDA55, 0xDA55, 0x1B5E, 0x1B5E, 0x1B5E, 0x1B5E, 0x1B5E, 0x1B5E, 0x1B5E, 0x1B5E, 0x1B5E, 0x1B5E, 0x1B5E, 0x1B5E, 0x1B5E, 0x1B5E,
    0x1B5E, 0x1B5E, 0x1B5E, 0x1B5E, 0x1B5E, 0x1B5E, 0x1B5E, 0x1B5E, 0x1B5E, 0x1B5E, 0x1B5E, 0x1B5E, 0x1B5E, 0x1B5E, 0xDA55, 0xDA55,
    0xFA55, 0x7855, 0x7444, 0x9444, 0x7444, 0x7444, 0x7444, 0x7444, 0x7444, 0x7444, 0x7444, 0x7444, 0x7444, 0x7444, 0x7444, 0x7444,
    0x7444, 0x7444, 0x7444, 0x7444, 0x7444, 0x7444, 0x7444, 0x7444, 0x7444, 0x7444, 0x7444, 0x7444, 0x9444, 0x7444, 0x7855, 0xFA55,
    0x1B5E, 0x743C, 0x0000, 0x6200, 0x6200, 0x6200, 0x6200, 0x6200, 0x6200, 0x6200, 0x6200, 0x6200, 0x6200, 0x6200, 0x6200, 0x6200,
    0x6200, 0x6200, 0x6200, 0x6200, 0x6200, 0x6200, 0x6200, 0x6200, 0x6200, 0x6200, 0x6200, 0x6200, 0x6200, 0x0000, 0x743C, 0x1B5E,
    0x1B5E, 0x7444, 0x6200, 0xC300, 0xA300, 0xA300, 0xA300, 0x8200, 0xA300, 0xA300, 0xA300, 0xA300, 0xA300, 0xA300, 0xA300, 0xA300,
    0xA300, 0xA300, 0xA300, 0xA300, 0xA300, 0xA300, 0xA300, 0xA300, 0xA300, 0xA300, 0xA300, 0xA300, 0xC300, 0x6200, 0x7444, 0x1B5E,
    0x1B5E, 0x7444, 0x6200, 0xA300, 0xA300, 0xA300, 0x8200, 0x8621, 0x8300, 0x8300, 0xA300, 0xA300, 0xA300, 0xA300, 0xA300, 0xA300,
    0xA300, 0xA300, 0xA300, 0xA300, 0xA300, 0xA300, 0xA300, 0xA300, 0xA300, 0xA300, 0xA300, 0xA300, 0xA300, 0x6200, 0x7444, 0x1B5E,
    0x1B5E, 0x7444, 0x6200, 0xA300, 0xA300, 0xC300, 0x0000, 0x918C, 0xD294, 0x0000, 0x8300, 0xA300, 0xA300, 0xA300, 0xA300, 0xA300,
    0xA300, 0xA300, 0xA300, 0xA300, 0xA300, 0xA300, 0xA300, 0xA300, 0xA300, 0xA300, 0xA300, 0xA300, 0xA300, 0x6200, 0x7444, 0x1B5E,
    0x1B5E, 0x7444, 0x6200, 0xA300, 0xA300, 0xC300, 0x0000, 0x918C, 0xFFFF, 0xF294, 0xA308, 0xC300, 0xC300, 0xC300, 0xC300, 0xC300,
    0xC300, 0xC300, 0xC300, 0xC300, 0xC300, 0xC300, 0xC300, 0xC300, 0xA300, 0xA300, 0xA300, 0xA300, 0xA300, 0x6200, 0x7444, 0x1B5E,
    0x1B5E, 0x7444, 0x6200, 0xA300, 0xA300, 0xA300, 0x6200, 0x2832, 0xAF6B, 0xEF73, 0x0409, 0x0000, 0x2100, 0x0100, 0x0100, 0x0100,
    0x0100, 0x0100, 0x0100, 0x0100, 0x0100, 0x0100, 0x0100, 0x0000, 0x4100, 0xA300, 0xA300, 0xA300, 0xA300, 0x6200, 0x7444, 0x1B5E,
    0x1B5E, 0x7444, 0x6200, 0xA300, 0xA300, 0xA300, 0x6200, 0x2832, 0xCF6B, 0xAE6B, 0x307C, 0x5084, 0x5084, 0x5084, 0x5084, 0x5084,
    0x5084, 0x5084, 0x5084, 0x5084, 0x5084, 0x5084, 0x7084, 0xD28C, 0x693A, 0x4200, 0xA300, 0xA300, 0xA300, 0x6200, 0x7444, 0x1B5E,
    0x1B5E, 0x7444, 0x6200, 0xA300, 0xA300, 0xC300, 0x0100, 0xB18C, 0xFFFF, 0xFFFF, 0xFFFF, 0xFFFF, 0xFFFF, 0xFFFF, 0xFFFF, 0xFFFF,
    0xFFFF, 0xFFFF, 0xFFFF, 0xFFFF, 0xFFFF, 0xFFFF, 0xDDFF, 0x34A5, 0x7BEF, 0x493A, 0x4200, 0xA300, 0xA300, 0x6200, 0x7444, 0x1B5E,
    0x1B5E, 0x7444, 0x6200, 0xA300, 0xA300, 0xC300, 0x0100, 0x307C, 0xBEF7, 0x9CF7, 0xBCF7, 0xBCF7, 0xBCF7, 0xBCF7, 0xBCF7, 0xBCF7,
    0xBCF7, 0xBCF7, 0xBCF7, 0xBCF7, 0x9CF7, 0xBEF7, 0x7084, 0x0000, 0x54A5, 0xF294, 0x0000, 0xC300, 0xA300, 0x6200, 0x7444, 0x1B5E,
    0x1B5E, 0x7444, 0x6200, 0xA300, 0xA300, 0xC300, 0x0100, 0xB18C, 0xFFFF, 0xFFFF, 0xFFFF, 0xFFFF, 0xFFFF, 0xFFFF, 0xFFFF, 0xFFFF,
    0xFFFF, 0xFFFF, 0xFFFF, 0xFFFF, 0xFFFF, 0xFFFF, 0xDDFF, 0x34A5, 0x5BEF, 0x493A, 0x4200, 0xA300, 0xA300, 0x6200, 0x7444, 0x1B5E,
    0x1B5E, 0x7444, 0x6200, 0xA300, 0xA300, 0xA300, 0x6200, 0x2832, 0xCF6B, 0xAE6B, 0x307C, 0x5084, 0x5084, 0x5084, 0x5084, 0x5084,
    0x5084, 0x5084, 0x5084, 0x5084, 0x5084, 0x5084, 0x7084, 0xD28C, 0x493A, 0x4200, 0xA300, 0xA300, 0xA300, 0x6200, 0x7444, 0x1B5E,
    0x1B5E, 0x7444, 0x6200, 0xA300, 0xA300, 0xA300, 0x6200, 0x2832, 0xAF6B, 0xEF73, 0x0409, 0x0000, 0x2100, 0x0100, 0x0100, 0x0100,
    0x0100, 0x0100, 0x0100, 0x0100, 0x0100, 0x0100, 0x0100, 0x0000, 0x4100, 0xA300, 0xA300, 0xA300, 0xA300, 0x6200, 0x7444, 0x1B5E,
    0x1B5E, 0x7444, 0x6200, 0xA300, 0xA300, 0xC300, 0x0000, 0x918C, 0xFFFF, 0xD294, 0xA308, 0xC300, 0xC300, 0xC300, 0xC300, 0xC300,
    0xC300, 0xC300, 0xC300, 0xC300, 0xC300, 0xC300, 0xC300, 0xC300, 0xA300, 0xA300, 0xA300, 0xA300, 0xA300, 0x6200, 0x7444, 0x1B5E,
    0x1B5E, 0x7444, 0x6200, 0xA300, 0xA300, 0xC300, 0x0100, 0x918C, 0xB28C, 0x0000, 0x8300, 0xA300, 0xA300, 0xA300, 0xA300, 0xA300,
    0xA300, 0xA300, 0xA300, 0xA300, 0xA300, 0xA300, 0xA300, 0xA300, 0xA300, 0xA300, 0xA300, 0xA300, 0xA300, 0x6200, 0x7444, 0x1B5E,
    0x1B5E, 0x7444, 0x6200, 0xA300, 0xA300, 0xA300, 0x8200, 0x8621, 0x8200, 0x8300, 0xA300, 0xA300, 0xA300, 0xA300, 0xA300, 0xA300,
    0xA300, 0xA300, 0xA300, 0xA300, 0xA300, 0xA300, 0xA300, 0xA300, 0xA300, 0xA300, 0xA300, 0xA300, 0xA300, 0x6200, 0x7444, 0x1B5E,
    0x1B5E, 0x7444, 0x6200, 0xA300, 0xA300, 0xA300, 0xA300, 0x6200, 0xA300, 0xA300, 0xA300, 0xA300, 0x8300, 0xA300, 0xA300, 0xA300,
    0xA300, 0xA300, 0xA300, 0x8300, 0x4100, 0x2100, 0x4100, 0x4100, 0x2100, 0x4100, 0xA300, 0xA300, 0xA300, 0x6200, 0x7444, 0x1B5E,
    0x1B5E, 0x7444, 0x6200, 0xA300, 0xA300, 0xA300, 0xA300, 0xA300, 0xA300, 0x6200, 0x6200, 0xA300, 0xA300, 0xA300, 0xA300, 0xA300,
    0xA300, 0xA300, 0xA300, 0xA300, 0xCC22, 0x4F2B, 0x2E2B, 0x2E2B, 0x4F2B, 0xAC22, 0x6200, 0x8300, 0xA300, 0x6200, 0x7444, 0x1B5E,
    0x1B5E, 0x7444, 0x6200, 0xA300, 0xA300, 0x6200, 0x6200, 0x6200, 0x4100, 0x6609, 0xAC22, 0xF64C, 0xF644, 0xF644, 0xF644, 0xF644,
    0xF644, 0xF644, 0xF644, 0xF64C, 0x1B5E, 0x3C5E, 0x3C5E, 0x3B5E, 0x5C5E, 0xDA55, 0x0912, 0x8300, 0xA300, 0x6200, 0x7444, 0x1B5E,
    0x1B5E, 0x7444, 0x6200, 0xA300, 0xE400, 0x333C, 0x9444, 0x743C, 0x533C, 0x9955, 0x1B5E, 0xFB5D, 0xFB5D, 0xFB5D, 0xFB5D, 0xFB5D,
    0xFB5D, 0xFB5D, 0xFB5D, 0xFB5D, 0xBA55, 0xB955, 0xB955, 0xB955, 0xB955, 0xDA55, 0x9955, 0xE400, 0x8300, 0x6200, 0x7444, 0x1B5E,
    0x1B5E, 0x7444, 0x6200, 0x8300, 0x0401, 0xFA55, 0x5C5E, 0x3C5E, 0x5C5E, 0xDA55, 0xB955, 0xB955, 0xB955, 0xBA55, 0xDA55, 0xBA55,
    0xBA55, 0xDA55, 0xDA55, 0xDA55, 0xDA55, 0xDA55, 0xDA55, 0xDA55, 0xB955, 0xDA55, 0x784D, 0xE400, 0x8300, 0x6200, 0x7444, 0x1B5E,
    0x1B5E, 0x7444, 0x6200, 0x8300, 0xE400, 0xB544, 0x164D, 0xF644, 0xF644, 0xB955, 0x3C5E, 0x3C5E, 0x3B5E, 0xDA55, 0xDA55, 0xDA55,
    0xDA55, 0xDA55, 0xDA55, 0xDA55, 0xDA55, 0xDA55, 0xDA55, 0xDA55, 0x1B5E, 0x3C5E, 0xB955, 0xE400, 0x8300, 0x6200, 0x7444, 0x1B5E,
    0x1B5E, 0x7444, 0x6200, 0xA300, 0xA300, 0xA300, 0xA300, 0xA300, 0x8200, 0xE911, 0x6F2B, 0x0E2B, 0xB033, 0xDA55, 0xDA55, 0xDA55,
    0x9955, 0xBA55, 0xBA55, 0xFB5D, 0xDA55, 0xB955, 0xDA55, 0xB955, 0x7444, 0xB544, 0xED22, 0x6200, 0xA300, 0x6200, 0x7444, 0x1B5E,
    0x1B5E, 0x7444, 0x6200, 0xA300, 0xA300, 0x8300, 0x8300, 0x8300, 0xA300, 0x6200, 0x2100, 0x4100, 0x2100, 0x743C, 0x7D66, 0xD133,
    0x6609, 0xDA55, 0x3B5E, 0xD644, 0xDA55, 0x1B5E, 0x3C5E, 0x4F2B, 0x0000, 0x6200, 0x6200, 0xA300, 0xA300, 0x6200, 0x7444, 0x1B5E,
    0x1B5E, 0x7444, 0x6200, 0xA300, 0xA300, 0xA300, 0xA300, 0xA300, 0xA300, 0xA300, 0xA300, 0xC300, 0x6200, 0xC811, 0x3C5E, 0x333C,
    0xF644, 0x174D, 0x0E2B, 0x6B1A, 0x9444, 0x0D2B, 0x9955, 0x8709, 0x6200, 0xA300, 0xA300, 0xA300, 0xA300, 0x6200, 0x7444, 0x1B5E,
    0x1B5E, 0x7444, 0x6200, 0xA300, 0xA300, 0xA300, 0xA300, 0xA300, 0xA300, 0xA300, 0xA300, 0xA300, 0xA300, 0x4100, 0x8B22, 0x7D66,
    0xB544, 0xC400, 0x2100, 0xE400, 0xE400, 0x4100, 0x2509, 0xA300, 0xA300, 0xA300, 0xA300, 0xA300, 0xA300, 0x6200, 0x7444, 0x1B5E,
    0x1B5E, 0x7444, 0x6200, 0xA300, 0xA300, 0xA300, 0xA300, 0xA300, 0xA300, 0xA300, 0xA300, 0xA300, 0xA300, 0xA300, 0x8200, 0xC811,
    0xE400, 0x6200, 0xC300, 0x8200, 0x8200, 0xA300, 0x8200, 0xA300, 0xA300, 0xA300, 0xA300, 0xA300, 0xA300, 0x6200, 0x7444, 0x1B5E,
    0x1B5E, 0x7444, 0x6200, 0xC300, 0xA300, 0xA300, 0xA300, 0xA300, 0xA300, 0xA300, 0xA300, 0xA300, 0xA300, 0xA300, 0xA300, 0x6200,
    0xA300, 0xA300, 0xA300, 0xA300, 0xA300, 0xA300, 0xA300, 0xA300, 0xA300, 0xA300, 0xA300, 0xA300, 0xC300, 0x6200, 0x7444, 0x1B5E,
    0x1B5E, 0x743C, 0x0000, 0x6200, 0x6200, 0x6200, 0x6200, 0x6200, 0x6200, 0x6200, 0x6200, 0x6200, 0x6200, 0x6200, 0x6200, 0x6200,
    0x6200, 0x6200, 0x6200, 0x6200, 0x6200, 0x6200, 0x6200, 0x6200, 0x6200, 0x6200, 0x6200, 0x6200, 0x6200, 0x0000, 0x743C, 0x1B5E,
    0xFA55, 0x7855, 0x7444, 0x9444, 0x7444, 0x7444, 0x7444, 0x7444, 0x7444, 0x7444, 0x7444, 0x7444, 0x7444, 0x7444, 0x7444, 0x7444,
    0x7444, 0x7444, 0x7444, 0x7444, 0x7444, 0x7444, 0x7444, 0x7444, 0x7444, 0x7444, 0x7444, 0x7444, 0x9444, 0x7444, 0x7855, 0xFA55,
    0xDA55, 0xDA55, 0x1B5E, 0x1B5E, 0x1B5E, 0x1B5E, 0x1B5E, 0x1B5E, 0x1B5E, 0x1B5E, 0x1B5E, 0x1B5E, 0x1B5E, 0x1B5E, 0x1B5E, 0x1B5E,
    0x1B5E, 0x1B5E, 0x1B5E, 0x1B5E, 0x1B5E, 0x1B5E, 0x1B5E, 0x1B5E, 0x1B5E, 0x1B5E, 0x1B5E, 0x1B5E, 0x1B5E, 0x1B5E, 0xDA55, 0xDA55
};

const uint16_t icon_speargun_stratagem_icon_background[] PROGMEM = {
    0xDA55, 0xDA55, 0x1B5E, 0x1B5E, 0x1B5E, 0x1B5E, 0x1B5E, 0x1B5E, 0x1B5E, 0x1B5E, 0x1B5E, 0x1B5E, 0x1B5E, 0x1B5E, 0x1B5E, 0x1B5E,
    0x1B5E, 0x1B5E, 0x1B5E, 0x1B5E, 0x1B5E, 0x1B5E, 0x1B5E, 0x1B5E, 0x1B5E, 0x1B5E, 0x1B5E, 0x1B5E, 0x1B5E, 0x1B5E, 0xDA55, 0xDA55,
    0xFA55, 0x7855, 0x7444, 0x9444, 0x7444, 0x7444, 0x7444, 0x7444, 0x7444, 0x7444, 0x7444, 0x7444, 0x7444, 0x7444, 0x7444, 0x7444,
    0x7444, 0x7444, 0x7444, 0x7444, 0x7444, 0x7444, 0x7444, 0x7444, 0x7444, 0x7444, 0x7444, 0x7444, 0x9444, 0x7444, 0x7855, 0xFA55,
    0x1B5E, 0x743C, 0x0000, 0x6200, 0x6200, 0x6200, 0x6200, 0x6200, 0x6200, 0x6200, 0x6200, 0x6200, 0x6200, 0x6200, 0x6200, 0x6200,
    0x6200, 0x6200, 0x6200, 0x6200, 0x6200, 0x6200, 0x6200, 0x6200, 0x6200, 0x6200, 0x6200, 0x6200, 0x6200, 0x0000, 0x743C, 0x1B5E,
    0x1B5E, 0x7444, 0x6200, 0xC300, 0xA300, 0xA300, 0xA300, 0xA300, 0xA300, 0xA300, 0xA300, 0xA300, 0xA300, 0xA300, 0xA300, 0xA300,
    0xA300, 0xA300, 0xA300, 0xA300, 0xA300, 0xA300, 0xA300, 0xA300, 0xA300, 0xA300, 0xA300, 0xA300, 0xC300, 0x6200, 0x7444, 0x1B5E,
    0x1B5E, 0x7444, 0x6200, 0xA300, 0xA300, 0xA300, 0xA300, 0xA300, 0xC300, 0xC300, 0xA300, 0xA300, 0xA300, 0xA300, 0xA300, 0xA300,
    0xA300, 0xA300, 0xA300, 0xA300, 0xA300, 0xA300, 0xA300, 0xA300, 0xA300, 0xA300, 0xA300, 0xA300, 0xA300, 0x6200, 0x7444, 0x1B5E,
    0x1B5E, 0x7444, 0x6200, 0xA300, 0xA300, 0xA300, 0xA300, 0x4200, 0x2100, 0x2100, 0x4200, 0xA300, 0xA300, 0xA300, 0xA300, 0xA300,
    0xA300, 0xA300, 0xA300, 0xA300, 0xA300, 0xA300, 0xA300, 0xA300, 0xA300, 0xA300, 0xA300, 0xA300, 0xA300, 0x6200, 0x7444, 0x1B5E,
    0x1B5E, 0x7444, 0x6200, 0xA300, 0xA300, 0xA300, 0x4200, 0x493A, 0xD294, 0xD294, 0x493A, 0x4200, 0xA300, 0xA300, 0xA300, 0xA300,
    0xA300, 0xA300, 0xA300, 0xA300, 0xA300, 0xA300, 0xA300, 0xA300, 0xA300, 0xA300, 0xA300, 0xA300, 0xA300, 0x6200, 0x7444, 0x1B5E,
    0x1B5E, 0x7444, 0x6200, 0xA300, 0xA300, 0x2100, 0x0B53, 0xFFFF, 0xFFFF, 0xFFFF, 0xFFFF, 0x0B53, 0x2100, 0xA300, 0xA300, 0xA300,
    0xA300, 0xA300, 0xA300, 0xA300, 0xA300, 0x4200, 0x8200, 0xA300, 0x4100, 0xA300, 0xA300, 0xA300, 0xA300, 0x6200, 0x7444, 0x1B5E,
    0x1B5E, 0x7444, 0x6200, 0xA300, 0xA300, 0xA308, 0x98CE, 0x9DEF, 0x5BEF, 0x5BEF, 0x9DEF, 0x98CE, 0xA308, 0xA300, 0xA300, 0xA300,
    0xA300, 0xA300, 0xA300, 0xC300, 0xA300, 0xAA4A, 0xE408, 0x8200, 0xEB4A, 0x6200, 0x4200, 0xC300, 0xA300, 0x6200, 0x7444, 0x1B5E,
    0x1B5E, 0x7444, 0x6200, 0xC300, 0x0100, 0x507C, 0x5BE7, 0x0411, 0xE408, 0xE408, 0x0411, 0x5BE7, 0x507C, 0x0100, 0xC300, 0xA300,
    0x2100, 0x0100, 0x0100, 0x2100, 0x0000, 0x283A, 0xB9D6, 0xE731, 0xAE6B, 0x37C6, 0x6621, 0x0000, 0xA300, 0x6200, 0x7444, 0x1B5E,
    0x1B5E, 0x7444, 0x6200, 0xC300, 0x0000, 0xD294, 0x7CEF, 0x2100, 0x8619, 0x6519, 0x2100, 0x7CEF, 0xD294, 0x0000, 0xC300, 0xA300,
    0xAA4A, 0xCF73, 0xCE6B, 0xCE6B, 0xCE73, 0x8D6B, 0x5BE7, 0xDEFF, 0x918C, 0xCF73, 0x99CE, 0xCE73, 0xA300, 0x6200, 0x9444, 0x1B5E,
    0x1B5E, 0x7444, 0x6200, 0xC300, 0x4100, 0xEB52, 0xFFFF, 0x95AD, 0x57C6, 0x16BE, 0xB5B5, 0xFFFF, 0xEB52, 0x4100, 0xA300, 0xA308,
    0x0F74, 0xB6B5, 0xB5AD, 0xB5B5, 0xD5B5, 0x74AD, 0x3AE7, 0xFFFF, 0x17BE, 0x493A, 0xDAD6, 0x95AD, 0xC308, 0x4100, 0x9444, 0x1B5E,
    0x1B5E, 0x7444, 0x6200, 0xA300, 0xA300, 0x2100, 0x2C5B, 0x9DEF, 0x78CE, 0x98CE, 0x7CEF, 0x4C5B, 0x2100, 0xA300, 0xA300, 0x8300,
    0x2100, 0x0100, 0x0100, 0x2100, 0x0000, 0x6519, 0x5BEF, 0x6D6B, 0xEB4A, 0xFADE, 0xEB52, 0x0100, 0xA300, 0x6200, 0x7444, 0x1B5E,
    0x1B5E, 0x7444, 0x6200, 0xA300, 0x6200, 0x6619, 0xB18C, 0xF6BD, 0xB9D6, 0xD9D6, 0x16BE, 0x7184, 0x0411, 0x8200, 0xA300, 0xA300,
    0xA300, 0xA300, 0xA300, 0xC300, 0x8200, 0x6D63, 0x2832, 0x2100, 0xEF73, 0x4519, 0x0100, 0xC300, 0xA300, 0x6200, 0x7444, 0x1B5E,
    0x1B5E, 0x7444, 0x6200, 0xA300, 0xA300, 0x4200, 0x5084, 0xD9D6, 0x693A, 0x0B53, 0x3BE7, 0x6D63, 0x4200, 0xA300, 0xA300, 0xA300,
    0xA300, 0xA300, 0xA300, 0xA300, 0xA300, 0x8200, 0x4200, 0xC400, 0x6200, 0x6200, 0xC300, 0xA300, 0xA300, 0x6200, 0x7444, 0x1B5E,
    0x1B5E, 0x7444, 0x6200, 0xA300, 0xA300, 0xA300, 0x2100, 0xCB4A, 0xA300, 0x2411, 0x8A42, 0x0100, 0xA300, 0xA300, 0xA300, 0xA300,
    0xA300, 0xA300, 0xA300, 0xA300, 0xA300, 0xA300, 0xA300, 0x8300, 0xA300, 0xA300, 0xA300, 0xA300, 0xA300, 0x6200, 0x7444, 0x1B5E,
    0x1B5E, 0x7444, 0x6200, 0xA300, 0xA300, 0xA300, 0xA300, 0x4100, 0xA300, 0x8200, 0x4100, 0xA300, 0xA300, 0xA300, 0xA300, 0xA300,
    0xA300, 0xA300, 0xA300, 0xA300, 0xA300, 0xA300, 0xA300, 0xA300, 0xA300, 0xA300, 0xA300, 0xA300, 0xA300, 0x6200, 0x7444, 0x1B5E,
    0x1B5E, 0x7444, 0x6200, 0xA300, 0xA300, 0xA300, 0xA300, 0xA300, 0xA300, 0xA300, 0xA300, 0xA300, 0xA300, 0xA300, 0xA300, 0xA300,
    0xA300, 0xA300, 0xA300, 0xA300, 0xA300, 0xA300, 0xA300, 0xA300, 0xA300, 0xA300, 0xA300, 0xA300, 0xA300, 0x6200, 0x7444, 0x1B5E,
    0x1B5E, 0x7444, 0x6200, 0xA300, 0xA300, 0xA300, 0xA300, 0xA300, 0xA300, 0xA300, 0xA300, 0x8200, 0x8200, 0x8200, 0x6200, 0x6200,
    0x6200, 0x8200, 0x8200, 0x8200, 0x8200, 0x8200, 0x8200, 0x8200, 0x8200, 0x8200, 0x8300, 0x8200, 0xA300, 0x6200, 0x7444, 0x1B5E,
    0x1B5E, 0x7444, 0x4100, 0x8200, 0x4100, 0x4100, 0x4100, 0x6200, 0xA300, 0x6200, 0x8300, 0x0509, 0x2509, 0xC400, 0xC811, 0xE911,
    0xE911, 0x0401, 0x2509, 0x0509, 0x2509, 0x0509, 0x0509, 0x0509, 0x2509, 0x2509, 0xA300, 0xE400, 0xA300, 0x4100, 0x7444, 0x1B5E,
    0x1B5E, 0x733C, 0xC400, 0x0E2B, 0x8B22, 0x8B22, 0xAC22, 0x8711, 0x4100, 0x0509, 0x9444, 0x9955, 0x784D, 0x374D, 0x174D, 0xD644,
    0xB955, 0x7855, 0x9955, 0x584D, 0x574D, 0x574D, 0x574D, 0x574D, 0x164D, 0x374D, 0x123C, 0x533C, 0xD133, 0x6200, 0x7444, 0x1B5E,
    0x1B5E, 0x743C, 0xA300, 0xF644, 0xB955, 0xDA55, 0xB955, 0x7855, 0x123C, 0xD544, 0x9955, 0x3C5E, 0x3B5E, 0x3C5E, 0x1B5E, 0x1B5E,
    0x1B5E, 0x3C5E, 0xBA55, 0x9444, 0x9444, 0x9444, 0x9444, 0xB544, 0x9955, 0xFB55, 0xF133, 0xE919, 0x8711, 0x4100, 0x7444, 0x1B5E,
    0x1B5E, 0x533C, 0xE400, 0x743C, 0x9444, 0x164D, 0xF644, 0xD644, 0x091A, 0x4609, 0x091A, 0xF233, 0x123C, 0x9444, 0xD644, 0xB544,
    0xB544, 0xB033, 0x6609, 0xA300, 0xC300, 0xC300, 0xA300, 0xC400, 0x2A1A, 0x8B22, 0x8711, 0x4100, 0x8200, 0x6200, 0x7444, 0x1B5E,
    0x1B5E, 0x743C, 0x8200, 0x4609, 0x0509, 0x4A1A, 0x6B1A, 0xE811, 0x4100, 0x8200, 0x6200, 0x4100, 0x4100, 0x8200, 0xA300, 0x8200,
    0x6200, 0x4100, 0x6200, 0x8300, 0x8200, 0x8300, 0x8300, 0x8200, 0x4100, 0x4100, 0x6200, 0xA300, 0xA300, 0x6200, 0x7444, 0x1B5E,
    0x1B5E, 0x7444, 0x4100, 0x8200, 0x8200, 0x4100, 0x4100, 0x6200, 0xA300, 0xA300, 0xA300, 0xA300, 0xA300, 0xA300, 0xA300, 0xA300,
    0xA300, 0xA300, 0xA300, 0xA300, 0xA300, 0xA300, 0xA300, 0xA300, 0xA300, 0xA300, 0xA300, 0xA300, 0xA300, 0x6200, 0x7444, 0x1B5E,
    0x1B5E, 0x7444, 0x6200, 0xA300, 0xA300, 0xA300, 0xA300, 0xA300, 0xA300, 0xA300, 0xA300, 0xA300, 0xA300, 0xA300, 0xA300, 0xA300,
    0xA300, 0xA300, 0xA300, 0xA300, 0xA300, 0xA300, 0xA300, 0xA300, 0xA300, 0xA300, 0xA300, 0xA300, 0xA300, 0x6200, 0x7444, 0x1B5E,
    0x1B5E, 0x7444, 0x6200, 0xA300, 0xA300, 0xA300, 0xA300, 0xA300, 0xA300, 0xA300, 0xA300, 0xA300, 0xA300, 0xA300, 0xA300, 0xA300,
    0xA300, 0xA300, 0xA300, 0xA300, 0xA300, 0xA300, 0xA300, 0xA300, 0xA300, 0xA300, 0xA300, 0xA300, 0xA300, 0x6200, 0x7444, 0x1B5E,
    0x1B5E, 0x7444, 0x6200, 0xA300, 0xA300, 0xA300, 0xA300, 0xA300, 0xA300, 0xA300, 0xA300, 0xA300, 0xA300, 0xA300, 0xA300, 0xA300,
    0xA300, 0xA300, 0xA300, 0xA300, 0xA300, 0xA300, 0xA300, 0xA300, 0xA300, 0xA300, 0xA300, 0xA300, 0xA300, 0x6200, 0x7444, 0x1B5E,
    0x1B5E, 0x7444, 0x6200, 0xC300, 0xA300, 0xA300, 0xA300, 0xA300, 0xA300, 0xA300, 0xA300, 0xA300, 0xA300, 0xA300, 0xA300, 0xA300,
    0xA300, 0xA300, 0xA300, 0xA300, 0xA300, 0xA300, 0xA300, 0xA300, 0xA300, 0xA300, 0xA300, 0xA300, 0xC300, 0x6200, 0x7444, 0x1B5E,
    0x1B5E, 0x743C, 0x0000, 0x6200, 0x6200, 0x6200, 0x6200, 0x6200, 0x6200, 0x6200, 0x6200, 0x6200, 0x6200, 0x6200, 0x6200, 0x6200,
    0x6200, 0x6200, 0x6200, 0x6200, 0x6200, 0x6200, 0x6200, 0x6200, 0x6200, 0x6200, 0x6200, 0x6200, 0x6200, 0x0000, 0x743C, 0x1B5E,
    0xFA55, 0x7855, 0x7444, 0x9444, 0x7444, 0x7444, 0x7444, 0x7444, 0x7444, 0x7444, 0x7444, 0x7444, 0x7444, 0x7444, 0x7444, 0x7444,
    0x7444, 0x7444, 0x7444, 0x7444, 0x7444, 0x7444, 0x7444, 0x7444, 0x7444, 0x7444, 0x7444, 0x7444, 0x9444, 0x7444, 0x7855, 0xFA55,
    0xDA55, 0xDA55, 0x1B5E, 0x1B5E, 0x1B5E, 0x1B5E, 0x1B5E, 0x1B5E, 0x1B5E, 0x1B5E, 0x1B5E, 0x1B5E, 0x1B5E, 0x1B5E, 0x1B5E, 0x1B5E,
    0x1B5E, 0x1B5E, 0x1B5E, 0x1B5E, 0x1B5E, 0x1B5E, 0x1B5E, 0x1B5E, 0x1B5E, 0x1B5E, 0x1B5E, 0x1B5E, 0x1B5E, 0x1B5E, 0xDA55, 0xDA55
};

const uint16_t icon_stalwart_stratagem_icon_background[] PROGMEM = {
    0xDA55, 0xDA55, 0x1B5E, 0x1B5E, 0x1B5E, 0x1B5E, 0x1B5E, 0x1B5E, 0x1B5E, 0x1B5E, 0x1B5E, 0x1B5E, 0x1B5E, 0x1B5E, 0x1B5E, 0x1B5E,
    0x1B5E, 0x1B5E, 0x1B5E, 0x1B5E, 0x1B5E, 0x1B5E, 0x1B5E, 0x1B5E, 0x1B5E, 0x1B5E, 0x1B5E, 0x1B5E, 0x1B5E, 0x1B5E, 0xDA55, 0xDA55,
    0xFA55, 0x7855, 0x7444, 0x9444, 0x7444, 0x7444, 0x7444, 0x7444, 0x7444, 0x7444, 0x7444, 0x7444, 0x7444, 0x7444, 0x7444, 0x7444,
    0x7444, 0x7444, 0x7444, 0x7444, 0x7444, 0x7444, 0x7444, 0x7444, 0x7444, 0x7444, 0x7444, 0x7444, 0x9444, 0x7444, 0x7855, 0xFA55,
    0x1B5E, 0x743C, 0x0000, 0x6200, 0x6200, 0x6200, 0x6200, 0x6200, 0x6200, 0x6200, 0x6200, 0x6200, 0x6200, 0x6200, 0x6200, 0x6200,
    0x6200, 0x6200, 0x6200, 0x6200, 0x6200, 0x6200, 0x6200, 0x6200, 0x6200, 0x6200, 0x6200, 0x6200, 0x6200, 0x0000, 0x743C, 0x1B5E,
    0x1B5E, 0x7444, 0x6200, 0xC300, 0xA300, 0xA300, 0xA300, 0xA300, 0xA300, 0xA300, 0xA300, 0xA300, 0xA300, 0xA300, 0xA300, 0xA300,
    0xA300, 0xA300, 0xA300, 0xA300, 0xA300, 0xA300, 0xA300, 0xA300, 0xA300, 0xA300, 0xA300, 0xA300, 0xC300, 0x6200, 0x7444, 0x1B5E,
    0x1B5E, 0x7444, 0x6200, 0xA300, 0xA300, 0xA300, 0xA300, 0xA300, 0xA300, 0xA300, 0xA300, 0xA300, 0xA300, 0xA300, 0xA300, 0xA300,
    0xA300, 0xA300, 0xA300, 0xA300, 0xA300, 0xA300, 0xA300, 0xA300, 0xA300, 0xA300, 0xA300, 0xA300, 0xA300, 0x6200, 0x7444, 0x1B5E,
    0x1B5E, 0x7444, 0x6200, 0xA300, 0xA300, 0xA300, 0xA300, 0xA300, 0xA300, 0xA300, 0xA300, 0xA300, 0xC300, 0xC300, 0xC300, 0xC300,
    0xC300, 0xC300, 0xA300, 0xA300, 0xA300, 0xA300, 0xA300, 0xA300, 0xA300, 0xA300, 0xA300, 0xA300, 0xA300, 0x6200, 0x7444, 0x1B5E,
    0x1B5E, 0x7444, 0x6200, 0xA300, 0xA300, 0xA300, 0xA300, 0xA300, 0xA300, 0xA300, 0xA300, 0x8300, 0x0100, 0x0100, 0x0100, 0x0100,
    0x0100, 0x0100, 0x4200, 0x6200, 0x8200, 0xA300, 0xA300, 0xA300, 0xA300, 0xA300, 0xA300, 0xA300, 0xA300, 0x6200, 0x7444, 0x1B5E,
    0x1B5E, 0x7444, 0x6200, 0xA300, 0xA300, 0xA300, 0xA300, 0xA300, 0xA300, 0xA300, 0x8200, 0xC408, 0xEF73, 0x307C, 0x2F7C, 0x307C,
    0x307C, 0x0F74, 0x0832, 0xA721, 0xE408, 0x8300, 0xA300, 0xA300, 0xA300, 0xA300, 0xA300, 0xA300, 0xA300, 0x6200, 0x7444, 0x1B5E,
    0x1B5E, 0x7444, 0x6200, 0xA300, 0xA300, 0xA300, 0xA300, 0xA300, 0xA300, 0xA300, 0x6200, 0x2511, 0xFFFF, 0xFFFF, 0xFFFF, 0xFFFF,
    0xFFFF, 0xFFFF, 0xFEFF, 0xDEFF, 0x7084, 0x6200, 0xA300, 0xA300, 0xA300, 0xA300, 0xA300, 0xA300, 0xA300, 0x6200, 0x7444, 0x1B5E,
    0x1B5E, 0x7444, 0x6200, 0xA300, 0xA300, 0xA300, 0xA300, 0xA300, 0xA300, 0xA300, 0x8200, 0xC308, 0x8D63, 0xCE6B, 0xAE6B, 0xAE6B,
    0xCE6B, 0xAE6B, 0xC729, 0x8621, 0xC308, 0x8300, 0xA300, 0xA300, 0xA300, 0xA300, 0xA300, 0xA300, 0xA300, 0x6200, 0x7444, 0x1B5E,
    0x1B5E, 0x7444, 0x6200, 0xA300, 0xA300, 0xA300, 0xA300, 0xA300, 0xA300, 0xA300, 0x8200, 0xC308, 0x6D63, 0xAE6B, 0xAE6B, 0xAE6B,
    0xAE6B, 0x8D63, 0xC721, 0x6619, 0xC308, 0x8300, 0xA300, 0xA300, 0xA300, 0xA300, 0xA300, 0xA300, 0xA300, 0x6200, 0x7444, 0x1B5E,
    0x1B5E, 0x7444, 0x6200, 0xA300, 0xA300, 0xA300, 0xA300, 0xA300, 0xA300, 0xA300, 0x6200, 0x2511, 0xFFFF, 0xFFFF, 0xFFFF, 0xFFFF,
    0xFFFF, 0xFFFF, 0xFEFF, 0xDEFF, 0x7084, 0x6200, 0xA300, 0xA300, 0xA300, 0xA300, 0xA300, 0xA300, 0xA300, 0x6200, 0x7444, 0x1B5E,
    0x1B5E, 0x7444, 0x6200, 0xA300, 0xA300, 0xA300, 0xA300, 0xA300, 0xA300, 0xA300, 0x8200, 0xC308, 0x8D63, 0xCE6B, 0xCE6B, 0xCE6B,
    0xCE6B, 0xAE6B, 0xC729, 0x6619, 0xC308, 0x8300, 0xA300, 0xA300, 0xA300, 0xA300, 0xA300, 0xA300, 0xA300, 0x6200, 0x7444, 0x1B5E,
    0x1B5E, 0x7444, 0x6200, 0xA300, 0xA300, 0xA300, 0xA300, 0xA300, 0xA300, 0xA300, 0x8200, 0xC308, 0x8D63, 0xCE6B, 0xCE6B, 0xCE6B,
    0xCE6B, 0xAE6B, 0xE729, 0x8621, 0xE408, 0x8300, 0xA300, 0xA300, 0xA300, 0xA300, 0xA300, 0xA300, 0xA300, 0x6200, 0x7444, 0x1B5E,
    0x1B5E, 0x7444, 0x6200, 0xA300, 0xA300, 0xA300, 0xA300, 0xA300, 0xA300, 0xA300, 0x6200, 0x2511, 0xFFFF, 0xFFFF, 0xFFFF, 0xFFFF,
    0xFFFF, 0xFFFF, 0xFEFF, 0xDEFF, 0x7084, 0x6200, 0xA300, 0xA300, 0xA300, 0xA300, 0xA300, 0xA300, 0xA300, 0x6200, 0x7444, 0x1B5E,
    0x1B5E, 0x7444, 0x6200, 0xA300, 0xA300, 0xA300, 0xA300, 0xA300, 0xA300, 0xA300, 0x8200, 0xC408, 0xEF73, 0x307C, 0x2F7C, 0x307C,
    0x307C, 0x0F74, 0xE829, 0x8621, 0xC408, 0x8300, 0xA300, 0xA300, 0xA300, 0xA300, 0xA300, 0xA300, 0xA300, 0x6200, 0x7444, 0x1B5E,
    0x1B5E, 0x7444, 0x6200, 0xA300, 0xA300, 0xA300, 0xA300, 0xA300, 0xA300, 0xA300, 0xA300, 0x8300, 0x0100, 0x0100, 0x0100, 0x0100,
    0x0100, 0x0100, 0x4200, 0x6200, 0x8200, 0xA300, 0xA300, 0xA300, 0xA300, 0xA300, 0xA300, 0xA300, 0xA300, 0x6200, 0x7444, 0x1B5E,
    0x1B5E, 0x7444, 0x6200, 0xA300, 0xA300, 0xA300, 0xA300, 0xA300, 0xA300, 0xA300, 0xA300, 0xA300, 0xC300, 0xC300, 0xC300, 0xC300,
    0xC300, 0xC300, 0xC300, 0xC300, 0xA300, 0xA300, 0xA300, 0xA300, 0xA300, 0xA300, 0xA300, 0xA300, 0xA300, 0x6200, 0x7444, 0x1B5E,
    0x1B5E, 0x7444, 0x6200, 0xA300, 0x8200, 0x8200, 0x8200, 0x8200, 0x8200, 0x8200, 0x8200, 0x6200, 0x4100, 0x4100, 0x4100, 0x4100,
    0x4100, 0x4100, 0x4100, 0x4100, 0x8200, 0xA300, 0xA300, 0xA300, 0xA300, 0xA300, 0xA300, 0xA300, 0xA300, 0x6200, 0x7444, 0x1B5E,
    0x1B5E, 0x7444, 0x6200, 0xE400, 0xE400, 0xE400, 0xE400, 0xE400, 0xE400, 0xE400, 0x0509, 0xE911, 0xAC22, 0x8B22, 0x8B22, 0x8C22,
    0x8B22, 0xE911, 0xE911, 0x091A, 0xE400, 0x2100, 0x4100, 0x4100, 0x4100, 0x4100, 0x4100, 0x4100, 0xA300, 0x6200, 0x7444, 0x1B5E,
    0x1B5E, 0x743C, 0xA300, 0x174D, 0x9955, 0x784D, 0x7855, 0x784D, 0x784D, 0x784D, 0x9955, 0xFB5D, 0x1B5E, 0x1B5E, 0x1B5E, 0x1B5E,
    0x1B5E, 0x1B5E, 0xFB5D, 0x3C5E, 0x323C, 0x4A1A, 0x8B22, 0x8B22, 0x8B22, 0x8B22, 0x8B22, 0x4A1A, 0x8200, 0x6200, 0x7444, 0x1B5E,
    0x1B5E, 0x743C, 0xA300, 0x9955, 0xFA55, 0xDA55, 0xDA55, 0xDA55, 0x3B5E, 0x3B5E, 0xFA55, 0xDA55, 0xB955, 0xDA55, 0xB955, 0xB955,
    0xB955, 0xDA55, 0xDA55, 0xB955, 0xFA55, 0x1B5E, 0x1B5E, 0x1B5E, 0x1B5E, 0x1B5E, 0x1B5E, 0x5C5E, 0x743C, 0x0509, 0x733C, 0x3B5E,
    0x1B5E, 0x743C, 0xC300, 0x9955, 0x1B5E, 0x1B5E, 0x1B5E, 0xDA55, 0x7444, 0x7444, 0x9955, 0xDA55, 0xBA55, 0x9955, 0xDA55, 0x3C5E,
    0x1B5E, 0xDA55, 0xDA55, 0xFB5D, 0x1B5E, 0x1B5E, 0x1B5E, 0x1B5E, 0x1B5E, 0x1B5E, 0x3B5E, 0x7444, 0x8B22, 0x8200, 0x743C, 0x1B5E,
    0x1B5E, 0x743C, 0xA300, 0x374D, 0xD644, 0x533C, 0xB544, 0x8B22, 0x4100, 0x8200, 0xE408, 0xB033, 0xDA55, 0x2E2B, 0xD133, 0xD13B,
    0x533C, 0xDA55, 0xDA55, 0xD544, 0xF133, 0x0E2B, 0x8B22, 0x8C22, 0x8B22, 0x8B22, 0xAC22, 0xC400, 0x4100, 0x6200, 0x7444, 0x1B5E,
    0x1B5E, 0x7444, 0x4100, 0x2509, 0x8300, 0x4100, 0x6200, 0x6200, 0xA300, 0x8200, 0xE400, 0x9955, 0x123C, 0x6611, 0xE400, 0x0000,
    0xC811, 0x5C5E, 0x7D66, 0x2E2B, 0x0000, 0x6200, 0x4100, 0x4100, 0x4100, 0x4100, 0x4100, 0x8300, 0xC300, 0x6200, 0x7444, 0x1B5E,
    0x1B5E, 0x7444, 0x6200, 0x8200, 0xA300, 0xA300, 0xA300, 0xA300, 0xA300, 0x4100, 0xD133, 0x7D5E, 0x2509, 0x2100, 0xA300, 0x8300,
    0x2509, 0xAC22, 0xCC22, 0xA711, 0x8200, 0xA300, 0xA300, 0xA300, 0xA300, 0xA300, 0xA300, 0xA300, 0xA300, 0x6200, 0x7444, 0x1B5E,
    0x1B5E, 0x7444, 0x6200, 0xA300, 0xA300, 0xA300, 0xA300, 0xA300, 0xA300, 0x8200, 0x4609, 0xAC22, 0xE400, 0xA300, 0xA300, 0xA300,
    0x8200, 0x4100, 0x4100, 0x6200, 0xA300, 0xA300, 0xA300, 0xA300, 0xA300, 0xA300, 0xA300, 0xA300, 0xA300, 0x6200, 0x7444, 0x1B5E,
    0x1B5E, 0x7444, 0x6200, 0xA300, 0xA300, 0xA300, 0xA300, 0xA300, 0xA300, 0xA300, 0x6200, 0x4100, 0x8300, 0xA300, 0xA300, 0xA300,
    0xA300, 0xA300, 0xA300, 0xA300, 0xA300, 0xA300, 0xA300, 0xA300, 0xA300, 0xA300, 0xA300, 0xA300, 0xA300, 0x6200, 0x7444, 0x1B5E,
    0x1B5E, 0x7444, 0x6200, 0xC300, 0xA300, 0xA300, 0xA300, 0xA300, 0xA300, 0xA300, 0xA300, 0xC300, 0xA300, 0xA300, 0xA300, 0xA300,
    0xA300, 0xA300, 0xA300, 0xA300, 0xA300, 0xA300, 0xA300, 0xA300, 0xA300, 0xA300, 0xA300, 0xA300, 0xC300, 0x6200, 0x7444, 0x1B5E,
    0x1B5E, 0x743C, 0x0000, 0x6200, 0x6200, 0x6200, 0x6200, 0x6200, 0x6200, 0x6200, 0x6200, 0x6200, 0x6200, 0x6200, 0x6200, 0x6200,
    0x6200, 0x6200, 0x6200, 0x6200, 0x6200, 0x6200, 0x6200, 0x6200, 0x6200, 0x6200, 0x6200, 0x6200, 0x6200, 0x0000, 0x743C, 0x1B5E,
    0xFA55, 0x7855, 0x7444, 0x9444, 0x7444, 0x7444, 0x7444, 0x7444, 0x7444, 0x7444, 0x7444, 0x7444, 0x7444, 0x7444, 0x7444, 0x7444,
    0x7444, 0x7444, 0x7444, 0x7444, 0x7444, 0x7444, 0x7444, 0x7444, 0x7444, 0x7444, 0x7444, 0x7444, 0x9444, 0x7444, 0x7855, 0xFA55,
    0xDA55, 0xDA55, 0x1B5E, 0x1B5E, 0x1B5E, 0x1B5E, 0x1B5E, 0x1B5E, 0x1B5E, 0x1B5E, 0x1B5E, 0x1B5E, 0x1B5E, 0x1B5E, 0x1B5E, 0x1B5E,
    0x1B5E, 0x1B5E, 0x1B5E, 0x1B5E, 0x1B5E, 0x1B5E, 0x1B5E, 0x1B5E, 0x1B5E, 0x1B5E, 0x1B5E, 0x1B5E, 0x1B5E, 0x1B5E, 0xDA55, 0xDA55
};

const uint16_t icon_sterilizer_stratagem_icon_background[] PROGMEM = {
    0xDA55, 0xDA55, 0x1B5E, 0x1B5E, 0x1B5E, 0x1B5E, 0x1B5E, 0x1B5E, 0x1B5E, 0x1B5E, 0x1B5E, 0x1B5E, 0x1B5E, 0x1B5E, 0x1B5E, 0x1B5E,
    0x1B5E, 0x1B5E, 0x1B5E, 0x1B5E, 0x1B5E, 0x1B5E, 0x1B5E, 0x1B5E, 0x1B5E, 0x1B5E, 0x1B5E, 0x1B5E, 0x1B5E, 0x1B5E, 0xDA55, 0xDA55,
    0xFA55, 0x7855, 0x7444, 0x9444, 0x7444, 0x7444, 0x7444, 0x7444, 0x7444, 0x7444, 0x7444, 0x7444, 0x7444, 0x7444, 0x7444, 0x7444,
    0x7444, 0x7444, 0x7444, 0x7444, 0x7444, 0x7444, 0x7444, 0x7444, 0x7444, 0x7444, 0x7444, 0x7444, 0x9444, 0x7444, 0x7855, 0xFA55,
    0x1B5E, 0x743C, 0x0000, 0x6200, 0x6200, 0x6200, 0x6200, 0x6200, 0x6200, 0x6200, 0x6200, 0x6200, 0x6200, 0x6200, 0x6200, 0x6200,
    0x6200, 0x6200, 0x6200, 0x6200, 0x6200, 0x6200, 0x6200, 0x6200, 0x6200, 0x6200, 0x6200, 0x6200, 0x6200, 0x0000, 0x743C, 0x1B5E,
    0x1B5E, 0x7444, 0x6200, 0xC300, 0xA300, 0xA300, 0xA300, 0xA300, 0xA300, 0xA300, 0xA300, 0xA300, 0xA300, 0xA300, 0xC300, 0xA300,
    0xA300, 0xC300, 0xA300, 0xA300, 0xA300, 0xA300, 0xA300, 0xA300, 0xA300, 0xA300, 0xA300, 0xA300, 0xC300, 0x6200, 0x7444, 0x1B5E,
    0x1B5E, 0x7444, 0x6200, 0xA300, 0xA300, 0xA300, 0xA300, 0xA300, 0xA300, 0xA300, 0xA300, 0xA300, 0xA300, 0x8200, 0x2100, 0x8200,
    0x8200, 0x2100, 0x8200, 0xA300, 0xA300, 0xA300, 0xA300, 0xA300, 0xA300, 0xA300, 0xA300, 0xA300, 0xA300, 0x6200, 0x7444, 0x1B5E,
    0x1B5E, 0x7444, 0x6200, 0xA300, 0xA300, 0xA300, 0xA300, 0xA300, 0xA300, 0xA300, 0xA300, 0xA300, 0x6200, 0x2411, 0xB28C, 0x98CE,
    0x98CE, 0xB28C, 0x2511, 0x6200, 0xA300, 0xA300, 0xA300, 0xA300, 0xA300, 0xA300, 0xA300, 0xA300, 0xA300, 0x6200, 0x7444, 0x1B5E,
    0x1B5E, 0x7444, 0x6200, 0xA300, 0xA300, 0xA300, 0xA300, 0xA300, 0xA300, 0xA300, 0xA300, 0x8200, 0x0411, 0xB9D6, 0xFFFF, 0xFEFF,
    0xFEFF, 0xFFFF, 0xB9D6, 0x0411, 0x8200, 0xA300, 0xA300, 0xA300, 0xA300, 0xA300, 0xA300, 0xA300, 0xA300, 0x6200, 0x7444, 0x1B5E,
    0x1B5E, 0x7444, 0x6200, 0xA300, 0xA300, 0xA300, 0xA300, 0xA300, 0xA300, 0xA300, 0xC300, 0x0000, 0xEF73, 0xFFFF, 0xFEFF, 0xFFFF,
    0xFFFF, 0xFEFF, 0xFFFF, 0xEF73, 0x0000, 0xC300, 0xA300, 0xA300, 0xA300, 0xA300, 0xA300, 0xA300, 0xA300, 0x6200, 0x7444, 0x1B5E,
    0x1B5E, 0x7444, 0x6200, 0xA300, 0xA300, 0xA300, 0xA300, 0xA300, 0xA300, 0xA300, 0x6200, 0x283A, 0x1BE7, 0x9184, 0x0C5B, 0x6D63,
    0x6D63, 0x0B5B, 0x9184, 0x1BE7, 0x283A, 0x6200, 0xA300, 0xA300, 0xA300, 0xA300, 0xA300, 0xA300, 0xA300, 0x6200, 0x7444, 0x1B5E,
    0x1B5E, 0x7444, 0x6200, 0xA300, 0xA300, 0xA300, 0xA300, 0xA300, 0xA300, 0xA300, 0x2100, 0x8D63, 0xFFFF, 0xE831, 0x0000, 0x0000,
    0x0000, 0x0000, 0xE831, 0xFFFF, 0x8D63, 0x2100, 0xA300, 0xA300, 0xA300, 0xA300, 0xA300, 0xA300, 0xA300, 0x6200, 0x7444, 0x1B5E,
    0x1B5E, 0x7444, 0x6200, 0xA300, 0xA300, 0xA300, 0xA300, 0xA300, 0xA300, 0xA300, 0x2100, 0x6D63, 0xFFFF, 0xCA4A, 0x4100, 0x0C53,
    0x2C5B, 0x4100, 0xCA4A, 0xFFFF, 0x6D63, 0x2100, 0xA300, 0xA300, 0xA300, 0xA300, 0xA300, 0xA300, 0xA300, 0x6200, 0x7444, 0x1B5E,
    0x1B5E, 0x7444, 0x6200, 0xA300, 0xA300, 0xA300, 0xA300, 0xA300, 0xA300, 0xA300, 0x4200, 0x283A, 0xFEFF, 0x3BE7, 0xD294, 0x57C6,
    0x57C6, 0xD294, 0x3BE7, 0xDEFF, 0x283A, 0x4200, 0xA300, 0xA300, 0xA300, 0xA300, 0xA300, 0xA300, 0xA300, 0x6200, 0x7444, 0x1B5E,
    0x1B5E, 0x7444, 0x6200, 0xA300, 0xA300, 0xA300, 0xA300, 0xA300, 0xA300, 0xA300, 0xA300, 0x2100, 0x493A, 0xDEFF, 0x99CE, 0xB5B5,
    0xB5AD, 0x99CE, 0xDEFF, 0x493A, 0x2100, 0xA300, 0xA300, 0xA300, 0xA300, 0xA300, 0xA300, 0xA300, 0xA300, 0x6200, 0x7444, 0x1B5E,
    0x1B5E, 0x7444, 0x6200, 0xA300, 0xA300, 0xA300, 0xA300, 0xA300, 0xA300, 0xA300, 0x8300, 0xC300, 0xE839, 0x6D63, 0x99CE, 0xD6B5,
    0xF6B5, 0x58C6, 0x8D6B, 0xE731, 0xA300, 0xA300, 0xA300, 0xA300, 0xA300, 0xA300, 0xA300, 0xA300, 0xA300, 0x6200, 0x7444, 0x1B5E,
    0x1B5E, 0x7444, 0x6200, 0xA300, 0xA300, 0xA300, 0xA300, 0xA300, 0xA300, 0xA300, 0xA300, 0xA308, 0x78CE, 0xFBDE, 0x34A5, 0xF6BD,
    0xF6BD, 0xB5AD, 0x1BE7, 0xB5B5, 0x6200, 0xA300, 0xA300, 0xA300, 0xA300, 0xA300, 0xA300, 0xA300, 0xA300, 0x6200, 0x7444, 0x1B5E,
    0x1B5E, 0x7444, 0x6200, 0xA300, 0xA300, 0xA300, 0xA300, 0xA300, 0xA300, 0xA300, 0xA300, 0x6200, 0xE410, 0xFADE, 0x74A5, 0x4519,
    0x8621, 0x37C6, 0x38C6, 0x8200, 0x8200, 0xA300, 0xA300, 0xA300, 0xA300, 0xA300, 0xA300, 0xA300, 0xA300, 0x6200, 0x7444, 0x1B5E,
    0x1B5E, 0x7444, 0x6200, 0xA300, 0xA300, 0xA300, 0xA300, 0xA300, 0xA300, 0xA300, 0xA300, 0xA300, 0x4200, 0x4519, 0x9184, 0x6200,
    0xC408, 0x7184, 0xC308, 0x6200, 0xA300, 0xA300, 0xA300, 0xA300, 0xA300, 0xA300, 0xA300, 0xA300, 0xA300, 0x6200, 0x7444, 0x1B5E,
    0x1B5E, 0x7444, 0x6200, 0xA300, 0xA300, 0xA300, 0xA300, 0xA300, 0xA300, 0xA300, 0xA300, 0xA300, 0xA300, 0x8200, 0x2100, 0xA300,
    0x8300, 0x2100, 0x8300, 0xA300, 0xA300, 0xA300, 0xA300, 0xA300, 0xA300, 0xA300, 0xA300, 0xA300, 0xA300, 0x6200, 0x7444, 0x1B5E,
    0x1B5E, 0x7444, 0x6200, 0xA300, 0xA300, 0xA300, 0xA300, 0xA300, 0xA300, 0xA300, 0xA300, 0x8200, 0x8200, 0xA300, 0xA300, 0x8200,
    0x8300, 0xA300, 0x8200, 0xA300, 0xA300, 0xA300, 0xA300, 0xA300, 0xA300, 0xA300, 0xA300, 0xA300, 0xA300, 0x6200, 0x7444, 0x1B5E,
    0x1B5E, 0x7444, 0x6200, 0x8200, 0x4100, 0x4100, 0x4100, 0x4100, 0x2100, 0x4100, 0x4100, 0xC400, 0xC400, 0x8200, 0xE400, 0xC300,
    0xC300, 0xC300, 0xE400, 0x8300, 0x6200, 0x8200, 0x6200, 0x6200, 0xA300, 0x8300, 0x8300, 0x8200, 0xA300, 0x6200, 0x7444, 0x1B5E,
    0x1B5E, 0x9444, 0x4100, 0x4609, 0xE911, 0x091A, 0x0912, 0x0D2B, 0x2E2B, 0x2E2B, 0xB033, 0x174D, 0x374D, 0x533C, 0x574D, 0x174D,
    0x374D, 0x374D, 0x7855, 0x533C, 0x2509, 0xC300, 0x6609, 0xC811, 0xA300, 0xC300, 0xA300, 0xC400, 0xC400, 0x4100, 0x7444, 0x1B5E,
    0x1B5E, 0x9444, 0x0000, 0x9033, 0x374D, 0x333C, 0x533C, 0xB955, 0x9D66, 0x7C5E, 0x7D66, 0x5C5E, 0xDA55, 0x5C5E, 0x3C5E, 0x3C5E,
    0xFB5D, 0xFA55, 0xDA55, 0x3B5E, 0xFA55, 0xB955, 0xB955, 0x743C, 0x6B1A, 0x8C22, 0x6B1A, 0x2E2B, 0x2A1A, 0x2100, 0x9444, 0x1B5E,
    0x1B5E, 0x9444, 0x0000, 0x0E2B, 0x2E2B, 0x6200, 0x2509, 0xF644, 0x6B1A, 0xA711, 0x6B1A, 0xF133, 0x9955, 0x6B1A, 0x6B1A, 0x6B1A,
    0xB955, 0xFB5D, 0xDA55, 0x374D, 0x2E2B, 0x4A1A, 0xC811, 0xE400, 0x8300, 0x8300, 0x8300, 0x8300, 0xA300, 0x6200, 0x7444, 0x1B5E,
    0x1B5E, 0x7444, 0x4100, 0xC300, 0x091A, 0xA711, 0x291A, 0x291A, 0x4100, 0x6200, 0x4100, 0x2100, 0xD644, 0x4F2B, 0x0000, 0xC300,
    0xD644, 0xB544, 0x9955, 0xFA55, 0xC811, 0x0000, 0x6200, 0x8200, 0xA300, 0xA300, 0xA300, 0xA300, 0xA300, 0x6200, 0x7444, 0x1B5E,
    0x1B5E, 0x7444, 0x6200, 0xA300, 0x6200, 0x8200, 0x6200, 0x4100, 0xA300, 0xA300, 0xC300, 0x6200, 0x8711, 0x374D, 0x8B22, 0xB544,
    0xD544, 0x584D, 0xB955, 0x533C, 0x0509, 0xA300, 0xA300, 0xA300, 0xA300, 0xA300, 0xA300, 0xA300, 0xA300, 0x6200, 0x7444, 0x1B5E,
    0x1B5E, 0x7444, 0x6200, 0xA300, 0xA300, 0xA300, 0xA300, 0xA300, 0xA300, 0xA300, 0xA300, 0x8200, 0xE400, 0x584D, 0x784D, 0x584D,
    0x3C5E, 0x374D, 0xC811, 0x4100, 0x8200, 0xA300, 0xA300, 0xA300, 0xA300, 0xA300, 0xA300, 0xA300, 0xA300, 0x6200, 0x7444, 0x1B5E,
    0x1B5E, 0x7444, 0x6200, 0xA300, 0xA300, 0xA300, 0xA300, 0xA300, 0xA300, 0xA300, 0xA300, 0x4100, 0x2A1A, 0x3B5E, 0xFB5D, 0xBA55,
    0x0E2B, 0x8300, 0x6200, 0xA300, 0xA300, 0xA300, 0xA300, 0xA300, 0xA300, 0xA300, 0xA300, 0xA300, 0xA300, 0x6200, 0x7444, 0x1B5E,
    0x1B5E, 0x7444, 0x6200, 0xA300, 0xA300, 0xA300, 0xA300, 0xA300, 0xA300, 0xA300, 0xA300, 0x4100, 0xED22, 0xFB55, 0xF133, 0x4609,
    0x4100, 0xA300, 0xA300, 0xA300, 0xA300, 0xA300, 0xA300, 0xA300, 0xA300, 0xA300, 0xA300, 0xA300, 0xA300, 0x6200, 0x7444, 0x1B5E,
    0x1B5E, 0x7444, 0x6200, 0xC300, 0xA300, 0xA300, 0xA300, 0xA300, 0xA300, 0xA300, 0xA300, 0xA300, 0xE400, 0x4609, 0x6200, 0x8200,
    0xC300, 0xA300, 0xA300, 0xA300, 0xA300, 0xA300, 0xA300, 0xA300, 0xA300, 0xA300, 0xA300, 0xA300, 0xC300, 0x6200, 0x7444, 0x1B5E,
    0x1B5E, 0x743C, 0x0000, 0x6200, 0x6200, 0x6200, 0x6200, 0x6200, 0x6200, 0x6200, 0x6200, 0x6200, 0x4100, 0x2100, 0x6200, 0x6200,
    0x6200, 0x6200, 0x6200, 0x6200, 0x6200, 0x6200, 0x6200, 0x6200, 0x6200, 0x6200, 0x6200, 0x6200, 0x6200, 0x0000, 0x743C, 0x1B5E,
    0xFA55, 0x7855, 0x7444, 0x9444, 0x7444, 0x7444, 0x7444, 0x7444, 0x7444, 0x7444, 0x7444, 0x7444, 0x9444, 0x9444, 0x9444, 0x7444,
    0x7444, 0x7444, 0x7444, 0x7444, 0x7444, 0x7444, 0x7444, 0x7444, 0x7444, 0x7444, 0x7444, 0x7444, 0x9444, 0x7444, 0x7855, 0xFA55,
    0xDA55, 0xDA55, 0x1B5E, 0x1B5E, 0x1B5E, 0x1B5E, 0x1B5E, 0x1B5E, 0x1B5E, 0x1B5E, 0x1B5E, 0x1B5E, 0x1B5E, 0x1B5E, 0x1B5E, 0x1B5E,
    0x1B5E, 0x1B5E, 0x1B5E, 0x1B5E, 0x1B5E, 0x1B5E, 0x1B5E, 0x1B5E, 0x1B5E, 0x1B5E, 0x1B5E, 0x1B5E, 0x1B5E, 0x1B5E, 0xDA55, 0xDA55
};

const uint16_t icon_super_earth_flag_stratagem_icon_background[] PROGMEM = {
    0x8DCD, 0xADCD, 0xCDD5, 0xCDD5, 0xCDD5, 0xCDD5, 0xCDD5, 0xCDD5, 0xCDD5, 0xCDD5, 0xCDD5, 0xCDD5, 0xCDD5, 0xCDD5, 0xCDD5, 0xCDD5,
    0xCDD5, 0xCDD5, 0xCDD5, 0xCDD5, 0xCDD5, 0xCDD5, 0xCDD5, 0xCDD5, 0xCDD5, 0xCDD5, 0xCDD5, 0xCDD5, 0xCDD5, 0xCDD5, 0xADCD, 0x8DCD,
    0xADCD, 0x4CC5, 0x8AA4, 0x8AA4, 0x8AA4, 0x8AA4, 0x6AA4, 0x8BA4, 0x8BA4, 0x8BA4, 0x8BA4, 0x8BA4, 0x8BA4, 0x8BA4, 0x8BA4, 0x8BA4,
    0x8BA4, 0x8BA4, 0x8BA4, 0x8BA4, 0x8BA4, 0x8BA4, 0x8BA4, 0x8BA4, 0x8BA4, 0x6AA4, 0x8AA4, 0x8AA4, 0x8AA4, 0x8AA4, 0x4CC5, 0xADCD,
    0xCDD5, 0x8AA4, 0x4429, 0xA539, 0xA439, 0xA439, 0xC539, 0x6429, 0x6429, 0x6429, 0x6429, 0x6429, 0x6429, 0x6429, 0x6429, 0x6429,
    0x6429, 0x6429, 0x6429, 0x6429, 0x6429, 0x6429, 0x6429, 0x6429, 0x6429, 0xC539, 0xA439, 0xA439, 0xA539, 0x4429, 0x8AA4, 0xCDD5,
    0xCDD5, 0x8AA4, 0xA439, 0x2CBD, 0x6CC5, 0x8DCD, 0x6873, 0x8431, 0xA439, 0xA431, 0xA431, 0xA431, 0xA431, 0xA431, 0xA431, 0xA431,
    0xA431, 0xA431, 0xA431, 0xA431, 0xA431, 0xA431, 0xA431, 0xA439, 0x8431, 0x4873, 0x8DCD, 0x6CC5, 0x2CBD, 0xA439, 0x8AA4, 0xCDD5,
    0xCDD5, 0x8AA4, 0xA439, 0x6CC5, 0xEEDD, 0xA983, 0x6429, 0xA431, 0xA431, 0xA431, 0xA431, 0xA431, 0xA431, 0xA431, 0xA431, 0xA431,
    0xA431, 0xA431, 0xA431, 0xA431, 0xA431, 0xA431, 0xA431, 0xA431, 0xA431, 0x6429, 0xA983, 0xEEDD, 0x6CC5, 0xA439, 0x8AA4, 0xCDD5,
    0xCDD5, 0x8AA4, 0xA439, 0x8DCD, 0xA983, 0x4429, 0xA431, 0xA431, 0xA431, 0xA431, 0xA431, 0xA431, 0xA431, 0xA431, 0xA539, 0xA539,
    0xA539, 0xA431, 0xA431, 0xA539, 0xA431, 0xA431, 0xA431, 0xA431, 0xA431, 0xA431, 0x4429, 0xA983, 0x8DCD, 0xA439, 0x8AA4, 0xCDD5,
    0xCDD5, 0x6AA4, 0xC539, 0x687B, 0x6429, 0xA431, 0xA431, 0xA431, 0xA431, 0xA431, 0xA539, 0xA539, 0xA431, 0x6431, 0x4329, 0x2329,
    0x6329, 0x8431, 0x8431, 0x4329, 0x6431, 0xA431, 0xA431, 0xA431, 0xA431, 0xA431, 0xA431, 0x6429, 0x4873, 0xC539, 0x6AA4, 0xCDD5,
    0xCDD5, 0x8BA4, 0x6429, 0x8431, 0xA431, 0xA431, 0xA431, 0xA431, 0xA431, 0xA431, 0x4329, 0x4329, 0x8431, 0x474A, 0xAC73, 0xEE7B,
    0xA852, 0xA539, 0xC539, 0x2B6B, 0xF5BD, 0x474A, 0x6431, 0xA431, 0xA431, 0xA431, 0xA431, 0xA431, 0x8431, 0x6429, 0x8BA4, 0xCDD5,
    0xCDD5, 0x8BA4, 0x6429, 0xA539, 0xA431, 0xA431, 0xA431, 0xA431, 0xA431, 0x8431, 0xAD7B, 0x6B6B, 0xEA62, 0xBDF7, 0xFFFF, 0xFFFF,
    0xFDFF, 0x1AE7, 0x5AEF, 0xFEFF, 0xFFFF, 0xC95A, 0x6329, 0xA539, 0xA431, 0xA431, 0xA431, 0xA431, 0xA539, 0x6429, 0x8BA4, 0xCDD5,
    0xCDD5, 0x8BA4, 0x6429, 0xA431, 0xA431, 0xA431, 0xA431, 0xA431, 0xA539, 0x4329, 0xF9DE, 0xD9DE, 0xE95A, 0xFFFF, 0xFDFF, 0xFDFF,
    0xFDFF, 0xFEFF, 0xFEFF, 0xFDFF, 0xFEFF, 0x6B6B, 0x4329, 0xA539, 0xA431, 0xA431, 0xA431, 0xA431, 0xA431, 0x6429, 0x8BA4, 0xCDD5,
    0xCDD5, 0x8BA4, 0x6429, 0xA431, 0xA431, 0xA431, 0xA431, 0xA431, 0xA539, 0x2329, 0xB4B5, 0x5BEF, 0x6852, 0xDCFF, 0xFEFF, 0xFDFF,
    0xFDFF, 0xFDFF, 0xFDFF, 0xFDFF, 0xFFFF, 0x2E84, 0x2329, 0xA539, 0xA431, 0xA431, 0xA431, 0xA431, 0xA431, 0x6429, 0x8BA4, 0xCDD5,
    0xCDD5, 0x8BA4, 0x6429, 0xA431, 0xA431, 0xA431, 0xA431, 0xA431, 0xA539, 0x2221, 0xD19C, 0xFDFF, 0x674A, 0x3AE7, 0xFEFF, 0xFDFF,
    0xFDFF, 0xFDFF, 0xFDFF, 0xDCFF, 0xFFFF, 0x32A5, 0x2221, 0xA539, 0xA431, 0xA431, 0xA431, 0xA431, 0xA431, 0x6429, 0x8BA4, 0xCDD5,
    0xCDD5, 0x8BA4, 0x6429, 0xA431, 0xA431, 0xA431, 0xA431, 0xA431, 0xA539, 0x2329, 0xEE83, 0xFFFF, 0x8852, 0xD9DE, 0xFFFF, 0xFDFF,
    0xFEFF, 0xFFFF, 0xFFFF, 0xFFFF, 0xFEFF, 0x6F8C, 0x4329, 0xA539, 0xA431, 0xA431, 0xA431, 0xA431, 0xA431, 0x6429, 0x8BA4, 0xCDD5,
    0xCDD5, 0x8BA4, 0x6429, 0xA431, 0xA431, 0xA431, 0xA431, 0xA431, 0xA539, 0x4329, 0x2A63, 0xFFFF, 0x2A63, 0x7094, 0x2F84, 0xA852,
    0xC95A, 0x9094, 0x94B5, 0xD19C, 0xC95A, 0x6329, 0xA431, 0xA431, 0xA431, 0xA431, 0xA431, 0xA431, 0xA431, 0x6429, 0x8BA4, 0xCDD5,
    0xCDD5, 0x8BA4, 0x6429, 0xA431, 0xA431, 0xA431, 0xA431, 0xA431, 0xA539, 0x6329, 0x8852, 0xFFFF, 0x2E84, 0xE220, 0x4329, 0x6329,
    0x4329, 0x2329, 0x4329, 0x2329, 0x6329, 0xA431, 0xA431, 0xA431, 0xA431, 0xA431, 0xA431, 0xA431, 0xA431, 0x6429, 0x8BA4, 0xCDD5,
    0xCDD5, 0x8BA4, 0x6429, 0xA431, 0xA431, 0xA431, 0xA431, 0xA431, 0xA431, 0x8431, 0xE641, 0xFDFF, 0xF19C, 0x4329, 0xC539, 0xA539,
    0xA539, 0xA539, 0xA539, 0xA539, 0xA539, 0xA431, 0xA431, 0xA431, 0xA431, 0xA431, 0xA431, 0xA431, 0xA431, 0x6429, 0x8BA4, 0xCDD5,
    0xCDD5, 0x8BA4, 0x6429, 0xA431, 0xA431, 0xA431, 0xA431, 0xA431, 0xA431, 0x8431, 0x8431, 0x5BEF, 0x36C6, 0x0221, 0x8431, 0xA539,
    0xA431, 0xA431, 0xA431, 0xA431, 0xA431, 0xA431, 0xA431, 0xA431, 0xA431, 0xA431, 0xA431, 0xA431, 0xA431, 0x6429, 0x8BA4, 0xCDD5,
    0xCDD5, 0x8BA4, 0x6429, 0xA431, 0xA431, 0xA431, 0xA431, 0xA431, 0xA431, 0xA539, 0x4329, 0xF9DE, 0xF1A4, 0x474A, 0x474A, 0x4329,
    0xC539, 0xA539, 0xA431, 0xA431, 0xA431, 0xA431, 0xA431, 0xA431, 0xA431, 0xA431, 0xA431, 0xA431, 0xA431, 0x6429, 0x8BA4, 0xCDD5,
    0xCDD5, 0x8BA4, 0x6429, 0xA431, 0xA431, 0xA431, 0xA431, 0xA431, 0xA431, 0xA431, 0xA431, 0x6C73, 0x474A, 0x5BEF, 0xD9DE, 0xC539,
    0x0221, 0x2329, 0x8431, 0xA539, 0xA431, 0xA431, 0xA431, 0xA431, 0xA431, 0xA431, 0xA431, 0xA431, 0xA431, 0x6429, 0x8BA4, 0xCDD5,
    0xCDD5, 0x8BA4, 0x6429, 0xA431, 0xA431, 0xA431, 0xA431, 0xA431, 0xA431, 0xA431, 0x8431, 0x6431, 0x98D6, 0xFFFF, 0xFFFF, 0xD9DE,
    0x9094, 0xB19C, 0x0642, 0x6329, 0xA539, 0xA431, 0xA431, 0xA431, 0xA431, 0xA431, 0xA431, 0xA431, 0xA431, 0x6429, 0x8BA4, 0xCDD5,
    0xCDD5, 0x8BA4, 0x6429, 0xA431, 0xA431, 0xA431, 0xA431, 0xA431, 0xA431, 0xA431, 0x4329, 0xF5BD, 0xFFFF, 0xFDFF, 0xFDFF, 0xFEFF,
    0xFFFF, 0xFFFF, 0xB8D6, 0xE539, 0x6429, 0xA539, 0xA431, 0xA431, 0xA431, 0xA431, 0xA431, 0xA431, 0xA431, 0x6429, 0x8BA4, 0xCDD5,
    0xCDD5, 0x8BA4, 0x6429, 0xA431, 0xA431, 0xA431, 0xA431, 0xA431, 0xA539, 0x2329, 0x32A5, 0xFFFF, 0xDDFF, 0xFDFF, 0xFDFF, 0xFDFF,
    0xDDFF, 0xDDFF, 0xFFFF, 0xB9D6, 0xE539, 0x6429, 0xA539, 0xA431, 0xA431, 0xA431, 0xA431, 0xA431, 0xA431, 0x6429, 0x8BA4, 0xCDD5,
    0xCDD5, 0x8BA4, 0x6429, 0xA431, 0xA431, 0xA431, 0xA431, 0xA539, 0x0221, 0x2E84, 0xFEFF, 0xDDFF, 0xDDFF, 0xFDFF, 0xFDFF, 0xFDFF,
    0xFDFF, 0xFDFF, 0xDCFF, 0xFEFF, 0x98D6, 0xC539, 0x4329, 0xA539, 0xA431, 0xA431, 0xA431, 0xA431, 0xA431, 0x6429, 0x8BA4, 0xCDD5,
    0xCDD5, 0x8BA4, 0x6429, 0xA539, 0xA431, 0xA431, 0xA539, 0x6329, 0xEE83, 0xFFFF, 0xFFFF, 0xFFFF, 0xFFFF, 0xFFFF, 0xFFFF, 0xFFFF,
    0xFFFF, 0xFFFF, 0xFFFF, 0xFFFF, 0xFFFF, 0x3AE7, 0x674A, 0x8431, 0xA431, 0xA431, 0xA431, 0xA431, 0xA539, 0x6429, 0x8BA4, 0xCDD5,
    0xCDD5, 0x8BA4, 0x6429, 0x8431, 0xA431, 0xA431, 0xA431, 0xA539, 0x7094, 0xD19C, 0xD19C, 0xD19C, 0xD19C, 0xD19C, 0xD19C, 0xD19C,
    0xD19C, 0xD19C, 0xD19C, 0xD19C, 0xB09C, 0x12A5, 0xAC73, 0x6431, 0xA431, 0xA431, 0xA431, 0xA431, 0x8431, 0x6429, 0x8BA4, 0xCDD5,
    0xCDD5, 0x6AA4, 0xC539, 0x6873, 0x6429, 0xA431, 0xA431, 0xA431, 0x2329, 0x2221, 0x2221, 0x2221, 0x2221, 0x2221, 0x2221, 0x2221,
    0x2221, 0x2221, 0x2221, 0x2221, 0x2221, 0x0221, 0x4329, 0xA431, 0xA431, 0xA431, 0xA431, 0x6429, 0x4873, 0xC539, 0x6AA4, 0xCDD5,
    0xCDD5, 0x8AA4, 0xA439, 0x8DCD, 0xA983, 0x4429, 0xA431, 0xA431, 0xA539, 0xA539, 0xA539, 0xA539, 0xA539, 0xA539, 0xA539, 0xA539,
    0xA539, 0xA539, 0xA539, 0xA539, 0xA539, 0xA539, 0xA539, 0xA431, 0xA431, 0xA431, 0x4429, 0xA983, 0x8DCD, 0xA439, 0x8AA4, 0xCDD5,
    0xCDD5, 0x8AA4, 0xA439, 0x6CC5, 0xEEDD, 0xA983, 0x6429, 0xA431, 0xA431, 0xA431, 0xA431, 0xA431, 0xA431, 0xA431, 0xA431, 0xA431,
    0xA431, 0xA431, 0xA431, 0xA431, 0xA431, 0xA431, 0xA431, 0xA431, 0xA431, 0x6429, 0xA983, 0xEEDD, 0x6CC5, 0xA439, 0x8AA4, 0xCDD5,
    0xCDD5, 0x8AA4, 0xA439, 0x2CBD, 0x6CC5, 0x8DCD, 0x6873, 0x8431, 0xA439, 0xA431, 0xA431, 0xA431, 0xA431, 0xA431, 0xA431, 0xA431,
    0xA431, 0xA431, 0xA431, 0xA431, 0xA431, 0xA431, 0xA431, 0xA439, 0x8431, 0x4873, 0x8DCD, 0x6CC5, 0x2CBD, 0xA439, 0x8AA4, 0xCDD5,
    0xCDD5, 0x8AA4, 0x4429, 0xA539, 0xA439, 0xA439, 0xC539, 0x6429, 0x6429, 0x6429, 0x6429, 0x6429, 0x6429, 0x6429, 0x6429, 0x6429,
    0x6429, 0x6429, 0x6429, 0x6429, 0x6429, 0x6429, 0x6429, 0x6429, 0x6429, 0xC539, 0xA439, 0xA439, 0xA539, 0x4429, 0x8AA4, 0xCDD5,
    0xADCD, 0x4CC5, 0x8AA4, 0x8AA4, 0x8AA4, 0x8AA4, 0x6AA4, 0x8BA4, 0x8BA4, 0x8BA4, 0x8BA4, 0x8BA4, 0x8BA4, 0x8BA4, 0x8BA4, 0x8BA4,
    0x8BA4, 0x8BA4, 0x8BA4, 0x8BA4, 0x8BA4, 0x8BA4, 0x8BA4, 0x8BA4, 0x8BA4, 0x6AA4, 0x8AA4, 0x8AA4, 0x8AA4, 0x8AA4, 0x4CC5, 0xADCD,
    0x8DCD, 0xADCD, 0xCDD5, 0xCDD5, 0xCDD5, 0xCDD5, 0xCDD5, 0xCDD5, 0xCDD5, 0xCDD5, 0xCDD5, 0xCDD5, 0xCDD5, 0xCDD5, 0xCDD5, 0xCDD5,
    0xCDD5, 0xCDD5, 0xCDD5, 0xCDD5, 0xCDD5, 0xCDD5, 0xCDD5, 0xCDD5, 0xCDD5, 0xCDD5, 0xCDD5, 0xCDD5, 0xCDD5, 0xCDD5, 0xADCD, 0x8DCD
};

const uint16_t icon_supply_frv_stratagem_icon_background[] PROGMEM = {
    0xDA55, 0xDA55, 0x1B5E, 0x1B5E, 0x1B5E, 0x1B5E, 0x1B5E, 0x1B5E, 0x1B5E, 0x1B5E, 0x1B5E, 0x1B5E, 0x1B5E, 0x1B5E, 0x1B5E, 0x1B5E,
    0x1B5E, 0x1B5E, 0x1B5E, 0x1B5E, 0x1B5E, 0x1B5E, 0x1B5E, 0x1B5E, 0x1B5E, 0x1B5E, 0x1B5E, 0x1B5E, 0x1B5E, 0x1B5E, 0xDA55, 0xDA55,
    0xFA55, 0x7855, 0x7444, 0x9444, 0x7444, 0x7444, 0x7444, 0x7444, 0x7444, 0x7444, 0x7444, 0x7444, 0x7444, 0x9444, 0x9444, 0x9444,
    0x9444, 0x9444, 0x9444, 0x7444, 0x7444, 0x7444, 0x7444, 0x7444, 0x7444, 0x7444, 0x7444, 0x7444, 0x9444, 0x7444, 0x7855, 0xFA55,
    0x1B5E, 0x743C, 0x0000, 0x6200, 0x6200, 0x6200, 0x6200, 0x6200, 0x6200, 0x6200, 0x6200, 0x6200, 0x6200, 0x2100, 0x0000, 0x4100,
    0x4100, 0x0000, 0x2100, 0x6200, 0x6200, 0x6200, 0x6200, 0x6200, 0x6200, 0x6200, 0x6200, 0x6200, 0x6200, 0x0000, 0x743C, 0x1B5E,
    0x1B5E, 0x7444, 0x6200, 0xC300, 0xA300, 0xA300, 0xA300, 0xA300, 0xA300, 0xA300, 0xA300, 0xA300, 0x8200, 0xC729, 0x8A42, 0x0409,
    0x0409, 0x8A42, 0xC729, 0x8200, 0xA300, 0xA300, 0xA300, 0xA300, 0xA300, 0xA300, 0xA300, 0xA300, 0xC300, 0x6200, 0x7444, 0x1B5E,
    0x1B5E, 0x7444, 0x6200, 0xA300, 0xA300, 0xA300, 0xA300, 0xA300, 0xA300, 0xA300, 0xA300, 0xA300, 0x2100, 0x74A5, 0xFFFF, 0x0409,
    0x0409, 0xFFFF, 0x74A5, 0x2100, 0xA300, 0xA300, 0xA300, 0xA300, 0xA300, 0xA300, 0xA300, 0xA300, 0xA300, 0x6200, 0x7444, 0x1B5E,
    0x1B5E, 0x7444, 0x6200, 0xA300, 0xA300, 0xA300, 0xA300, 0xA300, 0xA300, 0xA300, 0xA300, 0xA300, 0x2100, 0x339D, 0xFFFF, 0xB18C,
    0xB18C, 0xFFFF, 0x339D, 0x2100, 0xA300, 0xA300, 0xA300, 0xA300, 0xA300, 0xA300, 0xA300, 0xA300, 0xA300, 0x6200, 0x7444, 0x1B5E,
    0x1B5E, 0x7444, 0x6200, 0xA300, 0xA300, 0xA300, 0xA300, 0xA300, 0xA300, 0xA300, 0xA300, 0xA300, 0x2100, 0x339D, 0xFFFF, 0xFFFF,
    0xFFFF, 0xFFFF, 0x339D, 0x2100, 0xA300, 0xA300, 0xA300, 0xA300, 0xA300, 0xA300, 0xA300, 0xA300, 0xA300, 0x6200, 0x7444, 0x1B5E,
    0x1B5E, 0x7444, 0x6200, 0xA300, 0xA300, 0xA300, 0xA300, 0xA300, 0xA300, 0xA300, 0xA300, 0xC408, 0x2100, 0x54A5, 0xFFFF, 0xFDFF,
    0xFDFF, 0xFFFF, 0x54A5, 0x2100, 0xC408, 0xA300, 0xA300, 0xA300, 0xA300, 0xA300, 0xA300, 0xA300, 0xA300, 0x6200, 0x7444, 0x1B5E,
    0x1B5E, 0x7444, 0x6200, 0xA300, 0xA300, 0xA300, 0xA300, 0xA300, 0xA300, 0xA300, 0x4100, 0x2100, 0x2100, 0xD294, 0xFBDE, 0x1AE7,
    0x1AE7, 0xFBDE, 0xD294, 0x2100, 0x2100, 0x4100, 0xA300, 0xA300, 0xA300, 0xA300, 0xA300, 0xA300, 0xA300, 0x6200, 0x7444, 0x1B5E,
    0x1B5E, 0x7444, 0x6200, 0xA300, 0xA300, 0xA300, 0xA300, 0xA300, 0xA300, 0x6200, 0xEB52, 0x5184, 0x0411, 0x6519, 0xD394, 0x2C5B,
    0x2C5B, 0xD394, 0x6519, 0x0411, 0x5184, 0xEB52, 0x6200, 0xA300, 0xA300, 0xA300, 0xA300, 0xA300, 0xA300, 0x6200, 0x7444, 0x1B5E,
    0x1B5E, 0x7444, 0x6200, 0xA300, 0xA300, 0xA300, 0xA300, 0xA300, 0xA300, 0x2100, 0x95AD, 0xFFFF, 0x2511, 0x2511, 0xFFFF, 0xF294,
    0xF294, 0xFFFF, 0x2511, 0x2511, 0xFFFF, 0x95AD, 0x2100, 0xA300, 0xA300, 0xA300, 0xA300, 0xA300, 0xA300, 0x6200, 0x7444, 0x1B5E,
    0x1B5E, 0x7444, 0x6200, 0xA300, 0xA300, 0xA300, 0xA300, 0xA300, 0xA300, 0x2100, 0x339D, 0xDFFF, 0x37C6, 0x37C6, 0xFFFF, 0xB28C,
    0xB28C, 0xFFFF, 0x37C6, 0x37C6, 0xDFFF, 0x339D, 0x2100, 0xA300, 0xA300, 0xA300, 0xA300, 0xA300, 0xA300, 0x6200, 0x7444, 0x1B5E,
    0x1B5E, 0x7444, 0x6200, 0xA300, 0xA300, 0xA300, 0xA300, 0xA300, 0xA300, 0x2100, 0x339D, 0xFFFF, 0xFEFF, 0xFEFF, 0xFFFF, 0xB28C,
    0xB28C, 0xFFFF, 0xFEFF, 0xFEFF, 0xFFFF, 0x339D, 0x2100, 0xA300, 0xA300, 0xA300, 0xA300, 0xA300, 0xA300, 0x6200, 0x7444, 0x1B5E,
    0x1B5E, 0x7444, 0x6200, 0xA300, 0xA300, 0xA300, 0xA300, 0xA300, 0xA300, 0x2100, 0x74AD, 0xFFFF, 0xFEFF, 0xFEFF, 0xFFFF, 0xF29C,
    0xF29C, 0xFFFF, 0xFEFF, 0xFEFF, 0xFFFF, 0x74AD, 0x2100, 0xA300, 0xA300, 0xA300, 0xA300, 0xA300, 0xA300, 0x6200, 0x7444, 0x1B5E,
    0x1B5E, 0x7444, 0x6200, 0xA300, 0xA300, 0xA300, 0xA300, 0xA300, 0xA300, 0x4100, 0x0F74, 0x18BE, 0x16BE, 0x16BE, 0x18BE, 0xAE6B,
    0xAE6B, 0x18BE, 0x16BE, 0x16BE, 0x18BE, 0x0F74, 0x4100, 0xA300, 0xA300, 0xA300, 0xA300, 0xA300, 0xA300, 0x6200, 0x7444, 0x1B5E,
    0x1B5E, 0x7444, 0x6200, 0xA300, 0xA300, 0xA300, 0xA300, 0xA300, 0xA300, 0xA300, 0x6200, 0x4100, 0x2100, 0x4100, 0x6200, 0x8200,
    0x8200, 0x4200, 0x4100, 0x4200, 0x4100, 0x6200, 0xA300, 0xA300, 0xA300, 0xA300, 0xA300, 0xA300, 0xA300, 0x6200, 0x7444, 0x1B5E,
    0x1B5E, 0x7444, 0x6200, 0xA300, 0xA300, 0xA300, 0xA300, 0xA300, 0xA300, 0xA300, 0xA300, 0xC300, 0x0509, 0xC300, 0x2100, 0x2100,
    0x2100, 0x6200, 0xA300, 0xA300, 0xA300, 0xA300, 0xA300, 0xA300, 0xA300, 0xA300, 0xA300, 0xA300, 0xA300, 0x6200, 0x7444, 0x1B5E,
    0x1B5E, 0x7444, 0x6200, 0xA300, 0xA300, 0xA300, 0xA300, 0xA300, 0xA300, 0xA300, 0x4100, 0x8B22, 0xFB5D, 0x164D, 0x9033, 0x9033,
    0xD133, 0x291A, 0x6200, 0xA300, 0xA300, 0xA300, 0xA300, 0xA300, 0xA300, 0xA300, 0xA300, 0xA300, 0xA300, 0x6200, 0x7444, 0x1B5E,
    0x1B5E, 0x7444, 0x6200, 0xA300, 0xA300, 0xA300, 0xA300, 0xA300, 0x8200, 0x8300, 0x2100, 0x6B1A, 0xDA55, 0xF644, 0x6F33, 0x6F33,
    0xB133, 0x091A, 0x6200, 0xA300, 0xA300, 0xA300, 0xA300, 0xA300, 0xA300, 0xA300, 0xA300, 0xA300, 0xA300, 0x6200, 0x7444, 0x1B5E,
    0x1B5E, 0x7444, 0x6200, 0xA300, 0xA300, 0xA300, 0xA300, 0x8300, 0xC300, 0x0401, 0xE400, 0x0509, 0x4609, 0x0401, 0x6200, 0x8200,
    0x8200, 0x6200, 0x8200, 0xA300, 0xA300, 0xA300, 0xA300, 0xA300, 0xA300, 0xA300, 0xA300, 0xA300, 0xA300, 0x6200, 0x7444, 0x1B5E,
    0x1B5E, 0x7444, 0x6200, 0xA300, 0xA300, 0xA300, 0xA300, 0x4100, 0x0E2B, 0xDA55, 0x784D, 0x784D, 0x584D, 0x784D, 0x9955, 0x9955,
    0xB955, 0x164D, 0x4609, 0x4100, 0x8300, 0x8200, 0x8200, 0x8200, 0xA300, 0xA300, 0xA300, 0xA300, 0xA300, 0x6200, 0x7444, 0x1B5E,
    0x1B5E, 0x7444, 0x6200, 0xA300, 0xA300, 0xA300, 0xA300, 0x4100, 0x4F2B, 0x5C5E, 0xDA55, 0xFA55, 0xFA55, 0xFA55, 0xFA55, 0xFA55,
    0xDA55, 0x1B5E, 0x374D, 0x6611, 0xE400, 0xE400, 0xE400, 0xC300, 0x8300, 0xA300, 0xA300, 0xA300, 0xA300, 0x6200, 0x7444, 0x1B5E,
    0x1B5E, 0x7444, 0x6200, 0xA300, 0xA300, 0xA300, 0xA300, 0x4100, 0x2E2B, 0x1B5E, 0xB955, 0xDA55, 0xDA55, 0xDA55, 0xDA55, 0xDA55,
    0xDA55, 0xB955, 0xFA55, 0xB955, 0x784D, 0x584D, 0xDA55, 0x0E2B, 0x4100, 0xA300, 0xA300, 0xA300, 0xA300, 0x6200, 0x7444, 0x1B5E,
    0x1B5E, 0x7444, 0x6200, 0xA300, 0xA300, 0xA300, 0xA300, 0x4100, 0x4F2B, 0x5C5E, 0xDA55, 0xFA55, 0xFA55, 0xFA55, 0xFA55, 0xFA55,
    0xFA55, 0xFA55, 0xDA55, 0xFA55, 0xFB5D, 0xFA55, 0x7D5E, 0x4F2B, 0x4100, 0xA300, 0xA300, 0xA300, 0xA300, 0x6200, 0x7444, 0x1B5E,
    0x1B5E, 0x7444, 0x6200, 0xA300, 0xA300, 0xA300, 0xA300, 0x4100, 0x0D23, 0xBA55, 0x584D, 0x784D, 0x7855, 0x7855, 0x7855, 0x7855,
    0x7855, 0x7855, 0x7855, 0x784D, 0x584D, 0x574D, 0xB955, 0xED22, 0x4100, 0xA300, 0xA300, 0xA300, 0xA300, 0x6200, 0x7444, 0x1B5E,
    0x1B5E, 0x7444, 0x6200, 0xA300, 0xA300, 0xA300, 0xA300, 0x8200, 0x0509, 0x4609, 0x4609, 0x2509, 0xE400, 0xE400, 0xE400, 0xE400,
    0xE400, 0xE400, 0xE400, 0xE400, 0x2509, 0x4609, 0x4609, 0x0509, 0x8200, 0xA300, 0xA300, 0xA300, 0xA300, 0x6200, 0x7444, 0x1B5E,
    0x1B5E, 0x7444, 0x6200, 0xA300, 0xA300, 0xA300, 0xA300, 0x4100, 0x4A1A, 0xDA55, 0xDA55, 0x4A1A, 0x4100, 0x8300, 0x8200, 0x8200,
    0x8200, 0x8200, 0x8300, 0x4100, 0x4A1A, 0xDA55, 0xDA55, 0x4A1A, 0x4100, 0xA300, 0xA300, 0xA300, 0xA300, 0x6200, 0x7444, 0x1B5E,
    0x1B5E, 0x7444, 0x6200, 0xA300, 0xA300, 0xA300, 0xA300, 0x8300, 0xA300, 0xCC22, 0xCC22, 0xA300, 0xA300, 0xA300, 0xA300, 0xA300,
    0xA300, 0xA300, 0xA300, 0xA300, 0xA300, 0xCC22, 0xCC22, 0xA300, 0x8300, 0xA300, 0xA300, 0xA300, 0xA300, 0x6200, 0x7444, 0x1B5E,
    0x1B5E, 0x7444, 0x6200, 0xC300, 0xA300, 0xA300, 0xA300, 0xA300, 0xA300, 0x4100, 0x4100, 0xA300, 0xA300, 0xA300, 0xA300, 0xA300,
    0xA300, 0xA300, 0xA300, 0xA300, 0xA300, 0x4100, 0x4100, 0xA300, 0xA300, 0xA300, 0xA300, 0xA300, 0xC300, 0x6200, 0x7444, 0x1B5E,
    0x1B5E, 0x743C, 0x0000, 0x6200, 0x6200, 0x6200, 0x6200, 0x6200, 0x6200, 0x6200, 0x6200, 0x6200, 0x6200, 0x6200, 0x6200, 0x6200,
    0x6200, 0x6200, 0x6200, 0x6200, 0x6200, 0x6200, 0x6200, 0x6200, 0x6200, 0x6200, 0x6200, 0x6200, 0x6200, 0x0000, 0x743C, 0x1B5E,
    0xFA55, 0x7855, 0x7444, 0x9444, 0x7444, 0x7444, 0x7444, 0x7444, 0x7444, 0x7444, 0x7444, 0x7444, 0x7444, 0x7444, 0x7444, 0x7444,
    0x7444, 0x7444, 0x7444, 0x7444, 0x7444, 0x7444, 0x7444, 0x7444, 0x7444, 0x7444, 0x7444, 0x7444, 0x9444, 0x7444, 0x7855, 0xFA55,
    0xDA55, 0xDA55, 0x1B5E, 0x1B5E, 0x1B5E, 0x1B5E, 0x1B5E, 0x1B5E, 0x1B5E, 0x1B5E, 0x1B5E, 0x1B5E, 0x1B5E, 0x1B5E, 0x1B5E, 0x1B5E,
    0x1B5E, 0x1B5E, 0x1B5E, 0x1B5E, 0x1B5E, 0x1B5E, 0x1B5E, 0x1B5E, 0x1B5E, 0x1B5E, 0x1B5E, 0x1B5E, 0x1B5E, 0x1B5E, 0xDA55, 0xDA55
};

const uint16_t icon_supply_pack_stratagem_icon_background[] PROGMEM = {
    0xDA55, 0xDA55, 0x1B5E, 0x1B5E, 0x1B5E, 0x1B5E, 0x1B5E, 0x1B5E, 0x1B5E, 0x1B5E, 0x1B5E, 0x1B5E, 0x1B5E, 0x1B5E, 0x1B5E, 0x1B5E,
    0x1B5E, 0x1B5E, 0x1B5E, 0x1B5E, 0x1B5E, 0x1B5E, 0x1B5E, 0x1B5E, 0x1B5E, 0x1B5E, 0x1B5E, 0x1B5E, 0x1B5E, 0x1B5E, 0xDA55, 0xDA55,
    0xFA55, 0x7855, 0x7444, 0x9444, 0x7444, 0x7444, 0x7444, 0x7444, 0x7444, 0x7444, 0x7444, 0x7444, 0x7444, 0x7444, 0x7444, 0x7444,
    0x7444, 0x7444, 0x7444, 0x7444, 0x7444, 0x7444, 0x7444, 0x7444, 0x7444, 0x7444, 0x7444, 0x7444, 0x9444, 0x7444, 0x7855, 0xFA55,
    0x1B5E, 0x743C, 0x0000, 0x6200, 0x6200, 0x6200, 0x6200, 0x6200, 0x6200, 0x6200, 0x6200, 0x6200, 0x6200, 0x6200, 0x6200, 0x6200,
    0x6200, 0x6200, 0x6200, 0x6200, 0x6200, 0x6200, 0x6200, 0x6200, 0x6200, 0x6200, 0x6200, 0x6200, 0x6200, 0x0000, 0x743C, 0x1B5E,
    0x1B5E, 0x7444, 0x6200, 0xC300, 0xA300, 0xA300, 0xA300, 0xA300, 0xA300, 0xA300, 0xA300, 0xA300, 0xA300, 0xA300, 0xC300, 0xC300,
    0xC300, 0xC300, 0xC300, 0xC300, 0xC300, 0xC300, 0xC300, 0xC300, 0xC300, 0xC300, 0xC300, 0xA300, 0xA300, 0x6200, 0x7444, 0x1B5E,
    0x1B5E, 0x7444, 0x6200, 0xA300, 0xA300, 0xA300, 0xA300, 0xA300, 0xA300, 0xA300, 0xA300, 0xA300, 0xA300, 0x8300, 0x4100, 0x2100,
    0x4100, 0x4100, 0x4100, 0x4100, 0x4100, 0x4100, 0x4100, 0x4100, 0x4100, 0x2100, 0x4100, 0x8300, 0xA300, 0x6200, 0x7444, 0x1B5E,
    0x1B5E, 0x7444, 0x6200, 0xA300, 0xA300, 0xA300, 0xA300, 0xA300, 0xA300, 0xA300, 0xA300, 0xA300, 0x8300, 0xC300, 0x0D2B, 0x4E2B,
    0x2E2B, 0x2E2B, 0x2E2B, 0x2E2B, 0x2E2B, 0x2E2B, 0x2E2B, 0x2E2B, 0x2E2B, 0x4E2B, 0x0D2B, 0xC300, 0xA300, 0x6200, 0x7444, 0x1B5E,
    0x1B5E, 0x7444, 0x6200, 0xA300, 0xA300, 0xA300, 0xA300, 0xA300, 0xA300, 0xA300, 0xA300, 0xA300, 0x8200, 0x0501, 0xFA5D, 0x3C5E,
    0x3B5E, 0x3C5E, 0x3C5E, 0x3C5E, 0x3C5E, 0x3C5E, 0x3C5E, 0x3C5E, 0x3B5E, 0x3C5E, 0xFA5D, 0x0501, 0x8200, 0x6200, 0x7444, 0x1B5E,
    0x1B5E, 0x7444, 0x6200, 0xA300, 0xA300, 0xA300, 0xA300, 0xA300, 0xA300, 0xA300, 0xA300, 0xA300, 0x8300, 0xA300, 0xF644, 0x1B5E,
    0x9955, 0xB955, 0xB955, 0xB955, 0xB955, 0xB955, 0xB955, 0xB955, 0x9955, 0x1B5E, 0xF644, 0xA300, 0xA300, 0x6200, 0x7444, 0x1B5E,
    0x1B5E, 0x7444, 0x6200, 0xA300, 0xA300, 0xA300, 0xA300, 0xA300, 0xA300, 0xA300, 0xA300, 0xA300, 0xA300, 0x8200, 0x0509, 0x374D,
    0x3B5E, 0xDA55, 0xFA55, 0xFA55, 0xFA55, 0xFA55, 0xFA55, 0xDA55, 0x3B5E, 0x374D, 0x0509, 0x8200, 0xA300, 0x6200, 0x7444, 0x1B5E,
    0x1B5E, 0x7444, 0x6200, 0xA300, 0xA300, 0xA300, 0xA300, 0xA300, 0xA300, 0xA300, 0xA300, 0xA300, 0x8200, 0x2509, 0x2E2B, 0x0509,
    0xD544, 0x7855, 0x784D, 0x784D, 0x584D, 0x784D, 0x784D, 0x7855, 0xD644, 0x0509, 0x2E2B, 0x2509, 0x8200, 0x6200, 0x7444, 0x1B5E,
    0x1B5E, 0x7444, 0x6200, 0xA300, 0xA300, 0xA300, 0xA300, 0xA300, 0xA300, 0xA300, 0xA300, 0xA300, 0x8200, 0xE400, 0xFA55, 0xB033,
    0xE408, 0x6609, 0x0509, 0x0509, 0x4609, 0x0509, 0x0509, 0x6609, 0xE408, 0xB033, 0xFA55, 0xE400, 0x8300, 0x6200, 0x7444, 0x1B5E,
    0x1B5E, 0x7444, 0x6200, 0xA300, 0xA300, 0xA300, 0xA300, 0xA300, 0xA300, 0xA300, 0xA300, 0xA300, 0x8200, 0xE400, 0x784D, 0x1B5E,
    0x584D, 0xDA55, 0x8C22, 0x8B22, 0x5C5E, 0x8B22, 0x8C22, 0xDA55, 0x584D, 0x1B5E, 0x784D, 0xE400, 0x8300, 0x6200, 0x7444, 0x1B5E,
    0x1B5E, 0x7444, 0x6200, 0xA300, 0xA300, 0xA300, 0xA300, 0xA300, 0xA300, 0xA300, 0xA300, 0xA300, 0x8200, 0x0401, 0x9955, 0xFA55,
    0xDA55, 0x7C5E, 0xCD22, 0x8B22, 0x7D5E, 0x8B22, 0xCD22, 0x7C5E, 0xDA55, 0xDA55, 0x7855, 0xE400, 0x8300, 0x6200, 0x7444, 0x1B5E,
    0x1B5E, 0x7444, 0x6200, 0xA300, 0x8200, 0x8200, 0x8200, 0x8200, 0xA300, 0xA300, 0xA300, 0x8300, 0x6200, 0xC400, 0x1645, 0x784D,
    0x9955, 0x3B5E, 0x4F2B, 0xC308, 0x8609, 0xC308, 0x4F2B, 0x3B5E, 0xB955, 0xFA55, 0x7855, 0xE400, 0x8300, 0x6200, 0x7444, 0x1B5E,
    0x1B5E, 0x7444, 0x4100, 0xE408, 0x0511, 0x0411, 0x0511, 0xE408, 0x8300, 0xA300, 0x8300, 0xE408, 0x0511, 0x0411, 0x8611, 0xC308,
    0x4F2B, 0x3C5E, 0x9955, 0x784D, 0x584D, 0x784D, 0xB955, 0xDA55, 0xDA55, 0xFA55, 0x7855, 0xE400, 0x8300, 0x6200, 0x7444, 0x1B5E,
    0x1B5E, 0x9444, 0x0000, 0x0F7C, 0x9DEF, 0x5BE7, 0x9DEF, 0x0F7C, 0x0100, 0xC408, 0x0100, 0x0F7C, 0x9DEF, 0x5BE7, 0x7DEF, 0x8D73,
    0xAC1A, 0x5C66, 0xBA55, 0xFA55, 0xFA55, 0xFA55, 0xDA55, 0xDA55, 0xDA55, 0xFA55, 0x7855, 0xE400, 0x8300, 0x6200, 0x7444, 0x1B5E,
    0x1B5E, 0x9444, 0x0000, 0x7084, 0xFFFF, 0xDDFF, 0xFFFF, 0x7084, 0x0100, 0xE408, 0x0100, 0x7084, 0xFFFF, 0xDDFF, 0xFFFF, 0x0F7C,
    0xAC1A, 0x5C66, 0xB955, 0xDA55, 0xDA55, 0xDA55, 0xDA55, 0xDA55, 0xDA55, 0xFA55, 0x7855, 0xE400, 0x8300, 0x6200, 0x7444, 0x1B5E,
    0x1B5E, 0x9444, 0x0000, 0x5084, 0xFFFF, 0xBCF7, 0xFFFF, 0x307C, 0x0000, 0xC300, 0x0000, 0x307C, 0xFFFF, 0xBCF7, 0xFFFF, 0xEE7B,
    0xAC1A, 0x5C66, 0xB955, 0xDA55, 0xDA55, 0xDA55, 0xDA55, 0xDA55, 0xDA55, 0xFA55, 0x7855, 0xE400, 0x8300, 0x6200, 0x7444, 0x1B5E,
    0x1B5E, 0x9444, 0x0000, 0x5084, 0xFFFF, 0xBCF7, 0xFFFF, 0x918C, 0x8310, 0x4519, 0x8310, 0x918C, 0xFFFF, 0xBCF7, 0xFFFF, 0xEE7B,
    0xAC1A, 0x5C66, 0xB955, 0xDA55, 0xDA55, 0xDA55, 0xDA55, 0xDA55, 0xDA55, 0xFA55, 0x7855, 0xE400, 0x8300, 0x6200, 0x7444, 0x1B5E,
    0x1B5E, 0x9444, 0x0000, 0x5084, 0xFFFF, 0xBCF7, 0xDDFF, 0x9CF7, 0x5BEF, 0x7BEF, 0x7BEF, 0xBCF7, 0xFDFF, 0xDDFF, 0xFFFF, 0xEE7B,
    0xAC1A, 0x5C66, 0xB955, 0xDA55, 0xDA55, 0xDA55, 0xDA55, 0xDA55, 0xDA55, 0xFA55, 0x7855, 0xE400, 0x8300, 0x6200, 0x7444, 0x1B5E,
    0x1B5E, 0x9444, 0x0000, 0x5084, 0xFFFF, 0xFFFF, 0xFFFF, 0xFFFF, 0xFFFF, 0xFFFF, 0xFEFF, 0xFEFF, 0xFEFF, 0xDDFF, 0xFFFF, 0xEE7B,
    0xAC1A, 0x5C66, 0xB955, 0xDA55, 0xDA55, 0xDA55, 0xDA55, 0xDA55, 0xDA55, 0xDA55, 0x9955, 0x0401, 0x8300, 0x6200, 0x7444, 0x1B5E,
    0x1B5E, 0x9444, 0x0000, 0x7084, 0xFEFF, 0x7084, 0x5084, 0x5084, 0x307C, 0xB8D6, 0x9CEF, 0x7BEF, 0xDDF7, 0xFEFF, 0xFFFF, 0xEE7B,
    0xAC1A, 0x3C5E, 0x9955, 0xB955, 0xB955, 0xB955, 0xB955, 0xB955, 0xB955, 0x1B5E, 0xF644, 0xA300, 0xA300, 0x6200, 0x7444, 0x1B5E,
    0x1B5E, 0x9444, 0x0000, 0x7184, 0xFDFF, 0x8200, 0x0100, 0x4100, 0x2100, 0xA300, 0x0409, 0xE408, 0x0411, 0x339D, 0xFFFF, 0xCE73,
    0xCD1A, 0xBE66, 0x1B5E, 0x3C5E, 0x3C5E, 0x3C5E, 0x3C5E, 0x3B5E, 0x5C5E, 0x374D, 0x2509, 0x6200, 0xA300, 0x6200, 0x7444, 0x1B5E,
    0x1B5E, 0x9444, 0x0000, 0x7184, 0xFDFF, 0x8200, 0x0100, 0x4100, 0x2100, 0xA300, 0x0409, 0xE408, 0x0411, 0x53A5, 0xFFFF, 0x0F7C,
    0x6609, 0x9033, 0x2E2B, 0x2E2B, 0x2E2B, 0x2E2B, 0x2E2B, 0x2E2B, 0x4F2B, 0x4609, 0x4100, 0xA300, 0xA300, 0x6200, 0x7444, 0x1B5E,
    0x1B5E, 0x9444, 0x0000, 0x7084, 0xFEFF, 0x7084, 0x307C, 0x5084, 0x307C, 0xB9D6, 0x9CEF, 0x7BEF, 0xDCF7, 0xFEFF, 0xFFFF, 0x5084,
    0x0000, 0x4100, 0x4100, 0x4100, 0x4100, 0x4100, 0x4100, 0x4100, 0x2100, 0x8200, 0xA300, 0xA300, 0xA300, 0x6200, 0x7444, 0x1B5E,
    0x1B5E, 0x9444, 0x0000, 0x7084, 0xFFFF, 0xFFFF, 0xFFFF, 0xFFFF, 0xFFFF, 0xFFFF, 0xFEFF, 0xFEFF, 0xFEFF, 0xFDFF, 0xFFFF, 0x7084,
    0x0100, 0xC400, 0xA300, 0xA300, 0xA300, 0xA300, 0xA300, 0xA300, 0xA300, 0xA300, 0xA300, 0xA300, 0xA300, 0x6200, 0x7444, 0x1B5E,
    0x1B5E, 0x9444, 0x0000, 0x0F7C, 0x9DEF, 0x5BE7, 0x7BEF, 0x7BEF, 0x7BEF, 0x7BEF, 0x7BEF, 0x7BEF, 0x7BEF, 0x7BEF, 0x9DEF, 0x0F7C,
    0x0100, 0xC300, 0xA300, 0xA300, 0xA300, 0xA300, 0xA300, 0xA300, 0xA300, 0xA300, 0xA300, 0xA300, 0xA300, 0x6200, 0x7444, 0x1B5E,
    0x1B5E, 0x7444, 0x4100, 0xE408, 0x0511, 0x0411, 0x0411, 0x0411, 0x0411, 0x0411, 0x0411, 0x0411, 0x0411, 0x0411, 0x0511, 0xE408,
    0x8300, 0xA300, 0xA300, 0xA300, 0xA300, 0xA300, 0xA300, 0xA300, 0xA300, 0xA300, 0xA300, 0xA300, 0xA300, 0x6200, 0x7444, 0x1B5E,
    0x1B5E, 0x7444, 0x6200, 0xA300, 0x8200, 0x8200, 0x8200, 0x8200, 0x8200, 0x8200, 0x8200, 0x8200, 0x8200, 0x8200, 0x8200, 0xA300,
    0xA300, 0xA300, 0xA300, 0xA300, 0xA300, 0xA300, 0xA300, 0xA300, 0xA300, 0xA300, 0xA300, 0xA300, 0xC300, 0x6200, 0x7444, 0x1B5E,
    0x1B5E, 0x743C, 0x0000, 0x6200, 0x6200, 0x6200, 0x6200, 0x6200, 0x6200, 0x6200, 0x6200, 0x6200, 0x6200, 0x6200, 0x6200, 0x6200,
    0x6200, 0x6200, 0x6200, 0x6200, 0x6200, 0x6200, 0x6200, 0x6200, 0x6200, 0x6200, 0x6200, 0x6200, 0x6200, 0x0000, 0x743C, 0x1B5E,
    0xFA55, 0x7855, 0x7444, 0x9444, 0x7444, 0x7444, 0x7444, 0x7444, 0x7444, 0x7444, 0x7444, 0x7444, 0x7444, 0x7444, 0x7444, 0x7444,
    0x7444, 0x7444, 0x7444, 0x7444, 0x7444, 0x7444, 0x7444, 0x7444, 0x7444, 0x7444, 0x7444, 0x7444, 0x9444, 0x7444, 0x7855, 0xFA55,
    0xDA55, 0xDA55, 0x1B5E, 0x1B5E, 0x1B5E, 0x1B5E, 0x1B5E, 0x1B5E, 0x1B5E, 0x1B5E, 0x1B5E, 0x1B5E, 0x1B5E, 0x1B5E, 0x1B5E, 0x1B5E,
    0x1B5E, 0x1B5E, 0x1B5E, 0x1B5E, 0x1B5E, 0x1B5E, 0x1B5E, 0x1B5E, 0x1B5E, 0x1B5E, 0x1B5E, 0x1B5E, 0x1B5E, 0x1B5E, 0xDA55, 0xDA55
};

const uint16_t icon_tesla_tower_stratagem_icon_background[] PROGMEM = {
    0xAA6C, 0xCA6C, 0xEB6C, 0xEB6C, 0xEB6C, 0xEB6C, 0xEB6C, 0xEB6C, 0xEB6C, 0xEB6C, 0xEB6C, 0xEB6C, 0xEB6C, 0xEB6C, 0xEB6C, 0xEB6C,
    0xEB6C, 0xEB6C, 0xEB6C, 0xEB6C, 0xEB6C, 0xEB6C, 0xEB6C, 0xEB6C, 0xEB6C, 0xEB6C, 0xEB6C, 0xEB6C, 0xEB6C, 0xEB6C, 0xCA6C, 0xAA6C,
    0xCA6C, 0x6A64, 0xA84B, 0xA853, 0xA853, 0xA853, 0xA853, 0xA853, 0xA853, 0xA853, 0xA853, 0xA853, 0xA853, 0xA853, 0xA853, 0xA853,
    0xA853, 0xA853, 0xA853, 0xA853, 0xA853, 0xA853, 0xA853, 0xA853, 0xA853, 0xA853, 0xA853, 0xA853, 0xA853, 0xA84B, 0x6A64, 0xCA6C,
    0xEB6C, 0xA753, 0x6000, 0xA000, 0x8000, 0x8000, 0x8000, 0x8000, 0x8000, 0x8000, 0x8000, 0x8000, 0x8000, 0x8000, 0x8000, 0x8000,
    0x8000, 0x8000, 0x8000, 0x8000, 0x8000, 0x8000, 0x8000, 0x8000, 0x8000, 0x8000, 0x8000, 0x8000, 0xA000, 0x6000, 0xA753, 0xEB6C,
    0xEB6C, 0xA853, 0xA000, 0xC008, 0xC008, 0xC008, 0xC008, 0xC008, 0xC008, 0xC008, 0xC008, 0xC008, 0xC008, 0xC008, 0xC008, 0xC000,
    0xC000, 0xC008, 0xC008, 0xC008, 0xC008, 0xC008, 0xC008, 0xC008, 0xC008, 0xC008, 0xC008, 0xC008, 0xC008, 0xA000, 0xA853, 0xEB6C,
    0xEB6C, 0xA853, 0x8000, 0xC008, 0xC008, 0xC008, 0xC008, 0xC008, 0xC008, 0xC008, 0xC008, 0xC008, 0xC008, 0xC008, 0xA000, 0x4219,
    0x2532, 0x8000, 0xC008, 0xC008, 0xC008, 0xC008, 0xC008, 0xC008, 0xC008, 0xC008, 0xC008, 0xC008, 0xC008, 0x8000, 0xA853, 0xEB6C,
    0xEB6C, 0xA853, 0x8000, 0xC008, 0xC008, 0xC008, 0xC008, 0xC008, 0xC008, 0xC008, 0xC008, 0xC008, 0xC008, 0xE008, 0x4000, 0xB08C,
    0x8742, 0x6000, 0xC008, 0xC008, 0xC008, 0xC008, 0xC008, 0xC008, 0xC008, 0xC008, 0xC008, 0xC008, 0xC008, 0x8000, 0xA853, 0xEB6C,
    0xEB6C, 0xA853, 0x8000, 0xC008, 0xC008, 0xC008, 0xC008, 0xC008, 0xC008, 0xC008, 0xC008, 0xC008, 0xE008, 0x4000, 0xE852, 0x19DF,
    0xA000, 0x8000, 0xC008, 0xC008, 0xC008, 0xC008, 0xC008, 0xC008, 0xC008, 0xC008, 0xC008, 0xC008, 0xC008, 0x8000, 0xA853, 0xEB6C,
    0xEB6C, 0xA853, 0x8000, 0xC008, 0xC008, 0xC008, 0xC008, 0xC008, 0xC008, 0xC008, 0xC008, 0xC008, 0xA000, 0x2211, 0x9CF7, 0xB4B5,
    0xA108, 0x6321, 0xC008, 0xC008, 0xC008, 0xC008, 0xC008, 0xC008, 0xC008, 0xC008, 0xC008, 0xC008, 0xC008, 0x8000, 0xA853, 0xEB6C,
    0xEB6C, 0xA853, 0x8000, 0xC008, 0xC008, 0xC008, 0xC008, 0xC008, 0xC008, 0xC008, 0xC008, 0xC008, 0x6000, 0x119D, 0x9EF7, 0x3AE7,
    0x9DF7, 0x119D, 0x8000, 0xC008, 0xC008, 0xC008, 0xC008, 0xC008, 0xC008, 0xC008, 0xC008, 0xC008, 0xC008, 0x8000, 0xA853, 0xEB6C,
    0xEB6C, 0xA853, 0x8000, 0xC008, 0xC008, 0xC008, 0xC008, 0xC008, 0xC008, 0xC008, 0xC008, 0xE008, 0xE008, 0x6321, 0xA108, 0xB4B5,
    0x9CF7, 0x2211, 0xA000, 0xE008, 0xE008, 0xC008, 0xC008, 0xC008, 0xC008, 0xC008, 0xC008, 0xC008, 0xC008, 0x8000, 0xA853, 0xEB6C,
    0xEB6C, 0xA853, 0x8000, 0xC008, 0xC008, 0xC008, 0xC008, 0xC008, 0xC008, 0xC008, 0xC000, 0x4000, 0x8000, 0xA000, 0xA000, 0x1ADF,
    0xE852, 0x4000, 0xE008, 0x8000, 0x4000, 0xC000, 0xC008, 0xC008, 0xC008, 0xC008, 0xC008, 0xC008, 0xC008, 0x8000, 0xA853, 0xEB6C,
    0xEB6C, 0xA853, 0x8000, 0xC008, 0xC008, 0xC008, 0xC008, 0xC008, 0xC008, 0xA000, 0xE008, 0x6F84, 0xA84A, 0x4000, 0x8742, 0xD094,
    0x4000, 0xE008, 0x8000, 0xA74A, 0x6F84, 0xE008, 0xA000, 0xC008, 0xC008, 0xC008, 0xC008, 0xC008, 0xC008, 0x8000, 0xA853, 0xEB6C,
    0xEB6C, 0xA853, 0x8000, 0xC008, 0xC008, 0xC008, 0xC008, 0xC008, 0xC008, 0xA000, 0x2111, 0xFFFF, 0xD094, 0x0000, 0x463A, 0xE008,
    0x4000, 0x0009, 0x2000, 0xD094, 0xFFFF, 0x2111, 0xA000, 0xC008, 0xC008, 0xC008, 0xC008, 0xC008, 0xC008, 0x8000, 0xA853, 0xEB6C,
    0xEB6C, 0xA853, 0x8000, 0xC008, 0xC008, 0xC008, 0xC008, 0xC008, 0xC008, 0xA000, 0x2111, 0xDDFF, 0x6F84, 0x4000, 0x8000, 0xC84A,
    0xE852, 0x8000, 0x4000, 0x6F84, 0xDDFF, 0x2111, 0xA000, 0xC008, 0xC008, 0xC008, 0xC008, 0xC008, 0xC008, 0x8000, 0xA853, 0xEB6C,
    0xEB6C, 0xA853, 0x8000, 0xC008, 0xC008, 0xC008, 0xC008, 0xC008, 0xC008, 0xA000, 0x2111, 0xFEFF, 0x8F8C, 0x6000, 0x2000, 0x119D,
    0x119D, 0x2000, 0x6000, 0x8F8C, 0xFEFF, 0x2111, 0xA000, 0xC008, 0xC008, 0xC008, 0xC008, 0xC008, 0xC008, 0x8000, 0xA853, 0xEB6C,
    0xEB6C, 0xA853, 0x8000, 0xC008, 0xC008, 0xC008, 0xC008, 0xC008, 0xC008, 0xA000, 0x2111, 0xFEFF, 0x8F8C, 0x4000, 0x6000, 0xB4AD,
    0xB4B5, 0x6000, 0x4000, 0x8F8C, 0xFEFF, 0x2111, 0xA000, 0xC008, 0xC008, 0xC008, 0xC008, 0xC008, 0xC008, 0x8000, 0xA853, 0xEB6C,
    0xEB6C, 0xA853, 0x8000, 0xC008, 0xC008, 0xC008, 0xC008, 0xC008, 0xC008, 0xA000, 0x2111, 0xFEFF, 0xB08C, 0x2000, 0xAC6B, 0xFFFF,
    0xFFFF, 0xAC6B, 0x2000, 0xB08C, 0xFEFF, 0x2111, 0xA000, 0xC008, 0xC008, 0xC008, 0xC008, 0xC008, 0xC008, 0x8000, 0xA853, 0xEB6C,
    0xEB6C, 0xA853, 0x8000, 0xC008, 0xC008, 0xC008, 0xC008, 0xC008, 0xC008, 0xA000, 0x2111, 0xFEFF, 0x6F84, 0x0000, 0x6F84, 0xFFFF,
    0xFFFF, 0x6F84, 0x0000, 0x6F84, 0xFEFF, 0x2111, 0xA000, 0xC008, 0xC008, 0xC008, 0xC008, 0xC008, 0xC008, 0x8000, 0xA853, 0xEB6C,
    0xEB6C, 0xA853, 0x8000, 0xC008, 0xC008, 0xC008, 0xC008, 0xC008, 0xC008, 0xA000, 0x2111, 0xDDF7, 0x57C6, 0xEE7B, 0x36C6, 0xFEFF,
    0xFEFF, 0x36C6, 0xEE7B, 0x57C6, 0xDDF7, 0x2111, 0xA000, 0xC008, 0xC008, 0xC008, 0xC008, 0xC008, 0xC008, 0x8000, 0xA853, 0xEB6C,
    0xEB6C, 0xA853, 0x8000, 0xC008, 0xC008, 0xC008, 0xC008, 0xC008, 0xC008, 0xA000, 0x2111, 0x7BEF, 0xFFFF, 0xFFFF, 0xFEFF, 0xFDFF,
    0xFDFF, 0xFEFF, 0xFFFF, 0xFFFF, 0x7BEF, 0x2111, 0xA000, 0xC008, 0xC008, 0xC008, 0xC008, 0xC008, 0xC008, 0x8000, 0xA853, 0xEB6C,
    0xEB6C, 0xA853, 0x8000, 0xC008, 0xC008, 0xC008, 0xC008, 0xC008, 0xC008, 0x8000, 0x8321, 0xBDF7, 0xFDFF, 0xDDFF, 0xDDFF, 0xFEFF,
    0xFEFF, 0xDDFF, 0xDDFF, 0xFDFF, 0xBDF7, 0x8321, 0x8000, 0xC008, 0xC008, 0xC008, 0xC008, 0xC008, 0xC008, 0x8000, 0xA853, 0xEB6C,
    0xEB6C, 0xA853, 0x8000, 0xC008, 0xC008, 0xC008, 0xC008, 0xC008, 0xE008, 0x4000, 0x119D, 0xFFFF, 0xDCFF, 0xFEFF, 0xFFFF, 0xDDFF,
    0xDDFF, 0xFFFF, 0xFEFF, 0xDCFF, 0xFFFF, 0x119D, 0x4000, 0xE008, 0xC008, 0xC008, 0xC008, 0xC008, 0xC008, 0x8000, 0xA853, 0xEB6C,
    0xEB6C, 0xA853, 0xA000, 0xE008, 0xC008, 0x8000, 0xA000, 0xC008, 0x2000, 0x6742, 0xFFFF, 0xFFFF, 0xFFFF, 0x7CEF, 0x908C, 0xC429,
    0xA429, 0x908C, 0x5BEF, 0xFFFF, 0xFFFF, 0xFFFF, 0x8742, 0x2000, 0xC008, 0xA000, 0x8000, 0xC008, 0xE008, 0xA000, 0xA853, 0xEB6C,
    0xEB6C, 0xA853, 0x8000, 0x8000, 0xC008, 0x032A, 0xC853, 0xE853, 0x032A, 0x6319, 0xCD73, 0x37C6, 0xED73, 0x6319, 0x8119, 0x874B,
    0xA74B, 0xA219, 0x4319, 0xCD73, 0x37C6, 0xED73, 0x6321, 0xE329, 0xC853, 0xC853, 0x032A, 0xC008, 0x8000, 0x8000, 0xA853, 0xEB6C,
    0xEB6C, 0xA753, 0xE008, 0x8432, 0x095C, 0xEB6C, 0xEB6C, 0xCB6C, 0xEB6C, 0xE853, 0x0222, 0x2109, 0x0222, 0xE853, 0x0B75, 0xEB6C,
    0xEB6C, 0x0B75, 0x0854, 0x0222, 0x2109, 0x0222, 0xE853, 0xEB6C, 0xCB6C, 0xEB6C, 0xEB6C, 0x295C, 0x8532, 0xE008, 0xA753, 0xEB6C,
    0xEB6C, 0xC853, 0xE853, 0x0B75, 0xCB6C, 0xAA6C, 0xAA6C, 0xAA6C, 0xAA6C, 0xCB6C, 0x0B75, 0xAA6C, 0x0B75, 0xEB6C, 0xAA6C, 0xAA6C,
    0xAA6C, 0xAA6C, 0xEB6C, 0x0B75, 0xAA6C, 0x0B75, 0xEB6C, 0xAA6C, 0xAA6C, 0xAA6C, 0xAA6C, 0xCB6C, 0x0B75, 0xE853, 0xC853, 0xEB6C,
    0xCB6C, 0xE85B, 0x4964, 0xAA6C, 0xAA6C, 0xAA6C, 0xAA6C, 0xAA6C, 0xAA6C, 0xAA6C, 0xAA6C, 0xAA6C, 0xAA6C, 0xAA6C, 0xAA6C, 0xAA6C,
    0xAA6C, 0xAA6C, 0xAA6C, 0xAA6C, 0xAA6C, 0xAA6C, 0xAA6C, 0xAA6C, 0xAA6C, 0xAA6C, 0xAA6C, 0xAA6C, 0xAA6C, 0x4964, 0xE85B, 0xCB6C,
    0xCB6C, 0xE853, 0x295C, 0xCA6C, 0xAA6C, 0xAA6C, 0xAA6C, 0xAA6C, 0xAA6C, 0xAA6C, 0xAA6C, 0xAA6C, 0xAA6C, 0xAA6C, 0xAA6C, 0xAA6C,
    0xAA6C, 0xAA6C, 0xAA6C, 0xAA6C, 0xAA6C, 0xAA6C, 0xAA6C, 0xAA6C, 0xAA6C, 0xAA6C, 0xAA6C, 0xAA6C, 0xCA6C, 0x295C, 0xE853, 0xCB6C,
    0xCB6C, 0xE853, 0x4964, 0xEB6C, 0xCA6C, 0xCA6C, 0xCA6C, 0xCA6C, 0xCA6C, 0xCA6C, 0xCA6C, 0xCA6C, 0xCA6C, 0xCA6C, 0xCA6C, 0xCA6C,
    0xCA6C, 0xCA6C, 0xCA6C, 0xCA6C, 0xCA6C, 0xCA6C, 0xCA6C, 0xCA6C, 0xCA6C, 0xCA6C, 0xCA6C, 0xCA6C, 0xEB6C, 0x4964, 0xE853, 0xCB6C,
    0xCB6C, 0xE853, 0xC853, 0x4964, 0x495C, 0x495C, 0x495C, 0x495C, 0x495C, 0x495C, 0x495C, 0x495C, 0x495C, 0x495C, 0x495C, 0x495C,
    0x495C, 0x495C, 0x495C, 0x495C, 0x495C, 0x495C, 0x495C, 0x495C, 0x495C, 0x495C, 0x495C, 0x495C, 0x4964, 0xC853, 0xE853, 0xCB6C,
    0xCA6C, 0x6A64, 0xE853, 0xE853, 0xE853, 0xE853, 0xE853, 0xE853, 0xE853, 0xE853, 0xE853, 0xE853, 0xE853, 0xE853, 0xE853, 0xE853,
    0xE853, 0xE853, 0xE853, 0xE853, 0xE853, 0xE853, 0xE853, 0xE853, 0xE853, 0xE853, 0xE853, 0xE853, 0xE853, 0xE853, 0x6A64, 0xCA6C,
    0xAA6C, 0xCA6C, 0xCB6C, 0xCB6C, 0xCB6C, 0xCB6C, 0xCB6C, 0xCB6C, 0xCB6C, 0xCB6C, 0xCB6C, 0xCB6C, 0xCB6C, 0xCB6C, 0xCB6C, 0xCB6C,
    0xCB6C, 0xCB6C, 0xCB6C, 0xCB6C, 0xCB6C, 0xCB6C, 0xCB6C, 0xCB6C, 0xCB6C, 0xCB6C, 0xCB6C, 0xCB6C, 0xCB6C, 0xCB6C, 0xCA6C, 0xAA6C
};

const uint16_t icon_upload_data_stratagem_icon_background[] PROGMEM = {
    0x8DCD, 0xADCD, 0xCDD5, 0xCDD5, 0xCDD5, 0xCDD5, 0xCDD5, 0xCDD5, 0xCDD5, 0xCDD5, 0xCDD5, 0xCDD5, 0xCDD5, 0xCDD5, 0xCDD5, 0xCDD5,
    0xCDD5, 0xCDD5, 0xCDD5, 0xCDD5, 0xCDD5, 0xCDD5, 0xCDD5, 0xCDD5, 0xCDD5, 0xCDD5, 0xCDD5, 0xCDD5, 0xCDD5, 0xCDD5, 0xADCD, 0x8DCD,
    0xADCD, 0x4CC5, 0x8AA4, 0x8AA4, 0x8AA4, 0x8AA4, 0x6AA4, 0x8BA4, 0x8BA4, 0x8BA4, 0x8BA4, 0x8BA4, 0x8BA4, 0x8BA4, 0x8BA4, 0x8BA4,
    0x8BA4, 0x8BA4, 0x8BA4, 0x8BA4, 0x8BA4, 0x8BA4, 0x8BA4, 0x8BA4, 0x8BA4, 0x6AA4, 0x8AA4, 0x8AA4, 0x8AA4, 0x8AA4, 0x4CC5, 0xADCD,
    0xCDD5, 0x8AA4, 0x4429, 0xA539, 0xA439, 0xA439, 0xC539, 0x6429, 0x6429, 0x6429, 0x6429, 0x6429, 0x6429, 0x6429, 0x6429, 0x6429,
    0x6429, 0x6429, 0x6429, 0x6429, 0x6429, 0x6429, 0x6429, 0x6429, 0x6429, 0xC539, 0xA439, 0xA439, 0xA539, 0x4429, 0x8AA4, 0xCDD5,
    0xCDD5, 0x8AA4, 0xA439, 0x2CBD, 0x6CC5, 0x8DCD, 0x6873, 0x8431, 0xA439, 0xA431, 0xA431, 0xA431, 0xA431, 0xA431, 0xA431, 0xA431,
    0xA431, 0xA431, 0xA431, 0xA431, 0xA431, 0xA431, 0xA431, 0xA439, 0x8431, 0x4873, 0x8DCD, 0x6CC5, 0x2CBD, 0xA439, 0x8AA4, 0xCDD5,
    0xCDD5, 0x8AA4, 0xA439, 0x6CC5, 0xEEDD, 0xA983, 0x6429, 0xA431, 0xA431, 0xA431, 0xA431, 0xA431, 0xA431, 0xA431, 0xA431, 0xA431,
    0xA431, 0xA431, 0xA431, 0xA431, 0xA431, 0xA431, 0xA431, 0xA431, 0xA431, 0x6429, 0xA983, 0xEEDD, 0x6CC5, 0xA439, 0x8AA4, 0xCDD5,
    0xCDD5, 0x8AA4, 0xA439, 0x8DCD, 0xA983, 0x4429, 0xA431, 0xA431, 0xA431, 0xA431, 0xA431, 0xA431, 0xA431, 0xA431, 0xA431, 0xA431,
    0xA431, 0xA431, 0xA431, 0xA431, 0xA431, 0xA431, 0xA431, 0xA431, 0xA431, 0xA431, 0x4429, 0xA983, 0x8DCD, 0xA439, 0x8AA4, 0xCDD5,
    0xCDD5, 0x6AA4, 0xC539, 0x687B, 0x6429, 0xA431, 0xA431, 0xA431, 0xA539, 0xA539, 0xA539, 0xA539, 0xA539, 0xA539, 0xA539, 0xA539,
    0xA539, 0xA539, 0xA539, 0xA539, 0xA539, 0xA539, 0xA539, 0xA539, 0xA431, 0xA431, 0xA431, 0x6429, 0x4873, 0xC539, 0x6AA4, 0xCDD5,
    0xCDD5, 0x8BA4, 0x6429, 0x8431, 0xA431, 0xA431, 0xA431, 0x8431, 0x2329, 0x2221, 0x2221, 0x2221, 0x2221, 0x2221, 0x2221, 0x0221,
    0x0221, 0x2221, 0x2221, 0x2221, 0x2221, 0x2221, 0x2221, 0x2329, 0x8431, 0xA431, 0xA431, 0xA431, 0x8431, 0x6429, 0x8BA4, 0xCDD5,
    0xCDD5, 0x8BA4, 0x6429, 0xA539, 0xA431, 0xA431, 0x8431, 0xC539, 0x9094, 0xD19C, 0xD19C, 0xD19C, 0xD19C, 0xD19C, 0xD19C, 0xF19C,
    0xF19C, 0xD19C, 0xD19C, 0xD19C, 0xD19C, 0xD19C, 0xD19C, 0x9094, 0xC539, 0x8431, 0xA431, 0xA431, 0xA539, 0x6429, 0x8BA4, 0xCDD5,
    0xCDD5, 0x8BA4, 0x6429, 0xA431, 0xA431, 0xA431, 0x8431, 0x0642, 0xFDFF, 0xFFFF, 0xFFFF, 0xFFFF, 0xFFFF, 0xFFFF, 0xFFFF, 0xBCF7,
    0xBCF7, 0xFFFF, 0xFFFF, 0xFFFF, 0xFFFF, 0xFFFF, 0xFFFF, 0xFDFF, 0x0642, 0x8431, 0xA431, 0xA431, 0xA431, 0x6429, 0x8BA4, 0xCDD5,
    0xCDD5, 0x8BA4, 0x6429, 0xA431, 0xA431, 0xA431, 0x8431, 0x0642, 0x7BEF, 0xFDFF, 0xDDFF, 0xFDFF, 0xDDFF, 0xFDFF, 0x7CEF, 0x474A,
    0x474A, 0x7CEF, 0xFEFF, 0xDDFF, 0xFDFF, 0xDDFF, 0xFDFF, 0x7BEF, 0x0642, 0x8431, 0xA431, 0xA431, 0xA431, 0x6429, 0x8BA4, 0xCDD5,
    0xCDD5, 0x8BA4, 0x6429, 0xA431, 0xA431, 0xA431, 0x8431, 0x0642, 0x9CF7, 0xFEFF, 0xFDFF, 0xFDFF, 0xFEFF, 0xDDFF, 0x0A63, 0x4329,
    0x4329, 0x0A63, 0xDDFF, 0xFEFF, 0xFDFF, 0xFDFF, 0xFEFF, 0x9CF7, 0x0642, 0x8431, 0xA431, 0xA431, 0xA431, 0x6429, 0x8BA4, 0xCDD5,
    0xCDD5, 0x8BA4, 0x6429, 0xA431, 0xA431, 0xA431, 0x8431, 0x0642, 0x9CF7, 0xFEFF, 0xFDFF, 0xFDFF, 0xFEFF, 0x8C73, 0x2329, 0xC539,
    0xC539, 0x2329, 0x8C73, 0xFEFF, 0xFDFF, 0xFDFF, 0xFEFF, 0x9CF7, 0x0642, 0x8431, 0xA431, 0xA431, 0xA431, 0x6429, 0x8BA4, 0xCDD5,
    0xCDD5, 0x8BA4, 0x6429, 0xA431, 0xA431, 0xA431, 0x8431, 0x0642, 0x9CF7, 0xFEFF, 0xFDFF, 0xFEFF, 0xED7B, 0x0221, 0xA539, 0xA431,
    0xA431, 0xA539, 0x0221, 0xED7B, 0xFEFF, 0xFDFF, 0xFEFF, 0x9CF7, 0x0642, 0x8431, 0xA431, 0xA431, 0xA431, 0x6429, 0x8BA4, 0xCDD5,
    0xCDD5, 0x8BA4, 0x6429, 0xA431, 0xA431, 0xA431, 0x8431, 0x0642, 0x9CF7, 0xFEFF, 0xFEFF, 0xF19C, 0x8431, 0x2642, 0xA431, 0xA431,
    0xA431, 0xA431, 0x2642, 0x8431, 0xF19C, 0xFEFF, 0xFEFF, 0x9CF7, 0x0642, 0x8431, 0xA431, 0xA431, 0xA431, 0x6429, 0x8BA4, 0xCDD5,
    0xCDD5, 0x8BA4, 0x6429, 0xA431, 0xA431, 0xA431, 0x8431, 0x0642, 0x9CF7, 0xFEFF, 0xFDFF, 0x5BEF, 0x9CF7, 0x3AE7, 0x0642, 0xA531,
    0xA431, 0x0642, 0x3AE7, 0x9CF7, 0x5BEF, 0xFDFF, 0xFEFF, 0x9CF7, 0x0642, 0x8431, 0xA431, 0xA431, 0xA431, 0x6429, 0x8BA4, 0xCDD5,
    0xCDD5, 0x8BA4, 0x6429, 0xA431, 0xA431, 0xA431, 0x8431, 0x0642, 0x7BEF, 0xFDFF, 0xDDFF, 0xFDFF, 0xFEFF, 0x9CF7, 0x6431, 0xE220,
    0xE220, 0x6431, 0x9CF7, 0xFEFF, 0xFDFF, 0xDDFF, 0xFDFF, 0x7BEF, 0x0642, 0x8431, 0xA431, 0xA431, 0xA431, 0x6429, 0x8BA4, 0xCDD5,
    0xCDD5, 0x8BA4, 0x6429, 0xA431, 0xA431, 0xC539, 0xA431, 0x2642, 0xFEFF, 0xFFFF, 0xFFFF, 0xFFFF, 0xFFFF, 0xFFFF, 0x74B5, 0x33AD,
    0x33AD, 0x74B5, 0xFFFF, 0xFFFF, 0xFFFF, 0xFFFF, 0xFFFF, 0xFEFF, 0x2642, 0xA431, 0xC539, 0xA431, 0xA431, 0x6429, 0x8BA4, 0xCDD5,
    0xCDD5, 0x8BA4, 0x6429, 0xA431, 0x8431, 0x2329, 0x0221, 0x4329, 0x2E84, 0x4F8C, 0x4F8C, 0x4F8C, 0x4F8C, 0x6F8C, 0x32AD, 0x53AD,
    0x53AD, 0x32AD, 0x6F8C, 0x4F8C, 0x4F8C, 0x4F8C, 0x4F8C, 0x2E84, 0x4329, 0x0221, 0x2329, 0x8431, 0xA431, 0x6429, 0x8BA4, 0xCDD5,
    0xCDD5, 0x8BA4, 0x6429, 0xA431, 0xC539, 0x9094, 0xD19C, 0xD19C, 0x4F8C, 0x4F8C, 0x4F8C, 0x4F8C, 0x4F8C, 0x2E84, 0x4329, 0x0221,
    0x0221, 0x4329, 0x2E84, 0x4F8C, 0x4F8C, 0x4F8C, 0x4F8C, 0x4F8C, 0xD19C, 0xD19C, 0x9094, 0xC539, 0xA431, 0x6429, 0x8BA4, 0xCDD5,
    0xCDD5, 0x8BA4, 0x6431, 0x8431, 0x2642, 0xFEFF, 0xFFFF, 0xFFFF, 0xFFFF, 0xFFFF, 0xFFFF, 0xFFFF, 0xFFFF, 0xFEFF, 0xC539, 0x2321,
    0x2221, 0xC539, 0xFEFF, 0xFFFF, 0xFFFF, 0xFFFF, 0xFFFF, 0xFFFF, 0xFFFF, 0xFFFF, 0xFEFF, 0x2642, 0x8431, 0x6431, 0x8BA4, 0xCDD5,
    0xCDD5, 0x8BA4, 0x6429, 0xA431, 0xA539, 0xD9DE, 0xFEFF, 0xBCF7, 0xDCFF, 0xDCFF, 0xDCFF, 0xDCFF, 0xDDFF, 0x9CF7, 0xF2A4, 0xD19C,
    0xD19C, 0xF2A4, 0x9CF7, 0xDDFF, 0xDCFF, 0xDCFF, 0xDCFF, 0xDCFF, 0xBCF7, 0xFEFF, 0xD9DE, 0xA539, 0xA431, 0x6429, 0x8BA4, 0xCDD5,
    0xCDD5, 0x8BA4, 0x6429, 0xA539, 0x6431, 0x474A, 0x1AE7, 0xFFFF, 0xFFFF, 0xFFFF, 0xFFFF, 0xFFFF, 0xFFFF, 0xFFFF, 0xFFFF, 0xFFFF,
    0xFFFF, 0xFFFF, 0xFFFF, 0xFFFF, 0xFFFF, 0xFFFF, 0xFFFF, 0xFFFF, 0xFFFF, 0x3AE7, 0x474A, 0x6431, 0xA539, 0x6429, 0x8BA4, 0xCDD5,
    0xCDD5, 0x8BA4, 0x6429, 0xA439, 0xA539, 0x4329, 0x674A, 0xD19C, 0xD19C, 0xD19C, 0xD19C, 0xD19C, 0xD19C, 0xD19C, 0xB094, 0xB094,
    0xB094, 0xB094, 0xD19C, 0xD19C, 0xD19C, 0xD19C, 0xD19C, 0xD19C, 0xD19C, 0x6752, 0x4329, 0xA539, 0xA439, 0x6429, 0x8BA4, 0xCDD5,
    0xCDD5, 0x8BA4, 0x6429, 0x8431, 0xA431, 0xA539, 0x6431, 0x2221, 0x2221, 0x2221, 0x2221, 0x2221, 0x2221, 0x2221, 0x2221, 0x2221,
    0x2221, 0x2221, 0x2221, 0x2221, 0x2221, 0x2221, 0x2221, 0x2221, 0x2221, 0x6431, 0xA539, 0xA431, 0x8431, 0x6429, 0x8BA4, 0xCDD5,
    0xCDD5, 0x6AA4, 0xC539, 0x6873, 0x6429, 0xA431, 0xA539, 0xA539, 0xA539, 0xA539, 0xA539, 0xA539, 0xA539, 0xA539, 0xA539, 0xA539,
    0xA539, 0xA539, 0xA539, 0xA539, 0xA539, 0xA539, 0xA539, 0xA539, 0xA539, 0xA539, 0xA431, 0x6429, 0x4873, 0xC539, 0x6AA4, 0xCDD5,
    0xCDD5, 0x8AA4, 0xA439, 0x8DCD, 0xA983, 0x4429, 0xA431, 0xA431, 0xA431, 0xA431, 0xA431, 0xA431, 0xA431, 0xA431, 0xA431, 0xA431,
    0xA431, 0xA431, 0xA431, 0xA431, 0xA431, 0xA431, 0xA431, 0xA431, 0xA431, 0xA431, 0x4429, 0xA983, 0x8DCD, 0xA439, 0x8AA4, 0xCDD5,
    0xCDD5, 0x8AA4, 0xA439, 0x6CC5, 0xEEDD, 0xA983, 0x6429, 0xA431, 0xA431, 0xA431, 0xA431, 0xA431, 0xA431, 0xA431, 0xA431, 0xA431,
    0xA431, 0xA431, 0xA431, 0xA431, 0xA431, 0xA431, 0xA431, 0xA431, 0xA431, 0x6429, 0xA983, 0xEEDD, 0x6CC5, 0xA439, 0x8AA4, 0xCDD5,
    0xCDD5, 0x8AA4, 0xA439, 0x2CBD, 0x6CC5, 0x8DCD, 0x6873, 0x8431, 0xA439, 0xA431, 0xA431, 0xA431, 0xA431, 0xA431, 0xA431, 0xA431,
    0xA431, 0xA431, 0xA431, 0xA431, 0xA431, 0xA431, 0xA431, 0xA439, 0x8431, 0x4873, 0x8DCD, 0x6CC5, 0x2CBD, 0xA439, 0x8AA4, 0xCDD5,
    0xCDD5, 0x8AA4, 0x4429, 0xA539, 0xA439, 0xA439, 0xC539, 0x6429, 0x6429, 0x6429, 0x6429, 0x6429, 0x6429, 0x6429, 0x6429, 0x6429,
    0x6429, 0x6429, 0x6429, 0x6429, 0x6429, 0x6429, 0x6429, 0x6429, 0x6429, 0xC539, 0xA439, 0xA439, 0xA539, 0x4429, 0x8AA4, 0xCDD5,
    0xADCD, 0x4CC5, 0x8AA4, 0x8AA4, 0x8AA4, 0x8AA4, 0x6AA4, 0x8BA4, 0x8BA4, 0x8BA4, 0x8BA4, 0x8BA4, 0x8BA4, 0x8BA4, 0x8BA4, 0x8BA4,
    0x8BA4, 0x8BA4, 0x8BA4, 0x8BA4, 0x8BA4, 0x8BA4, 0x8BA4, 0x8BA4, 0x8BA4, 0x6AA4, 0x8AA4, 0x8AA4, 0x8AA4, 0x8AA4, 0x4CC5, 0xADCD,
    0x8DCD, 0xADCD, 0xCDD5, 0xCDD5, 0xCDD5, 0xCDD5, 0xCDD5, 0xCDD5, 0xCDD5, 0xCDD5, 0xCDD5, 0xCDD5, 0xCDD5, 0xCDD5, 0xCDD5, 0xCDD5,
    0xCDD5, 0xCDD5, 0xCDD5, 0xCDD5, 0xCDD5, 0xCDD5, 0xCDD5, 0xCDD5, 0xCDD5, 0xCDD5, 0xCDD5, 0xCDD5, 0xCDD5, 0xCDD5, 0xADCD, 0x8DCD
};

const uint16_t icon_w_a_s_p__launcher_stratagem_icon_background[] PROGMEM = {
    0xDA55, 0xDA55, 0x1B5E, 0x1B5E, 0x1B5E, 0x1B5E, 0x1B5E, 0x1B5E, 0x1B5E, 0x1B5E, 0x1B5E, 0x1B5E, 0x1B5E, 0x1B5E, 0x1B5E, 0x1B5E,
    0x1B5E, 0x1B5E, 0x1B5E, 0x1B5E, 0x1B5E, 0x1B5E, 0x1B5E, 0x1B5E, 0x1B5E, 0x1B5E, 0x1B5E, 0x1B5E, 0x1B5E, 0x1B5E, 0xDA55, 0xDA55,
    0xFA55, 0x7855, 0x7444, 0x9444, 0x7444, 0x7444, 0x7444, 0x7444, 0x7444, 0x7444, 0x7444, 0x7444, 0x7444, 0x7444, 0x7444, 0x7444,
    0x7444, 0x7444, 0x7444, 0x7444, 0x7444, 0x7444, 0x7444, 0x7444, 0x7444, 0x7444, 0x7444, 0x7444, 0x9444, 0x7444, 0x7855, 0xFA55,
    0x1B5E, 0x743C, 0x0000, 0x6200, 0x6200, 0x6200, 0x6200, 0x6200, 0x6200, 0x6200, 0x6200, 0x6200, 0x6200, 0x6200, 0x6200, 0x6200,
    0x6200, 0x6200, 0x6200, 0x6200, 0x6200, 0x6200, 0x6200, 0x6200, 0x6200, 0x6200, 0x6200, 0x6200, 0x6200, 0x0000, 0x743C, 0x1B5E,
    0x1B5E, 0x7444, 0x6200, 0xC300, 0xA300, 0xA300, 0xA300, 0xA300, 0xA300, 0xA300, 0xA300, 0xA300, 0xA300, 0xA300, 0xA300, 0xA300,
    0xA300, 0xA300, 0xA300, 0xA300, 0xA300, 0xA300, 0xA300, 0xA300, 0xA300, 0xA300, 0xA300, 0xA300, 0xC300, 0x6200, 0x7444, 0x1B5E,
    0x1B5E, 0x7444, 0x6200, 0xA300, 0xA300, 0xA300, 0xA300, 0xA300, 0xA300, 0xA300, 0xA300, 0xA300, 0xA300, 0xA300, 0xA300, 0xA300,
    0xA300, 0xA300, 0xA300, 0xA300, 0xA300, 0xA300, 0xA300, 0xA300, 0xA300, 0xA300, 0xA300, 0xA300, 0xA300, 0x6200, 0x7444, 0x1B5E,
    0x1B5E, 0x7444, 0x6200, 0xA300, 0xA300, 0xA300, 0xA300, 0xA300, 0xA300, 0xA300, 0xA300, 0x2100, 0x2100, 0x2100, 0x2100, 0x2100,
    0x8200, 0xA300, 0xA300, 0xA300, 0xA300, 0xA300, 0xA300, 0xA300, 0xA300, 0xA300, 0xA300, 0xA300, 0xA300, 0x6200, 0x7444, 0x1B5E,
    0x1B5E, 0x7444, 0x6200, 0xA300, 0xA300, 0xA300, 0xA300, 0xA300, 0xA300, 0x8200, 0x4200, 0xAE6B, 0x75A5, 0x33A5, 0x54A5, 0xB18C,
    0xE408, 0x6200, 0x6200, 0x6200, 0x6200, 0x6200, 0x6200, 0x8200, 0xA300, 0xA300, 0xA300, 0xA300, 0xA300, 0x6200, 0x7444, 0x1B5E,
    0x1B5E, 0x7444, 0x6200, 0xA300, 0xA300, 0xA300, 0xA300, 0x8200, 0x8200, 0x0411, 0x4519, 0x6D63, 0xAE6B, 0xAE6B, 0xAE6B, 0x8E63,
    0x6519, 0x0411, 0xC729, 0xC729, 0xC721, 0xA621, 0xA721, 0x2511, 0x8200, 0xA300, 0xA300, 0xA300, 0xA300, 0x6200, 0x7444, 0x1B5E,
    0x1B5E, 0x7444, 0x6200, 0xA300, 0xA300, 0xA300, 0xA300, 0x6200, 0xB18C, 0x9DEF, 0x1ADF, 0x37C6, 0x37BE, 0x37BE, 0x16BE, 0x59C6,
    0x139D, 0x0F74, 0xFFFF, 0xDCF7, 0xFDFF, 0xFFFF, 0xFFFF, 0xFADE, 0xE408, 0x8200, 0xA300, 0xA300, 0xA300, 0x6200, 0x7444, 0x1B5E,
    0x1B5E, 0x7444, 0x6200, 0xA300, 0xA300, 0xA300, 0x8200, 0x2411, 0xBCF7, 0xFFFF, 0xF6BD, 0xCB5A, 0x2C5B, 0x2C5B, 0xEB52, 0x307C,
    0x74AD, 0x0F74, 0xFFFF, 0xFDFF, 0x9CF7, 0xEE73, 0xD6B5, 0xDDFF, 0x0411, 0x8200, 0xA300, 0xA300, 0xA300, 0x6200, 0x7444, 0x1B5E,
    0x1B5E, 0x7444, 0x6200, 0xA300, 0xA300, 0xA300, 0x8200, 0x2411, 0x7BEF, 0xFDFF, 0xFEFF, 0xFFFF, 0xFFFF, 0xFFFF, 0xFEFF, 0xFFFF,
    0x74AD, 0xEF73, 0xFFFF, 0xFEFF, 0x74AD, 0x0000, 0xC729, 0x9CF7, 0x0411, 0x8200, 0xA300, 0xA300, 0xA300, 0x6200, 0x7444, 0x1B5E,
    0x1B5E, 0x7444, 0x6200, 0xA300, 0xA300, 0xA300, 0x8200, 0x2411, 0xBCF7, 0xFFFF, 0xF6BD, 0xCB5A, 0x2C5B, 0x2C5B, 0xEB52, 0x307C,
    0x74AD, 0x0F74, 0xFFFF, 0xFDFF, 0x9CF7, 0xEE73, 0xD6B5, 0xDDFF, 0x0411, 0x8200, 0xA300, 0xA300, 0xA300, 0x6200, 0x7444, 0x1B5E,
    0x1B5E, 0x7444, 0x6200, 0xA300, 0xA300, 0xA300, 0xA300, 0x6200, 0xB18C, 0x9DEF, 0x1ADF, 0x37C6, 0x37BE, 0x37BE, 0x16BE, 0x59C6,
    0x139D, 0x0F74, 0xFFFF, 0xDDFF, 0xFEFF, 0xFFFF, 0xFFFF, 0xFADE, 0xE408, 0x8200, 0xA300, 0xA300, 0xA300, 0x6200, 0x7444, 0x1B5E,
    0x1B5E, 0x7444, 0x6200, 0xA300, 0xA300, 0xA300, 0xA300, 0x8200, 0x8200, 0x0411, 0x4519, 0x6D63, 0xAE6B, 0xAE6B, 0xAE6B, 0x8E63,
    0x6519, 0x2411, 0xE829, 0xC729, 0xC729, 0xA721, 0xC729, 0x2511, 0x8200, 0xA300, 0xA300, 0xA300, 0xA300, 0x6200, 0x7444, 0x1B5E,
    0x1B5E, 0x7444, 0x6200, 0xA300, 0xA300, 0xA300, 0xA300, 0xA300, 0xA300, 0x8200, 0x4200, 0xCE6B, 0x75AD, 0x54A5, 0x75AD, 0xB28C,
    0xE408, 0x6200, 0x6200, 0x6200, 0x4200, 0x4200, 0x4200, 0x8200, 0xA300, 0xA300, 0xA300, 0xA300, 0xA300, 0x6200, 0x7444, 0x1B5E,
    0x1B5E, 0x7444, 0x6200, 0xA300, 0xA300, 0xA300, 0xA300, 0xA300, 0xA300, 0xA300, 0xA300, 0x2100, 0x2100, 0x2100, 0x2100, 0x2100,
    0x8200, 0xA300, 0xA300, 0xA300, 0xA300, 0xA300, 0xA300, 0xA300, 0xA300, 0xA300, 0xA300, 0xA300, 0xA300, 0x6200, 0x7444, 0x1B5E,
    0x1B5E, 0x7444, 0x6200, 0xA300, 0xA300, 0xA300, 0xA300, 0xA300, 0xA300, 0xA300, 0xA300, 0xC300, 0xC300, 0xC300, 0xA300, 0xA300,
    0xA300, 0xA300, 0xA300, 0xA300, 0xA300, 0xA300, 0xA300, 0xA300, 0xA300, 0xA300, 0xA300, 0xA300, 0xA300, 0x6200, 0x7444, 0x1B5E,
    0x1B5E, 0x7444, 0x6200, 0xA300, 0xA300, 0xA300, 0xA300, 0xA300, 0xA300, 0x6200, 0x6200, 0x6200, 0x4100, 0x4100, 0x8200, 0xA300,
    0xA300, 0xA300, 0xA300, 0xA300, 0xA300, 0xA300, 0xA300, 0xA300, 0xA300, 0xA300, 0xA300, 0xA300, 0xA300, 0x6200, 0x7444, 0x1B5E,
    0x1B5E, 0x7444, 0x6200, 0xA300, 0xA300, 0xA300, 0xA300, 0x6200, 0xC300, 0x123C, 0x9444, 0x743C, 0x4F2B, 0xCC22, 0xE400, 0x8200,
    0x6200, 0xA300, 0xA300, 0x8300, 0x8300, 0xA300, 0xA300, 0xA300, 0xA300, 0xA300, 0xA300, 0xA300, 0xA300, 0x6200, 0x7444, 0x1B5E,
    0x1B5E, 0x7444, 0x6200, 0xA300, 0xA300, 0xA300, 0xA300, 0x6609, 0x6609, 0xDA55, 0x3B5E, 0x1B5E, 0x1B5E, 0x7D5E, 0xD133, 0x4100,
    0xA811, 0xA300, 0xA300, 0xA300, 0xA300, 0xA300, 0xA300, 0xA300, 0xA300, 0xA300, 0xA300, 0xA300, 0xA300, 0x6200, 0x7444, 0x1B5E,
    0x1B5E, 0x7444, 0x6200, 0xA300, 0xC300, 0x8200, 0x2509, 0xFB5D, 0xED22, 0xF64C, 0xFA55, 0xB955, 0xB955, 0xFA55, 0xF644, 0x6609,
    0x333C, 0xD544, 0xF644, 0x164D, 0x584D, 0x091A, 0x2100, 0x4200, 0x4100, 0x6200, 0x6200, 0x6200, 0xA300, 0x6200, 0x7444, 0x1B5E,
    0x1B5E, 0x7444, 0x6200, 0xA300, 0x4100, 0x0000, 0x0D2B, 0x3B5E, 0xB544, 0x784D, 0xFA55, 0xDA55, 0xDA55, 0xFB55, 0x9444, 0x164D,
    0xFA55, 0xF233, 0x291A, 0x8B22, 0xAC22, 0xED22, 0x2509, 0x8B22, 0x2A1A, 0x8711, 0xC811, 0x8711, 0xC300, 0x4100, 0x7444, 0x1B5E,
    0x1B5E, 0x9444, 0x4100, 0xA300, 0x6B1A, 0xF233, 0xDA55, 0xDA55, 0xFB5D, 0xDA55, 0xDA55, 0xDA55, 0xDA55, 0xDA55, 0xFA55, 0xDA55,
    0xDA55, 0x7855, 0x174D, 0x374D, 0x374D, 0xDA55, 0xB955, 0x1B5E, 0x1B5E, 0xDA55, 0xDA55, 0x1B5E, 0xED22, 0x0000, 0x9444, 0x1B5E,
    0x1B5E, 0x9444, 0x0000, 0x091A, 0x3C5E, 0x1B5E, 0xDA55, 0xDA55, 0xBA55, 0xDA55, 0xDA55, 0xFA55, 0xFB5D, 0xDA55, 0xDA55, 0xDA55,
    0xDA55, 0xDA55, 0xFB5D, 0xFA55, 0xDA55, 0xB955, 0xDA55, 0xB955, 0xB955, 0xDA55, 0xB955, 0x3B5E, 0xF23B, 0x0000, 0x9444, 0x1B5E,
    0x1B5E, 0x9444, 0x0000, 0x2E2B, 0x5C5E, 0xDA55, 0xDA55, 0xFA55, 0xDA55, 0xFA55, 0xFB5D, 0x784D, 0x164D, 0xB955, 0xDA55, 0xDA55,
    0xDA55, 0xDA55, 0xB955, 0xFA55, 0x1B5E, 0x1B5E, 0x1B5E, 0x1B5E, 0x1B5E, 0xDA55, 0xDA55, 0x3B5E, 0xED22, 0x0000, 0x9444, 0x1B5E,
    0x1B5E, 0x7444, 0x4100, 0x0401, 0xA811, 0xB033, 0xB955, 0x784D, 0x7855, 0x584D, 0x743C, 0xAC22, 0x2509, 0x6609, 0x8711, 0x8709,
    0x8709, 0x8709, 0x6609, 0x0912, 0xAC22, 0x8C22, 0x8C22, 0xAC22, 0x2A1A, 0x8711, 0xC811, 0x8711, 0xC300, 0x4100, 0x7444, 0x1B5E,
    0x1B5E, 0x7444, 0x6200, 0xA300, 0x4100, 0x8200, 0x0401, 0xE400, 0xE400, 0xE400, 0x8200, 0xE400, 0xA300, 0x6200, 0x6200, 0x6200,
    0x6200, 0x6200, 0x6200, 0x4100, 0x4100, 0x4100, 0x4100, 0x4100, 0x4100, 0x6200, 0x6200, 0x6200, 0xA300, 0x6200, 0x7444, 0x1B5E,
    0x1B5E, 0x7444, 0x6200, 0xA300, 0xA300, 0xA300, 0x8200, 0x8200, 0x8200, 0x8200, 0xA300, 0x8200, 0x8300, 0xA300, 0xA300, 0xA300,
    0xA300, 0xA300, 0xA300, 0xA300, 0xA300, 0xA300, 0xA300, 0xA300, 0xA300, 0xA300, 0xA300, 0xA300, 0xA300, 0x6200, 0x7444, 0x1B5E,
    0x1B5E, 0x7444, 0x6200, 0xC300, 0xA300, 0xA300, 0xA300, 0xA300, 0xA300, 0xA300, 0xA300, 0xA300, 0xA300, 0xA300, 0xA300, 0xA300,
    0xA300, 0xA300, 0xA300, 0xA300, 0xA300, 0xA300, 0xA300, 0xA300, 0xA300, 0xA300, 0xA300, 0xA300, 0xC300, 0x6200, 0x7444, 0x1B5E,
    0x1B5E, 0x743C, 0x0000, 0x6200, 0x6200, 0x6200, 0x6200, 0x6200, 0x6200, 0x6200, 0x6200, 0x6200, 0x6200, 0x6200, 0x6200, 0x6200,
    0x6200, 0x6200, 0x6200, 0x6200, 0x6200, 0x6200, 0x6200, 0x6200, 0x6200, 0x6200, 0x6200, 0x6200, 0x6200, 0x0000, 0x743C, 0x1B5E,
    0xFA55, 0x7855, 0x7444, 0x9444, 0x7444, 0x7444, 0x7444, 0x7444, 0x7444, 0x7444, 0x7444, 0x7444, 0x7444, 0x7444, 0x7444, 0x7444,
    0x7444, 0x7444, 0x7444, 0x7444, 0x7444, 0x7444, 0x7444, 0x7444, 0x7444, 0x7444, 0x7444, 0x7444, 0x9444, 0x7444, 0x7855, 0xFA55,
    0xDA55, 0xDA55, 0x1B5E, 0x1B5E, 0x1B5E, 0x1B5E, 0x1B5E, 0x1B5E, 0x1B5E, 0x1B5E, 0x1B5E, 0x1B5E, 0x1B5E, 0x1B5E, 0x1B5E, 0x1B5E,
    0x1B5E, 0x1B5E, 0x1B5E, 0x1B5E, 0x1B5E, 0x1B5E, 0x1B5E, 0x1B5E, 0x1B5E, 0x1B5E, 0x1B5E, 0x1B5E, 0x1B5E, 0x1B5E, 0xDA55, 0xDA55
};

const uint16_t icon_warp_pack_stratagem_icon_background[] PROGMEM = {
    0xDA55, 0xDA55, 0x1B5E, 0x1B5E, 0x1B5E, 0x1B5E, 0x1B5E, 0x1B5E, 0x1B5E, 0x1B5E, 0x1B5E, 0x1B5E, 0x1B5E, 0x1B5E, 0x1B5E, 0x1B5E,
    0x1B5E, 0x1B5E, 0x1B5E, 0x1B5E, 0x1B5E, 0x1B5E, 0x1B5E, 0x1B5E, 0x1B5E, 0x1B5E, 0x1B5E, 0x1B5E, 0x1B5E, 0x1B5E, 0xDA55, 0xDA55,
    0xFA55, 0x7855, 0x7444, 0x9444, 0x7444, 0x7444, 0x7444, 0x7444, 0x7444, 0x7444, 0x7444, 0x7444, 0x7444, 0x7444, 0x7444, 0x9444,
    0x9444, 0x7444, 0x7444, 0x7444, 0x7444, 0x7444, 0x7444, 0x7444, 0x7444, 0x7444, 0x7444, 0x7444, 0x9444, 0x7444, 0x7855, 0xFA55,
    0x1B5E, 0x743C, 0x0000, 0x6200, 0x6200, 0x6200, 0x6200, 0x6200, 0x6200, 0x6200, 0x6200, 0x6200, 0x6200, 0x6200, 0x6200, 0x6200,
    0x6200, 0x6200, 0x6200, 0x6200, 0x6200, 0x6200, 0x6200, 0x6200, 0x6200, 0x6200, 0x6200, 0x6200, 0x6200, 0x0000, 0x743C, 0x1B5E,
    0x1B5E, 0x7444, 0x6200, 0xC300, 0xA300, 0xA300, 0xA300, 0xA300, 0xA300, 0xA300, 0xA300, 0xA300, 0xA300, 0x4100, 0x0100, 0x4100,
    0x4100, 0x0100, 0x4100, 0xA300, 0xA300, 0xA300, 0xA300, 0xA300, 0xA300, 0xA300, 0xA300, 0xA300, 0xC300, 0x6200, 0x7444, 0x1B5E,
    0x1B5E, 0x7444, 0x6200, 0xA300, 0xA300, 0xA300, 0xA300, 0xA300, 0xA300, 0xA300, 0xA300, 0x8200, 0x2100, 0xAA4A, 0x54A5, 0x78C6,
    0x78C6, 0x54A5, 0xAA4A, 0x4100, 0x8200, 0xA300, 0xA300, 0xA300, 0xA300, 0xA300, 0xA300, 0xA300, 0xA300, 0x6200, 0x7444, 0x1B5E,
    0x1B5E, 0x7444, 0x6200, 0xA300, 0xA300, 0xA300, 0xA300, 0xA300, 0xA300, 0xA300, 0x6200, 0xE408, 0xF6BD, 0xFADE, 0x0F7C, 0x8942,
    0x8942, 0x0F7C, 0xFADE, 0xF6BD, 0xE408, 0x6200, 0xA300, 0xA300, 0xA300, 0xA300, 0xA300, 0xA300, 0xA300, 0x6200, 0x7444, 0x1B5E,
    0x1B5E, 0x7444, 0x6200, 0xA300, 0xA300, 0xA300, 0xA300, 0xA300, 0xA300, 0x8200, 0xA308, 0xD9D6, 0x34A5, 0x8200, 0xAA4A, 0xF394,
    0xF394, 0xAA4A, 0x6200, 0x34A5, 0xD9D6, 0xA308, 0x8200, 0xA300, 0xA300, 0xA300, 0xA300, 0xA300, 0xA300, 0x6200, 0x7444, 0x1B5E,
    0x1B5E, 0x7444, 0x6200, 0xA300, 0xA300, 0xA300, 0xA300, 0xA300, 0xA300, 0x0100, 0x139D, 0xF6B5, 0x2100, 0x58C6, 0x9CEF, 0x339D,
    0x339D, 0x9CEF, 0x58C6, 0x2100, 0xF6BD, 0x139D, 0x0100, 0xA300, 0xA300, 0xA300, 0xA300, 0xA300, 0xA300, 0x6200, 0x7444, 0x1B5E,
    0x1B5E, 0x7444, 0x6200, 0xA300, 0xA300, 0xA300, 0xA300, 0xA300, 0x6200, 0x4511, 0x7BEF, 0x0411, 0x95AD, 0xB9D6, 0x4100, 0x8621,
    0x8621, 0x4100, 0xB9D6, 0x94AD, 0x0411, 0x7BEF, 0x2511, 0x6200, 0xA300, 0xA300, 0xA300, 0xA300, 0xA300, 0x6200, 0x7444, 0x1B5E,
    0x1B5E, 0x7444, 0x6200, 0xA300, 0xA300, 0xA300, 0xA300, 0xA300, 0x2100, 0x2C53, 0x37BE, 0x4511, 0xFDFF, 0x6619, 0x6100, 0x98CE,
    0x98CE, 0x6100, 0x8621, 0xFDFF, 0x4511, 0x37BE, 0x0C53, 0x2100, 0xA300, 0xA300, 0xA300, 0xA300, 0xA300, 0x6200, 0x7444, 0x1B5E,
    0x1B5E, 0x7444, 0x6200, 0xA300, 0xA300, 0xA300, 0xA300, 0xA300, 0x0100, 0xEF73, 0x339D, 0x493A, 0x3AE7, 0xA729, 0x78C6, 0xFFFF,
    0xFFFF, 0x78C6, 0xA729, 0x3AE7, 0x493A, 0x339D, 0xEF73, 0x0100, 0xA300, 0xA300, 0xA300, 0xA300, 0xA300, 0x6200, 0x7444, 0x1B5E,
    0x1B5E, 0x7444, 0x6200, 0xA300, 0xA300, 0xA300, 0xA300, 0xA300, 0x2100, 0x6D63, 0xD5B5, 0xA621, 0xBCF7, 0x2411, 0xE731, 0x5BEF,
    0x5BEF, 0xE731, 0x2511, 0xBCF7, 0xA621, 0xD5B5, 0x6D63, 0x2100, 0xA300, 0xA300, 0xA300, 0xA300, 0xA300, 0x6200, 0x7444, 0x1B5E,
    0x1B5E, 0x7444, 0x6200, 0xA300, 0xA300, 0xA300, 0xA300, 0xA300, 0x4100, 0xA621, 0x3BE7, 0xA300, 0xB9D6, 0x339D, 0x0000, 0xAA42,
    0x8A42, 0x0000, 0x339D, 0xB9D6, 0xA300, 0x5BE7, 0xA621, 0x4100, 0xA300, 0xA300, 0xA300, 0xA300, 0xA300, 0x6200, 0x7444, 0x1B5E,
    0x1B5E, 0x7444, 0x6200, 0xA300, 0xA300, 0xA300, 0xA300, 0x8200, 0x4609, 0x8300, 0x16BE, 0x7184, 0xE410, 0xBDF7, 0x17BE, 0x4C5B,
    0x4C5B, 0x17BE, 0xBDF7, 0xE410, 0x7184, 0x16BE, 0x8300, 0x4609, 0x8200, 0xA300, 0xA300, 0xA300, 0xA300, 0x6200, 0x7444, 0x1B5E,
    0x1B5E, 0x7444, 0x6200, 0xA300, 0xA300, 0xA300, 0xA300, 0x4100, 0x8B22, 0xD133, 0x0419, 0xDDF7, 0x2C5B, 0xC308, 0xF394, 0xD9D6,
    0xD9D6, 0xF394, 0xC308, 0x2C5B, 0xDDF7, 0xE418, 0xD133, 0x8B22, 0x4100, 0xA300, 0xA300, 0xA300, 0xA300, 0x6200, 0x7444, 0x1B5E,
    0x1B5E, 0x7444, 0x6200, 0xA300, 0xA300, 0xA300, 0x8300, 0x6200, 0x2509, 0xDA55, 0x2A12, 0x8529, 0x5BE7, 0x95AD, 0x083A, 0x4519,
    0x4519, 0x083A, 0x95AD, 0x5BE7, 0x8529, 0x2A12, 0xDA55, 0x2509, 0x6200, 0x8300, 0xA300, 0xA300, 0xA300, 0x6200, 0x7444, 0x1B5E,
    0x1B5E, 0x7444, 0x6200, 0xA300, 0xA300, 0xA300, 0x8200, 0xF133, 0xE811, 0x333C, 0x5C5E, 0x6B1A, 0xA308, 0x5084, 0x99D6, 0xFADE,
    0xFADE, 0x99D6, 0x5084, 0xA308, 0x4B1A, 0x5C5E, 0x333C, 0xE811, 0xF133, 0x8200, 0xA300, 0xA300, 0xA300, 0x6200, 0x7444, 0x1B5E,
    0x1B5E, 0x7444, 0x6200, 0xA300, 0xA300, 0x4100, 0xED22, 0xBE66, 0xCC22, 0xCC22, 0x5C5E, 0x1B5E, 0x743C, 0xA809, 0xE400, 0x2511,
    0x2511, 0xE400, 0xA809, 0x743C, 0x1B5E, 0x5C5E, 0xCC22, 0xCC22, 0xDE66, 0xED22, 0x4100, 0xA300, 0xA300, 0x6200, 0x7444, 0x1B5E,
    0x1B5E, 0x7444, 0x6200, 0xA300, 0xA300, 0x4100, 0x8B22, 0x7D5E, 0x333C, 0xC811, 0xFB5D, 0xB955, 0x1B5E, 0x1B5E, 0xFA5D, 0x6B1A,
    0x6B1A, 0xFA5D, 0x1B5E, 0x1B5E, 0xB955, 0xFB5D, 0xC811, 0x333C, 0x7D5E, 0x8B22, 0x4100, 0xA300, 0xA300, 0x6200, 0x7444, 0x1B5E,
    0x1B5E, 0x7444, 0x6200, 0xA300, 0xA300, 0x6200, 0x4609, 0xDA55, 0x7855, 0x4609, 0x374D, 0xFA55, 0xB955, 0xB955, 0x5C5E, 0xED22,
    0xED22, 0x5C5E, 0xB955, 0xB955, 0xFA55, 0x374D, 0x4609, 0x7855, 0xDA55, 0x4609, 0x6200, 0xA300, 0xA300, 0x6200, 0x7444, 0x1B5E,
    0x1B5E, 0x7444, 0x6200, 0xA300, 0xA300, 0xA300, 0x8200, 0xD544, 0x3C5E, 0xC811, 0xF233, 0x1B5E, 0xB955, 0xB955, 0x3C5E, 0xCC22,
    0xCC22, 0x3C5E, 0xB955, 0xB955, 0x1B5E, 0xF23B, 0xC811, 0x3C5E, 0xD544, 0x8200, 0xA300, 0xA300, 0xA300, 0x6200, 0x7444, 0x1B5E,
    0x1B5E, 0x7444, 0x6200, 0xA300, 0xA300, 0xA300, 0x4100, 0x9033, 0xFF66, 0x4E2B, 0xAC22, 0x9D66, 0xFB5D, 0x1B5E, 0xBE66, 0x0D2B,
    0x0D2B, 0xBE66, 0x1B5E, 0xFB5D, 0x9D66, 0xAC22, 0x4E2B, 0xFF66, 0x9033, 0x4100, 0xA300, 0xA300, 0xA300, 0x6200, 0x7444, 0x1B5E,
    0x1B5E, 0x7444, 0x6200, 0xA300, 0xA300, 0xA300, 0x6200, 0xE811, 0xF644, 0x4F2B, 0x6609, 0x9444, 0x743C, 0x1334, 0x743C, 0xE909,
    0xE909, 0x743C, 0x1334, 0x743C, 0x9444, 0x6609, 0x4F2B, 0xF644, 0xE811, 0x6200, 0xA300, 0xA300, 0xA300, 0x6200, 0x7444, 0x1B5E,
    0x1B5E, 0x7444, 0x6200, 0xA300, 0xA300, 0xA300, 0xA300, 0x8200, 0x4100, 0x6200, 0x8200, 0x6200, 0x4100, 0xC729, 0x493A, 0x6942,
    0x6942, 0x493A, 0xC729, 0x4100, 0x6200, 0x8200, 0x6200, 0x4100, 0x8200, 0xA300, 0xA300, 0xA300, 0xA300, 0x6200, 0x7444, 0x1B5E,
    0x1B5E, 0x7444, 0x6200, 0xA300, 0xA300, 0xA300, 0xA300, 0xA300, 0xA300, 0xA300, 0xA300, 0xC300, 0x2100, 0x5084, 0xFFFF, 0xFEFF,
    0xFEFF, 0xFFFF, 0x5084, 0x2100, 0xC300, 0xA300, 0xA300, 0xA300, 0xA300, 0xA300, 0xA300, 0xA300, 0xA300, 0x6200, 0x7444, 0x1B5E,
    0x1B5E, 0x7444, 0x6200, 0xA300, 0xA300, 0xA300, 0xA300, 0xA300, 0xA300, 0xA300, 0xA300, 0xA300, 0x6200, 0x6519, 0x9CF7, 0xDDFF,
    0xDDFF, 0x9CF7, 0x6519, 0x6200, 0xA300, 0xA300, 0xA300, 0xA300, 0xA300, 0xA300, 0xA300, 0xA300, 0xA300, 0x6200, 0x7444, 0x1B5E,
    0x1B5E, 0x7444, 0x6200, 0xA300, 0xA300, 0xA300, 0xA300, 0xA300, 0xA300, 0xA300, 0xA300, 0xA300, 0xA300, 0x2100, 0x94AD, 0xFFFF,
    0xFFFF, 0x95AD, 0x2100, 0xA300, 0xA300, 0xA300, 0xA300, 0xA300, 0xA300, 0xA300, 0xA300, 0xA300, 0xA300, 0x6200, 0x7444, 0x1B5E,
    0x1B5E, 0x7444, 0x6200, 0xA300, 0xA300, 0xA300, 0xA300, 0xA300, 0xA300, 0xA300, 0xA300, 0xA300, 0xA300, 0x8200, 0x4519, 0x8A42,
    0x8A42, 0x6519, 0x8200, 0xA300, 0xA300, 0xA300, 0xA300, 0xA300, 0xA300, 0xA300, 0xA300, 0xA300, 0xA300, 0x6200, 0x7444, 0x1B5E,
    0x1B5E, 0x7444, 0x6200, 0xC300, 0xA300, 0xA300, 0xA300, 0xA300, 0xA300, 0xA300, 0xA300, 0xA300, 0xA300, 0xA300, 0x8200, 0x4100,
    0x4100, 0x8200, 0xA300, 0xA300, 0xA300, 0xA300, 0xA300, 0xA300, 0xA300, 0xA300, 0xA300, 0xA300, 0xC300, 0x6200, 0x7444, 0x1B5E,
    0x1B5E, 0x743C, 0x0000, 0x6200, 0x6200, 0x6200, 0x6200, 0x6200, 0x6200, 0x6200, 0x6200, 0x6200, 0x6200, 0x6200, 0x6200, 0x6200,
    0x6200, 0x6200, 0x6200, 0x6200, 0x6200, 0x6200, 0x6200, 0x6200, 0x6200, 0x6200, 0x6200, 0x6200, 0x6200, 0x0000, 0x743C, 0x1B5E,
    0xFA55, 0x7855, 0x7444, 0x9444, 0x7444, 0x7444, 0x7444, 0x7444, 0x7444, 0x7444, 0x7444, 0x7444, 0x7444, 0x7444, 0x7444, 0x7444,
    0x7444, 0x7444, 0x7444, 0x7444, 0x7444, 0x7444, 0x7444, 0x7444, 0x7444, 0x7444, 0x7444, 0x7444, 0x9444, 0x7444, 0x7855, 0xFA55,
    0xDA55, 0xDA55, 0x1B5E, 0x1B5E, 0x1B5E, 0x1B5E, 0x1B5E, 0x1B5E, 0x1B5E, 0x1B5E, 0x1B5E, 0x1B5E, 0x1B5E, 0x1B5E, 0x1B5E, 0x1B5E,
    0x1B5E, 0x1B5E, 0x1B5E, 0x1B5E, 0x1B5E, 0x1B5E, 0x1B5E, 0x1B5E, 0x1B5E, 0x1B5E, 0x1B5E, 0x1B5E, 0x1B5E, 0x1B5E, 0xDA55, 0xDA55
};

#endif // ICONS_H
